<TICKER>,<PER>,<DATE>,<TIME>,<OPEN>,<HIGH>,<LOW>,<CLOSE>,<VOL>
XXBTZUSD,60,20250808,030000,117498.1,117663,116912.8,117317.8,69.16786718
XXBTZUSD,60,20250808,040000,117317.9,117317.9,116875,116908.5,53.93595431
XXBTZUSD,60,20250808,050000,116908.5,116908.5,116719.5,116719.6,14.00326071
XXBTZUSD,60,20250808,060000,116724,116991.7,116723.9,116812,16.3039946
XXBTZUSD,60,20250808,070000,116812.1,116863.8,116769,116805.7,6.64366905
XXBTZUSD,60,20250808,080000,116805.7,116805.7,116575.3,116575.4,19.63553474
XXBTZUSD,60,20250808,090000,116575.4,116787.5,116399.9,116787.5,48.92553758
XXBTZUSD,60,20250808,100000,116787.5,116973.4,116579.8,116900.1,27.45037004
XXBTZUSD,60,20250808,110000,116900.1,116952.8,116492,116661.2,8.70134152
XXBTZUSD,60,20250808,120000,116661.2,116745,116543.9,116725.5,17.76523321
XXBTZUSD,60,20250808,130000,116725.5,116725.5,116367,116569.2,17.43342469
XXBTZUSD,60,20250808,140000,116569.2,116942.5,116569.1,116931.4,6.77789973
XXBTZUSD,60,20250808,150000,116931.4,116931.4,116535.1,116535.1,27.30628139
XXBTZUSD,60,20250808,160000,116549.3,116969,116549.2,116937.1,23.60732689
XXBTZUSD,60,20250808,170000,116937.1,117250,116400,116491.8,79.67814415
XXBTZUSD,60,20250808,180000,116491.8,116539.4,115946,116235.6,42.59264439
XXBTZUSD,60,20250808,190000,116235.6,116300,116013.4,116181.5,31.53218623
XXBTZUSD,60,20250808,200000,116181.5,116645.3,116181.5,116645.3,30.35222748
XXBTZUSD,60,20250808,210000,116645.3,116889.9,116358.3,116500,40.64850684
XXBTZUSD,60,20250808,220000,116500.1,116714.5,116400.1,116459.4,17.33744112
XXBTZUSD,60,20250808,230000,116459.4,116860.1,116358,116859.2,11.21495213
XXBTZUSD,60,20250809,000000,116859.2,116988.1,116742.1,116977.1,10.13499953
XXBTZUSD,60,20250809,010000,116977.1,116977.1,116837.5,116896.1,9.69409165
XXBTZUSD,60,20250809,020000,116896.2,116910,116666.9,116676,8.20806827
XXBTZUSD,60,20250809,030000,116676,116733.1,116600,116600.1,11.01679418
XXBTZUSD,60,20250809,040000,116600.1,116600.1,116571.9,116600.1,8.35743484
XXBTZUSD,60,20250809,050000,116600.1,116600.1,116412.5,116463.8,8.78452414
XXBTZUSD,60,20250809,060000,116463.9,116469,116400,116400.2,5.4357994
XXBTZUSD,60,20250809,070000,116400.2,116600.1,116400,116400.1,3.29694439
XXBTZUSD,60,20250809,080000,116400.1,116949.5,116400,116729.8,33.35377096
XXBTZUSD,60,20250809,090000,116729.9,116737.5,116556.2,116701.3,14.41641489
XXBTZUSD,60,20250809,100000,116701.4,116892.1,116662.5,116763.2,6.31781891
XXBTZUSD,60,20250809,110000,116763.3,117094,116763.2,117045.3,12.29323053
XXBTZUSD,60,20250809,120000,117045.4,117445.7,117045.4,117445.6,43.64336648
XXBTZUSD,60,20250809,130000,117445.7,117869.4,117415.7,117415.8,73.04625056
XXBTZUSD,60,20250809,140000,117415.8,117450,117096.2,117114.5,27.94965736
XXBTZUSD,60,20250809,150000,117120.2,117230,117009.8,117146.7,10.83510341
XXBTZUSD,60,20250809,160000,117146.7,117146.7,116880.2,116984.4,22.9256277
XXBTZUSD,60,20250809,170000,116984.4,116991.1,116760.2,116967,21.41532684
XXBTZUSD,60,20250809,180000,116967,117123.3,116735.2,116882.5,21.38616738
XXBTZUSD,60,20250809,190000,116882.6,116961.4,116714.5,116714.6,20.23068847
XXBTZUSD,60,20250809,200000,116714.6,116775,116700,116700.1,12.05619574
XXBTZUSD,60,20250809,210000,116700.1,116722.7,116565.2,116679,24.54662852
XXBTZUSD,60,20250809,220000,116679,116690.8,116587.5,116587.6,9.8942628
XXBTZUSD,60,20250809,230000,116587.6,116969,116510.7,116800.1,24.09865492
XXBTZUSD,60,20250810,000000,116800.1,116800.1,116361.7,116560.9,161.58147825
XXBTZUSD,60,20250810,010000,116561,116687.5,116525.1,116559.4,10.30951696
XXBTZUSD,60,20250810,020000,116559.4,116559.4,116282.1,116467.4,111.27191585
XXBTZUSD,60,20250810,030000,116467.4,116698.9,116467.3,116698.9,9.183911
XXBTZUSD,60,20250810,040000,116698.9,116706,116564.2,116564.3,10.27220633
XXBTZUSD,60,20250810,050000,116564.3,117300.2,116564.2,117300.2,32.32393061
XXBTZUSD,60,20250810,060000,117300.2,118480,117289.4,118449.9,136.44267206
XXBTZUSD,60,20250810,070000,118450,118703.3,118407.1,118417.8,77.15573031
XXBTZUSD,60,20250810,080000,118417.8,118445,117982.6,118037.8,34.26022454
XXBTZUSD,60,20250810,090000,118037.9,118072.6,117772,118065,59.70730516
XXBTZUSD,60,20250810,100000,118065,118198.8,117491.5,117790.9,39.55064448
XXBTZUSD,60,20250810,110000,117790.9,118339.6,117656.1,118339.5,36.80525768
XXBTZUSD,60,20250810,120000,118339.6,118361.3,118101.4,118301.4,40.40746619
XXBTZUSD,60,20250810,130000,118301.4,118301.4,118001.8,118026.7,13.93176333
XXBTZUSD,60,20250810,140000,118026.7,118479.8,117951.1,118369.1,44.40384636
XXBTZUSD,60,20250810,150000,118369.1,118718.2,118287.5,118472.2,60.13386617
XXBTZUSD,60,20250810,160000,118472.2,118678,118388.9,118437.5,31.98839516
XXBTZUSD,60,20250810,170000,118433,118795,118346.3,118780,88.35896709
XXBTZUSD,60,20250810,180000,118780.1,119091,118591.9,118802.9,66.40127679
XXBTZUSD,60,20250810,190000,118802.9,118912.4,118657.5,118665.4,21.29363954
XXBTZUSD,60,20250810,200000,118662.5,118674.3,118440.7,118529.8,34.48148892
XXBTZUSD,60,20250810,210000,118526.2,118579.5,118425.5,118566,10.44820838
XXBTZUSD,60,20250810,220000,118566,118657.7,118457.7,118657.6,14.93927042
XXBTZUSD,60,20250810,230000,118657.7,118700,118134.1,118414.2,126.71574587
XXBTZUSD,60,20250811,000000,118414.3,118612.5,118041.7,118612.5,70.2532001
XXBTZUSD,60,20250811,010000,118618,119000,118618,119000,44.82161568
XXBTZUSD,60,20250811,020000,119006.3,119288.4,118922.7,119288.4,38.75749427
XXBTZUSD,60,20250811,030000,119288.4,119421.8,119190,119200.1,46.20284568
XXBTZUSD,60,20250811,040000,119200.1,119966.9,119004.2,119939.6,120.1696269
XXBTZUSD,60,20250811,050000,119966.8,121820,119939.8,121820,309.92754592
XXBTZUSD,60,20250811,060000,121820,122168.6,121528.2,121710.2,174.78506465
XXBTZUSD,60,20250811,070000,121710.2,122119.3,121657,122087.2,111.25905831
XXBTZUSD,60,20250811,080000,122087.3,122266.4,121775,121986.9,66.283081
XXBTZUSD,60,20250811,090000,121987,122273.5,121987,122224.8,84.47546165
XXBTZUSD,60,20250811,100000,122224.9,122224.9,121465.9,121466.3,87.02203406
XXBTZUSD,60,20250811,110000,121466.4,121748.6,121215.9,121700.2,50.23197837
XXBTZUSD,60,20250811,120000,121700.3,121700.3,121118.9,121331.2,29.94227683
XXBTZUSD,60,20250811,130000,121331.2,121376.5,120983.1,121101.7,42.07188089
XXBTZUSD,60,20250811,140000,121101.8,121142.5,120327.3,120579.4,116.00145352
XXBTZUSD,60,20250811,150000,120579.4,120579.4,119525,119556.5,84.60567614
XXBTZUSD,60,20250811,160000,119556.5,120269.6,119400.1,119939.7,85.67211858
XXBTZUSD,60,20250811,170000,119939.7,120529.6,119791.5,120201.6,86.59319234
XXBTZUSD,60,20250811,180000,120200.1,120391.1,119855.5,120287.5,93.08261727
XXBTZUSD,60,20250811,190000,120287.6,120750,119953,119953.1,37.68277961
XXBTZUSD,60,20250811,200000,119953.1,120100,119500,119500.1,49.40832919
XXBTZUSD,60,20250811,210000,119500.1,119862.4,119249.8,119762.6,68.62996273
XXBTZUSD,60,20250811,220000,119762.6,119762.6,118600,119066.2,117.77357384
XXBTZUSD,60,20250811,230000,119066.2,119068.9,118578,118879.1,81.81315103
XXBTZUSD,60,20250812,000000,118879.2,119170.3,118100,118687.6,109.31378427
XXBTZUSD,60,20250812,010000,118687.6,118907.3,118276.3,118893,23.98884817
XXBTZUSD,60,20250812,020000,118884.8,118884.8,118650,118724.5,6.5108001
XXBTZUSD,60,20250812,030000,118724.5,118967,118661,118963.5,43.53576619
XXBTZUSD,60,20250812,040000,118963.5,119093.2,118829.6,119034,6.3878897
XXBTZUSD,60,20250812,050000,119033.9,119206.4,118867,119093.9,17.89582665
XXBTZUSD,60,20250812,060000,119093.9,119093.9,118750.9,118807.7,5.52447272
XXBTZUSD,60,20250812,070000,118807.7,119128.7,118807.6,119077.9,15.78037727
XXBTZUSD,60,20250812,080000,119077.9,119077.9,118500,118762,28.23710706
XXBTZUSD,60,20250812,090000,118762,118987.2,118619.1,118867.1,92.49576688
XXBTZUSD,60,20250812,100000,118867.1,119124.3,118867,118975.1,13.57200835
XXBTZUSD,60,20250812,110000,118975.1,119002.8,118750.1,118829.7,15.72802846
XXBTZUSD,60,20250812,120000,118829.7,118829.7,118436.5,118436.6,20.8037579
XXBTZUSD,60,20250812,130000,118436.6,118592.8,118260,118440.6,16.94984678
XXBTZUSD,60,20250812,140000,118440.6,118574.9,118255,118510.5,24.74166249
XXBTZUSD,60,20250812,150000,118510.5,119250.7,118255.6,119250.7,122.96843252
XXBTZUSD,60,20250812,160000,119251.1,119625.3,118619.1,118807.4,157.96730046
XXBTZUSD,60,20250812,170000,118807.4,119409.3,118788.4,119374.9,58.91994782
XXBTZUSD,60,20250812,180000,119375,119950,119317.9,119919.4,83.49150247
XXBTZUSD,60,20250812,190000,119919.5,120154.2,119534,119628.8,49.65484932
XXBTZUSD,60,20250812,200000,119628.8,119829.6,119206.4,119233,40.08936826
XXBTZUSD,60,20250812,210000,119233,120000,119232.9,119320,50.79090999
XXBTZUSD,60,20250812,220000,119320,119952.9,119319.9,119662.6,47.34376596
XXBTZUSD,60,20250812,230000,119662.6,120303.2,119522.1,120182.6,106.55309219
XXBTZUSD,60,20250813,000000,120182.6,120182.6,119815.3,119827.1,43.57763339
XXBTZUSD,60,20250813,010000,119827.2,120080.5,119671.7,120070.4,29.65911517
XXBTZUSD,60,20250813,020000,120070.5,120247.8,119907.9,120172,21.19185227
XXBTZUSD,60,20250813,030000,120172.1,120172.1,119602.4,119701.9,40.72972037
XXBTZUSD,60,20250813,040000,119702,119702,119339.1,119461.3,150.98905772
XXBTZUSD,60,20250813,050000,119461.3,119677.3,119020.9,119530.5,38.93131471
XXBTZUSD,60,20250813,060000,119530.6,119600,119287.5,119475,15.95654583
XXBTZUSD,60,20250813,070000,119475.1,119761.9,119334.3,119337.5,82.09474121
XXBTZUSD,60,20250813,080000,119337.6,119640.2,118918.3,118978,34.89560498
XXBTZUSD,60,20250813,090000,118978,119382.3,118971.7,119382.2,11.10049293
XXBTZUSD,60,20250813,100000,119382.3,119618,119362,119618,15.58867597
XXBTZUSD,60,20250813,110000,119618,120000,119534,120000,34.218274
XXBTZUSD,60,20250813,120000,120000,120163.8,119803.6,120145.8,66.03593241
XXBTZUSD,60,20250813,130000,120145.9,120425,120055.7,120424.9,157.54568721
XXBTZUSD,60,20250813,140000,120425,120705,120424.9,120620.1,72.67025446
XXBTZUSD,60,20250813,150000,120620.1,120620.1,120236.9,120237,124.44228309
XXBTZUSD,60,20250813,160000,120237,121990,120110,121687.4,168.76376591
XXBTZUSD,60,20250813,170000,121687.5,122200,120851.1,120880.1,346.60869751
XXBTZUSD,60,20250813,180000,120880.1,121332.1,120333,120929.3,98.83001463
XXBTZUSD,60,20250813,190000,120927.2,121695.6,120927.2,121388.9,51.39213331
XXBTZUSD,60,20250813,200000,121389,121850.4,121389,121836.6,68.94824391
XXBTZUSD,60,20250813,210000,121829.9,121941.8,121458.9,121642.7,72.08989538
XXBTZUSD,60,20250813,220000,121642.8,122817.3,121559,122806.8,210.25163207
XXBTZUSD,60,20250813,230000,122806.9,122995,122575.3,122934.4,101.0160848
XXBTZUSD,60,20250814,000000,122934.4,122995,122401.1,122545.1,137.59766882
XXBTZUSD,60,20250814,010000,122550,123637.1,122549.9,122986.8,327.59610783
XXBTZUSD,60,20250814,020000,122986.9,123724.7,122980.7,123354.3,236.13074135
XXBTZUSD,60,20250814,030000,123354.3,124420,123327.4,123803.7,167.74555997
XXBTZUSD,60,20250814,040000,123803.7,123973.5,123412.7,123412.7,42.23460273
XXBTZUSD,60,20250814,050000,123412.8,123694.3,123327,123662.5,89.75304783
XXBTZUSD,60,20250814,060000,123662.5,123862.6,123372.1,123379.4,27.17561902
XXBTZUSD,60,20250814,070000,123376.3,123424.9,123105.3,123105.4,42.56162675
XXBTZUSD,60,20250814,080000,123105.4,123117.2,122116.4,122224.9,129.40461648
XXBTZUSD,60,20250814,090000,122224.9,122224.9,121371.4,121837.5,170.3058245
XXBTZUSD,60,20250814,100000,121837.5,122103.1,121637.6,121862.5,21.07321048
XXBTZUSD,60,20250814,110000,121862.5,122068,121631.2,121668.4,22.6794114
XXBTZUSD,60,20250814,120000,121668.4,121954,121589,121700.2,73.88044866
XXBTZUSD,60,20250814,130000,121700.3,121758.1,120827,120933.9,133.82860249
XXBTZUSD,60,20250814,140000,120934,121056.5,120686,120895.6,84.76734123
XXBTZUSD,60,20250814,150000,120895.6,121187.5,117781.4,118880.9,567.66476429
XXBTZUSD,60,20250814,160000,118880.9,119325,117769.9,118500.1,355.6038507
XXBTZUSD,60,20250814,170000,118500.1,119633.7,118121.3,118887.6,479.09935653
XXBTZUSD,60,20250814,180000,118887.6,118921.9,117966.5,118317.7,211.01289309
XXBTZUSD,60,20250814,190000,118317.7,118460.1,117502.2,117942.2,253.34292391
XXBTZUSD,60,20250814,200000,117942.2,118184.7,117611.5,117992.2,66.84188273
XXBTZUSD,60,20250814,210000,117992.2,118278.3,117250,118212.6,119.84406265
XXBTZUSD,60,20250814,220000,118212.6,118527,118031.3,118031.4,119.07495753
XXBTZUSD,60,20250814,230000,118031.4,118181.6,117774.4,117961.4,100.18834716
XXBTZUSD,60,20250815,000000,117961.4,118280,117406.8,117965.3,117.06546684
XXBTZUSD,60,20250815,010000,117965.3,118422.2,117715.6,118400.2,34.21030514
XXBTZUSD,60,20250815,020000,118400.3,118600.2,118322.8,118383.1,28.23230207
XXBTZUSD,60,20250815,030000,118383.1,118564,118145.1,118314.9,23.91842812
XXBTZUSD,60,20250815,040000,118314.9,118806.5,118175,118806.5,23.36701358
XXBTZUSD,60,20250815,050000,118806.4,118945.1,118733.3,118821.7,26.80710791
XXBTZUSD,60,20250815,060000,118821.7,119149.2,118792.6,119078.3,12.98955248
XXBTZUSD,60,20250815,070000,119078.4,119285.3,116560.9,118892,398.49932242
XXBTZUSD,60,20250815,080000,118892,119000,118747.9,119000,42.66658406
XXBTZUSD,60,20250815,090000,119000,119312.7,118975,119225.6,43.13178106
XXBTZUSD,60,20250815,100000,119225.7,119225.7,118838.9,119025.9,21.29868007
XXBTZUSD,60,20250815,110000,119037.4,119242.7,118992,119000.6,35.05146354
XXBTZUSD,60,20250815,120000,119000.6,119084.7,118706,118709.1,26.25391316
XXBTZUSD,60,20250815,130000,118709.1,119085.1,118709,118955.8,10.88681957
XXBTZUSD,60,20250815,140000,118955.9,119161.7,118955.8,119087.5,15.30243672
XXBTZUSD,60,20250815,150000,119087.5,119140.7,118525.8,118779.6,19.03242256
XXBTZUSD,60,20250815,160000,118779.5,118804,117801.1,117857.4,107.81685915
XXBTZUSD,60,20250815,170000,117857.3,118321.4,117288.3,117424.3,81.28958835
XXBTZUSD,60,20250815,180000,117424.3,117636.7,116900.1,117322.9,78.33660775
XXBTZUSD,60,20250815,190000,117322.9,117466.5,116855.4,117466.5,122.48208651
XXBTZUSD,60,20250815,200000,117466.5,117930.9,117080,117694,32.38382873
XXBTZUSD,60,20250815,210000,117694,117707.3,117164,117187.5,21.51248512
XXBTZUSD,60,20250815,220000,117187.5,117450,116927.4,116975.1,47.92107915
XXBTZUSD,60,20250815,230000,116975.1,117398.2,116975,117377.5,19.88511865
XXBTZUSD,60,20250816,000000,117377.5,117420.4,117150,117394.4,13.5461886
XXBTZUSD,60,20250816,010000,117394.4,117788.3,117394.3,117788.3,31.61523244
XXBTZUSD,60,20250816,020000,117788.3,117837.5,117145.7,117426.7,24.99477226
XXBTZUSD,60,20250816,030000,117426.7,117809.2,117379.7,117802.4,26.00008991
XXBTZUSD,60,20250816,040000,117802.4,117915.8,117783,117915.7,9.95942791
XXBTZUSD,60,20250816,050000,117915.8,117915.8,117576.5,117585.1,47.6493268
XXBTZUSD,60,20250816,060000,117585.2,117733.9,117512.7,117524.9,3.62414771
XXBTZUSD,60,20250816,070000,117524.9,117947.4,117524.8,117894.9,17.00644119
XXBTZUSD,60,20250816,080000,117894.9,117894.9,117657.9,117694.2,1.83576055
XXBTZUSD,60,20250816,090000,117694.2,117694.2,117425.1,117456.6,11.81362131
XXBTZUSD,60,20250816,100000,117456.6,117715,117456.5,117700,5.97545148
XXBTZUSD,60,20250816,110000,117700.1,117716.9,117600,117714.9,7.3768254
XXBTZUSD,60,20250816,120000,117714.9,117738.4,117451.5,117451.5,4.55252426
XXBTZUSD,60,20250816,130000,117451.6,117487.4,117284,117449.9,22.00168824
XXBTZUSD,60,20250816,140000,117450,117585.3,117450,117501,5.87411715
XXBTZUSD,60,20250816,150000,117501,117729.9,117496.3,117729.8,12.49230522
XXBTZUSD,60,20250816,160000,117729.9,117867.7,117698,117728.4,18.90024271
XXBTZUSD,60,20250816,170000,117728.4,117840.8,117620,117840.8,13.34340495
XXBTZUSD,60,20250816,180000,117840.8,117869.5,117687.6,117774.4,16.8388817
XXBTZUSD,60,20250816,190000,117774.5,117879.9,117773.5,117824.5,29.23204923
XXBTZUSD,60,20250816,200000,117824.6,117824.6,117729.9,117770.7,10.08560886
XXBTZUSD,60,20250816,210000,117770.7,117810,117717.5,117753.1,17.32655509
XXBTZUSD,60,20250816,220000,117753.1,117837.8,117716.1,117734.3,12.40198615
XXBTZUSD,60,20250816,230000,117734.3,117777.3,117649,117719.9,5.98983824
XXBTZUSD,60,20250817,000000,117720,117720,117532.1,117533.4,7.62750844
XXBTZUSD,60,20250817,010000,117533.5,117624.6,117340.2,117566.6,11.50887895
XXBTZUSD,60,20250817,020000,117566.7,117566.7,117343.9,117487.5,6.10921363
XXBTZUSD,60,20250817,030000,117487.5,117487.5,117340.2,117341.5,7.24485724
XXBTZUSD,60,20250817,040000,117341.5,117500,117295.3,117475.1,7.83971417
XXBTZUSD,60,20250817,050000,117475,117682.8,117475,117681.9,9.65549828
XXBTZUSD,60,20250817,060000,117682,117818.3,117601.3,117746.3,12.14452804
XXBTZUSD,60,20250817,070000,117746.3,118249.3,117744.8,118180.4,43.81398169
XXBTZUSD,60,20250817,080000,118180.5,118264.9,118068.6,118068.6,18.00159363
XXBTZUSD,60,20250817,090000,118068.7,118173.1,117993.8,118008.5,5.59911645
XXBTZUSD,60,20250817,100000,118008.5,118105.6,117975,118025.9,1.78728463
XXBTZUSD,60,20250817,110000,118025.9,118464.9,118004.5,118445.1,31.48821797
XXBTZUSD,60,20250817,120000,118445.1,118500,118300.2,118400.7,20.04282725
XXBTZUSD,60,20250817,130000,118400.7,118439,118264.9,118439,6.21936429
XXBTZUSD,60,20250817,140000,118439,118450,118337.4,118382.5,3.92895866
XXBTZUSD,60,20250817,150000,118382.5,118382.5,118247,118247,19.64388265
XXBTZUSD,60,20250817,160000,118247.1,118550.2,118160,118476.6,24.05810725
XXBTZUSD,60,20250817,170000,118476.6,118476.6,118191.8,118191.8,8.30850994
XXBTZUSD,60,20250817,180000,118191.9,118294.1,118145.8,118293.9,90.18982019
XXBTZUSD,60,20250817,190000,118294,118359,117803.5,117825.1,35.23589634
XXBTZUSD,60,20250817,200000,117825.1,117998,117764.1,117956.6,10.28240922
XXBTZUSD,60,20250817,210000,117956.6,117956.6,117394,117559,20.38469809
XXBTZUSD,60,20250817,220000,117559,117763.4,117533.9,117638.9,17.22915985
XXBTZUSD,60,20250817,230000,117638.9,117791.9,117571.4,117736.1,14.67443982
XXBTZUSD,60,20250818,000000,117736.1,117779.9,117688,117750.6,18.58173813
XXBTZUSD,60,20250818,010000,117750.5,118021.2,117713.1,118021.2,7.50738575
XXBTZUSD,60,20250818,020000,118021.2,118021.2,117441.2,117441.3,7.52001291
XXBTZUSD,60,20250818,030000,117441.3,117593.3,117138,117271,24.21357679
XXBTZUSD,60,20250818,040000,117271.1,117423.8,116300,116380.5,128.0827215
XXBTZUSD,60,20250818,050000,116380.5,116380.5,115369.5,115556.6,150.97410488
XXBTZUSD,60,20250818,060000,115556.6,115674.9,115064.5,115411.5,55.30517187
XXBTZUSD,60,20250818,070000,115411.5,115576.4,115187.5,115562.6,53.55745349
XXBTZUSD,60,20250818,080000,115562.6,115750.7,115133,115748.7,99.0250508
XXBTZUSD,60,20250818,090000,115748.8,115766.8,115000,115263.2,97.07728285
XXBTZUSD,60,20250818,100000,115263.2,115549.9,115263.2,115290.1,28.84127632
XXBTZUSD,60,20250818,110000,115290.1,115441.6,115151.2,115200,17.74797894
XXBTZUSD,60,20250818,120000,115200.1,115209.7,114715.9,115099.1,49.53214406
XXBTZUSD,60,20250818,130000,115099.2,115312.3,115068.6,115162.1,19.96674374
XXBTZUSD,60,20250818,140000,115162,115202.6,114926.5,115034.9,23.1499826
XXBTZUSD,60,20250818,150000,115034.9,115575.1,115031.7,115575.1,69.63165719
XXBTZUSD,60,20250818,160000,115586.4,115763.2,114884.8,114895,55.38188121
XXBTZUSD,60,20250818,170000,114895,115599,114895,115599,91.04483889
XXBTZUSD,60,20250818,180000,115599,116224.4,115550,116207.8,41.55117163
XXBTZUSD,60,20250818,190000,116207.8,116416.3,115893.8,116064.8,62.06654918
XXBTZUSD,60,20250818,200000,116064.8,116850,116064.7,116511.8,59.66596859
XXBTZUSD,60,20250818,210000,116511.8,116626.6,116279.4,116580.1,30.001838
XXBTZUSD,60,20250818,220000,116580.1,116673.1,116300,116362.4,23.59492811
XXBTZUSD,60,20250818,230000,116362.4,116564.3,116055.7,116400,26.21533882
XXBTZUSD,60,20250819,000000,116400,116700,116400,116700,26.32857688
XXBTZUSD,60,20250819,010000,116699.9,116995.6,116455.2,116456.1,25.51892891
XXBTZUSD,60,20250819,020000,116456.2,116591,116162.5,116260,12.20522672
XXBTZUSD,60,20250819,030000,116259.9,116553.6,115654,116545.2,42.96149464
XXBTZUSD,60,20250819,040000,116545.2,116766,115794.6,115815.8,44.88268497
XXBTZUSD,60,20250819,050000,115815.9,116102.2,115738,115792,34.87181436
XXBTZUSD,60,20250819,060000,115792.1,115792.1,114866.4,114889.4,155.76231054
XXBTZUSD,60,20250819,070000,114889.4,115392.4,114500,115392.4,107.74059638
XXBTZUSD,60,20250819,080000,115392.4,115517.8,115012,115032.2,35.44979695
XXBTZUSD,60,20250819,090000,115032.3,115171,114987.5,115053.8,7.89758042
XXBTZUSD,60,20250819,100000,115054.6,115099.9,114702.1,115024.9,37.74690701
XXBTZUSD,60,20250819,110000,115024.9,115291,114837.8,115285.9,38.48746914
XXBTZUSD,60,20250819,120000,115286,115517,115285.9,115369.3,23.09690137
XXBTZUSD,60,20250819,130000,115369.3,115558.6,115362,115435.5,23.74729412
XXBTZUSD,60,20250819,140000,115435.6,115647.9,115435.6,115622.8,31.96758466
XXBTZUSD,60,20250819,150000,115622.8,115649.5,115360.9,115587.3,13.37842006
XXBTZUSD,60,20250819,160000,115587.4,115900,114922.6,115205.1,86.09935701
XXBTZUSD,60,20250819,170000,115212.6,115370.6,113530,113888,338.3647604
XXBTZUSD,60,20250819,180000,113888.1,114163.1,113565.4,113770.1,79.45270799
XXBTZUSD,60,20250819,190000,113770.1,113832,113333,113375.1,60.7380871
XXBTZUSD,60,20250819,200000,113378.1,113592.5,113091.5,113500,97.90581543
XXBTZUSD,60,20250819,210000,113500,113500,112828.7,113106.6,104.1931949
XXBTZUSD,60,20250819,220000,113106.6,113525.5,112771.8,113094,73.7384499
XXBTZUSD,60,20250819,230000,113094.1,113525,112950,113525,31.54106311
XXBTZUSD,60,20250820,000000,113525,113535,113391.7,113398.1,22.78613576
XXBTZUSD,60,20250820,010000,113398.1,113398.2,113045,113154.2,16.62811574
XXBTZUSD,60,20250820,020000,113154.2,113154.2,112750,112830.3,64.58481012
XXBTZUSD,60,20250820,030000,112830.4,113288.5,112830.3,113277.6,19.85130711
XXBTZUSD,60,20250820,040000,113277.6,113380.9,112610,112987.3,52.96666087
XXBTZUSD,60,20250820,050000,112987.4,113415.6,112987.3,113415.6,12.71809779
XXBTZUSD,60,20250820,060000,113415.6,113566.7,113370,113544.6,35.47974092
XXBTZUSD,60,20250820,070000,113544.7,113622.2,113520,113598,16.85247941
XXBTZUSD,60,20250820,080000,113598,113755.9,113547.8,113715.4,6.71084397
XXBTZUSD,60,20250820,090000,113715.4,113717.4,113559.9,113640.8,15.58034233
XXBTZUSD,60,20250820,100000,113640.8,113787.5,113438.3,113444.7,19.91070282
XXBTZUSD,60,20250820,110000,113444.7,113947.6,113420,113947.6,68.61611396
XXBTZUSD,60,20250820,120000,113947.6,113947.6,113681.6,113681.6,8.44732975
XXBTZUSD,60,20250820,130000,113681.7,113853,113576,113844.9,13.80852179
XXBTZUSD,60,20250820,140000,113844.9,113844.9,113116.6,113628.5,97.33942339
XXBTZUSD,60,20250820,150000,113628.5,113920.3,113548.2,113713.3,37.85797694
XXBTZUSD,60,20250820,160000,113713.3,113713.3,112562.6,112643.5,226.53346572
XXBTZUSD,60,20250820,170000,112650.1,113848.9,112400,113450.1,141.36027183
XXBTZUSD,60,20250820,180000,113450.1,114287.4,113275,113365.5,87.05368654
XXBTZUSD,60,20250820,190000,113365.5,114274.9,113308.7,113818.2,46.32357461
XXBTZUSD,60,20250820,200000,113818.2,114446.1,113800,114204,117.54168078
XXBTZUSD,60,20250820,210000,114204,114204,113318.3,113489.2,76.52845469
XXBTZUSD,60,20250820,220000,113489.3,114331.1,113489.3,114312.6,43.6176443
XXBTZUSD,60,20250820,230000,114307.7,114383.2,114011.1,114376.1,33.51762039
XXBTZUSD,60,20250821,000000,114376.1,114454.6,114011,114400,20.04009537
XXBTZUSD,60,20250821,010000,114399.9,114612.1,114232.6,114610,29.3631318
XXBTZUSD,60,20250821,020000,114610,114610,114237.4,114262.7,23.40836636
XXBTZUSD,60,20250821,030000,114273.8,114462.4,114017.2,114310.8,28.84532284
XXBTZUSD,60,20250821,040000,114310.8,114729.5,114011,114721.3,40.94658654
XXBTZUSD,60,20250821,050000,114692.4,114738.6,113918,113980.6,14.29509101
XXBTZUSD,60,20250821,060000,113980.6,114513.9,113980.6,114000.1,17.52692006
XXBTZUSD,60,20250821,070000,114000.1,114000.1,113805.8,113865.6,23.75490415
XXBTZUSD,60,20250821,080000,113865.6,113925,113701.8,113925,16.83882992
XXBTZUSD,60,20250821,090000,113925,113925,113637.5,113820.8,6.97422217
XXBTZUSD,60,20250821,100000,113820.9,113899.9,113634.8,113884.3,9.14904594
XXBTZUSD,60,20250821,110000,113884.3,113905,113622.5,113622.6,4.62292946
XXBTZUSD,60,20250821,120000,113622.6,113622.6,113311,113366.1,23.02147946
XXBTZUSD,60,20250821,130000,113362.6,113408.1,113272.6,113311.2,7.02705453
XXBTZUSD,60,20250821,140000,113311.2,113498.7,113035.2,113149.8,36.40984186
XXBTZUSD,60,20250821,150000,113149.8,113392.3,113000,113076.5,10.7969665
XXBTZUSD,60,20250821,160000,113076.5,113661,113076.4,113500,20.25712567
XXBTZUSD,60,20250821,170000,113500.1,113961.3,112901.2,113269.6,41.90410309
XXBTZUSD,60,20250821,180000,113269.7,113329.6,112610,112765.1,57.77546248
XXBTZUSD,60,20250821,190000,112765.1,112896.3,112345,112345,82.30843211
XXBTZUSD,60,20250821,200000,112345.1,112557.9,112162.3,112415.5,57.67275083
XXBTZUSD,60,20250821,210000,112415.5,112637.8,112211,112625.1,60.78171777
XXBTZUSD,60,20250821,220000,112625.1,112698.4,112036,112132.5,75.62963809
XXBTZUSD,60,20250821,230000,112132.5,112775,112100,112403.3,53.66180869
XXBTZUSD,60,20250822,000000,112406,112689.4,112100,112527.3,34.51303001
XXBTZUSD,60,20250822,010000,112527.2,112677,112411.7,112472.5,31.51385086
XXBTZUSD,60,20250822,020000,112472.5,112472.5,112249.7,112462.5,10.91097692
XXBTZUSD,60,20250822,030000,112475,112800,112474.9,112582.4,21.55448015
XXBTZUSD,60,20250822,040000,112582.4,112832,112357.6,112787.6,9.04808726
XXBTZUSD,60,20250822,050000,112787.6,113456.7,112787.5,113112.3,25.63381025
XXBTZUSD,60,20250822,060000,113112.4,113412.4,112862.5,112887.3,20.73053424
XXBTZUSD,60,20250822,070000,112887.3,113172,112683.3,112724.9,11.32185722
XXBTZUSD,60,20250822,080000,112725,113208.9,112725,113208.8,21.03893374
XXBTZUSD,60,20250822,090000,113208.8,113282.2,112810.9,112984.7,24.00349167
XXBTZUSD,60,20250822,100000,112984.7,113200,112984.6,113126,9.39470251
XXBTZUSD,60,20250822,110000,113126,113274.9,112925.4,112980.6,7.08566725
XXBTZUSD,60,20250822,120000,112980.7,113037,112776.2,113037,29.94613417
XXBTZUSD,60,20250822,130000,113037,113037,112550,112550.1,17.07447968
XXBTZUSD,60,20250822,140000,112550.1,112550.1,112156.8,112280.5,26.3463121
XXBTZUSD,60,20250822,150000,112280.5,112664.3,111676,112336.5,136.6234938
XXBTZUSD,60,20250822,160000,112336.5,112562,111982.2,112449.9,81.81697532
XXBTZUSD,60,20250822,170000,112450,116079,112450,115796.2,460.85166877
XXBTZUSD,60,20250822,180000,115807.9,117284.5,115796.2,116362.5,217.7481368
XXBTZUSD,60,20250822,190000,116362.6,116730.1,116088.7,116109.9,111.98493857
XXBTZUSD,60,20250822,200000,116110,116979,116109.9,116979,124.9010088
XXBTZUSD,60,20250822,210000,116979,117354,116733.9,116782.9,80.73898244
XXBTZUSD,60,20250822,220000,116783,116865.2,116548.7,116586.7,83.8449577
XXBTZUSD,60,20250822,230000,116586.7,117062.1,116586.6,116985.7,37.56089294
XXBTZUSD,60,20250823,000000,116985.7,117130,116816.1,116970,28.56456367
XXBTZUSD,60,20250823,010000,116971.3,116971.4,116517.9,116704.1,91.50759119
XXBTZUSD,60,20250823,020000,116704,116817.9,116704,116817.9,21.26429529
XXBTZUSD,60,20250823,030000,116817.9,116975,116736.9,116867.4,24.15170033
XXBTZUSD,60,20250823,040000,116867.4,116867.4,116300,116384.9,25.67386337
XXBTZUSD,60,20250823,050000,116385,116467.2,115500,115914.1,65.83058206
XXBTZUSD,60,20250823,060000,115914.1,115955.9,115490.1,115516.2,10.81363303
XXBTZUSD,60,20250823,070000,115516.2,115892.5,115516.1,115780.4,14.39658182
XXBTZUSD,60,20250823,080000,115780.4,115938.2,115737.4,115903.5,10.62725239
XXBTZUSD,60,20250823,090000,115903.6,115903.6,115675,115675,53.58714716
XXBTZUSD,60,20250823,100000,115675.1,115874.4,115645.3,115766.1,8.73275505
XXBTZUSD,60,20250823,110000,115766.1,115799,115596.1,115757.2,5.78561102
XXBTZUSD,60,20250823,120000,115757.3,115757.3,115583,115707.5,26.37180103
XXBTZUSD,60,20250823,130000,115707.5,115707.5,115572.8,115572.9,2.58643834
XXBTZUSD,60,20250823,140000,115572.9,115572.9,115176.6,115176.7,17.38807169
XXBTZUSD,60,20250823,150000,115176.7,115411.6,115151.1,115170.9,11.41110211
XXBTZUSD,60,20250823,160000,115170.9,115170.9,114707.1,114800,68.07733616
XXBTZUSD,60,20250823,170000,114800,115037.4,114621.7,114621.8,25.79410109
XXBTZUSD,60,20250823,180000,114621.8,114916.2,114551.1,114800.1,90.44639718
XXBTZUSD,60,20250823,190000,114800.1,115059.6,114700,114975.1,18.73541486
XXBTZUSD,60,20250823,200000,114975.2,115106.5,114916.8,115073.5,54.40674552
XXBTZUSD,60,20250823,210000,115073.5,115142.2,115007.2,115101.1,33.94631951
XXBTZUSD,60,20250823,220000,115101.1,115112.2,115005.4,115055.4,19.47286348
XXBTZUSD,60,20250823,230000,115055.4,115254,115055.3,115254,20.04191243
XXBTZUSD,60,20250824,000000,115254,115254,115002.9,115068,26.3609703
XXBTZUSD,60,20250824,010000,115067.9,115252.2,115067.9,115252.2,37.26443098
XXBTZUSD,60,20250824,020000,115252.2,115344.1,115204.9,115344.1,12.84017692
XXBTZUSD,60,20250824,030000,115344.1,115420.1,115296.9,115355.6,5.55836447
XXBTZUSD,60,20250824,040000,115355.6,115448.8,115166.8,115436,30.61138558
XXBTZUSD,60,20250824,050000,115436,115530.9,115038.4,115038.4,17.13305413
XXBTZUSD,60,20250824,060000,115038.5,115100,114903.9,115030.1,10.35305
XXBTZUSD,60,20250824,070000,115030.1,115217.9,115030,115061.2,13.12932307
XXBTZUSD,60,20250824,080000,115061.3,115121.4,114906.3,114906.4,28.08258698
XXBTZUSD,60,20250824,090000,114906.4,114980.6,114800,114800.1,25.73160453
XXBTZUSD,60,20250824,100000,114800.1,115000,114800,114890.1,6.90036506
XXBTZUSD,60,20250824,110000,114890.2,114894.1,114713.1,114765.2,7.551081
XXBTZUSD,60,20250824,120000,114765.3,114954.3,114674.6,114849.5,28.37056744
XXBTZUSD,60,20250824,130000,114849.6,114873.9,114614.5,114816.2,7.76033775
XXBTZUSD,60,20250824,140000,114816.2,114832.2,114550,114664.1,13.25462334
XXBTZUSD,60,20250824,150000,114664.1,114770.6,114632.3,114632.4,19.06556119
XXBTZUSD,60,20250824,160000,114632.4,114791.5,114563.3,114563.4,7.48564777
XXBTZUSD,60,20250824,170000,114563.4,114563.4,114340.6,114537.5,44.69450533
XXBTZUSD,60,20250824,180000,114537.6,114800,114400,114400.1,22.28310665
XXBTZUSD,60,20250824,190000,114400.1,114472.9,114250,114293.5,22.39347103
XXBTZUSD,60,20250824,200000,114293.5,114500,114252.3,114375.7,43.35738413
XXBTZUSD,60,20250824,210000,114375.7,114842.8,114273.5,114534.8,92.94985968
XXBTZUSD,60,20250824,220000,114534.9,114719.9,110692.2,112559.2,481.07720185
XXBTZUSD,60,20250824,230000,112559.3,112936.1,111724.1,112704.3,206.65123862
XXBTZUSD,60,20250825,000000,112704.4,113320.3,112400.1,112969.5,33.17807642
XXBTZUSD,60,20250825,010000,112986.7,113402,112632.4,113401.9,54.94012456
XXBTZUSD,60,20250825,020000,113402,113636.6,113401.9,113456.1,22.61673845
XXBTZUSD,60,20250825,030000,113456.1,113478.7,112184.7,112604.3,42.16776474
XXBTZUSD,60,20250825,040000,112604.3,113102.9,112604.2,113049.7,50.94803529
XXBTZUSD,60,20250825,050000,113049.8,113559.1,113049.7,113397.5,48.56158896
XXBTZUSD,60,20250825,060000,113397.6,113619.8,112926.8,112926.9,61.40858994
XXBTZUSD,60,20250825,070000,112926.9,112986.2,112650,112695.9,26.20817545
XXBTZUSD,60,20250825,080000,112695.9,112827.4,112372.6,112372.7,18.23670239
XXBTZUSD,60,20250825,090000,112372.7,112384.2,111750,111898.7,53.52548816
XXBTZUSD,60,20250825,100000,111898.7,112045.9,111347.1,111450.1,247.75204084
XXBTZUSD,60,20250825,110000,111469.1,111767.3,111000,111461.3,180.31228919
XXBTZUSD,60,20250825,120000,111461.4,111767.3,111244.6,111767.3,53.82272446
XXBTZUSD,60,20250825,130000,111767.3,111767.3,110912.5,110959.2,49.86277792
XXBTZUSD,60,20250825,140000,110959.3,111250,110913,111230.1,65.3470067
XXBTZUSD,60,20250825,150000,111230.1,111593.2,111087.5,111586.2,50.26121288
XXBTZUSD,60,20250825,160000,111586.2,111736.2,110584.2,111462.5,132.97771765
XXBTZUSD,60,20250825,170000,111466.1,112296.3,111375,112228,96.29061828
XXBTZUSD,60,20250825,180000,112228,112547.9,111834.5,112204,83.15848204
XXBTZUSD,60,20250825,190000,112204.1,112872.6,112057.7,112545.1,66.91670589
XXBTZUSD,60,20250825,200000,112545.1,112800,112232.6,112425.1,43.4130825
XXBTZUSD,60,20250825,210000,112425.1,112616.5,112231.2,112399.1,32.53219557
XXBTZUSD,60,20250825,220000,112399.1,112400,110662.6,110673.2,115.78982686
XXBTZUSD,60,20250825,230000,110673.2,111064.7,109375.1,109580.1,477.65236618
XXBTZUSD,60,20250826,000000,109580.1,110279.7,109304.8,109968.5,332.63739664
XXBTZUSD,60,20250826,010000,109968.5,110600,109959.2,110178.1,115.31866826
XXBTZUSD,60,20250826,020000,110178.1,110228.9,109805.6,110144.9,73.38292454
XXBTZUSD,60,20250826,030000,110145,110145,109000,109152.2,127.26668186
XXBTZUSD,60,20250826,040000,109152.2,109883,108734.6,109883,161.53514679
XXBTZUSD,60,20250826,050000,109883,109946.9,109564.4,109750.1,11.91040441
XXBTZUSD,60,20250826,060000,109750.1,109913.4,109500,109883,36.14227312
XXBTZUSD,60,20250826,070000,109883.1,110228.3,109883,110100,41.14336782
XXBTZUSD,60,20250826,080000,110100,110371.8,110099.9,110237.6,34.7317667
XXBTZUSD,60,20250826,090000,110237.6,110334.3,109990,109998.4,15.68892308
XXBTZUSD,60,20250826,100000,109998.4,110491.9,109775,110315,17.67288148
XXBTZUSD,60,20250826,110000,110315,110455.7,110077,110148.9,45.96847059
XXBTZUSD,60,20250826,120000,110149,110366.4,110106,110106,19.52723155
XXBTZUSD,60,20250826,130000,110106.1,110404.1,110077.6,110219.2,51.39022614
XXBTZUSD,60,20250826,140000,110219.2,110219.2,109629.5,109842.3,29.23091112
XXBTZUSD,60,20250826,150000,109842.3,110762.4,109609.6,110184.6,92.35254006
XXBTZUSD,60,20250826,160000,110184.6,110200,109389.8,110045.1,75.16511583
XXBTZUSD,60,20250826,170000,110045.1,110527.1,109837.5,110387.6,98.81876867
XXBTZUSD,60,20250826,180000,110380.6,110540.4,109591,109670.1,54.29477664
XXBTZUSD,60,20250826,190000,109670.1,110150.3,109525,110150.3,17.19965706
XXBTZUSD,60,20250826,200000,110150.3,110150.3,109594.1,109944.9,36.27169873
XXBTZUSD,60,20250826,210000,109944.9,110988.6,109944.8,110695,134.63140726
XXBTZUSD,60,20250826,220000,110695,111130.2,110553,111128.4,56.5150557
XXBTZUSD,60,20250826,230000,111128.5,111393.2,110935.1,111345.4,47.78232258
XXBTZUSD,60,20250827,000000,111345.4,111550.8,111187.6,111550.8,36.73599418
XXBTZUSD,60,20250827,010000,111550.7,111888.2,111550.7,111888,72.17439796
XXBTZUSD,60,20250827,020000,111888,112395.6,111767.6,111829.3,25.94423486
XXBTZUSD,60,20250827,030000,111829.3,111829.3,111351,111351.1,89.83022207
XXBTZUSD,60,20250827,040000,111351.1,111415.7,111121,111270,29.04473849
XXBTZUSD,60,20250827,050000,111270,111464.7,111180,111180.1,7.61447968
XXBTZUSD,60,20250827,060000,111178.6,111660.2,110968.3,111462.6,14.24606168
XXBTZUSD,60,20250827,070000,111462.6,111662,111435.2,111582.5,9.50570254
XXBTZUSD,60,20250827,080000,111582.5,111625,111327.8,111374.7,33.44271422
XXBTZUSD,60,20250827,090000,111374.8,111374.8,111016,111016.1,4.07374638
XXBTZUSD,60,20250827,100000,111016.1,111050,110607.4,110674.4,107.08809808
XXBTZUSD,60,20250827,110000,110674.5,110827.6,110434.3,110730.8,15.57061118
XXBTZUSD,60,20250827,120000,110730.8,111050,110725.7,110815.1,44.39567814
XXBTZUSD,60,20250827,130000,110815.1,111192.2,110815,111036.5,16.46597351
XXBTZUSD,60,20250827,140000,111036.6,111365.3,111025,111340,24.08006961
XXBTZUSD,60,20250827,150000,111340.1,111379.3,111050,111324.8,33.40814815
XXBTZUSD,60,20250827,160000,111324.9,111844.3,111092.9,111508.3,62.79962976
XXBTZUSD,60,20250827,170000,111508.3,112603.4,111367.4,111793.2,105.44020197
XXBTZUSD,60,20250827,180000,111793.3,112083.6,111593.2,112022.4,42.05259352
XXBTZUSD,60,20250827,190000,112022.4,112232.8,111625,112155.3,15.79495119
XXBTZUSD,60,20250827,200000,112155.3,112411.4,111908.6,112337.9,33.02033035
XXBTZUSD,60,20250827,210000,112337.9,112600,112000,112000,66.59784463
XXBTZUSD,60,20250827,220000,112000.1,112200,111600,112060.2,63.50161627
XXBTZUSD,60,20250827,230000,112060.2,112382,111000,112382,86.12867661
XXBTZUSD,60,20250828,000000,112382,112388,111360.9,111442.4,79.54320801
XXBTZUSD,60,20250828,010000,111442.3,111566.6,111118.7,111449.8,93.98314505
XXBTZUSD,60,20250828,020000,111449.8,111521.5,111159.8,111268.6,29.44757927
XXBTZUSD,60,20250828,030000,111268.6,111492.7,110902.6,111340.5,30.15041738
XXBTZUSD,60,20250828,040000,111340.5,111654.7,111340.5,111650.8,19.34355815
XXBTZUSD,60,20250828,050000,111650.8,111765.4,111466.1,111507.8,32.0524424
XXBTZUSD,60,20250828,060000,111507.9,112000,111450,111986.3,16.28337507
XXBTZUSD,60,20250828,070000,111986.4,113035.2,111986.3,112971.9,103.36519816
XXBTZUSD,60,20250828,080000,112971.9,113100,112706.8,112848.7,26.38352834
XXBTZUSD,60,20250828,090000,112848.8,113200,112737.5,113200,84.3899218
XXBTZUSD,60,20250828,100000,113200,113200,113199.9,113199.9,0.27033507
XXBTZUSD,60,20250828,110000,113199.9,113321.4,113165.8,113321.4,36.04293507
XXBTZUSD,60,20250828,130000,113311.2,113311.2,112857.9,113103.6,52.0208533
XXBTZUSD,60,20250828,140000,113103.6,113110.6,112852.5,112924.6,84.39716778
XXBTZUSD,60,20250828,150000,112924.6,113300,112804.9,113300,15.52109204
XXBTZUSD,60,20250828,160000,113300,113457.9,112585.9,112749.8,104.08352185
XXBTZUSD,60,20250828,170000,112749.9,113301,112513.9,113182.2,78.91047776
XXBTZUSD,60,20250828,180000,113182.3,113219.3,112412.5,112650,78.95813561
XXBTZUSD,60,20250828,190000,112650,113204.3,112337.6,112337.6,83.51632438
XXBTZUSD,60,20250828,200000,112337.6,112612.6,112212.6,112446.4,149.46934984
XXBTZUSD,60,20250828,210000,112446.4,112680,112247.3,112393.6,27.91059772
XXBTZUSD,60,20250828,220000,112393.6,112500,111900,111900.1,30.8928901
XXBTZUSD,60,20250828,230000,111905.8,112114.5,111809.8,111941.2,198.84620255
XXBTZUSD,60,20250829,000000,111941.2,112114.5,111906.1,112048,9.88547894
XXBTZUSD,60,20250829,010000,112048.1,112446.5,112048,112399.9,12.07689169
XXBTZUSD,60,20250829,020000,112400,112563.7,112358.5,112563.7,47.58595531
XXBTZUSD,60,20250829,030000,112563.7,112570,112175.8,112203.4,35.39152423
XXBTZUSD,60,20250829,040000,112203.4,112203.4,111450,111537.5,49.99687794
XXBTZUSD,60,20250829,050000,111537.5,111769.1,111370.4,111485.2,12.57925382
XXBTZUSD,60,20250829,060000,111485.2,111824.2,111380,111778,13.78522991
XXBTZUSD,60,20250829,070000,111778.1,111855.3,111445.2,111512.2,8.17013101
XXBTZUSD,60,20250829,080000,111512.5,111577,111200,111310.9,101.68948069
XXBTZUSD,60,20250829,090000,111311,111387.4,111026,111292.5,57.19475261
XXBTZUSD,60,20250829,100000,111292.5,111293.7,109898.7,110012.6,201.88891965
XXBTZUSD,60,20250829,110000,110012.6,110274.2,109615.8,109632.4,135.49505064
XXBTZUSD,60,20250829,120000,109632.4,109928,109422.5,109838.7,18.41583553
XXBTZUSD,60,20250829,130000,109838.7,110028.3,109808.7,110012.6,21.86898059
XXBTZUSD,60,20250829,140000,110012.6,110116.7,109849.9,110091,144.84420538
XXBTZUSD,60,20250829,150000,110091,111490.4,110091,110734.4,82.56544517
XXBTZUSD,60,20250829,160000,110734.4,110737.5,108960.1,109091.4,100.50935346
XXBTZUSD,60,20250829,170000,109091.5,109500,108150,108197.8,209.18155993
XXBTZUSD,60,20250829,180000,108200,108738.6,108200,108437.4,86.09038986
XXBTZUSD,60,20250829,190000,108437.4,108842.5,108200,108762.6,75.1675332
XXBTZUSD,60,20250829,200000,108762.6,108762.6,108200,108485.1,17.30778181
XXBTZUSD,60,20250829,210000,108485.1,108498.9,108094.9,108167.3,58.84591201
XXBTZUSD,60,20250829,220000,108167.3,108700,107919.6,108225.1,77.35805702
XXBTZUSD,60,20250829,230000,108225.1,108237.6,107600,107788,135.02209767
XXBTZUSD,60,20250830,000000,107788.1,108438.4,107505,108411,29.11443597
XXBTZUSD,60,20250830,010000,108410.9,108477.9,108206,108350,28.48678322
XXBTZUSD,60,20250830,020000,108350,108537.5,108350,108400.1,8.84362511
XXBTZUSD,60,20250830,030000,108400.1,108400.1,108195.3,108298.2,19.66083981
XXBTZUSD,60,20250830,040000,108298.2,108314.8,107352.6,107389.7,29.53407181
XXBTZUSD,60,20250830,050000,107389.6,107958.3,107389.6,107832.3,18.33747453
XXBTZUSD,60,20250830,060000,107832.3,108396.5,107781.9,108387.4,111.03451692
XXBTZUSD,60,20250830,070000,108387.4,108642,108387.3,108486.5,53.43081374
XXBTZUSD,60,20250830,080000,108486.5,108486.5,108200,108362.6,21.66781863
XXBTZUSD,60,20250830,090000,108362.6,108562.3,108231.8,108281.2,48.60443979
XXBTZUSD,60,20250830,100000,108281.3,108499.9,108195,108499.9,16.98613802
XXBTZUSD,60,20250830,110000,108499.9,108700.1,108499.8,108549,11.37356791
XXBTZUSD,60,20250830,120000,108549,108549,108487.9,108522.3,30.11991575
XXBTZUSD,60,20250830,130000,108522.3,108691.4,108474.2,108474.2,106.58833016
XXBTZUSD,60,20250830,140000,108474.3,108663.9,108442.3,108641.2,25.08089551
XXBTZUSD,60,20250830,150000,108641.2,108641.2,108359.8,108609.7,30.04200837
XXBTZUSD,60,20250830,160000,108609.2,108612.1,108229.7,108541.2,28.40332444
XXBTZUSD,60,20250830,170000,108541.3,108700,108461.5,108662.5,30.26802466
XXBTZUSD,60,20250830,180000,108662.6,108926.8,108582.3,108850.1,59.13218517
XXBTZUSD,60,20250830,190000,108850.1,108867.9,108712,108816.3,46.52217881
XXBTZUSD,60,20250830,200000,108816.3,108899.9,108624.3,108784.9,31.49239304
XXBTZUSD,60,20250830,210000,108784.9,108846.8,108634.8,108748.4,63.54540615
XXBTZUSD,60,20250830,220000,108748.4,108900,108726.6,108837.5,4.5933211
XXBTZUSD,60,20250830,230000,108837.6,108837.6,108619.2,108657,4.46144803
XXBTZUSD,60,20250831,000000,108657,108685.8,108541.8,108582.4,8.86682604
XXBTZUSD,60,20250831,010000,108582.3,108582.4,108487.5,108520,11.59047771
XXBTZUSD,60,20250831,020000,108520,108750,108519.9,108750,8.23836629
XXBTZUSD,60,20250831,030000,108750,109350,108749.9,109350,94.38333056
XXBTZUSD,60,20250831,040000,109350,109490.8,109215.5,109429.2,29.72250114
XXBTZUSD,60,20250831,050000,109429.3,109451.2,109234.4,109246,13.44301526
XXBTZUSD,60,20250831,060000,109246,109380.8,109220.5,109220.5,12.78722116
XXBTZUSD,60,20250831,070000,109220.6,109237.6,108744.9,108785.9,7.95297087
XXBTZUSD,60,20250831,080000,108785.9,108785.9,108576.9,108747.1,74.94919951
XXBTZUSD,60,20250831,090000,108747.1,108752.5,108580,108740.6,6.08516846
XXBTZUSD,60,20250831,100000,108740.6,108805.8,108673.1,108710,22.37482778
XXBTZUSD,60,20250831,110000,108710,109012.6,108709.9,109012.5,3.12928442
XXBTZUSD,60,20250831,120000,109012.6,109098.5,108462.8,108487.5,33.69005736
XXBTZUSD,60,20250831,130000,108489.7,108644.7,108337.5,108560.5,37.1411187
XXBTZUSD,60,20250831,140000,108560.5,108589.8,108321.3,108400.1,6.89422258
XXBTZUSD,60,20250831,150000,108400.1,108417,108320,108320.1,20.04110084
XXBTZUSD,60,20250831,160000,108320,108387.7,108200,108366.2,17.41372082
XXBTZUSD,60,20250831,170000,108366.2,108484.7,108275,108456.8,44.01896552
XXBTZUSD,60,20250831,180000,108456.8,108777,108455.2,108777,17.33069584
XXBTZUSD,60,20250831,190000,108777,108964.4,108597.4,108926.9,43.48122859
XXBTZUSD,60,20250831,200000,108926.9,108985.8,108889.6,108985.8,9.67871918
XXBTZUSD,60,20250831,210000,108985.8,109150,108983.2,109149.5,30.11319114
XXBTZUSD,60,20250831,220000,109143.9,109143.9,108920.9,108921,14.86093249
XXBTZUSD,60,20250831,230000,108921,109107.2,108869.7,109106.2,13.23365612
XXBTZUSD,60,20250901,000000,109106.2,109107,109006,109061,2.82466893
XXBTZUSD,60,20250901,010000,109061.1,109182.6,108783,108884.7,73.27838842
XXBTZUSD,60,20250901,020000,108884.7,108884.7,108113.5,108250,39.88802557
XXBTZUSD,60,20250901,030000,108250.1,108359.7,107700,108302.2,74.7644491
XXBTZUSD,60,20250901,040000,108302.2,108412.3,107968.5,108111,18.76227218
XXBTZUSD,60,20250901,050000,108111,108187.6,107490,107612.3,98.34868897
XXBTZUSD,60,20250901,060000,107612.4,107762.5,107453.1,107664.1,23.94346308
XXBTZUSD,60,20250901,070000,107664.2,107738.2,107316,107408.4,42.49099798
XXBTZUSD,60,20250901,080000,107408.4,107906.2,107255,107894.1,30.08558035
XXBTZUSD,60,20250901,090000,107894.1,108074.9,107625,108074.8,19.07908927
XXBTZUSD,60,20250901,100000,108074.9,109355,108000,109355,73.04910675
XXBTZUSD,60,20250901,110000,109357.2,109775.5,109357.2,109588.4,86.58743732
XXBTZUSD,60,20250901,120000,109588.4,109813.2,109477.9,109490.7,179.21359997
XXBTZUSD,60,20250901,130000,109490.8,109490.8,108217.4,108550.1,150.03260133
XXBTZUSD,60,20250901,140000,108552.5,108805.9,108475.1,108805.8,20.1917194
XXBTZUSD,60,20250901,150000,108805.8,109115.1,108668.3,109062.6,24.27675119
XXBTZUSD,60,20250901,160000,109062.6,109517.2,108931.7,109047.2,37.96651806
XXBTZUSD,60,20250901,170000,109047.3,109250,108865.8,109200,23.67960284
XXBTZUSD,60,20250901,180000,109200,109300,108620.7,108745,28.51346063
XXBTZUSD,60,20250901,190000,108745,109098.6,108698.7,108767.1,15.33870293
XXBTZUSD,60,20250901,200000,108767.1,108920.8,108464.4,108917.4,34.11572523
XXBTZUSD,60,20250901,210000,108917.4,109204.7,108917.3,109204.7,12.55620182
XXBTZUSD,60,20250901,220000,109204.7,109319.7,109165.7,109210.1,21.45878384
XXBTZUSD,60,20250901,230000,109210.1,109210.1,108272.1,108800,35.45533689
XXBTZUSD,60,20250902,000000,108812.5,108853.2,107500,107750,132.22219841
XXBTZUSD,60,20250902,010000,107749.9,108490.4,107656.9,108459.3,34.36152375
XXBTZUSD,60,20250902,020000,108459.4,109366.1,108447.4,109263.5,110.81863712
XXBTZUSD,60,20250902,030000,109258.5,109258.5,108888.4,109025.1,37.59730368
XXBTZUSD,60,20250902,040000,109025.1,109587.4,108988.3,109362.5,16.70928625
XXBTZUSD,60,20250902,050000,109362.6,110188,109227.1,110188,57.44051119
XXBTZUSD,60,20250902,060000,110188,110523.4,110111.2,110350.1,110.53298112
XXBTZUSD,60,20250902,070000,110350.2,110350.2,110150.8,110241,169.22162039
XXBTZUSD,60,20250902,080000,110241,110250,110081.3,110243.4,26.33634878
XXBTZUSD,60,20250902,090000,110240.4,110584.2,110189.7,110389.9,36.03186434
XXBTZUSD,60,20250902,100000,110390,110390,110065.5,110182.9,18.74597929
XXBTZUSD,60,20250902,110000,110183,110646.5,110061.4,110380.7,26.32705674
XXBTZUSD,60,20250902,120000,110380.8,110761.3,110302.9,110375,90.70304527
XXBTZUSD,60,20250902,130000,110387.5,110437.8,110190.5,110262.4,39.50921479
XXBTZUSD,60,20250902,140000,110262.4,110262.4,109651,109737.1,15.71893381
XXBTZUSD,60,20250902,150000,109737.6,109843.6,108457,108750,127.56365808
XXBTZUSD,60,20250902,160000,108750,111275.6,108749.9,111150.1,192.76025435
XXBTZUSD,60,20250902,170000,111150.1,111737.8,110791.7,111300,212.2771569
XXBTZUSD,60,20250902,180000,111300,111462.5,110576,110753.3,129.25731362
XXBTZUSD,60,20250902,190000,110753.4,111108.9,110468.7,110771,54.6854656
XXBTZUSD,60,20250902,200000,110771,110990,110630.5,110915.1,29.85531007
XXBTZUSD,60,20250902,210000,110915.2,110915.2,110192.4,110687.5,116.51757262
XXBTZUSD,60,20250902,220000,110687.6,110825.1,110500,110792.7,77.59904118
XXBTZUSD,60,20250902,230000,110792.7,111380.7,110753.7,111380.7,119.91168623
XXBTZUSD,60,20250903,000000,111387.5,111499.5,111207.3,111207.3,20.36413567
XXBTZUSD,60,20250903,010000,111200,111261.9,110896.9,111261.9,30.10544993
XXBTZUSD,60,20250903,020000,111261.9,111261.9,111010.4,111196.9,40.96752516
XXBTZUSD,60,20250903,030000,111196.9,111702.7,111196.9,111335.5,26.11364786
XXBTZUSD,60,20250903,040000,111335.5,111391.6,110917.1,111195.5,115.33603429
XXBTZUSD,60,20250903,050000,111190.6,111485.7,111091.7,111381.5,11.28416284
XXBTZUSD,60,20250903,060000,111381.6,111381.6,110928.7,111078.1,7.96203105
XXBTZUSD,60,20250903,070000,111078.1,111092.5,110896.9,111037.6,5.6691405
XXBTZUSD,60,20250903,080000,111037.6,111068.8,110712.9,110712.9,75.67857809
XXBTZUSD,60,20250903,090000,110713,110853.2,110636.7,110732.6,28.78926288
XXBTZUSD,60,20250903,100000,110732.7,111046.6,110600,111046.5,20.68533598
XXBTZUSD,60,20250903,110000,111046.5,111214.6,111000.7,111000.8,6.39120807
XXBTZUSD,60,20250903,120000,111000.8,111247.3,110947.5,111247.2,11.00976395
XXBTZUSD,60,20250903,130000,111247.3,111480,111217,111446.9,41.5076515
XXBTZUSD,60,20250903,140000,111447,111655.6,111392.3,111490.1,21.56717949
XXBTZUSD,60,20250903,150000,111490.1,111800,111121,111125.1,211.30604247
XXBTZUSD,60,20250903,160000,111125,111888.2,111116.2,111429.6,82.4151908
XXBTZUSD,60,20250903,170000,111429.6,112500,111138.9,112281.5,173.65546843
XXBTZUSD,60,20250903,180000,112281.5,112376.6,111995.1,112246.3,127.23190565
XXBTZUSD,60,20250903,190000,112246.3,112341.5,111780.8,111862.5,95.26636179
XXBTZUSD,60,20250903,200000,111862.5,112537.6,111862.5,112329.1,69.41493312
XXBTZUSD,60,20250903,210000,112324.7,112522.3,111861.3,112016.5,40.40489747
XXBTZUSD,60,20250903,220000,112016.5,112232.2,111802.1,112232.2,26.62580459
XXBTZUSD,60,20250903,230000,112232.2,112232.2,112135,112220.6,59.95709889
XXBTZUSD,60,20250904,000000,112220.6,112279.8,111830,112019.5,60.9538291
XXBTZUSD,60,20250904,010000,112019.5,112286.6,111900,111983.9,39.08860903
XXBTZUSD,60,20250904,020000,111984,111987.5,111700,111771.1,101.52487429
XXBTZUSD,60,20250904,030000,111771.1,112193.7,111725.8,112192.1,12.37661324
XXBTZUSD,60,20250904,040000,112192.2,112192.2,111735.3,111947.1,15.03532219
XXBTZUSD,60,20250904,050000,111947.2,111947.2,111526.3,111526.4,14.12845681
XXBTZUSD,60,20250904,060000,111526.4,111680,111174.7,111175.1,27.01654238
XXBTZUSD,60,20250904,070000,111175.1,111312.5,111000,111000,12.66577601
XXBTZUSD,60,20250904,080000,111000.1,111000.1,110646.5,110689.6,37.60197682
XXBTZUSD,60,20250904,090000,110689.6,110751.4,110353.7,110455,33.25177706
XXBTZUSD,60,20250904,100000,110455,110674.4,110409.4,110512.9,20.47681114
XXBTZUSD,60,20250904,110000,110512.5,110823.5,110450.3,110674,30.66579934
XXBTZUSD,60,20250904,120000,110674,110877.3,110673.9,110841.4,18.19916987
XXBTZUSD,60,20250904,130000,110841.5,111111,110700,110700,45.16603901
XXBTZUSD,60,20250904,140000,110688,111054.6,110615.6,110837.6,36.39025159
XXBTZUSD,60,20250904,150000,110837.6,111111,110610,110962.1,63.60274243
XXBTZUSD,60,20250904,160000,110962.1,110976,110275.4,110526.4,94.07831713
XXBTZUSD,60,20250904,170000,110526.4,110526.5,109769,109893.8,79.71278672
XXBTZUSD,60,20250904,180000,109893.8,109893.8,109374,109525.2,139.52503571
XXBTZUSD,60,20250904,190000,109525.2,109650,109369.8,109431.4,56.17182728
XXBTZUSD,60,20250904,200000,109431.4,109857.5,109431.4,109812.5,30.24983492
XXBTZUSD,60,20250904,210000,109812.5,110209.3,109720,110025,29.0794279
XXBTZUSD,60,20250904,220000,110025,110092.5,109754.9,109846.7,15.62385679
XXBTZUSD,60,20250904,230000,109846.7,110375,109836.7,110375,38.42605805
XXBTZUSD,60,20250905,000000,110375,110549.8,110374.9,110528,65.03398518
XXBTZUSD,60,20250905,010000,110528,111512,110528,111493.9,113.54985874
XXBTZUSD,60,20250905,020000,111493.9,111685.5,110619.9,110744.3,30.24111458
XXBTZUSD,60,20250905,030000,110744.4,110918,110434.4,110491,44.42562022
XXBTZUSD,60,20250905,040000,110491,111063.2,110463.9,111063.2,20.87919417
XXBTZUSD,60,20250905,050000,111063.2,111462.3,111063.1,111384.9,18.06582043
XXBTZUSD,60,20250905,060000,111384.9,111384.9,111131.7,111308.5,10.68487544
XXBTZUSD,60,20250905,070000,111308.5,111422,111172.1,111421.9,11.84955614
XXBTZUSD,60,20250905,080000,111422,111700,111421.9,111576.8,57.68849358
XXBTZUSD,60,20250905,090000,111576.8,111861.3,111527.9,111861.2,15.96824174
XXBTZUSD,60,20250905,100000,111861.3,112994.5,111861.3,112974.6,136.56161326
XXBTZUSD,60,20250905,110000,112974.6,112974.7,112616.7,112621.7,26.7166387
XXBTZUSD,60,20250905,120000,112621.8,112621.8,112151.8,112303.5,22.13704903
XXBTZUSD,60,20250905,130000,112303.5,112544.1,112197.2,112254.8,48.53363754
XXBTZUSD,60,20250905,140000,112254.9,112375.3,112147.8,112320,41.22229303
XXBTZUSD,60,20250905,150000,112320,113372.1,112017.1,113209.4,167.38135843
XXBTZUSD,60,20250905,160000,113209.4,113250,112717.9,113040.3,79.39940629
XXBTZUSD,60,20250905,170000,113040.3,113040.3,110511,110565.7,184.90313637
XXBTZUSD,60,20250905,180000,110567.3,111022.2,110322.6,110714.2,126.22059792
XXBTZUSD,60,20250905,190000,110715.3,110929.2,110552,110825,110.7092311
XXBTZUSD,60,20250905,200000,110825,110825,110231.4,110549.9,107.2849544
XXBTZUSD,60,20250905,210000,110550,111262.4,110550,111169.9,25.25855124
XXBTZUSD,60,20250905,220000,111169.9,111566.4,111147.5,111566.3,109.12529503
XXBTZUSD,60,20250905,230000,111566.4,111620,111352.5,111610.9,76.30135393
XXBTZUSD,60,20250906,000000,111611,111619.5,110434.3,110625,73.13228624
XXBTZUSD,60,20250906,010000,110624.9,110928,110566.9,110863.1,12.80997961
XXBTZUSD,60,20250906,020000,110863.1,110863.1,110638,110647.8,7.02674237
XXBTZUSD,60,20250906,030000,110647.8,110803.1,110566.9,110803.1,22.7726523
XXBTZUSD,60,20250906,040000,110803.1,110839.9,110803,110839.9,3.23700635
XXBTZUSD,60,20250906,050000,110839.9,111139.9,110745.7,111139.9,31.33882167
XXBTZUSD,60,20250906,060000,111139.9,111243,111038.9,111053.2,9.67468042
XXBTZUSD,60,20250906,070000,111053.2,111053.4,110794.4,110889.2,11.94065401
XXBTZUSD,60,20250906,080000,110889.3,110889.3,110727,110727.1,5.07403435
XXBTZUSD,60,20250906,090000,110727.1,110805.8,110727.1,110805.7,3.35158058
XXBTZUSD,60,20250906,100000,110805.8,110825.1,110805.7,110825.1,10.70784566
XXBTZUSD,60,20250906,110000,110825.1,110923.7,110825,110923.7,14.02560023
XXBTZUSD,60,20250906,120000,110923.7,110923.7,110724.8,110764.4,12.29294505
XXBTZUSD,60,20250906,130000,110764.4,110764.5,110717.5,110738.9,1.97019376
XXBTZUSD,60,20250906,140000,110739,110791.9,110734,110778.9,25.65370658
XXBTZUSD,60,20250906,150000,110778.9,110865.1,110778.9,110840.5,5.68157314
XXBTZUSD,60,20250906,160000,110840.5,110898,110840.4,110898,9.49428491
XXBTZUSD,60,20250906,170000,110898,110984.4,110858,110858,7.02035132
XXBTZUSD,60,20250906,180000,110858,110858,110409.6,110442,15.42837766
XXBTZUSD,60,20250906,190000,110442.1,110442.1,110036.7,110248.2,33.91950741
XXBTZUSD,60,20250906,200000,110248.2,110248.2,110087.5,110142.3,11.8035558
XXBTZUSD,60,20250906,210000,110142.4,110240.6,110077.9,110240.6,8.63388387
XXBTZUSD,60,20250906,220000,110240.6,110243.4,110039.9,110039.9,6.76240781
XXBTZUSD,60,20250906,230000,110040,110171.9,110039.9,110171.9,12.5746139
XXBTZUSD,60,20250907,000000,110171.9,110189.8,110171.8,110186.9,3.81108526
XXBTZUSD,60,20250907,010000,110186.8,110228.6,110147.9,110150.6,5.77993715
XXBTZUSD,60,20250907,020000,110150.6,110311.3,110150.6,110254.9,5.61808681
XXBTZUSD,60,20250907,030000,110254.9,110319.9,110239,110319.9,9.14204297
XXBTZUSD,60,20250907,040000,110319.9,110610.3,110319.8,110579.4,7.27552559
XXBTZUSD,60,20250907,050000,110579.5,110687.7,110500.1,110687.6,7.94750654
XXBTZUSD,60,20250907,060000,110687.6,110699.6,110636.7,110636.8,3.65993593
XXBTZUSD,60,20250907,070000,110636.8,110636.9,110555.1,110584.3,3.68979301
XXBTZUSD,60,20250907,080000,110584.3,110694.6,110576.7,110694.6,2.56968734
XXBTZUSD,60,20250907,090000,110694.6,110694.6,110530.5,110530.5,3.24039941
XXBTZUSD,60,20250907,100000,110530.6,110862.3,110530.2,110752.9,15.04395195
XXBTZUSD,60,20250907,110000,110752.9,111312.4,110752.8,111113.2,17.65605738
XXBTZUSD,60,20250907,120000,111113.3,111198,110912,111063.2,23.03822758
XXBTZUSD,60,20250907,130000,111063.3,111179.5,111063.2,111179.5,27.36000544
XXBTZUSD,60,20250907,140000,111179.5,111227.6,111162.1,111227.6,8.62718471
XXBTZUSD,60,20250907,150000,111227.6,111255.1,111089.7,111101.7,25.67415195
XXBTZUSD,60,20250907,160000,111101.7,111203.3,111089.8,111203.3,23.92200541
XXBTZUSD,60,20250907,170000,111203.3,111344.4,111093.2,111119.8,14.08886768
XXBTZUSD,60,20250907,180000,111119.8,111309.7,111119.7,111309.7,16.32716551
XXBTZUSD,60,20250907,190000,111309.7,111339.4,111188.8,111197.4,5.97783125
XXBTZUSD,60,20250907,200000,111197.5,111197.5,110964.1,110964.2,16.82339491
XXBTZUSD,60,20250907,210000,110964.2,111044.2,110878.9,111044.2,13.12543963
XXBTZUSD,60,20250907,220000,111044.2,111222,111044.2,111222,13.16432044
XXBTZUSD,60,20250907,230000,111222,111335.1,111125.3,111335.1,45.79664504
XXBTZUSD,60,20250908,000000,111335.1,111335.1,111100,111100.1,8.72720522
XXBTZUSD,60,20250908,010000,111100,111269.9,111059.2,111229,13.53784726
XXBTZUSD,60,20250908,020000,111229,111526.8,111071,111152.8,17.53117883
XXBTZUSD,60,20250908,030000,111152.8,111247.1,110752.8,110856.9,152.73636268
XXBTZUSD,60,20250908,040000,110856.9,110937.5,110733.2,110867.6,60.29599433
XXBTZUSD,60,20250908,050000,110867.6,111300,110667.7,111184.8,28.34333222
XXBTZUSD,60,20250908,060000,111184.9,111303.4,111043.3,111043.4,5.1041957
XXBTZUSD,60,20250908,070000,111043.4,111119.9,110913.2,110945.1,31.30845833
XXBTZUSD,60,20250908,080000,110945.1,110975.6,110923.6,110969.9,5.60305492
XXBTZUSD,60,20250908,090000,110969.9,111121.8,110968,111121.8,5.38289278
XXBTZUSD,60,20250908,100000,111121.8,111525.2,111121.7,111280.4,24.4409054
XXBTZUSD,60,20250908,110000,111280.4,111800,111263.4,111619.2,36.13467297
XXBTZUSD,60,20250908,120000,111619.2,112009.1,111619.2,112009.1,57.88577353
XXBTZUSD,60,20250908,130000,112009.1,112114.3,111927.6,112015.5,50.22804069
XXBTZUSD,60,20250908,140000,112015.5,112079.3,111808,112079.3,21.8682019
XXBTZUSD,60,20250908,150000,112079.3,112079.3,111929.1,112037.6,13.94889547
XXBTZUSD,60,20250908,160000,112037.6,112338.2,111897.6,111903,37.20408201
XXBTZUSD,60,20250908,170000,111903.1,112720.7,111898.4,112607.5,44.74216111
XXBTZUSD,60,20250908,180000,112607.5,112864.4,112550,112590,60.49731075
XXBTZUSD,60,20250908,190000,112590,112619.7,112344.9,112396.7,48.44253646
XXBTZUSD,60,20250908,200000,112396.7,112500,112160.8,112201.3,47.70754236
XXBTZUSD,60,20250908,210000,112201.3,112479.1,112201.2,112479,52.79331296
XXBTZUSD,60,20250908,220000,112479.1,112479.1,112014.5,112014.8,24.71309548
XXBTZUSD,60,20250908,230000,112015.1,112127.8,111921.5,112022.5,41.44167884
XXBTZUSD,60,20250909,000000,112022.5,112329.9,111955.8,112329.8,23.19886328
XXBTZUSD,60,20250909,010000,112329.9,112431.9,112285.4,112285.5,12.59587893
XXBTZUSD,60,20250909,020000,112285.5,112285.5,112050,112050.1,10.12998501
XXBTZUSD,60,20250909,030000,112050.1,112050.5,111500,111680.1,37.32147256
XXBTZUSD,60,20250909,040000,111680.1,111700.8,111352.7,111422.4,27.9418868
XXBTZUSD,60,20250909,050000,111422.4,111430.8,111196.8,111304.6,15.88635907
XXBTZUSD,60,20250909,060000,111304.7,111743,111262.6,111739.8,15.79338261
XXBTZUSD,60,20250909,070000,111739.9,112022.5,111678,112012.9,22.7778911
XXBTZUSD,60,20250909,080000,112012.9,112244.8,111912.4,112237.9,19.86452443
XXBTZUSD,60,20250909,090000,112237.9,113100.3,112218.8,113017.4,114.49060139
XXBTZUSD,60,20250909,100000,113017.4,113200,112817.4,113010.3,61.65071198
XXBTZUSD,60,20250909,110000,113010.4,113148.5,112907.8,112919.6,54.8706153
XXBTZUSD,60,20250909,120000,112919.7,113000,112919.6,112942.4,21.63025972
XXBTZUSD,60,20250909,130000,112942.5,113018.4,112705.5,112714.5,14.97516533
XXBTZUSD,60,20250909,140000,112714.5,112813.3,112507.5,112507.6,17.22193699
XXBTZUSD,60,20250909,150000,112507.6,112798.8,112487.6,112655.7,37.69297576
XXBTZUSD,60,20250909,160000,112655.7,112898.8,112599.4,112766.4,120.69802331
XXBTZUSD,60,20250909,170000,112766.5,112890.9,111575.1,111823.7,91.29510358
XXBTZUSD,60,20250909,180000,111823.7,111823.7,110815.3,110888.4,211.56070646
XXBTZUSD,60,20250909,190000,110888.5,111130.9,110820.1,110968,230.51399218
XXBTZUSD,60,20250909,200000,110968,111173.8,110934.8,111037.2,67.66128185
XXBTZUSD,60,20250909,210000,111037.3,111300.9,110958.9,111176.5,54.06699381
XXBTZUSD,60,20250909,220000,111176.5,111348.3,111176.4,111348.3,14.22831127
XXBTZUSD,60,20250909,230000,111348.3,111486.1,111049,111486.1,177.13000809
XXBTZUSD,60,20250910,000000,111486.1,111692.6,111309,111309.1,49.0633197
XXBTZUSD,60,20250910,010000,111309,111549.9,111309,111549.9,7.33843257
XXBTZUSD,60,20250910,020000,111549.9,111558.1,111391.8,111541,17.41081711
XXBTZUSD,60,20250910,030000,111541,111541,110987.6,110987.6,51.03735114
XXBTZUSD,60,20250910,040000,110987.7,111137.8,110934,110959.8,12.82877508
XXBTZUSD,60,20250910,050000,110959.9,111473.2,110959.9,111391.9,11.13255082
XXBTZUSD,60,20250910,060000,111391.9,111528.2,111383.8,111477.8,6.56129691
XXBTZUSD,60,20250910,070000,111477.9,111600,111408.5,111512.7,5.46152984
XXBTZUSD,60,20250910,080000,111512.7,111641.8,111390.7,111507.8,10.11417882
XXBTZUSD,60,20250910,090000,111507.8,111926.3,111455.8,111815.9,32.99909253
XXBTZUSD,60,20250910,100000,111815.9,112547.8,111815.7,112531.6,64.94314108
XXBTZUSD,60,20250910,110000,112531.6,112763.8,112378.2,112378.2,44.5091681
XXBTZUSD,60,20250910,120000,112378.3,112411.8,112158.1,112277.5,44.56646268
XXBTZUSD,60,20250910,130000,112277.5,112393.5,112266.1,112286,21.41601113
XXBTZUSD,60,20250910,140000,112286,112312.9,112203.8,112229.9,30.2306323
XXBTZUSD,60,20250910,150000,112229.9,113532.6,112229.8,113348.9,430.30712706
XXBTZUSD,60,20250910,160000,113349,114270.7,113348.9,113977.5,327.6615161
XXBTZUSD,60,20250910,170000,113977.5,114300,113850,113877,107.05210932
XXBTZUSD,60,20250910,180000,113877,114080.2,113776.8,113892.2,59.39292581
XXBTZUSD,60,20250910,190000,113892.2,113945.1,113606.3,113775.5,250.7022238
XXBTZUSD,60,20250910,200000,113775.5,114056.3,113430.9,113782.8,81.75241601
XXBTZUSD,60,20250910,210000,113782.8,113852.6,113375,113630,161.28763575
XXBTZUSD,60,20250910,220000,113630,113650.1,113178.9,113604.6,434.54536553
XXBTZUSD,60,20250910,230000,113604.6,113856.4,113604.5,113643.5,22.64009953
XXBTZUSD,60,20250911,000000,113643.5,113860.7,113640,113860.7,12.14262932
XXBTZUSD,60,20250911,010000,113860.6,114000,113809.4,113869.8,55.45253316
XXBTZUSD,60,20250911,020000,113869.9,114000,113860.2,113952.8,29.86389799
XXBTZUSD,60,20250911,030000,113952.8,113984.2,113708.4,113906.9,38.11773787
XXBTZUSD,60,20250911,040000,113906.9,114137.9,113905.9,113930,43.95092712
XXBTZUSD,60,20250911,050000,113930,113930,113819.9,113866.7,18.50346802
XXBTZUSD,60,20250911,060000,113866.8,114434,113860.4,114434,27.49818497
XXBTZUSD,60,20250911,070000,114434,114434,114141.2,114141.2,10.26836255
XXBTZUSD,60,20250911,080000,114141.3,114358.5,114000,114320.6,25.01368026
XXBTZUSD,60,20250911,090000,114320.1,114472,114141.9,114436,33.49986301
XXBTZUSD,60,20250911,100000,114436.1,114436.1,114065.9,114112.5,66.08154323
XXBTZUSD,60,20250911,110000,114112.6,114150.1,114086.6,114086.7,82.8660484
XXBTZUSD,60,20250911,120000,114086.7,114086.7,113782.8,113871.2,129.57351629
XXBTZUSD,60,20250911,130000,113871.2,114112.3,113871.1,114112.2,4.66206401
XXBTZUSD,60,20250911,140000,114112.3,114112.3,113964.6,113990.8,41.94789085
XXBTZUSD,60,20250911,150000,113990.8,114468.4,113400,113980.6,159.98509977
XXBTZUSD,60,20250911,160000,113980.7,114800,113500,114650.1,221.34761133
XXBTZUSD,60,20250911,170000,114650.1,114650.1,113987.5,114495.4,171.29969729
XXBTZUSD,60,20250911,180000,114495.4,114675,114092.8,114222.4,99.17402829
XXBTZUSD,60,20250911,190000,114222.4,114600.1,114222.4,114537.8,110.06352172
XXBTZUSD,60,20250911,200000,114537.8,114571.8,114438.5,114571.7,18.35061391
XXBTZUSD,60,20250911,210000,114571.8,114571.8,114176.8,114284.5,74.51080714
XXBTZUSD,60,20250911,220000,114286.5,114500,114256.5,114499.9,35.21073068
XXBTZUSD,60,20250911,230000,114500,114503.6,114292.1,114396.5,30.0255404
XXBTZUSD,60,20250912,000000,114396.5,114500,114396.4,114500,10.46423715
XXBTZUSD,60,20250912,010000,114499.9,115268,114499.9,115184.2,107.65608283
XXBTZUSD,60,20250912,020000,115184.2,115500,115184.1,115500,56.92798254
XXBTZUSD,60,20250912,030000,115500,116298.8,115474.1,115929.7,192.13050515
XXBTZUSD,60,20250912,040000,115929.8,115976,115450,115450.1,129.64574283
XXBTZUSD,60,20250912,050000,115450,115667.5,115344.2,115392.9,122.24995976
XXBTZUSD,60,20250912,060000,115392.9,115415.9,115129.6,115280.9,48.15464049
XXBTZUSD,60,20250912,070000,115280.9,115479.9,115152.7,115419.2,17.56850367
XXBTZUSD,60,20250912,080000,115419.3,115700.8,115419.1,115660.1,69.60017886
XXBTZUSD,60,20250912,090000,115660.1,115660.1,115321.5,115322.6,26.92371141
XXBTZUSD,60,20250912,100000,115322.7,115396,115115.4,115115.5,74.69320931
XXBTZUSD,60,20250912,110000,115115.5,115220,114944.3,115045,72.35305243
XXBTZUSD,60,20250912,120000,115045,115125.1,114900.1,115007.8,51.24541218
XXBTZUSD,60,20250912,130000,115007.8,115051.6,114968.1,115000,41.06918646
XXBTZUSD,60,20250912,140000,115000.1,115124,114947,114947,15.90390238
XXBTZUSD,60,20250912,150000,114947.1,115188.9,114813.3,115179.2,90.71918826
XXBTZUSD,60,20250912,160000,115179.2,115207.9,114912,115207.9,26.80081283
XXBTZUSD,60,20250912,170000,115207.9,115468.1,114930.1,115295.9,61.35042218
XXBTZUSD,60,20250912,180000,115295.9,115309.9,114982.8,115170.1,42.28457562
XXBTZUSD,60,20250912,190000,115170.1,115489.9,115101.3,115489.9,35.76928999
XXBTZUSD,60,20250912,200000,115489.9,115982.1,115489.9,115868.9,172.85108838
XXBTZUSD,60,20250912,210000,115868.9,116530,115868.8,116506.8,161.54142628
XXBTZUSD,60,20250912,220000,116506.8,116743.3,116330.8,116724.8,125.2465943
XXBTZUSD,60,20250912,230000,116724.8,116724.8,116062.6,116275.2,77.04227203
XXBTZUSD,60,20250913,000000,116275.2,116275.2,115847,115920,40.45084785
XXBTZUSD,60,20250913,010000,115919.9,116432.3,115919.9,116093.7,7.90375753
XXBTZUSD,60,20250913,020000,116093.8,116223.3,116050,116111.7,25.36135152
XXBTZUSD,60,20250913,030000,116111.7,116350.8,116051.2,116313.9,30.91559003
XXBTZUSD,60,20250913,040000,116313.9,116322.8,115745.6,115781.9,58.10236982
XXBTZUSD,60,20250913,050000,115781.9,116029.9,115781.8,115924.6,10.21060513
XXBTZUSD,60,20250913,060000,115924.7,115991.5,115924.6,115969.8,29.28486417
XXBTZUSD,60,20250913,070000,115969.9,115970.1,115800,115800.1,5.81236426
XXBTZUSD,60,20250913,080000,115800.1,115820.1,115780,115780.1,5.7883212
XXBTZUSD,60,20250913,090000,115780.1,115820.1,115760,115760.1,27.50942151
XXBTZUSD,60,20250913,100000,115760.1,115880.1,115760,115880,8.4042803
XXBTZUSD,60,20250913,110000,115880.1,116128.7,115834.7,116027,17.4483531
XXBTZUSD,60,20250913,120000,116027,116047.6,115915.1,116004.2,39.33066729
XXBTZUSD,60,20250913,130000,116004.2,116199.8,115979.8,115979.8,9.97352443
XXBTZUSD,60,20250913,140000,115979.9,116081.6,115950,116019.8,42.14981238
XXBTZUSD,60,20250913,150000,116019.8,116086.9,116000,116081.8,6.55544344
XXBTZUSD,60,20250913,160000,116081.8,116081.8,115700,115821.5,25.43718155
XXBTZUSD,60,20250913,170000,115821.7,116011.1,115700,115874.9,134.25397259
XXBTZUSD,60,20250913,180000,115874.9,115929.2,115711.9,115789.9,20.33613433
XXBTZUSD,60,20250913,190000,115790,115873.6,115251.1,115392,117.6240669
XXBTZUSD,60,20250913,200000,115392,115607.9,115318.9,115590,62.80689091
XXBTZUSD,60,20250913,210000,115590,115704.7,115548,115676.3,28.83828745
XXBTZUSD,60,20250913,220000,115676.3,115831.6,115642.9,115831.5,11.52580532
XXBTZUSD,60,20250913,230000,115831.6,115989.3,115831.6,115963.2,20.94255973
XXBTZUSD,60,20250914,000000,115984.9,115985,115890.2,115899.8,23.91082979
XXBTZUSD,60,20250914,010000,115899.8,115919.8,115887.5,115910.3,10.39817681
XXBTZUSD,60,20250914,020000,115910.4,115950,115910.3,115949.1,16.79767002
XXBTZUSD,60,20250914,030000,115949.1,115989.2,115949,115971.7,15.32206397
XXBTZUSD,60,20250914,040000,115971.7,115985,115827.4,115985,4.98415463
XXBTZUSD,60,20250914,050000,115985,116086.7,115869.7,115899.9,12.5920155
XXBTZUSD,60,20250914,060000,115899.9,115899.9,115703.7,115750.1,4.89974872
XXBTZUSD,60,20250914,070000,115750.1,115759.9,115566.4,115759.9,24.14302164
XXBTZUSD,60,20250914,080000,115759.9,115964.2,115759.8,115923.5,35.84813267
XXBTZUSD,60,20250914,090000,115923.5,115967.7,115769.6,115769.8,2.7030047
XXBTZUSD,60,20250914,100000,115769.8,115809.9,115769.8,115809.8,4.09667059
XXBTZUSD,60,20250914,110000,115809.9,115991.9,115809.8,115989,16.33030657
XXBTZUSD,60,20250914,120000,115989,116149.9,115988.9,116097.9,24.27105086
XXBTZUSD,60,20250914,130000,116098,116148,116034,116036.8,8.26547889
XXBTZUSD,60,20250914,140000,116036.8,116111.9,115809.8,115836.5,28.63662169
XXBTZUSD,60,20250914,150000,115836.5,115862.5,115728.7,115779.9,14.64645144
XXBTZUSD,60,20250914,160000,115779.9,115789.8,115300,115357,21.61290309
XXBTZUSD,60,20250914,170000,115357,115764.7,115290,115450,83.2605054
XXBTZUSD,60,20250914,180000,115450.1,115461.7,115281,115281.1,35.46292279
XXBTZUSD,60,20250914,190000,115281.2,115537.5,115238.9,115515,41.57733591
XXBTZUSD,60,20250914,200000,115515.1,115646.4,115515,115625.5,14.84244358
XXBTZUSD,60,20250914,210000,115625.6,115625.6,115420.9,115421,13.67653739
XXBTZUSD,60,20250914,220000,115421,115646.2,115400,115625.5,8.62738415
XXBTZUSD,60,20250914,230000,115625.6,115898,115625.6,115850.1,20.35301566
XXBTZUSD,60,20250915,000000,115850.1,116135.1,115680.6,116066.5,25.20365944
XXBTZUSD,60,20250915,010000,116066.5,116120.1,115904.9,116042.9,26.01906396
XXBTZUSD,60,20250915,020000,116042.9,116042.9,115250,115390.6,40.59309425
XXBTZUSD,60,20250915,030000,115390.6,115390.6,115035.7,115085.9,59.15999147
XXBTZUSD,60,20250915,040000,115086,115282.8,114938.7,115214.8,71.03578984
XXBTZUSD,60,20250915,050000,115214.9,115477.3,115214.9,115409.8,16.91427785
XXBTZUSD,60,20250915,060000,115409.9,115548.9,115409.8,115486,16.23105005
XXBTZUSD,60,20250915,070000,115486.1,116148.1,115482,116084.8,42.38875679
XXBTZUSD,60,20250915,080000,116084.8,116529.8,116084.7,116529.8,58.24864946
XXBTZUSD,60,20250915,090000,116529.8,116700,116089.7,116090,91.97833496
XXBTZUSD,60,20250915,100000,116090,116358.1,115690,115840.3,32.33362493
XXBTZUSD,60,20250915,110000,115840.3,115840.3,114800,114846,56.84964409
XXBTZUSD,60,20250915,120000,114846.1,115150,114714.8,114930.3,59.09109719
XXBTZUSD,60,20250915,130000,114930.3,114930.3,114800,114869,42.79450356
XXBTZUSD,60,20250915,140000,114869,115187.2,114806.3,115075,32.22010994
XXBTZUSD,60,20250915,150000,115075,115075,114755,114755.3,107.03255952
XXBTZUSD,60,20250915,160000,114755.3,115062.1,114450,114675.1,38.99604908
XXBTZUSD,60,20250915,170000,114675.1,115000.1,114483.3,114703.6,32.50101686
XXBTZUSD,60,20250915,180000,114703.6,114922.9,114500,114917.2,50.0533591
XXBTZUSD,60,20250915,190000,114917.3,114924.6,114158.2,114630.2,297.43216371
XXBTZUSD,60,20250915,200000,114630.2,115075,114630.1,115075,57.18470814
XXBTZUSD,60,20250915,210000,115075,115289,114915.8,115288.9,25.28405523
XXBTZUSD,60,20250915,220000,115288.9,115500,115000.9,115283.3,50.0921518
XXBTZUSD,60,20250915,230000,115283.3,115450,115275,115318.2,26.1935997
XXBTZUSD,60,20250916,000000,115318.2,115480,115318.2,115479.9,36.91882395
XXBTZUSD,60,20250916,010000,115480,115558.6,115255,115289.8,19.31619303
XXBTZUSD,60,20250916,020000,115289.9,115510.3,115289.8,115374.9,26.80107109
XXBTZUSD,60,20250916,030000,115375,115375,115003.7,115051.2,36.35476642
XXBTZUSD,60,20250916,040000,115051.2,115462.1,115051.2,115093.7,11.77560905
XXBTZUSD,60,20250916,050000,115093.7,115182.1,115052,115055.7,3.3096172
XXBTZUSD,60,20250916,060000,115055.8,115399.9,115055.7,115399.8,8.09905412
XXBTZUSD,60,20250916,070000,115399.9,115511,115005,115511,28.3065604
XXBTZUSD,60,20250916,080000,115511,115894.9,115492.8,115894.9,30.0966676
XXBTZUSD,60,20250916,090000,115894.9,115975,115654.4,115776.1,23.45108208
XXBTZUSD,60,20250916,100000,115776.1,115893.8,115750.8,115807.4,22.46246284
XXBTZUSD,60,20250916,110000,115807.5,115975,115592.6,115689.4,26.72848296
XXBTZUSD,60,20250916,120000,115689.4,115722.1,115513.7,115513.7,7.87679289
XXBTZUSD,60,20250916,130000,115513.8,115551.2,115400,115400,11.48496507
XXBTZUSD,60,20250916,140000,115400.1,115425.7,115299.8,115349.6,18.05153515
XXBTZUSD,60,20250916,150000,115349.6,115452,115349.4,115448.9,36.29622413
XXBTZUSD,60,20250916,160000,115449,115498.2,114800,115167.5,108.79195209
XXBTZUSD,60,20250916,170000,115167.5,115275,114889.8,115275,36.34799034
XXBTZUSD,60,20250916,180000,115275,115885.6,115055.5,115885.6,116.000068
XXBTZUSD,60,20250916,190000,115885.6,116008.1,115696.4,116008,34.99343299
XXBTZUSD,60,20250916,200000,116008.1,116885.8,116008,116554.8,220.26055881
XXBTZUSD,60,20250916,210000,116554.8,116801.6,116298,116438.8,46.65621317
XXBTZUSD,60,20250916,220000,116438.8,116838.4,116419.4,116813.1,60.59805785
XXBTZUSD,60,20250916,230000,116813.1,116900,116789.4,116899.9,29.34193034
XXBTZUSD,60,20250917,000000,116899.9,116953.4,116650,116881.2,38.15182429
XXBTZUSD,60,20250917,010000,116881.2,116961.3,116746.3,116884.2,63.38639002
XXBTZUSD,60,20250917,020000,116884.2,116920,116687.5,116764.2,22.333324
XXBTZUSD,60,20250917,030000,116764.2,116870.1,116668.9,116669,21.35258247
XXBTZUSD,60,20250917,040000,116669,116763.5,116625,116707.7,19.85368178
XXBTZUSD,60,20250917,050000,116707.8,117080,116689.9,116804.5,59.31264211
XXBTZUSD,60,20250917,060000,116804.6,116804.6,116488.1,116488.2,4.77224449
XXBTZUSD,60,20250917,070000,116488.2,116488.2,116240,116349.1,8.92738688
XXBTZUSD,60,20250917,080000,116349.2,117186.4,116349.2,117186.4,31.31919528
XXBTZUSD,60,20250917,090000,117186.4,117239,117081,117238.9,17.68541624
XXBTZUSD,60,20250917,100000,117239,117291.9,117195.2,117234.4,26.56504567
XXBTZUSD,60,20250917,110000,117234.4,117234.4,116709.1,116900.1,66.88526804
XXBTZUSD,60,20250917,120000,116900.1,116900.1,116589.3,116605.1,27.30584521
XXBTZUSD,60,20250917,130000,116605,116605,116340.6,116351.7,34.40040926
XXBTZUSD,60,20250917,140000,116351.7,116375.1,116299.8,116300.1,36.83450845
XXBTZUSD,60,20250917,150000,116300.1,116488.6,116160.5,116281.6,50.29679685
XXBTZUSD,60,20250917,160000,116281.6,116330.6,116010,116158.8,43.01987575
XXBTZUSD,60,20250917,170000,116158.8,116264.5,115500,115664.2,92.23130069
XXBTZUSD,60,20250917,180000,115664.2,115898.9,115636.5,115898.9,53.96964194
XXBTZUSD,60,20250917,190000,115898.9,115898.9,115475.5,115673.8,73.39198295
XXBTZUSD,60,20250917,200000,115673.8,116321.1,115599.9,115614.2,120.16052431
XXBTZUSD,60,20250917,210000,115614.2,116309.8,114799.9,115247.6,219.22573969
XXBTZUSD,60,20250917,220000,115247.7,115900,115170.3,115675.1,339.66162856
XXBTZUSD,60,20250917,230000,115675.1,116100,115601.1,115645.1,57.65845872
XXBTZUSD,60,20250918,000000,115645.1,116089.1,115435.7,116057,44.89662629
XXBTZUSD,60,20250918,010000,116056.9,116767.5,116056.9,116583.1,95.12803668
XXBTZUSD,60,20250918,020000,116583.1,116959.4,116421,116469,115.59819786
XXBTZUSD,60,20250918,030000,116469.1,116484.1,116201.1,116322,75.29095922
XXBTZUSD,60,20250918,040000,116322,116906.2,116321.9,116724.8,21.8718601
XXBTZUSD,60,20250918,050000,116724.8,116955,116537.5,116955,14.81721347
XXBTZUSD,60,20250918,060000,116955,117900,116955,117600.5,365.28099647
XXBTZUSD,60,20250918,070000,117600.5,117734,117267.6,117562.4,26.11709628
XXBTZUSD,60,20250918,080000,117562.5,117562.5,117212.7,117216,18.50896797
XXBTZUSD,60,20250918,090000,117216.1,117277.2,116987.5,117045.3,52.85698723
XXBTZUSD,60,20250918,100000,117045.3,117226.3,117045.2,117169,23.81432993
XXBTZUSD,60,20250918,110000,117169,117387.1,117060.3,117248.1,32.17258005
XXBTZUSD,60,20250918,120000,117248.1,117300,117190.4,117299.9,18.03746426
XXBTZUSD,60,20250918,130000,117300,117300,117146.4,117149.4,46.48670035
XXBTZUSD,60,20250918,140000,117149.5,117300,117100,117100.1,72.97513955
XXBTZUSD,60,20250918,150000,117100.1,117300,117075,117175.1,23.27433388
XXBTZUSD,60,20250918,160000,117175.1,117644.2,117138.2,117420,97.29146049
XXBTZUSD,60,20250918,170000,117420,117800,117420,117679.3,135.67875014
XXBTZUSD,60,20250918,180000,117679.3,117715,117400,117687.6,29.70441377
XXBTZUSD,60,20250918,190000,117687.6,117800,117580.1,117625,39.46528369
XXBTZUSD,60,20250918,200000,117625.1,117760,117534.8,117560,66.05708056
XXBTZUSD,60,20250918,210000,117560,117920,117560,117880.1,103.25917745
XXBTZUSD,60,20250918,220000,117880.1,117880.1,117305,117501.1,95.42147666
XXBTZUSD,60,20250918,230000,117501.1,117713.3,117411.6,117599.2,51.30533765
XXBTZUSD,60,20250919,000000,117599.3,117599.3,117383.3,117429.5,36.01247877
XXBTZUSD,60,20250919,010000,117429.5,117429.6,117116.7,117172.3,19.30596846
XXBTZUSD,60,20250919,020000,117172.4,117172.4,116681,117135.7,62.81322571
XXBTZUSD,60,20250919,030000,117135.8,117432.7,117134,117432.7,18.26730704
XXBTZUSD,60,20250919,040000,117432.7,117441.2,117177,117281.5,15.37088474
XXBTZUSD,60,20250919,050000,117281.6,117281.6,117134,117176.3,12.78102227
XXBTZUSD,60,20250919,060000,117176.3,117258.9,116953.4,117021.6,16.64084411
XXBTZUSD,60,20250919,070000,117021.6,117078,116800,117026.8,49.13768313
XXBTZUSD,60,20250919,080000,117026.8,117031.8,116872,116946.8,5.81116527
XXBTZUSD,60,20250919,090000,116946.9,116946.9,116752.4,116787.4,60.93048194
XXBTZUSD,60,20250919,100000,116787.5,117001,116749.8,116997.7,24.69314318
XXBTZUSD,60,20250919,110000,116997.8,117057,116939.6,116972.7,18.19221539
XXBTZUSD,60,20250919,120000,116972.8,116972.8,116548.6,116556,38.25816752
XXBTZUSD,60,20250919,130000,116556,116575,116555,116575,44.14461784
XXBTZUSD,60,20250919,140000,116575,116584.2,116369.2,116428.2,29.44934846
XXBTZUSD,60,20250919,150000,116428.2,116500,116195,116195,28.52642976
XXBTZUSD,60,20250919,160000,116195,116456.6,116142.9,116381.1,16.29702898
XXBTZUSD,60,20250919,170000,116381.1,116459,115878,115915.3,30.57530584
XXBTZUSD,60,20250919,180000,115915.4,115988.8,115536.6,115939.1,82.60499317
XXBTZUSD,60,20250919,190000,115939.2,116150.4,115851.1,116150,47.70196441
XXBTZUSD,60,20250919,200000,116150,116150,115650,115650.1,33.87575883
XXBTZUSD,60,20250919,210000,115650.1,115657.8,115420.4,115463.2,41.81508594
XXBTZUSD,60,20250919,220000,115463.1,115503.7,115180.4,115187.3,53.05842375
XXBTZUSD,60,20250919,230000,115187.3,115451.6,115187.2,115359.7,30.71008325
XXBTZUSD,60,20250920,000000,115359.7,115594.4,115359.7,115510.2,11.18996206
XXBTZUSD,60,20250920,010000,115510.1,115698.9,115510.1,115698.9,9.44069073
XXBTZUSD,60,20250920,020000,115698.9,115698.9,115585,115677.2,11.54946869
XXBTZUSD,60,20250920,030000,115677.2,115700,115660.1,115700,5.9374425
XXBTZUSD,60,20250920,040000,115700,115747.7,115699.9,115739.4,4.61201367
XXBTZUSD,60,20250920,050000,115739.3,115739.4,115538.4,115561.3,3.0019247
XXBTZUSD,60,20250920,060000,115561.3,115590,115549.8,115549.9,4.5793911
XXBTZUSD,60,20250920,070000,115549.9,115613.2,115511,115613.1,1.99790982
XXBTZUSD,60,20250920,080000,115613.2,115773.9,115613.1,115773.8,2.20205578
XXBTZUSD,60,20250920,090000,115773.9,115773.9,115737,115772,1.72219264
XXBTZUSD,60,20250920,100000,115772.1,116000,115772,115999.9,5.79561156
XXBTZUSD,60,20250920,110000,116000,116011.1,115781.9,115782,8.99474676
XXBTZUSD,60,20250920,120000,115782,115846.8,115713.9,115725,31.85544463
XXBTZUSD,60,20250920,130000,115725,115820.8,115724.9,115788.4,7.19807086
XXBTZUSD,60,20250920,140000,115788.4,115966.2,115788.3,115936.2,9.15727826
XXBTZUSD,60,20250920,150000,115936.2,115967.7,115870,115921,2.80818203
XXBTZUSD,60,20250920,160000,115921.1,115973.6,115921,115973.5,2.36819274
XXBTZUSD,60,20250920,170000,115973.5,116091,115932.1,116085.9,10.32633319
XXBTZUSD,60,20250920,180000,116086,116176.8,116034.1,116034.2,29.91365519
XXBTZUSD,60,20250920,190000,116034.2,116108.8,115928.7,116081.8,15.64285869
XXBTZUSD,60,20250920,200000,116081.8,116100.1,115873.6,115873.7,7.99935828
XXBTZUSD,60,20250920,210000,115873.7,115873.7,115777,115788,16.30602223
XXBTZUSD,60,20250920,220000,115788,115842.1,115777.5,115777.6,3.37810849
XXBTZUSD,60,20250920,230000,115777.6,115827.7,115754.2,115827.6,3.88214227
XXBTZUSD,60,20250921,000000,115827.7,115998.7,115827.6,115871.8,5.59771585
XXBTZUSD,60,20250921,010000,115871.7,115871.8,115794.1,115844.2,8.69232331
XXBTZUSD,60,20250921,020000,115844.2,115844.2,115705.8,115739.1,4.54342492
XXBTZUSD,60,20250921,030000,115739.1,115748.9,115641.8,115720,3.42478455
XXBTZUSD,60,20250921,040000,115720,115720,115622.2,115622.2,6.87165391
XXBTZUSD,60,20250921,050000,115622.3,115720,115590.2,115720,15.04171422
XXBTZUSD,60,20250921,060000,115720,115720,115677.1,115712.6,11.69150782
XXBTZUSD,60,20250921,070000,115712.6,115712.6,115569.7,115569.9,11.90295486
XXBTZUSD,60,20250921,080000,115569.9,115675,115569.8,115675,6.03295661
XXBTZUSD,60,20250921,090000,115675,115853,115675,115825.8,11.44277228
XXBTZUSD,60,20250921,100000,115825.8,115850,115711.9,115849.9,6.64787046
XXBTZUSD,60,20250921,110000,115850,115874.6,115662.5,115662.5,4.81858434
XXBTZUSD,60,20250921,120000,115662.6,115700,115451.1,115700,12.09637234
XXBTZUSD,60,20250921,130000,115700.1,115756.9,115566.4,115590,3.08275957
XXBTZUSD,60,20250921,140000,115590,115743.9,115580.4,115662.9,23.39749446
XXBTZUSD,60,20250921,150000,115662.9,115783.8,115662.8,115783.7,2.73091114
XXBTZUSD,60,20250921,160000,115783.8,115783.8,115700,115700.3,2.30748761
XXBTZUSD,60,20250921,170000,115700.3,115725,115615,115615.1,46.55612127
XXBTZUSD,60,20250921,180000,115615.1,115660,115555.2,115600,20.12590037
XXBTZUSD,60,20250921,190000,115600.1,115600.1,115305.1,115375.9,36.31558619
XXBTZUSD,60,20250921,200000,115375.9,115600.1,115359.1,115600.1,3.82788105
XXBTZUSD,60,20250921,210000,115600.1,115679.6,115579.6,115593.1,3.71336443
XXBTZUSD,60,20250921,220000,115593.1,115593.1,115454.7,115518.2,33.9033681
XXBTZUSD,60,20250921,230000,115518.2,115555.4,115437.4,115437.4,4.54889615
XXBTZUSD,60,20250922,000000,115436.6,115475.8,115320.5,115411.8,8.49695909
XXBTZUSD,60,20250922,010000,115411.7,115569.4,115259.4,115541,53.5702339
XXBTZUSD,60,20250922,020000,115541,115541,115286,115298.9,5.82284076
XXBTZUSD,60,20250922,030000,115299,115410,114400,114543.7,229.75209079
XXBTZUSD,60,20250922,040000,114543.7,114798.9,114326.6,114332.8,66.31897917
XXBTZUSD,60,20250922,050000,114332.8,114609.3,114237.5,114315.8,66.59622685
XXBTZUSD,60,20250922,060000,114315.8,114688,114300,114683.1,30.04554215
XXBTZUSD,60,20250922,070000,114683.1,114695.6,114459.6,114475.5,9.80145772
XXBTZUSD,60,20250922,080000,114475.5,114588.2,113700,113770,53.56209984
XXBTZUSD,60,20250922,090000,113777.1,113777.1,111730.3,112906.7,390.73654911
XXBTZUSD,60,20250922,100000,112904.6,113054.5,112600,112600,45.12729578
XXBTZUSD,60,20250922,110000,112600.1,112799.4,112600,112780,30.38128163
XXBTZUSD,60,20250922,120000,112780,112780,112268,112400,57.57627706
XXBTZUSD,60,20250922,130000,112400,112912,112399.9,112912,23.66019138
XXBTZUSD,60,20250922,140000,112912,113003.1,112770,112957.1,156.29154412
XXBTZUSD,60,20250922,150000,112957.1,112957.1,112601.6,112825.1,53.19661094
XXBTZUSD,60,20250922,160000,112825.1,113190,112525,113189.9,96.82827581
XXBTZUSD,60,20250922,170000,113190,113470,112912.5,113040.1,79.96666446
XXBTZUSD,60,20250922,180000,113040.2,113040.2,112654.5,112925,37.96708618
XXBTZUSD,60,20250922,190000,112925,112939.4,112701.2,112701.3,45.06741386
XXBTZUSD,60,20250922,200000,112701.3,112701.3,112368.7,112450.1,55.93524156
XXBTZUSD,60,20250922,210000,112450.1,112898.5,112449.9,112527.3,43.41363219
XXBTZUSD,60,20250922,220000,112527.3,112634.6,112050,112183.1,97.19047064
XXBTZUSD,60,20250922,230000,112183.1,112940.3,112081.4,112836.6,53.69908258
XXBTZUSD,60,20250923,000000,112836.6,113000,112686.9,113000,54.47052829
XXBTZUSD,60,20250923,010000,112999.9,113000,112687.5,112735.7,26.0539226
XXBTZUSD,60,20250923,020000,112735.7,112817.1,112695.5,112747.8,8.87919236
XXBTZUSD,60,20250923,030000,112747.8,112875.2,112510.3,112510.3,9.75314079
XXBTZUSD,60,20250923,040000,112510.4,112567.2,112249.7,112249.8,53.67292699
XXBTZUSD,60,20250923,050000,112249.8,112561.5,111800,111951,102.01522908
XXBTZUSD,60,20250923,060000,111951,112475.1,111561.8,112389.1,62.09939029
XXBTZUSD,60,20250923,070000,112389.1,112500,112000,112500,25.14197098
XXBTZUSD,60,20250923,080000,112500,112918.8,112500,112741.7,92.31451593
XXBTZUSD,60,20250923,090000,112741.7,113096.9,112741.6,113056,26.5445135
XXBTZUSD,60,20250923,100000,113056,113115.9,113000,113091.1,27.79110793
XXBTZUSD,60,20250923,110000,113091.1,113198,113040,113174.9,51.14720172
XXBTZUSD,60,20250923,120000,113175,113318.9,112943.4,112979.4,37.53901515
XXBTZUSD,60,20250923,130000,112979.4,113039.6,112914.2,113032.9,29.4288162
XXBTZUSD,60,20250923,140000,113032.9,113146.3,112801.1,113040.2,24.046564
XXBTZUSD,60,20250923,150000,113040.2,113091.7,112891.9,113000,33.40700354
XXBTZUSD,60,20250923,160000,113000,113040.2,112814,113000,15.31992037
XXBTZUSD,60,20250923,170000,113000,113309.5,112655.1,112750.1,35.66146787
XXBTZUSD,60,20250923,180000,112750.1,113098.9,112543.1,112899.7,34.45937506
XXBTZUSD,60,20250923,190000,112899.7,112995,112565.1,112870.8,38.35853836
XXBTZUSD,60,20250923,200000,112870.9,112870.9,111968.4,111968.9,72.99362825
XXBTZUSD,60,20250923,210000,111968.9,112226.6,111700.2,111812.5,116.74622566
XXBTZUSD,60,20250923,220000,111812.5,111974.2,111586,111678.7,148.73383781
XXBTZUSD,60,20250923,230000,111678.8,112000,111557,111999.9,54.21361829
XXBTZUSD,60,20250924,000000,112000,112203.1,111938.1,112170.8,62.27999539
XXBTZUSD,60,20250924,010000,112170.7,112219.3,112028.3,112169.5,29.30757268
XXBTZUSD,60,20250924,020000,112169.6,112179.9,111921.8,112001.5,38.40217092
XXBTZUSD,60,20250924,030000,112001.5,112333,111909,112229.6,58.90735032
XXBTZUSD,60,20250924,040000,112229.6,112499.9,112229.5,112429.9,34.45949277
XXBTZUSD,60,20250924,050000,112429.9,112500,111941.4,112151.9,78.19929533
XXBTZUSD,60,20250924,060000,112151.9,112221.8,111728.9,111787.5,40.57921134
XXBTZUSD,60,20250924,070000,111787.6,112345.6,111111,112196.2,63.07870703
XXBTZUSD,60,20250924,080000,112196.3,112656.1,112196.2,112655.6,27.36439268
XXBTZUSD,60,20250924,090000,112655.7,112785.1,112576.1,112625.1,13.98322182
XXBTZUSD,60,20250924,100000,112625.1,112697.3,112484.6,112577.6,37.53140309
XXBTZUSD,60,20250924,110000,112577.6,112600,112446.7,112599.9,124.10701687
XXBTZUSD,60,20250924,120000,112600,112800,112537.5,112737.6,5.45478333
XXBTZUSD,60,20250924,130000,112737.6,112940.3,112736.1,112940.3,14.88868003
XXBTZUSD,60,20250924,140000,112940.3,113196.9,112924.4,113036.2,43.8357398
XXBTZUSD,60,20250924,150000,113036.2,113099.9,112956.4,113083.2,56.28691929
XXBTZUSD,60,20250924,160000,113083.2,113190.9,112844.6,112844.7,64.09598495
XXBTZUSD,60,20250924,170000,112844.8,113939.6,112844.7,113784.6,163.04018255
XXBTZUSD,60,20250924,180000,113784.6,113931.5,113335,113381.8,110.62704316
XXBTZUSD,60,20250924,190000,113381.8,113700,113238.8,113700,29.90632232
XXBTZUSD,60,20250924,200000,113700,113954.3,113699.9,113831.4,59.27997891
XXBTZUSD,60,20250924,210000,113831.5,113831.5,113563.7,113680,43.36670248
XXBTZUSD,60,20250924,220000,113680,113710.5,113348.5,113501.2,47.56490531
XXBTZUSD,60,20250924,230000,113501.2,113600.1,113478.4,113600.1,28.74086584
XXBTZUSD,60,20250925,000000,113600.1,113600.1,113318.6,113319.3,17.81437127
XXBTZUSD,60,20250925,010000,113319.2,113610.1,113312.6,113315.7,14.32102095
XXBTZUSD,60,20250925,020000,113315.7,113468.9,113266,113300,7.1535843
XXBTZUSD,60,20250925,030000,113300,113500,113070.7,113073.8,25.19071781
XXBTZUSD,60,20250925,040000,113073.8,113314.1,112522,112672,80.6542412
XXBTZUSD,60,20250925,050000,112685.7,113115.3,112536.7,112937.4,8.43730093
XXBTZUSD,60,20250925,060000,112937.4,112937.4,112279.8,112575,48.99620615
XXBTZUSD,60,20250925,070000,112575.1,112590.5,111620.3,111750.1,120.38767458
XXBTZUSD,60,20250925,080000,111750.1,111987.5,111657.9,111762.4,29.49808101
XXBTZUSD,60,20250925,090000,111762.4,111862.3,111555,111555.1,50.47051606
XXBTZUSD,60,20250925,100000,111555.2,111900,111510.9,111812.1,26.21358756
XXBTZUSD,60,20250925,110000,111812.1,112061.4,111760,111775,22.78091248
XXBTZUSD,60,20250925,120000,111775,112183.9,111612.5,111612.6,20.64005556
XXBTZUSD,60,20250925,130000,111612.6,111879.2,111612.5,111667.1,9.81165443
XXBTZUSD,60,20250925,140000,111667.1,111741.1,111300.8,111318.1,70.46294446
XXBTZUSD,60,20250925,150000,111318.1,111673.4,111127,111158,93.80742061
XXBTZUSD,60,20250925,160000,111158,111697.8,110658.1,110991,229.13037253
XXBTZUSD,60,20250925,170000,110991.1,111703.7,110991.1,111605.9,88.59256076
XXBTZUSD,60,20250925,180000,111605.9,111612.6,110937.7,111600,74.88870956
XXBTZUSD,60,20250925,190000,111600,111639.4,111000,111000,98.13927276
XXBTZUSD,60,20250925,200000,111000,111000.9,108730.4,108849.5,463.00324333
XXBTZUSD,60,20250925,210000,108849.5,109823.2,108680.5,109823.2,206.3508673
XXBTZUSD,60,20250925,220000,109823.2,109953.9,109353.1,109365.4,69.03939637
XXBTZUSD,60,20250925,230000,109365.5,109492.9,109100,109192.7,103.92908264
XXBTZUSD,60,20250926,000000,109194.6,109650,109123.3,109483.6,61.01823911
XXBTZUSD,60,20250926,010000,109483.5,109585,109343.1,109450.1,15.23833547
XXBTZUSD,60,20250926,020000,109450.1,109723.6,108888.8,109049.8,77.6099687
XXBTZUSD,60,20250926,030000,109049.8,109550,108888.8,109549.9,32.98019123
XXBTZUSD,60,20250926,040000,109550,109763.9,109375,109729.7,132.63257938
XXBTZUSD,60,20250926,050000,109729.7,109836.1,109589.2,109659.4,58.95408391
XXBTZUSD,60,20250926,060000,109659.4,109663.9,109350.1,109624.9,15.21345151
XXBTZUSD,60,20250926,070000,109625,109654.2,109265.9,109405.2,22.24284434
XXBTZUSD,60,20250926,080000,109405.3,109625.1,109159.4,109313.4,32.65306796
XXBTZUSD,60,20250926,090000,109313.4,109608.7,109130.2,109400.1,13.4798369
XXBTZUSD,60,20250926,100000,109400.1,109608.7,109042.2,109370.1,24.918979
XXBTZUSD,60,20250926,110000,109375.1,109668.5,109375.1,109632.2,26.08753354
XXBTZUSD,60,20250926,120000,109632.2,109766.6,109499.9,109600.1,31.14760393
XXBTZUSD,60,20250926,130000,109600.1,109600.1,108790.2,108950.1,97.29070931
XXBTZUSD,60,20250926,140000,108950.1,109198.5,108677.5,109198.5,139.3737019
XXBTZUSD,60,20250926,150000,109198.5,109599.9,108862.5,109475,70.30142686
XXBTZUSD,60,20250926,160000,109475,109799,109100,109764.9,74.12524068
XXBTZUSD,60,20250926,170000,109764.9,109817.6,108857.2,108876.8,286.66199581
XXBTZUSD,60,20250926,180000,108876.8,109371,108868.7,109113.1,22.3525418
XXBTZUSD,60,20250926,190000,109113.1,109656,109113,109500,72.30040059
XXBTZUSD,60,20250926,200000,109500,110036.8,109499.9,109897,132.36106833
XXBTZUSD,60,20250926,210000,109897,110354.8,109787.7,109800.1,64.39207606
XXBTZUSD,60,20250926,220000,109800,109800.1,109092.5,109230.9,45.93386101
XXBTZUSD,60,20250926,230000,109230.9,109375,109200,109375,17.22477119
XXBTZUSD,60,20250927,000000,109375,109515,109275.1,109495,18.56569318
XXBTZUSD,60,20250927,010000,109495,109637.1,109414.1,109594.5,16.24776792
XXBTZUSD,60,20250927,020000,109594.5,109712.4,109494.3,109706.3,6.2788608
XXBTZUSD,60,20250927,030000,109706.4,109706.4,109533.7,109680,9.42465202
XXBTZUSD,60,20250927,040000,109680,109681,109450,109450.1,5.49589787
XXBTZUSD,60,20250927,050000,109450.1,109528.9,109403,109475.1,2.7165603
XXBTZUSD,60,20250927,060000,109475.1,109760.5,109475,109586.6,4.25942565
XXBTZUSD,60,20250927,070000,109586.7,109760.4,109586.6,109706.8,4.30173985
XXBTZUSD,60,20250927,080000,109706.8,109706.8,109675.5,109691.8,10.56205819
XXBTZUSD,60,20250927,090000,109691.8,109691.8,109600.1,109600.2,1.68806465
XXBTZUSD,60,20250927,100000,109600.2,109613.2,109402.7,109405,5.490627
XXBTZUSD,60,20250927,110000,109405,109405,109350,109350.1,3.80613559
XXBTZUSD,60,20250927,120000,109350.1,109384.2,109177.6,109347.9,5.72550354
XXBTZUSD,60,20250927,130000,109348,109500,109338.5,109485.9,6.77893368
XXBTZUSD,60,20250927,140000,109485.9,109485.9,109331.5,109344.1,9.59891412
XXBTZUSD,60,20250927,150000,109344.1,109496.7,109290.4,109453.8,1.9791661
XXBTZUSD,60,20250927,160000,109453.8,109453.8,109373.9,109383.2,10.24766998
XXBTZUSD,60,20250927,170000,109383.2,109383.2,109312.7,109329.5,6.86128947
XXBTZUSD,60,20250927,180000,109329.6,109430.8,109264,109400,5.4324232
XXBTZUSD,60,20250927,190000,109400.1,109421.6,109373.9,109410.6,7.94505649
XXBTZUSD,60,20250927,200000,109410.6,109410.6,109300,109389,5.26488536
XXBTZUSD,60,20250927,210000,109389,109458.4,109388.9,109453.6,26.80650436
XXBTZUSD,60,20250927,220000,109453.6,109469,109453.5,109468.9,33.81013754
XXBTZUSD,60,20250927,230000,109469,109469,109411.5,109437.7,14.35893228
XXBTZUSD,60,20250928,000000,109437.7,109506.7,109437.6,109488.9,7.03773261
XXBTZUSD,60,20250928,010000,109489,109730.2,109488.9,109641.7,15.7005023
XXBTZUSD,60,20250928,020000,109641.7,109720.5,109510.9,109720.5,4.88497564
XXBTZUSD,60,20250928,030000,109720.5,109809.9,109631.2,109674.7,6.19145869
XXBTZUSD,60,20250928,040000,109674.8,109693.6,109401,109417.9,5.8783332
XXBTZUSD,60,20250928,050000,109417.9,109558.3,109411.8,109500,4.08940133
XXBTZUSD,60,20250928,060000,109500.1,109540,109468.2,109472.9,2.17137305
XXBTZUSD,60,20250928,070000,109472.9,109472.9,109406.1,109411.4,2.61378094
XXBTZUSD,60,20250928,080000,109411.4,109411.4,109388.9,109390.4,3.7854657
XXBTZUSD,60,20250928,090000,109390.4,109437.6,109325.8,109437.5,2.22906757
XXBTZUSD,60,20250928,100000,109437.6,109500.1,109437.5,109500.1,17.05311628
XXBTZUSD,60,20250928,110000,109500.1,109571.9,109500,109554.3,4.64201584
XXBTZUSD,60,20250928,120000,109554.3,109581.3,109436,109515.8,5.86202207
XXBTZUSD,60,20250928,130000,109515.8,109539.6,109381.7,109390.7,26.34452752
XXBTZUSD,60,20250928,140000,109390.7,109390.7,109225.4,109390.4,44.84615149
XXBTZUSD,60,20250928,150000,109390.4,109458.5,109227.5,109299.6,8.44886927
XXBTZUSD,60,20250928,160000,109299.6,109671.9,109299.5,109671.9,4.42563074
XXBTZUSD,60,20250928,170000,109671.9,109872,109597,109871.9,20.34160487
XXBTZUSD,60,20250928,180000,109872,110011.1,109726.7,110011.1,17.03515646
XXBTZUSD,60,20250928,190000,110011.1,110362.4,110011,110234.1,137.23444287
XXBTZUSD,60,20250928,200000,110234.2,110369.3,110200,110250,18.12092741
XXBTZUSD,60,20250928,210000,110250.1,110250.1,110102.9,110225,15.19153498
XXBTZUSD,60,20250928,220000,110225,110397.2,110144.4,110353.2,10.16139004
XXBTZUSD,60,20250928,230000,110354.4,110949.2,110354.3,110866.4,112.39415835
XXBTZUSD,60,20250929,000000,110846,110902.1,110675.1,110767,16.56504521
XXBTZUSD,60,20250929,010000,110767,112026,110767,111948.9,94.57851898
XXBTZUSD,60,20250929,020000,111948.8,112367.8,111948.8,112127.8,29.07761684
XXBTZUSD,60,20250929,030000,112127.8,112279.8,112032.5,112258.6,30.73588994
XXBTZUSD,60,20250929,040000,112258.6,112278.5,111769.9,111865.1,33.47019361
XXBTZUSD,60,20250929,050000,111865.2,111975.7,111666,111700,28.00831251
XXBTZUSD,60,20250929,060000,111700.1,111862.5,111646.8,111862.5,7.61221499
XXBTZUSD,60,20250929,070000,111862.5,111875.1,111835,111854.9,31.92895883
XXBTZUSD,60,20250929,080000,111854.9,111854.9,111646.8,111729.5,17.68050962
XXBTZUSD,60,20250929,090000,111729.6,111860.1,111687.2,111687.2,30.82155012
XXBTZUSD,60,20250929,100000,111687.3,111863.7,111628,111863.6,36.92732155
XXBTZUSD,60,20250929,110000,111863.6,112384.9,111863.5,112114.9,69.72048141
XXBTZUSD,60,20250929,120000,112114.9,112162.6,112056.1,112081.5,45.62807472
XXBTZUSD,60,20250929,130000,112081.5,112200,112081.4,112169.1,38.69245584
XXBTZUSD,60,20250929,140000,112169.1,112169.1,111975.7,112093.4,17.68659207
XXBTZUSD,60,20250929,150000,112093.4,112453.5,111968.7,112049.9,38.2877582
XXBTZUSD,60,20250929,160000,112049.9,113488.7,111969.9,113276.3,68.72018666
XXBTZUSD,60,20250929,170000,113276.3,114258.9,113276.2,114098.8,157.97710354
XXBTZUSD,60,20250929,180000,114098.9,114178.4,113768,113844,68.80499394
XXBTZUSD,60,20250929,190000,113844.1,114093.8,113665.4,113665.4,51.73689352
XXBTZUSD,60,20250929,200000,113665.5,114194,113511,114113.7,59.65738674
XXBTZUSD,60,20250929,210000,114113.7,114150,113952.5,114084.3,45.82118635
XXBTZUSD,60,20250929,220000,114084.3,114398.9,113961,114358.3,34.52917468
XXBTZUSD,60,20250929,230000,114358.4,114413.4,114187.4,114312.5,29.33909691
XXBTZUSD,60,20250930,000000,114312.6,114387.9,114137.5,114275.7,16.08945332
XXBTZUSD,60,20250930,010000,114250.9,114250.9,114081,114167.7,15.51394952
XXBTZUSD,60,20250930,020000,114167.8,114365.3,114167.7,114365.2,18.15288214
XXBTZUSD,60,20250930,030000,114365.3,114798,114167.7,114634.7,54.97372233
XXBTZUSD,60,20250930,040000,114634.7,114771,114397.2,114480,22.19203349
XXBTZUSD,60,20250930,050000,114480,114584.3,114449.8,114483.7,57.4059988
XXBTZUSD,60,20250930,060000,114483.7,114501,114386.6,114430.6,16.39220484
XXBTZUSD,60,20250930,070000,114430.7,114430.7,114155.7,114155.7,3.9811631
XXBTZUSD,60,20250930,080000,114155.7,114201.2,113920,113920.1,23.17729638
XXBTZUSD,60,20250930,090000,113920.1,114062.6,113900,113963.1,37.87604257
XXBTZUSD,60,20250930,100000,113963.2,113974.8,113644.4,113780,93.0786369
XXBTZUSD,60,20250930,110000,113780,113780,113434.3,113547.1,18.55159995
XXBTZUSD,60,20250930,120000,113547.2,113547.2,112811.3,112811.3,103.59830783
XXBTZUSD,60,20250930,130000,112811.4,113092.2,112764.3,113025.1,55.93962023
XXBTZUSD,60,20250930,140000,113025.1,113105.2,112854.2,113105.2,93.79695376
XXBTZUSD,60,20250930,150000,113105.2,113295.2,113038.7,113056.6,25.38245335
XXBTZUSD,60,20250930,160000,113056.7,113703.1,112979.8,113436.8,34.35333324
XXBTZUSD,60,20250930,170000,113436.8,113666,113012.5,113664.7,35.2406754
XXBTZUSD,60,20250930,180000,113664.7,113664.7,113010,113137.3,68.31464263
XXBTZUSD,60,20250930,190000,113137.4,113251.9,112806.2,112884.4,59.70897621
XXBTZUSD,60,20250930,200000,112884.4,113500,112867.2,113302,53.19545918
XXBTZUSD,60,20250930,210000,113302,113704.8,113262.5,113704.7,43.99540398
XXBTZUSD,60,20250930,220000,113704.8,114500,113704.8,114430,118.03184232
XXBTZUSD,60,20250930,230000,114430,114736.4,114142.9,114625.9,31.29167069
XXBTZUSD,60,20251001,000000,114626,114745,114215.5,114215.5,52.92210493
XXBTZUSD,60,20251001,010000,114215.5,114350.1,113950,113963.4,19.17440788
XXBTZUSD,60,20251001,020000,113963.5,113995,113837.4,113995,12.07584439
XXBTZUSD,60,20251001,030000,113995,114271,113971.1,114232.5,42.41635512
XXBTZUSD,60,20251001,040000,114232.5,114558.4,114212.5,114558.4,25.91683409
XXBTZUSD,60,20251001,050000,114560.5,114560.5,114299.7,114299.7,28.59857598
XXBTZUSD,60,20251001,060000,114299.7,114535.9,114148.6,114225.1,12.19844416
XXBTZUSD,60,20251001,070000,114225.1,114650,114164.7,114301.6,27.68617704
XXBTZUSD,60,20251001,080000,114301.7,114674.6,114301.6,114603.5,10.90204217
XXBTZUSD,60,20251001,090000,114603.5,114603.5,114269,114269.1,23.91115455
XXBTZUSD,60,20251001,100000,114269.1,114584.5,114269.1,114584.5,14.50117878
XXBTZUSD,60,20251001,110000,114584.5,116590.2,114584.3,116112.6,120.35384229
XXBTZUSD,60,20251001,120000,116112.6,116520,116050,116447.2,86.23494256
XXBTZUSD,60,20251001,130000,116447.3,116500,116280,116283.1,70.68385252
XXBTZUSD,60,20251001,140000,116283.1,116774.1,116283,116774.1,71.57106965
XXBTZUSD,60,20251001,150000,116774.1,116883.8,116408.1,116445.2,105.50048599
XXBTZUSD,60,20251001,160000,116445.3,116800,116445.2,116800,92.64197852
XXBTZUSD,60,20251001,170000,116800,117450,116800,117374.6,75.59404101
XXBTZUSD,60,20251001,180000,117374.7,117636,117198.1,117473,81.81128433
XXBTZUSD,60,20251001,190000,117473.1,118200,117449.9,117634.1,137.17972157
XXBTZUSD,60,20251001,200000,117634.2,117733.9,116808.3,116823.4,143.24619682
XXBTZUSD,60,20251001,210000,116822.2,117393,116822.1,117284.9,94.91293952
XXBTZUSD,60,20251001,220000,117285,117618,117284.9,117473.4,54.68999617
XXBTZUSD,60,20251001,230000,117473.4,117584.7,117214.8,117576.9,30.64118422
XXBTZUSD,60,20251002,000000,117576.9,117638.1,117415.4,117550,19.86817587
XXBTZUSD,60,20251002,010000,117550,118137.5,117549.9,117803.3,40.68295662
XXBTZUSD,60,20251002,020000,117803.3,118708.6,117792.7,118599.9,118.64834537
XXBTZUSD,60,20251002,030000,118600,119453.7,118486.4,118486.5,388.46024715
XXBTZUSD,60,20251002,040000,118486.5,118903.3,118430.2,118736,45.75023392
XXBTZUSD,60,20251002,050000,118736,118799.3,118572.8,118799.2,29.03764971
XXBTZUSD,60,20251002,060000,118798.7,119065.8,118776.7,118776.8,39.43570221
XXBTZUSD,60,20251002,070000,118776.8,118950.3,118537.8,118674.9,60.57538683
XXBTZUSD,60,20251002,080000,118675,118700,118344.4,118374.9,33.56552338
XXBTZUSD,60,20251002,090000,118375,118699.3,118374.9,118699.3,72.09620622
XXBTZUSD,60,20251002,100000,118699.3,118700,118552.5,118552.6,11.93858929
XXBTZUSD,60,20251002,110000,118552.6,118687.5,118440.4,118687.5,28.94624233
XXBTZUSD,60,20251002,120000,118687.5,118847.7,118643.9,118847.6,9.1050113
XXBTZUSD,60,20251002,130000,118847.5,118900,118700,118700,21.92562333
XXBTZUSD,60,20251002,140000,118700.1,118940.6,118670.1,118800.1,48.31925155
XXBTZUSD,60,20251002,150000,118800.1,119400,118800.1,119400,73.14803238
XXBTZUSD,60,20251002,160000,119400,119800,118994.9,119725.1,130.05972372
XXBTZUSD,60,20251002,170000,119725.1,119801,118806.5,118874.1,111.86405083
XXBTZUSD,60,20251002,180000,118874.2,119950,118650,119950,55.39082589
XXBTZUSD,60,20251002,190000,119950,120300,119688.6,119769.1,155.40284291
XXBTZUSD,60,20251002,200000,119769.1,119999,119478.5,119998.9,68.21500003
XXBTZUSD,60,20251002,210000,119999,120668.8,119998.9,120623.6,81.03183923
XXBTZUSD,60,20251002,220000,120623.6,121008.9,120550.7,120900,246.36981737
XXBTZUSD,60,20251002,230000,120900,120974.2,120402.3,120674.5,101.72505538
XXBTZUSD,60,20251003,000000,120674.5,120790,120255.1,120263.6,54.24965561
XXBTZUSD,60,20251003,010000,120263.6,120489.4,120168.6,120319.1,13.18932468
XXBTZUSD,60,20251003,020000,120319.2,120700,120319.1,120649.9,49.82619556
XXBTZUSD,60,20251003,030000,120650,120650,120217.6,120217.9,38.03086181
XXBTZUSD,60,20251003,040000,120217.9,120383.2,119937.3,119968.8,26.55939837
XXBTZUSD,60,20251003,050000,119968.8,120349.2,119959,120268.1,63.20664617
XXBTZUSD,60,20251003,060000,120268.2,120480.6,120268.1,120322.6,39.63140248
XXBTZUSD,60,20251003,070000,120322.6,120391.6,120124.7,120150,15.01902385
XXBTZUSD,60,20251003,080000,120150.1,120150.1,119839.4,120000.3,18.66749635
XXBTZUSD,60,20251003,090000,120000.3,120124.9,119879.3,119942.7,10.14515071
XXBTZUSD,60,20251003,100000,119942.7,120032.9,119740.2,119746.2,51.16935277
XXBTZUSD,60,20251003,110000,119746.3,120076.2,119350,120076.2,96.24526112
XXBTZUSD,60,20251003,120000,120076.2,120385.1,120076.2,120362.4,74.66489445
XXBTZUSD,60,20251003,130000,120362.4,120558.5,120362.4,120533.4,35.45080391
XXBTZUSD,60,20251003,140000,120533.4,120533.4,120214.2,120448.6,37.7733947
XXBTZUSD,60,20251003,150000,120448.6,120469.1,120218.1,120449.6,47.21734225
XXBTZUSD,60,20251003,160000,120449.6,120712.8,120264.7,120500.1,77.64057584
XXBTZUSD,60,20251003,170000,120500.1,121020.9,119999.9,120990,65.99698352
XXBTZUSD,60,20251003,180000,120990,122400,120772.8,122362.9,268.85465992
XXBTZUSD,60,20251003,190000,122362.9,123930.9,122362.9,122619.8,372.49127485
XXBTZUSD,60,20251003,200000,122617.4,123500,121765.2,122175.1,309.11638405
XXBTZUSD,60,20251003,210000,122175.1,122748.1,121574.2,122599.9,53.17112642
XXBTZUSD,60,20251003,220000,122600,123007.5,122462.7,122756.3,150.72208181
XXBTZUSD,60,20251003,230000,122756.3,122800,122118,122550,98.58646754
XXBTZUSD,60,20251004,000000,122550.1,122550.1,122087.2,122444,21.80102416
XXBTZUSD,60,20251004,010000,122444,122733,122443.9,122516.4,18.8415485
XXBTZUSD,60,20251004,020000,122516.5,122529.8,122254.7,122259.5,16.00353667
XXBTZUSD,60,20251004,030000,122259.5,122336.4,122100,122162.2,17.91446169
XXBTZUSD,60,20251004,040000,122162.2,122162.2,121787.2,121911.5,36.17858707
XXBTZUSD,60,20251004,050000,121911.5,122118.1,121782.7,121906.6,16.27242094
XXBTZUSD,60,20251004,060000,121906.7,122331.5,121906.7,122318.9,16.86303158
XXBTZUSD,60,20251004,070000,122320,122608.7,122319.9,122562.1,71.58512434
XXBTZUSD,60,20251004,080000,122562.1,122843.7,122529.3,122572.7,40.39132544
XXBTZUSD,60,20251004,090000,122572.8,122662.4,122500,122583.2,5.1454688
XXBTZUSD,60,20251004,100000,122583.2,122583.2,122336.5,122336.6,5.76998901
XXBTZUSD,60,20251004,110000,122336.6,122599.8,122336.5,122362.5,11.21626426
XXBTZUSD,60,20251004,120000,122362.5,122506.5,122336.5,122336.5,10.96809865
XXBTZUSD,60,20251004,130000,122336.6,122368.2,122168,122168.1,39.80955138
XXBTZUSD,60,20251004,140000,122168.1,122264.3,122037.6,122055.1,16.98880395
XXBTZUSD,60,20251004,150000,122055.1,122143,122018.7,122071.8,7.14572095
XXBTZUSD,60,20251004,160000,122071.5,122522.5,122071.4,122495.1,39.14151999
XXBTZUSD,60,20251004,170000,122495.1,122497,122065.9,122066,19.98845752
XXBTZUSD,60,20251004,180000,122066,122116.3,121793.2,121805,34.84186388
XXBTZUSD,60,20251004,190000,121805.1,121957.6,121678.5,121751.2,47.04488448
XXBTZUSD,60,20251004,200000,121762.5,121972.5,121762.4,121777.5,19.77333578
XXBTZUSD,60,20251004,210000,121777.5,121884.9,121620,121620,25.18529942
XXBTZUSD,60,20251004,220000,121620.1,121989.1,121620,121944.3,23.68421009
XXBTZUSD,60,20251004,230000,121944.3,122111,121944.3,122025,10.31860095
XXBTZUSD,60,20251005,000000,122025,122375.1,121999,122239.4,46.05462114
XXBTZUSD,60,20251005,010000,122239.4,122396.5,122229.9,122362.6,44.54068062
XXBTZUSD,60,20251005,020000,122362.6,122426.4,122252.9,122426.4,34.24679013
XXBTZUSD,60,20251005,030000,122426.4,122455.1,122250,122250,5.50098113
XXBTZUSD,60,20251005,040000,122250.1,122438.4,122250,122438.3,11.49398579
XXBTZUSD,60,20251005,050000,122438.3,124321,122437.2,124102.5,266.14829471
XXBTZUSD,60,20251005,060000,124102.5,124165,123377.8,123812.6,85.52724285
XXBTZUSD,60,20251005,070000,123812.6,125670,123812.5,125187.9,273.47924588
XXBTZUSD,60,20251005,080000,125187.9,125426.2,124875.3,125049.8,97.95309383
XXBTZUSD,60,20251005,090000,125049.9,125183.3,124813.4,125018.1,37.65860321
XXBTZUSD,60,20251005,100000,125018.2,125130.4,124651.1,124744.3,59.96816397
XXBTZUSD,60,20251005,110000,124744.4,124846.7,124601.1,124601.1,37.58297051
XXBTZUSD,60,20251005,120000,124601.2,124601.2,122869.1,123100.1,272.75312215
XXBTZUSD,60,20251005,130000,123100.1,123100.1,122601.1,123077.3,48.67779056
XXBTZUSD,60,20251005,140000,123077.4,123523.9,122933.4,123501.2,32.07671648
XXBTZUSD,60,20251005,150000,123501.2,123501.2,123000,123168,30.590227
XXBTZUSD,60,20251005,160000,123168,123384.4,123167.9,123200.1,26.66874395
XXBTZUSD,60,20251005,170000,123200.1,123333,122835.6,123065.5,23.91921148
XXBTZUSD,60,20251005,180000,123062.6,123062.6,122777.6,122827,16.52743002
XXBTZUSD,60,20251005,190000,122827,123308.3,122320.8,123298.9,42.59798104
XXBTZUSD,60,20251005,200000,123298.9,123448.7,123004.5,123060.2,62.98901812
XXBTZUSD,60,20251005,210000,123060.2,123185.9,122975,123054.1,13.4825681
XXBTZUSD,60,20251005,220000,123054.2,123054.2,122586.2,122586.3,28.28291539
XXBTZUSD,60,20251005,230000,122586.3,123048.3,122586.2,122796.2,20.62910053
XXBTZUSD,60,20251006,000000,122796.2,122796.2,122556.9,122741.2,3.62006148
XXBTZUSD,60,20251006,010000,122741.3,123230,122741.2,123230,26.03375214
XXBTZUSD,60,20251006,020000,123230,123554.9,123229.9,123542.1,16.99604493
XXBTZUSD,60,20251006,030000,123542.1,124308.6,123144.1,123383.2,108.62204795
XXBTZUSD,60,20251006,040000,123383.2,124200,123265.8,124070.1,22.78433212
XXBTZUSD,60,20251006,050000,124070.1,124204.4,123591.1,124086.1,9.38248624
XXBTZUSD,60,20251006,060000,124100.1,124134.3,123842.6,123921.1,25.81598078
XXBTZUSD,60,20251006,070000,123921.2,123981,123651.2,123655.1,56.1470986
XXBTZUSD,60,20251006,080000,123655.1,123729.7,123400,123606.1,81.2940603
XXBTZUSD,60,20251006,090000,123606.1,124155.4,123606.1,123936,38.56571638
XXBTZUSD,60,20251006,100000,123936.1,123990,123397.9,123420.1,15.24274845
XXBTZUSD,60,20251006,110000,123420.1,123872.1,123420,123872.1,17.26388604
XXBTZUSD,60,20251006,120000,123872.1,124024.9,123831.1,124001.9,15.03768851
XXBTZUSD,60,20251006,130000,124000.3,124129.8,123970,124011.2,17.90873587
XXBTZUSD,60,20251006,140000,124011.2,124537.8,123778.6,124285.5,95.06040668
XXBTZUSD,60,20251006,150000,124285.5,124709.6,124285.4,124587.3,57.00786465
XXBTZUSD,60,20251006,160000,124587.3,125050,124500,125050,242.20368702
XXBTZUSD,60,20251006,170000,125050,125350,124500,124536.1,143.95834248
XXBTZUSD,60,20251006,180000,124536.1,125398.1,124536.1,125100,106.89024852
XXBTZUSD,60,20251006,190000,125100.1,125500,124851.7,125499.9,172.90978891
XXBTZUSD,60,20251006,200000,125500,125800,125194.9,125349.7,192.42895093
XXBTZUSD,60,20251006,210000,125349.7,126198.1,125151.1,126073.3,268.42011991
XXBTZUSD,60,20251006,220000,126073.3,126191.1,125350,125450,252.18410115
XXBTZUSD,60,20251006,230000,125450,125540.6,125089.2,125246.7,100.96790724
XXBTZUSD,60,20251007,000000,125244.5,125295.2,124650,125106.1,228.06703072
XXBTZUSD,60,20251007,010000,125106.1,125295.4,124821.6,125073.8,46.99045482
XXBTZUSD,60,20251007,020000,125086.4,125124.7,124766,124766.5,16.32969696
XXBTZUSD,60,20251007,030000,124765.9,124954,124710,124932,25.9980697
XXBTZUSD,60,20251007,040000,124932,125106.1,124575,124746.3,99.04240116
XXBTZUSD,60,20251007,050000,124746.3,124746.3,124293.1,124386.1,130.64595929
XXBTZUSD,60,20251007,060000,124386.2,124626.1,124220,124386.1,25.6524109
XXBTZUSD,60,20251007,070000,124386,124688.1,124206.1,124567.5,44.71431268
XXBTZUSD,60,20251007,080000,124567.5,124662.2,124341.1,124460.9,31.57691323
XXBTZUSD,60,20251007,090000,124461,124518,123888,123977,47.59536564
XXBTZUSD,60,20251007,100000,123977,124019.2,123700,123756.1,48.01401025
XXBTZUSD,60,20251007,110000,123756.1,124048.9,123488,123951,71.34574755
XXBTZUSD,60,20251007,120000,123951.1,124316.7,123951,124255,52.05852448
XXBTZUSD,60,20251007,130000,124255,124465.8,124156,124371.2,35.99273238
XXBTZUSD,60,20251007,140000,124371.2,124573.1,124296.8,124573.1,69.82336373
XXBTZUSD,60,20251007,150000,124573.1,125207.2,124500,124994,106.72456403
XXBTZUSD,60,20251007,160000,124994,125139.3,123518.1,123999,226.05424994
XXBTZUSD,60,20251007,170000,123999,123999,122671.5,122803,140.89951488
XXBTZUSD,60,20251007,180000,122803,122880.6,121298.6,121910,285.26086084
XXBTZUSD,60,20251007,190000,121910,122116.4,120894.1,121756.2,152.9929774
XXBTZUSD,60,20251007,200000,121756.3,121897.8,121200,121250,84.19434163
XXBTZUSD,60,20251007,210000,121250,121320.1,120694.6,120927.5,115.77049454
XXBTZUSD,60,20251007,220000,120927.5,122000,120927.4,121704.3,89.56708514
XXBTZUSD,60,20251007,230000,121704.3,122224.1,121704.2,122055.9,46.28062019
XXBTZUSD,60,20251008,000000,122056,122292.4,121860,122013.4,74.63464614
XXBTZUSD,60,20251008,010000,122013.4,122143.4,121859,122034.9,21.77843419
XXBTZUSD,60,20251008,020000,122034.9,122051.3,121392,121419.8,42.77072439
XXBTZUSD,60,20251008,030000,121419.8,122120.5,121368.2,121998.9,79.45454646
XXBTZUSD,60,20251008,040000,121998.9,122068.7,121700.3,122016.3,25.48320948
XXBTZUSD,60,20251008,050000,122016.3,122262,121950,122130,21.95881837
XXBTZUSD,60,20251008,060000,122130,122130,121333,121407,55.53342728
XXBTZUSD,60,20251008,070000,121407,121883.7,121143.4,121883.7,36.75277813
XXBTZUSD,60,20251008,080000,121883.7,121915.3,121250,121309.9,20.84379658
XXBTZUSD,60,20251008,090000,121317,121802.7,121104.2,121802.7,29.85270179
XXBTZUSD,60,20251008,100000,121802.7,121838.3,121361.1,121557,15.50307776
XXBTZUSD,60,20251008,110000,121557,122844.7,121557,122450.1,51.07494721
XXBTZUSD,60,20251008,120000,122450.1,122652,122408.9,122489,20.4284741
XXBTZUSD,60,20251008,130000,122489,123095.1,122488.9,122997,52.79627506
XXBTZUSD,60,20251008,140000,122997.1,123200,122807.8,122896.6,52.28935085
XXBTZUSD,60,20251008,150000,122896.6,123042,122588.6,122637,27.38568758
XXBTZUSD,60,20251008,160000,122637,122747.1,121704.8,122580,70.50629
XXBTZUSD,60,20251008,170000,122586.2,123321.6,122184.2,122291.9,47.39219343
XXBTZUSD,60,20251008,180000,122291.9,122569.9,122022,122200.5,30.13610904
XXBTZUSD,60,20251008,190000,122200.6,123138.5,122157,123102.4,64.72388362
XXBTZUSD,60,20251008,200000,123102.4,124150,123042,124137.4,145.21953179
XXBTZUSD,60,20251008,210000,124137.4,124137.4,123451.1,123492.2,37.23520299
XXBTZUSD,60,20251008,220000,123492.2,123748.9,123237,123492.1,51.13767968
XXBTZUSD,60,20251008,230000,123492.1,123702,122913.5,122920.9,21.77463063
XXBTZUSD,60,20251009,000000,122920.9,123319.6,122871.5,123233.6,17.23740052
XXBTZUSD,60,20251009,010000,123233.6,123440,123233.5,123310,22.01855349
XXBTZUSD,60,20251009,020000,123300.1,123479,123104.8,123329.7,22.77202115
XXBTZUSD,60,20251009,030000,123329.8,123342,122951.1,122959.9,14.43418176
XXBTZUSD,60,20251009,040000,122952.1,122952.1,122435.2,122514.7,43.60468297
XXBTZUSD,60,20251009,050000,122514.7,122536.6,121576.7,121624.9,43.80812631
XXBTZUSD,60,20251009,060000,121624.9,122073.2,121624.9,122060.1,18.98258644
XXBTZUSD,60,20251009,070000,122060.1,122250.9,121950.8,122167.1,33.73636949
XXBTZUSD,60,20251009,080000,122167.1,122199.4,121906.9,122081.9,26.51836965
XXBTZUSD,60,20251009,090000,122082,122160.4,121990,122000,19.60191971
XXBTZUSD,60,20251009,100000,122000.1,122024.5,121850,121947.1,16.75510586
XXBTZUSD,60,20251009,110000,121947.1,121950,121160.1,121268.6,128.28457108
XXBTZUSD,60,20251009,120000,121266.2,121848.9,121266.2,121848.8,54.02210305
XXBTZUSD,60,20251009,130000,121848.9,122337.9,121728.9,122214,130.46933855
XXBTZUSD,60,20251009,140000,122214,122877.8,122213.9,122810.4,47.33487991
XXBTZUSD,60,20251009,150000,122810.4,123750.9,122750.5,123630,115.23923085
XXBTZUSD,60,20251009,160000,123630,123630,122400,122454.9,68.26839427
XXBTZUSD,60,20251009,170000,122455,122598.9,120801.2,121377,372.41574272
XXBTZUSD,60,20251009,180000,121373.4,121706.8,120751.1,121202.3,146.46198085
XXBTZUSD,60,20251009,190000,121202.4,121484.6,119810.6,119875,274.46144607
XXBTZUSD,60,20251009,200000,119875,121000,119750,121000,153.8097178
XXBTZUSD,60,20251009,210000,121000,121054.5,120521.1,120754.5,35.34439382
XXBTZUSD,60,20251009,220000,120754.6,121182.2,120754.6,120993.5,56.2418891
XXBTZUSD,60,20251009,230000,120993.6,121188.5,120928.4,121188.5,20.81875894
XXBTZUSD,60,20251010,000000,121188.5,121548.9,121135.9,121492.7,58.85282595
XXBTZUSD,60,20251010,010000,121492.8,121748.9,121492.7,121748.8,29.97341199
XXBTZUSD,60,20251010,020000,121748.9,121748.9,121452,121699,15.27284993
XXBTZUSD,60,20251010,030000,121699,121897,121670,121773.3,16.24743519
XXBTZUSD,60,20251010,040000,121773.3,121856.3,121623.2,121713.6,9.61482174
XXBTZUSD,60,20251010,050000,121713.6,121713.6,121000,121103.2,31.14122553
XXBTZUSD,60,20251010,060000,121103.2,121592.3,121015,121161.9,23.89262421
XXBTZUSD,60,20251010,070000,121162,121377.3,121098.8,121265,28.88890302
XXBTZUSD,60,20251010,080000,121265,121601.2,121088.1,121594,17.48501019
XXBTZUSD,60,20251010,090000,121594,121725,121308.5,121382.3,23.48760121
XXBTZUSD,60,20251010,100000,121382.3,121382.3,120935.3,120935.3,56.82093629
XXBTZUSD,60,20251010,110000,120935.4,121633.6,120934.2,121633.6,41.21711393
XXBTZUSD,60,20251010,120000,121633.6,121735,121338.5,121383.6,19.01135993
XXBTZUSD,60,20251010,130000,121383.6,121536.1,121329.8,121536.1,24.59961465
XXBTZUSD,60,20251010,140000,121536.1,121663,121477.6,121589.9,10.10156255
XXBTZUSD,60,20251010,150000,121589.9,121638.5,121491,121589.9,28.56827798
XXBTZUSD,60,20251010,160000,121589.9,122498,121501.1,121666.1,85.54449709
XXBTZUSD,60,20251010,170000,121666.1,122004.2,120525.6,120588.5,144.79304822
XXBTZUSD,60,20251010,180000,120588.5,120588.5,118568.6,119050,637.15924546
XXBTZUSD,60,20251010,190000,119045.1,119488.2,118300.7,118300.7,374.56237281
XXBTZUSD,60,20251010,200000,118300.8,118395.3,117615,117652.4,452.4217866
XXBTZUSD,60,20251010,210000,117656.6,117819.9,117283.8,117296.3,100.9938045
XXBTZUSD,60,20251010,220000,117296.3,117314.6,116001,116632.6,348.09799349
XXBTZUSD,60,20251010,230000,116632.7,117181.1,113100.2,114323.9,394.47908688
XXBTZUSD,60,20251011,000000,114324,117700,104200,114001.5,2143.98791538
XXBTZUSD,60,20251011,010000,113946.9,114400,112500,114120.3,291.43541173
XXBTZUSD,60,20251011,020000,114110,114922.5,112945.3,113000.1,136.86371244
XXBTZUSD,60,20251011,030000,113000,113300,111796.9,112680.1,168.39232175
XXBTZUSD,60,20251011,040000,112680.2,112680.2,111202.5,111233.8,100.22830621
XXBTZUSD,60,20251011,050000,111233.8,113386.9,111220.9,113332.6,96.20635182
XXBTZUSD,60,20251011,060000,113332.7,113423,111939.1,112475.4,115.13822365
XXBTZUSD,60,20251011,070000,112475.5,113048.8,111834.5,113020,55.34338771
XXBTZUSD,60,20251011,080000,113030,113048.8,112200,112562.2,66.801638
XXBTZUSD,60,20251011,090000,112562.3,112829.9,112200.8,112240,71.2911334
XXBTZUSD,60,20251011,100000,112240,112240,110275.4,110420.1,246.09165355
XXBTZUSD,60,20251011,110000,110420.1,111593.2,110310,111490.1,264.7542879
XXBTZUSD,60,20251011,120000,111490.1,111955.3,111397.8,111779.9,68.37828362
XXBTZUSD,60,20251011,130000,111779.9,112348.5,111779.8,112157.9,232.12931946
XXBTZUSD,60,20251011,140000,112158,112447.2,111806.6,112293.1,21.42190626
XXBTZUSD,60,20251011,150000,112293.1,112551.1,112133.1,112489.8,21.86116122
XXBTZUSD,60,20251011,160000,112489.9,112579.2,112007.5,112391.8,30.00496465
XXBTZUSD,60,20251011,170000,112391.9,112459.9,112005,112100.1,28.19199419
XXBTZUSD,60,20251011,180000,112100.1,112427.6,111997.9,111998,54.69531537
XXBTZUSD,60,20251011,190000,111998,112150,111566.4,111920,54.45089543
XXBTZUSD,60,20251011,200000,111920,112230,111885.5,112115,60.56880514
XXBTZUSD,60,20251011,210000,112115,112139.9,112000,112010,14.51539521
XXBTZUSD,60,20251011,220000,112010,112080,111000,111280,90.93573304
XXBTZUSD,60,20251011,230000,111280,111459.7,109826.4,110383.1,124.10418261
XXBTZUSD,60,20251012,000000,110379.9,111107.8,109760,111085.5,151.31745645
XXBTZUSD,60,20251012,010000,111085.5,111365.8,110800,111167.4,25.0175359
XXBTZUSD,60,20251012,020000,111167.5,111229.9,110775.1,110775.1,23.58274553
XXBTZUSD,60,20251012,030000,110775.2,110784.4,109720.8,109753.1,78.47100588
XXBTZUSD,60,20251012,040000,109753.2,110354.9,109753.1,110000.2,71.1281022
XXBTZUSD,60,20251012,050000,110000.2,110726.2,109694.9,110200.1,35.21164073
XXBTZUSD,60,20251012,060000,110210.1,111391.8,110103.4,110795.9,19.24434396
XXBTZUSD,60,20251012,070000,110796,112000,110795.8,111609.8,32.64516408
XXBTZUSD,60,20251012,080000,111609.9,111867.3,111360.1,111820,29.99684801
XXBTZUSD,60,20251012,090000,111820.1,112212.9,111752.2,111780.1,23.72761244
XXBTZUSD,60,20251012,100000,111780.2,112000,111626.5,111626.5,18.91654304
XXBTZUSD,60,20251012,110000,111626.6,111892.2,111396.7,111420,79.26645426
XXBTZUSD,60,20251012,120000,111420,111915,111245.6,111915,40.29638811
XXBTZUSD,60,20251012,130000,111915,112000,111513.5,111758.4,13.36415036
XXBTZUSD,60,20251012,140000,111758.4,112103.2,111597.7,111857.9,14.63207932
XXBTZUSD,60,20251012,150000,111857.9,112224.3,111686.4,111840.1,27.22910079
XXBTZUSD,60,20251012,160000,111840.1,111980.6,111297.2,111297.5,27.55597224
XXBTZUSD,60,20251012,170000,111297.5,113001.4,111250,112393.8,103.40754981
XXBTZUSD,60,20251012,180000,112389.4,113772.8,112213.1,113270.1,221.25308012
XXBTZUSD,60,20251012,190000,113270.1,114707.8,113260,114155,310.56292096
XXBTZUSD,60,20251012,200000,114155.1,114554.7,113662.2,113898.3,157.58528296
XXBTZUSD,60,20251012,210000,113898.3,114325.6,113662.2,113943.5,81.13594934
XXBTZUSD,60,20251012,220000,113943.5,114482.1,113910.1,114423.6,32.20745488
XXBTZUSD,60,20251012,230000,114423.6,115516.8,114423.5,115028.9,212.58536289
XXBTZUSD,60,20251013,000000,115028.9,115633.6,114386,114989.9,87.00062684
XXBTZUSD,60,20251013,010000,114989.9,115780,114989.8,115370.1,70.44578581
XXBTZUSD,60,20251013,020000,115370.1,115462.8,114871.7,115125.3,54.94802715
XXBTZUSD,60,20251013,030000,115125.3,115920.1,114874.8,115393.6,57.58424744
XXBTZUSD,60,20251013,040000,115393.6,115800,115231.3,115800,31.36255696
XXBTZUSD,60,20251013,050000,115800,115977.7,115198.7,115400,35.5902769
XXBTZUSD,60,20251013,060000,115400.1,115677.8,114739.1,114930.1,188.33802695
XXBTZUSD,60,20251013,070000,114930.1,115082.2,114564.7,114750,23.59097172
XXBTZUSD,60,20251013,080000,114750,114912.4,114620.9,114691.8,23.23780068
XXBTZUSD,60,20251013,090000,114691.8,115350.8,114555.1,115304,32.69855135
XXBTZUSD,60,20251013,100000,115304,115586.4,115120.8,115433.1,52.04809436
XXBTZUSD,60,20251013,110000,115440.1,115465.8,115300,115385.2,41.99857701
XXBTZUSD,60,20251013,120000,115385.3,115385.3,114895,115236.6,69.68373838
XXBTZUSD,60,20251013,130000,115236.7,115236.7,114872.7,114946.5,9.87599627
XXBTZUSD,60,20251013,140000,114946.5,114946.5,113705.8,114313.1,88.6223541
XXBTZUSD,60,20251013,150000,114313.1,114749.5,114063.6,114499.9,113.8158099
XXBTZUSD,60,20251013,160000,114499.9,115561.5,114358.6,115433.9,189.44515788
XXBTZUSD,60,20251013,170000,115433.9,115500.6,113988.2,114075.9,94.19484609
XXBTZUSD,60,20251013,180000,114076,114831.4,114076,114463.9,26.15664702
XXBTZUSD,60,20251013,190000,114463.9,115198.7,114400,114775,65.60320135
XXBTZUSD,60,20251013,200000,114775,115092.1,114372.4,115088.1,26.8202305
XXBTZUSD,60,20251013,210000,115088.1,115422.7,114850,115257.2,136.94931341
XXBTZUSD,60,20251013,220000,115261.8,115975.4,115255.2,115891.1,108.49297448
XXBTZUSD,60,20251013,230000,115891.1,115943.5,115577,115764.9,48.97242166
XXBTZUSD,60,20251014,000000,115765,115870,115719.1,115810,12.04471796
XXBTZUSD,60,20251014,010000,115810,115930,115577,115618,28.25122591
XXBTZUSD,60,20251014,020000,115618,115618,115140,115165.5,66.3486238
XXBTZUSD,60,20251014,030000,115176.9,115457.2,115021,115069.6,16.82228158
XXBTZUSD,60,20251014,040000,115069.6,115084.7,114242.4,114358.2,104.52203145
XXBTZUSD,60,20251014,050000,114358.2,114379.6,113765.4,113797,51.4334845
XXBTZUSD,60,20251014,060000,113797.1,113797.1,113368.5,113580.7,85.50548049
XXBTZUSD,60,20251014,070000,113580.7,113626.6,112900,113097.2,101.08270753
XXBTZUSD,60,20251014,080000,113097.2,113688.1,112500,112540,156.16447621
XXBTZUSD,60,20251014,090000,112540,112763.2,111447.4,112065.8,196.10040187
XXBTZUSD,60,20251014,100000,112065.9,112254.8,111600,111788.9,130.60209648
XXBTZUSD,60,20251014,110000,111789,112201,111646.8,111918.9,52.05954548
XXBTZUSD,60,20251014,120000,111919,112100.1,111215,111346.6,64.95304764
XXBTZUSD,60,20251014,130000,111346.6,111425.4,110200,110726.6,170.54522243
XXBTZUSD,60,20251014,140000,110726.6,111720.1,110726.6,111400.1,70.90021489
XXBTZUSD,60,20251014,150000,111400.1,111450.1,110872.5,110881.4,70.9993535
XXBTZUSD,60,20251014,160000,110881.4,111352.4,110000,111090.7,181.85990566
XXBTZUSD,60,20251014,170000,111100,112298.4,111071.1,111491.1,461.17096652
XXBTZUSD,60,20251014,180000,111491.1,112910.1,111200,112910.1,103.58316436
XXBTZUSD,60,20251014,190000,112910.1,113232.6,112327.8,112395.7,124.55970077
XXBTZUSD,60,20251014,200000,112399.1,112940.8,111807.7,112871.1,201.11380241
XXBTZUSD,60,20251014,210000,112871.1,113507.3,112742.2,112895.6,106.89101301
XXBTZUSD,60,20251014,220000,112895.7,113592.3,112135.4,112727.3,111.39022895
XXBTZUSD,60,20251014,230000,112727.4,113015.9,112315.6,113015.9,64.56530113
XXBTZUSD,60,20251015,000000,113016.9,113200,112787.3,113180.3,28.42328904
XXBTZUSD,60,20251015,010000,113186.2,113600,112943.8,113289.5,73.59803035
XXBTZUSD,60,20251015,020000,113289.5,113555,113106.2,113106.2,50.92917419
XXBTZUSD,60,20251015,030000,113106.3,113160.3,112700,113000.1,19.82997642
XXBTZUSD,60,20251015,040000,113000.1,113000.1,112386.2,112779.9,14.42449212
XXBTZUSD,60,20251015,050000,112779.8,113555,112779.8,112913.2,38.7469664
XXBTZUSD,60,20251015,060000,112913.3,112913.3,111880,112089.6,44.21840858
XXBTZUSD,60,20251015,070000,112089.6,112511,111834.5,112418.6,21.1120521
XXBTZUSD,60,20251015,080000,112418.6,112653,112300,112496.5,26.72864204
XXBTZUSD,60,20251015,090000,112496.5,112614.8,111991.6,112489.9,17.70298973
XXBTZUSD,60,20251015,100000,112500,112640,112360,112640,21.54117349
XXBTZUSD,60,20251015,110000,112640,113538.2,112620,113080,36.41014058
XXBTZUSD,60,20251015,120000,113070.1,113120,112477.2,112580,24.64724566
XXBTZUSD,60,20251015,130000,112580,112673.3,112240.5,112317.5,22.38263453
XXBTZUSD,60,20251015,140000,112317.5,112692,111802.6,111979.3,74.66773029
XXBTZUSD,60,20251015,150000,111979.3,112132.2,111531.9,111781.6,53.49511181
XXBTZUSD,60,20251015,160000,111781.6,112022.5,110872.5,111483,95.86590526
XXBTZUSD,60,20251015,170000,111483,112297.9,110941.9,111160.1,178.5301105
XXBTZUSD,60,20251015,180000,111160.1,111593.2,110397.9,110830.1,190.51339443
XXBTZUSD,60,20251015,190000,110830.1,111110.8,110715.1,110833.6,77.84054384
XXBTZUSD,60,20251015,200000,110833.6,111192.2,110252,111192.2,118.14606164
XXBTZUSD,60,20251015,210000,111192.2,111547.6,110888,111547.5,117.89308149
XXBTZUSD,60,20251015,220000,111547.6,111579.8,111199.4,111311.1,42.67770436
XXBTZUSD,60,20251015,230000,111311.2,111579.8,110582.4,111200.1,105.68211845
XXBTZUSD,60,20251016,000000,111200.1,111400.1,110617.2,110850,106.08278966
XXBTZUSD,60,20251016,010000,110850,111374.7,110742.7,110742.8,69.69153063
XXBTZUSD,60,20251016,020000,110742.8,110999.8,110659.8,110781.9,27.94852782
XXBTZUSD,60,20251016,030000,110781.9,110844.4,110422.5,110546.8,223.97974656
XXBTZUSD,60,20251016,040000,110546.8,111329.3,110546.7,111320.5,31.42523933
XXBTZUSD,60,20251016,050000,111320.6,111579.8,111104.2,111579.8,35.77967994
XXBTZUSD,60,20251016,060000,111579.8,111824.8,111377.7,111377.8,120.35857252
XXBTZUSD,60,20251016,070000,111377.8,111699.3,110896.1,111050.2,16.14990113
XXBTZUSD,60,20251016,080000,111050.2,111436.3,110850,110941.7,28.07596862
XXBTZUSD,60,20251016,090000,110941.8,111687,110941.8,111687,64.14431292
XXBTZUSD,60,20251016,100000,111687,111706.1,110586.1,110601.2,49.70822222
XXBTZUSD,60,20251016,110000,110601.3,110897.5,110500.7,110875.1,28.77387178
XXBTZUSD,60,20251016,120000,110875.1,111620,109620.8,111200,201.21335321
XXBTZUSD,60,20251016,130000,111200.1,111706,111092.2,111546.5,56.87729068
XXBTZUSD,60,20251016,140000,111546.5,111546.5,111087.6,111445.3,36.82109076
XXBTZUSD,60,20251016,150000,111445.4,111950,111408.9,111624.9,68.54825889
XXBTZUSD,60,20251016,160000,111625,111625,110739.6,110944.3,52.20124523
XXBTZUSD,60,20251016,170000,110944.3,111565.8,109839.6,110606.8,253.99550202
XXBTZUSD,60,20251016,180000,110606.8,110718.9,108464.4,108601,417.92432694
XXBTZUSD,60,20251016,190000,108601.1,109250,107497.4,109250,582.87523457
XXBTZUSD,60,20251016,200000,109250,109250,108300,108345.1,136.11960844
XXBTZUSD,60,20251016,210000,108345.1,108672.8,107786.3,108672.8,112.70625182
XXBTZUSD,60,20251016,220000,108672.8,108723.4,107777,108231,166.45317635
XXBTZUSD,60,20251016,230000,108231,108443.6,107483,107843.2,101.49440614
XXBTZUSD,60,20251017,000000,107843.2,108432.3,107719.5,108400,130.80829516
XXBTZUSD,60,20251017,010000,108400,108432.2,107810,107810,40.24889301
XXBTZUSD,60,20251017,020000,107810.1,108416,107766,108182.3,23.58007505
XXBTZUSD,60,20251017,030000,108182.3,108801,107950.1,108760,63.07214812
XXBTZUSD,60,20251017,040000,108760,109110.8,108590,108818.3,35.82138723
XXBTZUSD,60,20251017,050000,108818.3,109048.1,108414.5,108993.9,56.6979437
XXBTZUSD,60,20251017,060000,108993.9,109245,108954.2,109179.9,81.22813503
XXBTZUSD,60,20251017,070000,109180,109200,108861.8,108870,37.48057832
XXBTZUSD,60,20251017,080000,108861.9,108893.3,108353.5,108400.1,20.09692947
XXBTZUSD,60,20251017,090000,108400.1,108507,106672.4,106788.5,326.16374584
XXBTZUSD,60,20251017,100000,106788.5,106849.8,105555,105555,386.07420743
XXBTZUSD,60,20251017,110000,105555.1,105708.8,104470.9,104884.2,423.50371969
XXBTZUSD,60,20251017,120000,104884.2,105600.5,104591.8,104591.8,112.55780328
XXBTZUSD,60,20251017,130000,104591.8,104800,103583.2,104752.8,325.92699812
XXBTZUSD,60,20251017,140000,104752.8,106541.7,104659.9,105693.3,173.60216544
XXBTZUSD,60,20251017,150000,105693.3,106064.5,105238.6,105349.9,151.59706455
XXBTZUSD,60,20251017,160000,105350,106146.8,104908.2,105906.9,127.70956585
XXBTZUSD,60,20251017,170000,105906.9,106001.3,104577,105174.4,291.38865071
XXBTZUSD,60,20251017,180000,105174.4,106862.8,105168.5,106858.9,192.26457124
XXBTZUSD,60,20251017,190000,106858.9,107493.8,106282.7,106400.2,297.54333628
XXBTZUSD,60,20251017,200000,106400.2,106700,106145.1,106480,31.97650338
XXBTZUSD,60,20251017,210000,106480,107108.9,106479.9,106661,59.05577528
XXBTZUSD,60,20251017,220000,106661,106890,106312.7,106480.1,35.09258255
XXBTZUSD,60,20251017,230000,106495.2,107185.3,106400,107046,38.50619173
XXBTZUSD,60,20251018,000000,107046.1,107479,107046.1,107370.7,92.50892124
XXBTZUSD,60,20251018,010000,107370.8,107440.1,106899.9,106999.5,38.99405895
XXBTZUSD,60,20251018,020000,106999.5,106999.5,106430.7,106451,101.02244392
XXBTZUSD,60,20251018,030000,106451,106873.5,106365.2,106873.5,24.69637348
XXBTZUSD,60,20251018,040000,106873.5,107312.2,106873.5,107171.9,102.89483833
XXBTZUSD,60,20251018,050000,107171.9,107339.9,106548.5,106637.5,25.03740468
XXBTZUSD,60,20251018,060000,106637.5,107148.3,106637.4,107139.9,10.1689955
XXBTZUSD,60,20251018,070000,107139.9,107139.9,106521.4,106531.7,45.78662608
XXBTZUSD,60,20251018,080000,106531.7,106856,106531.6,106856,12.64648301
XXBTZUSD,60,20251018,090000,106810.1,106958.1,106799.9,106920.1,6.95577598
XXBTZUSD,60,20251018,100000,106920.1,107492.6,106734.3,106734.3,28.8037698
XXBTZUSD,60,20251018,110000,106734.3,106988.3,106679.2,106775.5,8.8194504
XXBTZUSD,60,20251018,120000,106775.5,106991.6,106755.2,106991.6,7.34768724
XXBTZUSD,60,20251018,130000,106991.6,107108.8,106860,106901.3,13.51915136
XXBTZUSD,60,20251018,140000,106901.3,107273.4,106827.8,107252.1,48.72719421
XXBTZUSD,60,20251018,150000,107252.2,107325.1,107004,107118.3,29.56072151
XXBTZUSD,60,20251018,160000,107118.3,107118.3,106880,106972.3,11.79469857
XXBTZUSD,60,20251018,170000,106972.3,107083,106840.2,107000.6,7.7842261
XXBTZUSD,60,20251018,180000,107000.6,107163.6,106900,106980,16.56168094
XXBTZUSD,60,20251018,190000,106980,107081.7,106544.7,106691.7,12.23530766
XXBTZUSD,60,20251018,200000,106691.7,106900,106660,106900,14.25500931
XXBTZUSD,60,20251018,210000,106900,106909.9,106800,106875,10.87092923
XXBTZUSD,60,20251018,220000,106875,107083,106874.9,107083,18.65347042
XXBTZUSD,60,20251018,230000,107083,107369.5,107060.1,107083.2,83.36327811
XXBTZUSD,60,20251019,000000,107083.2,107225.4,106928.7,107225.4,96.56183904
XXBTZUSD,60,20251019,010000,107225.4,107320.5,107150,107163.3,9.30623933
XXBTZUSD,60,20251019,020000,107163.4,107199,107071.8,107199,20.44296032
XXBTZUSD,60,20251019,030000,107199,107225.5,106786.7,106925.1,22.20002375
XXBTZUSD,60,20251019,040000,106925.1,107020,106800,106991.9,19.80932655
XXBTZUSD,60,20251019,050000,106991.8,107013.2,106830.7,106896,6.907464
XXBTZUSD,60,20251019,060000,106896.1,107332.7,106868.1,107316.6,11.49211289
XXBTZUSD,60,20251019,070000,107316.7,107316.7,107049.4,107080.1,3.59462525
XXBTZUSD,60,20251019,080000,107080.1,107214.3,106863.2,106863.3,8.1965473
XXBTZUSD,60,20251019,090000,106863.3,106932.6,106630.1,106797.5,37.98317509
XXBTZUSD,60,20251019,100000,106797.5,106939.9,106750,106812.2,17.18854177
XXBTZUSD,60,20251019,110000,106812.1,107154.4,106350,106484,37.38927897
XXBTZUSD,60,20251019,120000,106484.1,108159,106125.2,107438.7,245.24936621
XXBTZUSD,60,20251019,130000,107438.8,107870.6,107093.5,107870.5,20.55011523
XXBTZUSD,60,20251019,140000,107870.6,108204.3,107698.1,107820.1,88.43617932
XXBTZUSD,60,20251019,150000,107821.9,107857.7,107544.2,107641.1,36.98322014
XXBTZUSD,60,20251019,160000,107641.2,108204.4,107453.3,108128.2,38.60756426
XXBTZUSD,60,20251019,170000,108128.3,108542.5,107959.5,108473.9,82.93139737
XXBTZUSD,60,20251019,180000,108474,108612.3,108400.3,108534.3,37.66393021
XXBTZUSD,60,20251019,190000,108534.4,108986.2,108351,108690,56.77875721
XXBTZUSD,60,20251019,200000,108690.1,109422.8,108690,109158.8,89.43679068
XXBTZUSD,60,20251019,210000,109158.9,109444,109158.8,109431.7,67.22041371
XXBTZUSD,60,20251019,220000,109431.8,109431.8,108870,108969.9,55.41069887
XXBTZUSD,60,20251019,230000,108970,109038.3,108878.2,108939,24.80677726
XXBTZUSD,60,20251020,000000,108939,108939.1,108685.9,108777.4,12.35955464
XXBTZUSD,60,20251020,010000,108777.5,109353.8,108777.4,109190.2,49.37900695
XXBTZUSD,60,20251020,020000,109190.3,109190.3,108548,108669.8,23.24206841
XXBTZUSD,60,20251020,030000,108669.8,108669.9,107466.8,108099.8,88.65910944
XXBTZUSD,60,20251020,040000,108099.8,108282.3,108000,108128.2,16.21281756
XXBTZUSD,60,20251020,050000,108128.2,108993.6,107965.9,108831.6,14.4704568
XXBTZUSD,60,20251020,060000,108831.7,110499,108640,110193.8,115.39633642
XXBTZUSD,60,20251020,070000,110193.8,110487.3,110003.6,110425,76.47696611
XXBTZUSD,60,20251020,080000,110425,111111,110370.1,111050.2,84.34332688
XXBTZUSD,60,20251020,090000,111050.2,111345.9,111050.1,111345.9,55.2440217
XXBTZUSD,60,20251020,100000,111345.9,111399.9,111100,111177.8,95.81987719
XXBTZUSD,60,20251020,110000,111177.9,111640,111003.3,111154.9,89.4558862
XXBTZUSD,60,20251020,120000,111155,111210.5,110722.1,110999.9,50.50680755
XXBTZUSD,60,20251020,130000,111000,111084,110729.2,110763.9,43.27374307
XXBTZUSD,60,20251020,140000,110763.9,111049.4,110680.2,111035.2,17.5202923
XXBTZUSD,60,20251020,150000,111035.2,111200,110782.4,110800,161.49320097
XXBTZUSD,60,20251020,160000,110800,111194.1,110626.5,111183.6,622.26826121
XXBTZUSD,60,20251020,170000,111183.6,111361,110779.5,111270,101.55708514
XXBTZUSD,60,20251020,180000,111270.1,111700.1,111104.3,111176.9,67.09077334
XXBTZUSD,60,20251020,190000,111176.9,111310.2,110148.2,110703.8,241.66186049
XXBTZUSD,60,20251020,200000,110703.8,111079.9,109928.5,110312.6,99.28687722
XXBTZUSD,60,20251020,210000,110312.6,110916,110272.1,110916,99.44223308
XXBTZUSD,60,20251020,220000,110916,111032.2,110590,110887.8,70.55203339
XXBTZUSD,60,20251020,230000,110887.8,111289.5,110694.5,111050.1,94.35247609
XXBTZUSD,60,20251021,000000,111050.1,111235,110560.5,110596.1,61.61779212
XXBTZUSD,60,20251021,010000,110596.1,110899.7,110452.6,110853.1,12.24550952
XXBTZUSD,60,20251021,020000,110853.1,110858,110566.4,110574.4,65.69415116
XXBTZUSD,60,20251021,030000,110574.4,110574.4,110189.9,110516.3,72.56363648
XXBTZUSD,60,20251021,040000,110516.3,110516.3,109600,109833,25.88985187
XXBTZUSD,60,20251021,050000,109833.1,109899.3,109440,109546.2,64.68287463
XXBTZUSD,60,20251021,060000,109546.2,109626.2,109100,109108.2,102.75558903
XXBTZUSD,60,20251021,070000,109108.3,109108.3,107708.6,107839.9,151.54266333
XXBTZUSD,60,20251021,080000,107839.9,107987.4,107500,107569.6,56.90006938
XXBTZUSD,60,20251021,090000,107569.6,108187.1,107562.7,107965.6,51.21863989
XXBTZUSD,60,20251021,100000,107965.6,108187.1,107677.6,108110.1,29.40596825
XXBTZUSD,60,20251021,110000,108110.1,108110.1,107531.3,107770.1,14.74642541
XXBTZUSD,60,20251021,120000,107770,107885.7,107644.3,107799.6,19.59009635
XXBTZUSD,60,20251021,130000,107799.6,108810.1,107641.2,108590.1,30.97141678
XXBTZUSD,60,20251021,140000,108590.1,108641.1,108260.1,108615.2,42.76720777
XXBTZUSD,60,20251021,150000,108615.2,109505.4,108561.1,108837.8,108.3745884
XXBTZUSD,60,20251021,160000,108837.8,108865.7,107906,108470.1,147.17960643
XXBTZUSD,60,20251021,170000,108470.1,112355.6,108470.1,112199.9,315.54439835
XXBTZUSD,60,20251021,180000,112221.3,113569.2,111807.7,113414.8,400.3413458
XXBTZUSD,60,20251021,190000,113415.5,114000,112536.4,112536.6,175.96504496
XXBTZUSD,60,20251021,200000,112536.6,113000,111825.1,112095.3,188.75401872
XXBTZUSD,60,20251021,210000,112095.3,112279.4,111450,112011.6,100.98973239
XXBTZUSD,60,20251021,220000,112011.6,112186.3,111667,111871.1,30.91267985
XXBTZUSD,60,20251021,230000,111871.2,111871.2,110668.6,110866.2,91.12420252
XXBTZUSD,60,20251022,000000,110866.3,111079.7,110126.8,110914.4,68.26025955
XXBTZUSD,60,20251022,010000,110910.1,110910.1,108328.6,109102.3,194.43307724
XXBTZUSD,60,20251022,020000,109102.3,109399.9,108165.5,108406.1,88.46451618
XXBTZUSD,60,20251022,030000,108406.1,108655.1,107925.6,108038.9,153.89525046
XXBTZUSD,60,20251022,040000,108038.9,108522.2,108038.9,108402.6,50.06769119
XXBTZUSD,60,20251022,050000,108402.6,108682.4,108331.1,108331.1,35.85428712
XXBTZUSD,60,20251022,060000,108331.1,108331.1,108000,108207,17.5139157
XXBTZUSD,60,20251022,070000,108207,108676.5,108206.9,108676.5,18.19816455
XXBTZUSD,60,20251022,080000,108676.5,108676.5,107955,108212,44.70834886
XXBTZUSD,60,20251022,090000,108212,108390.1,108013.2,108062,30.76527825
XXBTZUSD,60,20251022,100000,108062.1,108321.5,107726.6,108310,104.47945925
XXBTZUSD,60,20251022,110000,108310,108386.3,108147.7,108320,20.02871334
XXBTZUSD,60,20251022,120000,108320,108320,107883.1,108024.1,35.0583285
XXBTZUSD,60,20251022,130000,108024.2,108148.9,107709,107738.1,20.9565739
XXBTZUSD,60,20251022,140000,107738.1,108264.4,106885.1,107601.3,155.15235013
XXBTZUSD,60,20251022,150000,107601.3,108428.8,107568,108086,101.23358874
XXBTZUSD,60,20251022,160000,108086,109032.3,107751.9,108880,221.03955559
XXBTZUSD,60,20251022,170000,108880.1,108947,107455.8,108947,291.86695334
XXBTZUSD,60,20251022,180000,108947,109156.4,107772.8,108430,162.0350843
XXBTZUSD,60,20251022,190000,108430.1,108738.1,107932.1,108200,87.08754393
XXBTZUSD,60,20251022,200000,108200,108328.3,107620.3,107800.2,158.83172316
XXBTZUSD,60,20251022,210000,107800.2,108178.4,107520.1,108000,59.1865474
XXBTZUSD,60,20251022,220000,108000.8,108344.5,107789,107814,167.68460859
XXBTZUSD,60,20251022,230000,107814,108020,107534.7,107662,135.78190449
XXBTZUSD,60,20251023,000000,107662,107683.1,106717,107171.9,116.42215106
XXBTZUSD,60,20251023,010000,107171.9,107650.2,106931.3,107200,35.65236322
XXBTZUSD,60,20251023,020000,107200,107896.6,107199.8,107644.1,42.39291668
XXBTZUSD,60,20251023,030000,107644.1,107958.5,107556.3,107911.9,12.12690748
XXBTZUSD,60,20251023,040000,107911.9,108438.4,107909.4,108181.2,94.13503903
XXBTZUSD,60,20251023,050000,108181.2,108389.9,108129,108389.9,11.71364848
XXBTZUSD,60,20251023,060000,108390,108732.7,108359.9,108389.8,42.20801027
XXBTZUSD,60,20251023,070000,108389.9,108939.2,108389.8,108723.4,43.02088761
XXBTZUSD,60,20251023,080000,108723.5,109050.1,108690,109050,53.80463651
XXBTZUSD,60,20251023,090000,109050.1,110300,108960,110283.3,170.67485672
XXBTZUSD,60,20251023,100000,110283.4,110292.5,109300,109330.1,22.1715246
XXBTZUSD,60,20251023,110000,109330.1,109907.8,109330,109489.4,26.4091744
XXBTZUSD,60,20251023,120000,109489.5,109489.5,109161.5,109437,38.96258969
XXBTZUSD,60,20251023,130000,109437,109706.3,109434.7,109503.6,45.28959334
XXBTZUSD,60,20251023,140000,109503.7,109674.3,109211.6,109269,117.79376076
XXBTZUSD,60,20251023,150000,109269,109269,108710.3,109103.9,46.41367293
XXBTZUSD,60,20251023,160000,109104,109628.9,108897,109490,44.19004632
XXBTZUSD,60,20251023,170000,109490,109839.6,108800,109620.6,134.67674412
XXBTZUSD,60,20251023,180000,109620.6,110156.4,109603.5,109935.7,104.97986699
XXBTZUSD,60,20251023,190000,109935.8,110599.5,109750,110300.7,89.68772351
XXBTZUSD,60,20251023,200000,110300.7,111291,109747.4,111250,198.89300206
XXBTZUSD,60,20251023,210000,111250,111296,110326.2,110613.8,118.99251387
XXBTZUSD,60,20251023,220000,110613.9,110613.9,110163.4,110266.3,24.41182811
XXBTZUSD,60,20251023,230000,110266.4,110266.4,109364.9,109560,36.98620237
XXBTZUSD,60,20251024,000000,109560.1,109728.8,109480.9,109590.1,20.09952915
XXBTZUSD,60,20251024,010000,109590.1,110130.1,109590,110010.1,27.303417
XXBTZUSD,60,20251024,020000,110010.1,110119.4,109889.9,110080,40.99297832
XXBTZUSD,60,20251024,030000,110080,110699.6,110032.5,110570.1,27.84160984
XXBTZUSD,60,20251024,040000,110570.1,110662.9,110246.9,110613,13.0194849
XXBTZUSD,60,20251024,050000,110613,110800,110423.9,110699.3,15.9605721
XXBTZUSD,60,20251024,060000,110699.4,110699.4,110343.4,110439.9,15.49780265
XXBTZUSD,60,20251024,070000,110440,111444.5,110408,111255,27.07983536
XXBTZUSD,60,20251024,080000,111255.1,111316.1,111013.5,111274.4,60.61804906
XXBTZUSD,60,20251024,090000,111274.4,111479,111160.2,111438.9,34.79267388
XXBTZUSD,60,20251024,100000,111439,111482,110887.7,111075.9,22.62232819
XXBTZUSD,60,20251024,110000,111076,111242,110766.1,111170,13.63868457
XXBTZUSD,60,20251024,120000,111170.1,111485,111108,111330,24.45053653
XXBTZUSD,60,20251024,130000,111330,111330,111094.2,111187.3,31.57904045
XXBTZUSD,60,20251024,140000,111187.3,111235.2,110626.5,111050.2,59.0613584
XXBTZUSD,60,20251024,150000,111050.2,112400,110941.9,111258.9,447.20221211
XXBTZUSD,60,20251024,160000,111258.9,111452,110446,110910,199.69988021
XXBTZUSD,60,20251024,170000,110909.9,110910,109757.8,110149,226.28434308
XXBTZUSD,60,20251024,180000,110149,110598,109950,110060.1,89.28264028
XXBTZUSD,60,20251024,190000,110060.1,110330,109896,110256.9,30.79160212
XXBTZUSD,60,20251024,200000,110256.9,110566.9,110210,110252.6,40.92240662
XXBTZUSD,60,20251024,210000,110252.6,110600,110171,110600,32.72709158
XXBTZUSD,60,20251024,220000,110600,110947,110581.6,110641.9,75.50813932
XXBTZUSD,60,20251024,230000,110642,111018.9,110528.9,110900,79.81741273
XXBTZUSD,60,20251025,000000,110900,111067,110714,111067,19.70490766
XXBTZUSD,60,20251025,010000,111067,111100,110980.2,110999.9,62.85635927
XXBTZUSD,60,20251025,020000,111006,111100,110920,111000,12.9927334
XXBTZUSD,60,20251025,030000,111000,111010,110700,110783,10.16568704
XXBTZUSD,60,20251025,040000,110783,111225,110783,111065.9,24.01370312
XXBTZUSD,60,20251025,050000,111065.9,111104.2,111014.1,111104.1,3.98132312
XXBTZUSD,60,20251025,060000,111104.2,111124,111037.7,111095,18.67917623
XXBTZUSD,60,20251025,070000,111095.1,111409.2,111094,111300.1,22.72938733
XXBTZUSD,60,20251025,080000,111300.1,111395.3,111116.7,111354.5,38.63189122
XXBTZUSD,60,20251025,090000,111354.5,111501.7,111320.6,111428.8,14.8187516
XXBTZUSD,60,20251025,100000,111428.9,111790.8,111428.8,111497.3,61.68630627
XXBTZUSD,60,20251025,110000,111497.3,111763,111497.2,111763,4.18594997
XXBTZUSD,60,20251025,120000,111763,111794.2,111537,111537.1,44.27537199
XXBTZUSD,60,20251025,130000,111537.1,111661.6,111422.5,111636,5.01175923
XXBTZUSD,60,20251025,140000,111636.1,111636.1,111566.5,111600,24.38091971
XXBTZUSD,60,20251025,150000,111600,111914.9,111593,111914.9,15.80545072
XXBTZUSD,60,20251025,160000,111914.9,111925.9,111533,111680.3,118.7957985
XXBTZUSD,60,20251025,170000,111680.3,111730,111565.7,111584.9,4.8232289
XXBTZUSD,60,20251025,180000,111585,111585,111366.1,111366.2,32.61263712
XXBTZUSD,60,20251025,190000,111366.2,111482.9,111218.4,111386.3,27.3683291
XXBTZUSD,60,20251025,200000,111386.4,111486.9,111340.2,111340.3,22.62341136
XXBTZUSD,60,20251025,210000,111340.3,111720.1,111340.2,111720.1,22.8783478
XXBTZUSD,60,20251025,220000,111720.1,111720.1,111619.5,111619.6,14.53555804
XXBTZUSD,60,20251025,230000,111619.6,111655.6,111455.1,111482,8.39439152
XXBTZUSD,60,20251026,000000,111482.1,111482.1,111360.8,111481.6,27.09372485
XXBTZUSD,60,20251026,010000,111481.7,111699.3,111428.3,111645.2,20.38118597
XXBTZUSD,60,20251026,020000,111645.3,111681.5,111578.1,111645.2,4.70207281
XXBTZUSD,60,20251026,030000,111645.2,111915,111575.9,111734.9,8.89614256
XXBTZUSD,60,20251026,040000,111734.9,111876,111556.5,111645.2,20.30995601
XXBTZUSD,60,20251026,050000,111645.2,111690,111468.3,111472.9,10.2691553
XXBTZUSD,60,20251026,060000,111472.9,111472.9,111278.6,111278.6,207.07099825
XXBTZUSD,60,20251026,070000,111278.7,111451.2,111274.3,111440,3.66914791
XXBTZUSD,60,20251026,080000,111440.1,111645.1,111374.7,111645.1,3.28509555
XXBTZUSD,60,20251026,090000,111645.1,111645.1,111553.1,111620,3.90294574
XXBTZUSD,60,20251026,100000,111620,111720,111620,111720,1.7762872
XXBTZUSD,60,20251026,110000,111720,111843.6,111719.9,111835.1,3.9623823
XXBTZUSD,60,20251026,120000,111835.1,112723.7,111775,112552.6,74.37044185
XXBTZUSD,60,20251026,130000,112540.1,112562.3,112260.4,112440.1,37.34278718
XXBTZUSD,60,20251026,140000,112440.2,113387.9,112440.1,113276.5,85.40889464
XXBTZUSD,60,20251026,150000,113276.5,113756.4,113276.5,113558.7,105.3821135
XXBTZUSD,60,20251026,160000,113558.8,113980,113288.5,113705.5,55.45966528
XXBTZUSD,60,20251026,170000,113705.5,113849.9,113549.9,113566.4,56.80935602
XXBTZUSD,60,20251026,180000,113566.4,113699.2,113456.1,113699,52.19369223
XXBTZUSD,60,20251026,190000,113699.1,113735.9,113308.3,113593.2,40.72331308
XXBTZUSD,60,20251026,200000,113593.2,113736.4,113452.8,113452.9,18.02188958
XXBTZUSD,60,20251026,210000,113452.9,113740.4,113450.3,113640,24.28095479
XXBTZUSD,60,20251026,220000,113640.1,113700,113503.5,113599.9,15.34463354
XXBTZUSD,60,20251026,230000,113599.9,113599.9,113360.1,113360.1,13.00911189
XXBTZUSD,60,20251027,000000,113360.1,113569.8,112928.8,113430.9,82.46057602
XXBTZUSD,60,20251027,010000,113430.9,115400,113430.9,114689,155.65128876
XXBTZUSD,60,20251027,020000,114689,114950.1,114414.3,114509.9,43.50199377
XXBTZUSD,60,20251027,030000,114510,115089.2,114420,114758.2,60.45746031
XXBTZUSD,60,20251027,040000,114758.2,115350.8,114721.2,115312.2,65.17936977
XXBTZUSD,60,20251027,050000,115312.2,115400,114844.1,114865.4,32.62300623
XXBTZUSD,60,20251027,060000,114865.5,115176.1,114865.4,114960.5,27.60267729
XXBTZUSD,60,20251027,070000,114960.5,115286,114960.4,115257.7,7.48025388
XXBTZUSD,60,20251027,080000,115257.7,115572.5,115257.6,115557.5,32.8134665
XXBTZUSD,60,20251027,090000,115557.6,116070.2,115406,116004.2,64.0479624
XXBTZUSD,60,20251027,100000,116022.6,116309.8,115505,115562.8,149.14974173
XXBTZUSD,60,20251027,110000,115562.9,115562.9,114936.3,115005.9,52.01144568
XXBTZUSD,60,20251027,120000,115005.9,115338.6,114846.5,115259.2,41.12728749
XXBTZUSD,60,20251027,130000,115259.2,115520.6,115159.1,115421.9,64.80720559
XXBTZUSD,60,20251027,140000,115422,115500,115159.1,115370.1,42.36851462
XXBTZUSD,60,20251027,150000,115370.1,115370.1,115050,115054.2,22.9422967
XXBTZUSD,60,20251027,160000,115054.2,115319.2,114576,115239.7,85.91600895
XXBTZUSD,60,20251027,170000,115239.7,115323,114541.1,114795.3,67.94386703
XXBTZUSD,60,20251027,180000,114795.4,115150,114783.5,114940,42.69195787
XXBTZUSD,60,20251027,190000,114940.1,115605.1,114940,115498.2,72.09398601
XXBTZUSD,60,20251027,200000,115498.2,115711,115343,115711,58.5520759
XXBTZUSD,60,20251027,210000,115711,115786.1,115350,115350,30.0639974
XXBTZUSD,60,20251027,220000,115350.1,115350.1,114791.9,114883.2,34.70946714
XXBTZUSD,60,20251027,230000,114883.3,114883.3,114432.7,114489.1,62.32457244
XXBTZUSD,60,20251028,000000,114489.1,114552.2,114155.8,114356.1,35.35846023
XXBTZUSD,60,20251028,010000,114356.1,114587.7,114072.2,114080.1,32.58195157
XXBTZUSD,60,20251028,020000,114080.1,114188.2,113801.4,114153,49.62308507
XXBTZUSD,60,20251028,030000,114153.1,114301.4,113814,113949.9,39.5963744
XXBTZUSD,60,20251028,040000,113949.9,114497.5,113949.9,114474.7,18.31112164
XXBTZUSD,60,20251028,050000,114474.7,114474.7,113593.2,113915.6,16.12200548
XXBTZUSD,60,20251028,060000,113915.6,114033,113809.6,113923.5,13.12560192
XXBTZUSD,60,20251028,070000,113923.6,114026,113843.6,114026,7.92171581
XXBTZUSD,60,20251028,080000,114026,114026,113565.4,113622.9,22.5607997
XXBTZUSD,60,20251028,090000,113623,114150,113622.9,114109.9,17.51268374
XXBTZUSD,60,20251028,100000,114109.9,114273.4,114098,114273.4,11.91926931
XXBTZUSD,60,20251028,110000,114273.4,114426.6,114135,114419.9,5.41175627
XXBTZUSD,60,20251028,120000,114420,114550,114220,114510,17.3941298
XXBTZUSD,60,20251028,130000,114510,114592.1,114407.1,114587.9,40.39035326
XXBTZUSD,60,20251028,140000,114587.9,114619.6,114332.9,114333,42.3121377
XXBTZUSD,60,20251028,150000,114333,114510.1,114160,114475,38.02524374
XXBTZUSD,60,20251028,160000,114475,115475.5,114474.9,115450.5,201.02933779
XXBTZUSD,60,20251028,170000,115450.6,116023.4,114252.9,115074,128.4965022
XXBTZUSD,60,20251028,180000,115069.1,115337,114532.1,114725.1,56.92103094
XXBTZUSD,60,20251028,190000,114725.1,115489,114552.8,115342.8,43.65747217
XXBTZUSD,60,20251028,200000,115342.8,115586.2,115248.5,115298.8,73.1152656
XXBTZUSD,60,20251028,210000,115298.8,115371.2,114729.6,115019.9,59.63536187
XXBTZUSD,60,20251028,220000,115019.9,115019.9,113597,113683.5,180.25690863
XXBTZUSD,60,20251028,230000,113683.6,113683.6,112377,112846.6,192.80885915
XXBTZUSD,60,20251029,000000,112846.7,113193.6,112278.2,113093,113.27359045
XXBTZUSD,60,20251029,010000,113093,113267,112930.1,113266,44.77101208
XXBTZUSD,60,20251029,020000,113266,113266,112876.4,112918,42.67987291
XXBTZUSD,60,20251029,030000,112918,112918,112518.1,112518.2,37.115437
XXBTZUSD,60,20251029,040000,112518.2,112899.7,112118.5,112565.2,80.990344
XXBTZUSD,60,20251029,050000,112565.2,112760.1,112414.7,112690.1,12.37570446
XXBTZUSD,60,20251029,060000,112690.1,112690.1,112378.3,112550,21.44666116
XXBTZUSD,60,20251029,070000,112550,112820.1,112549.9,112800,44.5356791
XXBTZUSD,60,20251029,080000,112800,113286.5,112799.9,113094,63.04444374
XXBTZUSD,60,20251029,090000,113094,113308.3,113009.6,113308.2,9.11944232
XXBTZUSD,60,20251029,100000,113308.3,113511,113308.2,113511,13.82623501
XXBTZUSD,60,20251029,110000,113511,113601,113000,113080,33.65539913
XXBTZUSD,60,20251029,120000,113080,113096.4,112845.7,113060.1,6.94001319
XXBTZUSD,60,20251029,130000,113060.2,113185.7,112818.4,112905.3,27.90339839
XXBTZUSD,60,20251029,140000,112905.4,113247.5,112765.5,113187.5,8.43089245
XXBTZUSD,60,20251029,150000,113187.5,113322.6,113070.8,113225.1,73.2731764
XXBTZUSD,60,20251029,160000,113225.1,113601,112791.3,112950.1,49.58541484
XXBTZUSD,60,20251029,170000,112950.1,112950.1,112251.1,112468.7,169.65565774
XXBTZUSD,60,20251029,180000,112470,112500,111450,111591.1,210.13755036
XXBTZUSD,60,20251029,190000,111591.1,111591.1,111000,111175.1,155.48213072
XXBTZUSD,60,20251029,200000,111175.1,111918.4,111050,111799.4,154.68942435
XXBTZUSD,60,20251029,210000,111799.4,112044.4,109251,110833.6,463.60490681
XXBTZUSD,60,20251029,220000,110840.2,111446.1,110245.1,110675.6,220.67165
XXBTZUSD,60,20251029,230000,110675.6,111544.5,110500,111477.6,121.80092843
XXBTZUSD,60,20251030,000000,111477.6,111815.3,111407.3,111630.1,98.26337974
XXBTZUSD,60,20251030,010000,111630.1,111630.1,110978.9,111033.7,43.51614771
XXBTZUSD,60,20251030,020000,111033.8,111050.1,109818.3,110104.2,169.44494359
XXBTZUSD,60,20251030,030000,110104.2,110512.5,109750,110500.5,61.14345408
XXBTZUSD,60,20251030,040000,110500.5,110699.6,110313.4,110494.7,81.17706922
XXBTZUSD,60,20251030,050000,110490.2,110982.7,110400,110939.9,57.0188335
XXBTZUSD,60,20251030,060000,110940,110940,110570,110744.5,27.88192217
XXBTZUSD,60,20251030,070000,110761,110761,108000,108594.7,348.11993225
XXBTZUSD,60,20251030,080000,108594.7,110406.4,108489.1,110346.6,118.9512279
XXBTZUSD,60,20251030,090000,110313.5,110925.7,110039.5,110833.6,39.8874998
XXBTZUSD,60,20251030,100000,110833.7,111561.5,110712.7,111349.9,132.37827178
XXBTZUSD,60,20251030,110000,111350,111374.7,110730.1,110750.1,32.04901359
XXBTZUSD,60,20251030,120000,110750.1,110750.1,110158.6,110158.8,68.93141283
XXBTZUSD,60,20251030,130000,110158.8,110220,109925.5,110114.7,44.1688217
XXBTZUSD,60,20251030,140000,110114.7,110126.1,109774.2,109789.9,37.7140327
XXBTZUSD,60,20251030,150000,109789.9,109789.9,108300,108344.6,165.20311326
XXBTZUSD,60,20251030,160000,108344.6,108729.6,107455.1,107681.6,283.52937941
XXBTZUSD,60,20251030,170000,107681.6,108319.9,107641.2,108313.7,207.03896823
XXBTZUSD,60,20251030,180000,108313.7,108313.7,107342.4,107703.5,107.81598315
XXBTZUSD,60,20251030,190000,107703.5,108210,107624.7,108100,99.50536187
XXBTZUSD,60,20251030,200000,108100,108100,106849.7,107450,183.61702223
XXBTZUSD,60,20251030,210000,107450,107500.1,106782.1,106804.6,100.93501849
XXBTZUSD,60,20251030,220000,106804.7,107099.6,106280.5,106477.7,145.74906929
XXBTZUSD,60,20251030,230000,106477.7,107601.2,106312.5,107537.5,132.93742332
XXBTZUSD,60,20251031,000000,107537.5,107944.3,107388.2,107930.6,145.00498743
XXBTZUSD,60,20251031,010000,107930.6,107969.9,107469.7,107868.9,30.27849373
XXBTZUSD,60,20251031,020000,107868.9,108302.7,107620,108302.7,92.7283827
XXBTZUSD,60,20251031,030000,108302.7,109497.5,108302.6,109313.7,72.07755343
XXBTZUSD,60,20251031,040000,109313.7,109995.8,109201,109550.1,84.22366916
XXBTZUSD,60,20251031,050000,109550.1,109589.1,108531.3,108800.1,24.89018662
XXBTZUSD,60,20251031,060000,108800.1,109250,108650.1,109192.5,68.40613121
XXBTZUSD,60,20251031,070000,109192.6,110129.9,109161.8,110125,104.32473024
XXBTZUSD,60,20251031,080000,110125,110125,109675.5,109851.6,22.49495004
XXBTZUSD,60,20251031,090000,109851.6,109859.6,109500,109610,20.04245066
XXBTZUSD,60,20251031,100000,109610,109675,109270.7,109426.8,71.05023221
XXBTZUSD,60,20251031,110000,109426.9,110000,109151.9,109999.9,46.57841442
XXBTZUSD,60,20251031,120000,110000,110398,109793.5,109793.5,40.82038066
XXBTZUSD,60,20251031,130000,109794.6,110000,109734.2,109767.5,21.86622548
XXBTZUSD,60,20251031,140000,109767.5,110423,109423.1,110379.7,80.92715612
XXBTZUSD,60,20251031,150000,110379.7,110609.1,109599.7,109599.7,93.30188635
XXBTZUSD,60,20251031,160000,109599.7,110159,109338.1,110086.6,50.51465443
XXBTZUSD,60,20251031,170000,110086.6,110919.4,109615.8,110700,97.21170432
XXBTZUSD,60,20251031,180000,110700.1,111000,110095.3,110127.6,137.36874199
XXBTZUSD,60,20251031,190000,110130.2,110159.2,108641.1,108723.3,65.34310604
XXBTZUSD,60,20251031,200000,108723.3,109341.5,108564.3,109231.1,72.80073327
XXBTZUSD,60,20251031,210000,109231.1,109740.4,108940,109391,55.85634747
XXBTZUSD,60,20251031,220000,109391,110090.3,109057.4,109763.5,75.77874577
XXBTZUSD,60,20251031,230000,109763.5,109763.5,109365.6,109410.1,43.82322231
XXBTZUSD,60,20251101,000000,109410.1,109666,109265.9,109535.1,26.73707818
XXBTZUSD,60,20251101,010000,109535.1,109708.1,109488,109577.8,11.11949496
XXBTZUSD,60,20251101,020000,109577.8,109609.9,109456.5,109552.7,9.3324908
XXBTZUSD,60,20251101,030000,109552.7,109694.2,109370,109669.9,13.48810752
XXBTZUSD,60,20251101,040000,109669.9,109931.9,109650.1,109713.1,10.13886094
XXBTZUSD,60,20251101,050000,109713.1,109770,109480.9,109768.2,26.18465103
XXBTZUSD,60,20251101,060000,109768.2,110200,109730,110162.5,21.82422574
XXBTZUSD,60,20251101,070000,110164.9,110421,110083.4,110238.4,22.03793411
XXBTZUSD,60,20251101,080000,110238.5,110253.9,110024.1,110078.1,11.85689683
XXBTZUSD,60,20251101,090000,110076.2,110081,109901.9,109906,19.07905069
XXBTZUSD,60,20251101,100000,109906,110125.5,109906,110006.5,3.88065924
XXBTZUSD,60,20251101,110000,110006.6,110159,110006.5,110152.5,5.94064445
XXBTZUSD,60,20251101,120000,110152.5,110152.5,109889.9,109890.4,122.83936366
XXBTZUSD,60,20251101,130000,109890.4,110091.4,109805.6,110048.3,25.4965383
XXBTZUSD,60,20251101,140000,110048.4,110150.1,109962.5,110000,51.7243341
XXBTZUSD,60,20251101,150000,110000,110000,109964,109974.6,56.15133019
XXBTZUSD,60,20251101,160000,109974.6,109974.6,109668.4,109884,14.38834818
XXBTZUSD,60,20251101,170000,109884,109900,109685.5,109839,7.64907322
XXBTZUSD,60,20251101,180000,109839,109839,109838.9,109839,0.04949835
XXBTZUSD,60,20251102,000000,109839,110116,109755.7,109826.5,44.61257134
XXBTZUSD,60,20251102,010000,109820.1,109979.6,109777.9,109947.5,23.62271114
XXBTZUSD,60,20251102,020000,109947.5,110040,109947.4,110018,11.88022025
XXBTZUSD,60,20251102,030000,110018,110075.6,109785.5,109859.7,112.47099259
XXBTZUSD,60,20251102,040000,109859.7,110039.5,109859.6,109930,9.00525156
XXBTZUSD,60,20251102,050000,109930.1,110130.2,109880.9,109940,30.65369933
XXBTZUSD,60,20251102,060000,109940,109994.2,109873.5,109994.2,22.26868841
XXBTZUSD,60,20251102,070000,109997.4,110646.5,109981.3,110600,68.4765293
XXBTZUSD,60,20251102,080000,110600,110600,110266.5,110400.8,129.66097891
XXBTZUSD,60,20251102,090000,110400.8,110599.9,110250,110599.9,93.11130384
XXBTZUSD,60,20251102,100000,110599.9,110925,110399.9,110886.8,52.26427383
XXBTZUSD,60,20251102,110000,110886.8,110900,110450,110739.1,140.46637065
XXBTZUSD,60,20251102,120000,110739.1,110952.3,110310.4,110629.9,124.98888875
XXBTZUSD,60,20251102,130000,110630,110810,110322.8,110370.1,21.51760005
XXBTZUSD,60,20251102,140000,110370.1,111000,110370.1,110979.9,139.00172463
XXBTZUSD,60,20251102,150000,110979.9,111058.9,110675.5,110690.1,327.31387735
XXBTZUSD,60,20251102,160000,110690.1,110690.1,110124.6,110496.8,102.85375284
XXBTZUSD,60,20251102,170000,110496.8,110622,110201.8,110370.1,13.42285053
XXBTZUSD,60,20251102,180000,110370.1,110496,110100,110100,42.2167543
XXBTZUSD,60,20251102,190000,110100.1,110100.1,109638.3,110010.8,40.24258811
XXBTZUSD,60,20251102,200000,110010.8,110190,110010.8,110070,9.19425964
XXBTZUSD,60,20251102,210000,110070,110317.1,110069.9,110317.1,22.22589792
XXBTZUSD,60,20251102,220000,110315.4,110315.4,109927,110148.6,11.55236777
XXBTZUSD,60,20251102,230000,110148.7,110148.7,109845.7,110000,25.98760135
XXBTZUSD,60,20251103,000000,110000,110104.2,109991.2,110022.1,21.09774352
XXBTZUSD,60,20251103,010000,110022,110022.1,109428.7,109774.5,17.58443032
XXBTZUSD,60,20251103,020000,109774.5,110661.7,109774.5,110589.6,28.60232852
XXBTZUSD,60,20251103,030000,110589.6,110699.6,109789.1,109789.2,10.63900954
XXBTZUSD,60,20251103,040000,109789.2,109829.3,109400,109669.9,30.86210334
XXBTZUSD,60,20251103,050000,109669.9,109697.3,108711.9,108994.2,39.46533455
XXBTZUSD,60,20251103,060000,108994.2,109102.2,107989.1,107991.4,71.22118011
XXBTZUSD,60,20251103,070000,107991.4,107991.4,107472,107800,115.37407453
XXBTZUSD,60,20251103,080000,107800,107900,107453.8,107586.9,435.07518727
XXBTZUSD,60,20251103,090000,107580.1,107641.2,107044,107400,92.30251574
XXBTZUSD,60,20251103,100000,107400,107738,107298.6,107500,531.75610561
XXBTZUSD,60,20251103,110000,107500,107587.1,106904.3,107535,542.47342714
XXBTZUSD,60,20251103,120000,107535,107854.4,107100.2,107145.9,30.09925707
XXBTZUSD,60,20251103,130000,107184.6,107587.6,106735.8,106880,34.98372652
XXBTZUSD,60,20251103,140000,106883.7,107815.6,106883.7,107760.1,12.50982744
XXBTZUSD,60,20251103,150000,107760.1,108200,107672.2,107723.1,50.24382542
XXBTZUSD,60,20251103,160000,107723.1,108000,107572.4,107886,41.69565069
XXBTZUSD,60,20251103,170000,107886,108292.6,107407.7,108020,88.72677812
XXBTZUSD,60,20251103,180000,108020,108032.5,105500,105713.4,207.93740393
XXBTZUSD,60,20251103,190000,105713.4,106700,105200.2,106649.9,152.56157124
XXBTZUSD,60,20251103,200000,106649.9,107784,106490.8,107424.8,106.36080772
XXBTZUSD,60,20251103,210000,107424.8,107518.6,106800,106937.9,44.30489414
XXBTZUSD,60,20251103,220000,106937.9,107325.1,106450.2,107020,90.72680042
XXBTZUSD,60,20251103,230000,107020,107100.2,106310.5,106589.9,77.92971469
XXBTZUSD,60,20251104,000000,106589.9,107011.8,106110,106840.2,91.04328048
XXBTZUSD,60,20251104,010000,106840.2,106840.2,105811,106387.3,97.75640335
XXBTZUSD,60,20251104,020000,106387.3,106644.7,105966.7,106538.3,40.68737549
XXBTZUSD,60,20251104,030000,106538.3,106769.9,105860,106424.5,50.97173725
XXBTZUSD,60,20251104,040000,106424.5,107252.2,106272.9,107030.3,36.77150279
XXBTZUSD,60,20251104,050000,107030.3,107200,106491.3,106500,23.67526314
XXBTZUSD,60,20251104,060000,106500,107135,106184.3,107134.8,47.10078924
XXBTZUSD,60,20251104,070000,107134.9,107258.7,106683.1,106732.5,35.45998958
XXBTZUSD,60,20251104,080000,106732.5,106732.5,104210.4,104210.5,162.2551426
XXBTZUSD,60,20251104,090000,104210.5,105132.7,104210.4,104700,98.68401335
XXBTZUSD,60,20251104,100000,104700,104850.1,104300.6,104428.3,62.84485626
XXBTZUSD,60,20251104,110000,104428.3,104516.4,103676.3,104000.1,137.11708093
XXBTZUSD,60,20251104,120000,104000.1,104046,103576.5,103831,62.22494476
XXBTZUSD,60,20251104,130000,103831,103998,103614.7,103812.9,49.77337812
XXBTZUSD,60,20251104,140000,103812.9,104600,103760,104540,79.03220041
XXBTZUSD,60,20251104,150000,104540,104549.9,103768.8,103852,202.99633215
XXBTZUSD,60,20251104,160000,103856.2,104128.4,103500,103849.9,146.40402752
XXBTZUSD,60,20251104,170000,103849.9,104641.9,102681.2,104499.2,254.66160289
XXBTZUSD,60,20251104,180000,104499.2,104752.7,103160,103160.1,90.61916749
XXBTZUSD,60,20251104,190000,103160.1,103400,102111,102199.9,201.14612183
XXBTZUSD,60,20251104,200000,102200,102200,100498,101080.1,420.27149492
XXBTZUSD,60,20251104,210000,101080.1,101434.9,99942.6,101290.9,533.9250473
XXBTZUSD,60,20251104,220000,101290.9,101586,100211.7,100395,245.62292
XXBTZUSD,60,20251104,230000,100395.1,101067.2,99500,100689.9,360.71873098
XXBTZUSD,60,20251105,000000,100690,100791.9,98900,100280,352.25563306
XXBTZUSD,60,20251105,010000,100280,101858.6,100125,101247.9,317.82969263
XXBTZUSD,60,20251105,020000,101272.7,101659.2,100917.8,101537.3,65.43872358
XXBTZUSD,60,20251105,030000,101537.2,101740.1,100336.8,100599.1,85.94906438
XXBTZUSD,60,20251105,040000,100599.1,100978.4,98943.9,100672.7,202.71347282
XXBTZUSD,60,20251105,050000,100703.2,101887.2,100703.2,101669.2,84.54469827
XXBTZUSD,60,20251105,060000,101654.2,102244.2,101500,102118.5,161.02326972
XXBTZUSD,60,20251105,070000,102118.5,102222.6,101550,101947.2,88.19761593
XXBTZUSD,60,20251105,080000,101947.2,102259.9,101586,101770,88.03287002
XXBTZUSD,60,20251105,090000,101770,102110.2,101550,102059.5,19.24400584
XXBTZUSD,60,20251105,100000,102059.5,102120.2,101665.2,102039.9,52.34900043
XXBTZUSD,60,20251105,110000,102040,102040,101194.7,101724.2,88.42343552
XXBTZUSD,60,20251105,120000,101724.3,102175.8,101640.1,101969,31.77896274
XXBTZUSD,60,20251105,130000,101969,101969,101310,101348.2,70.99568314
XXBTZUSD,60,20251105,140000,101348.2,102013.5,101348.2,102000,33.11432423
XXBTZUSD,60,20251105,150000,102000,102700,101940.8,102655.6,72.15168517
XXBTZUSD,60,20251105,160000,102655.6,103209.8,102290.1,102975.1,107.23756585
XXBTZUSD,60,20251105,170000,102975.2,103393.9,102139.4,103180.1,195.57519088
XXBTZUSD,60,20251105,180000,103180.1,103736.8,102805.2,103712.9,119.16172206
XXBTZUSD,60,20251105,190000,103712.9,103998,103108.9,103914,98.88904232
XXBTZUSD,60,20251105,200000,103914,103986.3,103400,103915.9,122.42103321
XXBTZUSD,60,20251105,210000,103915.9,104378.5,103772.2,104344,185.64710911
XXBTZUSD,60,20251105,220000,104344,104498,103974.3,104090,95.07214432
XXBTZUSD,60,20251105,230000,104090.1,104499.9,103581.8,103850.4,119.91405005
XXBTZUSD,60,20251106,000000,103850.4,103850.4,103528.4,103656.2,66.7319609
XXBTZUSD,60,20251106,010000,103656.2,103758.5,103236.1,103696,75.22173765
XXBTZUSD,60,20251106,020000,103696.1,104055.8,103696,103900,30.71872142
XXBTZUSD,60,20251106,030000,103900,103900,103330,103672.2,29.81045529
XXBTZUSD,60,20251106,040000,103672.2,103672.2,102740.1,103345.9,55.53847668
XXBTZUSD,60,20251106,050000,103346,103541.8,102838.9,103362.8,33.3814991
XXBTZUSD,60,20251106,060000,103362.8,103911.3,103362.7,103615,18.41583719
XXBTZUSD,60,20251106,070000,103615,104115.9,103575.3,104000,57.94354056
XXBTZUSD,60,20251106,080000,104000,104000,103088.1,103117.6,80.78133777
XXBTZUSD,60,20251106,090000,103117.6,103577.6,103000,103320.2,19.60178607
XXBTZUSD,60,20251106,100000,103320.3,103506.7,102927.3,103236.3,39.84864983
XXBTZUSD,60,20251106,110000,103236.2,103418.2,103000,103200,25.72805383
XXBTZUSD,60,20251106,120000,103200,103200,102869.7,102869.7,16.68470871
XXBTZUSD,60,20251106,130000,102869.8,103259.5,102650,103148.1,41.0234378
XXBTZUSD,60,20251106,140000,103148.1,103256.2,102777,103172.8,22.52214033
XXBTZUSD,60,20251106,150000,103172.8,103265.2,102406,102530,47.65396799
XXBTZUSD,60,20251106,160000,102530,103506.4,102530,103253.7,44.6546921
XXBTZUSD,60,20251106,170000,103253.7,103526.8,102013.5,102063.8,141.76549774
XXBTZUSD,60,20251106,180000,102063.8,102839.2,101586,101950.7,160.23180778
XXBTZUSD,60,20251106,190000,101950.7,102320,100266,100813.3,264.35997792
XXBTZUSD,60,20251106,200000,100813.3,101852.9,100720.1,101744.2,82.10426003
XXBTZUSD,60,20251106,210000,101744.2,102236.8,100929.3,101687.3,93.67439426
XXBTZUSD,60,20251106,220000,101687.3,101951.6,101158.9,101355,138.75065562
XXBTZUSD,60,20251106,230000,101355.1,101564.1,100648.9,100865.9,73.44710667
XXBTZUSD,60,20251107,000000,100865.9,101160.3,100550,101079.6,31.43818054
XXBTZUSD,60,20251107,010000,101079.6,101417.8,100946,101358.8,50.74525697
XXBTZUSD,60,20251107,020000,101358.8,101413.3,101130,101290.1,47.65616041
XXBTZUSD,60,20251107,030000,101290.1,101539.5,100667.3,101490.1,64.67874578
XXBTZUSD,60,20251107,040000,101490.1,101816.2,100869.4,101476.4,27.87131626
XXBTZUSD,60,20251107,050000,101476.4,101817.9,101242.8,101817.9,24.1051278
XXBTZUSD,60,20251107,060000,101817.9,102258.7,101817.8,101864.9,32.63391218
XXBTZUSD,60,20251107,070000,101865,101991,101525.1,101968.9,42.38297326
XXBTZUSD,60,20251107,080000,101969,102431.9,101968.9,102388.7,35.31127579
XXBTZUSD,60,20251107,090000,102388.7,102438.4,101817.9,101817.9,13.17401956
XXBTZUSD,60,20251107,100000,101818,101973.6,101633.1,101973.6,74.39321541
XXBTZUSD,60,20251107,110000,101966.6,101966.6,101439.9,101489.9,12.39253351
XXBTZUSD,60,20251107,120000,101490,101490,100753.2,100972.7,65.35199215
XXBTZUSD,60,20251107,130000,100972.8,101199.3,100562.2,100768.7,47.20097894
XXBTZUSD,60,20251107,140000,100768.7,100768.7,99729.8,100369.4,104.80055889
XXBTZUSD,60,20251107,150000,100369.4,100500,99222,99560,773.48918432
XXBTZUSD,60,20251107,160000,99560.1,100482.8,99430,100249.9,85.4981204
XXBTZUSD,60,20251107,170000,100249.9,100760.5,99441.2,100706.7,297.34918851
XXBTZUSD,60,20251107,180000,100706.8,101200,100320.1,100780,496.56992032
XXBTZUSD,60,20251107,190000,100770.1,101490,99480.4,101079.8,577.39240406
XXBTZUSD,60,20251107,200000,101079.9,102567,100911.5,102279.9,602.09981628
XXBTZUSD,60,20251107,210000,102280,102796.8,102270,102553.5,218.63978042
XXBTZUSD,60,20251107,220000,102553.6,103274.2,102435.7,103274.2,298.74410228
XXBTZUSD,60,20251107,230000,103274.2,103860.4,102924.7,103714.6,435.85713023
XXBTZUSD,60,20251108,000000,103714.7,103820.6,103326.4,103820.6,57.94520875
XXBTZUSD,60,20251108,010000,103820.5,103995,103575,103620,78.2429648
XXBTZUSD,60,20251108,020000,103620.1,103670.8,103279.8,103279.9,57.73191512
XXBTZUSD,60,20251108,030000,103279.9,103320,102506.1,102645.2,71.16498594
XXBTZUSD,60,20251108,040000,102645.2,103160.8,102610,102932,14.05661763
XXBTZUSD,60,20251108,050000,102932,103183.1,102721.6,102757.7,8.82787815
XXBTZUSD,60,20251108,060000,102757.8,103245.8,102521.7,102600,21.04921941
XXBTZUSD,60,20251108,070000,102590.1,102757.1,102393.7,102472.6,20.41328788
XXBTZUSD,60,20251108,080000,102472.6,102668.1,102265.7,102283.6,15.76565919
XXBTZUSD,60,20251108,090000,102283.6,102465.2,102099.3,102200.1,60.59468403
XXBTZUSD,60,20251108,100000,102200.1,102332.6,101940.1,102299.9,28.43681013
XXBTZUSD,60,20251108,110000,102300,102619.4,102142.6,102415.2,30.06413729
XXBTZUSD,60,20251108,120000,102415.2,102551.5,102203.6,102356.4,35.08373491
XXBTZUSD,60,20251108,130000,102356.2,102520,102265.2,102514.6,31.66490975
XXBTZUSD,60,20251108,140000,102510.1,102589.8,101750,101800.1,70.52740816
XXBTZUSD,60,20251108,150000,101800.1,102010.4,101750,102003.8,20.91243497
XXBTZUSD,60,20251108,160000,102009.9,102128,101706,101820.1,19.76752298
XXBTZUSD,60,20251108,170000,101820.1,102002.7,101500,101867,28.54608091
XXBTZUSD,60,20251108,180000,101867,101923.3,101489.9,101665.5,15.86621852
XXBTZUSD,60,20251108,190000,101665.5,101910.5,101520,101760.1,42.89038944
XXBTZUSD,60,20251108,200000,101770,101988.6,101600,101961.8,61.8401129
XXBTZUSD,60,20251108,210000,101961.8,102185.1,101818.5,102185.1,26.35371701
XXBTZUSD,60,20251108,220000,102185.1,102185.1,101573.8,101950,14.41731482
XXBTZUSD,60,20251108,230000,101950.1,102130,101950,102022.2,13.51774721
XXBTZUSD,60,20251109,000000,102022.2,102300,102022.2,102260,6.92084021
XXBTZUSD,60,20251109,010000,102260.1,102368.9,102204.6,102368.8,16.24510966
XXBTZUSD,60,20251109,020000,102368.9,102449.9,102271.1,102282.1,14.59672178
XXBTZUSD,60,20251109,030000,102282.1,102299.3,101602.6,101743.8,18.90377797
XXBTZUSD,60,20251109,040000,101743.8,102020.5,101714.4,102020.5,6.80820999
XXBTZUSD,60,20251109,050000,102020.5,102020.5,101599.9,101600,9.46352876
XXBTZUSD,60,20251109,060000,101600,101765.3,101430,101624.3,36.96430302
XXBTZUSD,60,20251109,070000,101624.4,102050.3,101612.5,101703.9,14.52309086
XXBTZUSD,60,20251109,080000,101703.9,101945,101646.3,101890.1,16.00646261
XXBTZUSD,60,20251109,090000,101890.1,101890.1,101682.2,101682.2,4.69107083
XXBTZUSD,60,20251109,100000,101682.3,101887.3,101682.2,101887.3,57.65093426
XXBTZUSD,60,20251109,110000,101887.3,101990,101821.8,101940.6,14.33802761
XXBTZUSD,60,20251109,120000,101940.6,102050.3,101633.6,101641.2,9.79373222
XXBTZUSD,60,20251109,130000,101641.2,101860,101527.4,101840.7,9.73801804
XXBTZUSD,60,20251109,140000,101840.7,102287,101840.7,102210.1,19.47938072
XXBTZUSD,60,20251109,150000,102210.1,102396.2,102090,102090.1,41.63712996
XXBTZUSD,60,20251109,160000,102090.1,102911.2,102090,102897.6,26.83271762
XXBTZUSD,60,20251109,170000,102897.6,103955.5,102765.2,102954,141.47315726
XXBTZUSD,60,20251109,180000,102964.3,104127,102964.3,103766.7,135.57047598
XXBTZUSD,60,20251109,190000,103766.7,103811.4,103356.6,103805,25.2098592
XXBTZUSD,60,20251109,200000,103805,103924.4,103285.8,103594.5,22.05475037
XXBTZUSD,60,20251109,210000,103594.5,104500,103555,104499.9,131.25350157
XXBTZUSD,60,20251109,220000,104500,104791,104150,104791,165.152401
XXBTZUSD,60,20251109,230000,104791,104999,104450.3,104605,89.95212093
XXBTZUSD,60,20251110,000000,104605,104760.1,104328.5,104510,25.97535275
XXBTZUSD,60,20251110,010000,104510,104742.4,104089.4,104699.9,45.98413316
XXBTZUSD,60,20251110,020000,104699.9,105431.9,104530,104729.8,78.70287758
XXBTZUSD,60,20251110,030000,104729.9,106476.8,104300,106270,194.06954563
XXBTZUSD,60,20251110,040000,106270,106593.5,105765.4,105765.4,100.89962898
XXBTZUSD,60,20251110,050000,105765.5,106000,105620.5,105999.9,22.91444582
XXBTZUSD,60,20251110,060000,106000,106206.9,105871.6,106015.7,34.72403469
XXBTZUSD,60,20251110,070000,106015.7,106236.8,105850,106163.4,24.53471141
XXBTZUSD,60,20251110,080000,106163.4,106427.4,105998.3,106050.7,25.182354
XXBTZUSD,60,20251110,090000,106050.7,106253,106000,106203.7,92.98052809
XXBTZUSD,60,20251110,100000,106203.8,106492,106180,106416.5,67.20433575
XXBTZUSD,60,20251110,110000,106416.5,106500,105882.8,105920.1,23.1720679
XXBTZUSD,60,20251110,120000,105920.1,106582.1,105880,106386.1,77.52319129
XXBTZUSD,60,20251110,130000,106386.1,106386.1,105950.2,105994.3,32.20612355
XXBTZUSD,60,20251110,140000,105994.4,106264.5,105943.2,106200,12.32105483
XXBTZUSD,60,20251110,150000,106200,106200,105870,105900.1,37.32646306
XXBTZUSD,60,20251110,160000,105900.1,106500,105899.9,106500,40.83725382
XXBTZUSD,60,20251110,170000,106500,106500,104657.6,104901.9,210.0361918
XXBTZUSD,60,20251110,180000,104901.9,105587.9,104659.7,105017.9,114.55555514
XXBTZUSD,60,20251110,190000,105017.9,105320.4,104767.9,105208.7,40.9617566
XXBTZUSD,60,20251110,200000,105208.7,105944.5,105168.1,105944.5,37.41722577
XXBTZUSD,60,20251110,210000,105944.5,106041.1,105520,105520,47.05171776
XXBTZUSD,60,20251110,220000,105510.1,105990.3,105398,105768.1,39.49139363
XXBTZUSD,60,20251110,230000,105768.1,106246.4,105768.1,106000.7,50.79728822
XXBTZUSD,60,20251111,000000,106000.7,106000.7,105273.2,105589.1,27.51461632
XXBTZUSD,60,20251111,010000,105589.2,106060,105345.8,106031.5,42.54510056
XXBTZUSD,60,20251111,020000,106031.5,106220,105906.7,105973.3,20.00994455
XXBTZUSD,60,20251111,030000,105973.3,106106,105511.9,106106,16.87358103
XXBTZUSD,60,20251111,040000,106106,107400,106006.8,106059.9,81.51559155
XXBTZUSD,60,20251111,050000,106059.9,107017.7,105613.3,106655.8,25.94952906
XXBTZUSD,60,20251111,060000,106655.8,107046.2,106400,106470.1,119.09051761
XXBTZUSD,60,20251111,070000,106470.1,106490.1,105702,105703.8,24.2828757
XXBTZUSD,60,20251111,080000,105703.8,105703.8,105163.1,105273.3,18.12007907
XXBTZUSD,60,20251111,090000,105270.2,105270.2,104895.6,105250.1,22.58932105
XXBTZUSD,60,20251111,100000,105250.1,105270.2,104731.4,104731.5,49.05352642
XXBTZUSD,60,20251111,110000,104731.5,105191.5,104731.4,105125.8,8.22061371
XXBTZUSD,60,20251111,120000,105125.9,105385.3,104950,104950,18.76255688
XXBTZUSD,60,20251111,130000,104950.1,105165.3,104950,105075.5,30.29579984
XXBTZUSD,60,20251111,140000,105075.5,105440.1,105075.5,105230,8.91395779
XXBTZUSD,60,20251111,150000,105230,105461.2,104400,104510,74.1272116
XXBTZUSD,60,20251111,160000,104510,104670.4,104250.1,104350.1,142.46055354
XXBTZUSD,60,20251111,170000,104350.1,104651.8,103851.2,104620,156.00022351
XXBTZUSD,60,20251111,180000,104590.1,104590.1,103201.5,103480.1,140.48263522
XXBTZUSD,60,20251111,190000,103480.1,103670,103221.2,103341.8,40.53543036
XXBTZUSD,60,20251111,200000,103341.9,103591,102851,103308.1,90.6897101
XXBTZUSD,60,20251111,210000,103308.1,103495.5,103090.3,103368.8,27.9754468
XXBTZUSD,60,20251111,220000,103368.8,103412,102910.1,103105.1,31.54669075
XXBTZUSD,60,20251111,230000,103105.1,103188.8,102676.7,102700,51.49267101
XXBTZUSD,60,20251112,000000,102710,103030.1,102471.8,102596.4,20.00565199
XXBTZUSD,60,20251112,010000,102596.5,103070,102469.8,102960.1,42.17573562
XXBTZUSD,60,20251112,020000,102960.1,103142.2,102791.4,103011.5,19.10006142
XXBTZUSD,60,20251112,030000,103011.5,103268.3,102800,102870.1,18.20386017
XXBTZUSD,60,20251112,040000,102870.1,103307,102706,103205.1,12.55947647
XXBTZUSD,60,20251112,050000,103205.1,103307,102966.1,103086.3,10.50238399
XXBTZUSD,60,20251112,060000,103086.4,103344.2,103086.3,103254.8,6.08949629
XXBTZUSD,60,20251112,070000,103254.8,103412,103050,103148.1,13.05675956
XXBTZUSD,60,20251112,080000,103148.1,103409.1,103148,103331.9,12.55726219
XXBTZUSD,60,20251112,090000,103331.9,103575,103331.9,103364.1,10.35938993
XXBTZUSD,60,20251112,100000,103364.1,103490,103058.3,103117.5,23.618706
XXBTZUSD,60,20251112,110000,103119.4,104180.9,103119.3,104140.1,128.33600458
XXBTZUSD,60,20251112,120000,104140.1,104999.9,104140.1,104486.4,178.13555222
XXBTZUSD,60,20251112,130000,104486.5,104958.1,104485.9,104880,17.46699018
XXBTZUSD,60,20251112,140000,104880,105183.2,104767.7,104994.2,66.75448517
XXBTZUSD,60,20251112,150000,104994.2,105274,104816.9,105019.7,42.24033237
XXBTZUSD,60,20251112,160000,105019.7,105159.5,104650,105000.1,20.19288802
XXBTZUSD,60,20251112,170000,105000.1,105000.1,103625.8,103900,210.22676031
XXBTZUSD,60,20251112,180000,103900,104250.1,101937.4,102170.9,204.44630323
XXBTZUSD,60,20251112,190000,102170.9,102255.3,101346.2,101455.6,125.0696624
XXBTZUSD,60,20251112,200000,101455.6,102072,101450,101750.1,56.50745725
XXBTZUSD,60,20251112,210000,101750.1,101910,101425,101579.2,60.92130645
XXBTZUSD,60,20251112,220000,101579.2,101579.2,100796,101279.9,60.45962432
XXBTZUSD,60,20251112,230000,101280,101830,101150,101520,88.77477304
XXBTZUSD,60,20251113,000000,101520,101890,101520,101890,33.42098607
XXBTZUSD,60,20251113,010000,101890,101976.8,101427,101976.8,74.38454178
XXBTZUSD,60,20251113,020000,101976.8,101982.8,101509.2,101666.6,44.65851257
XXBTZUSD,60,20251113,030000,101666.7,102000,101454,101856.9,74.06370179
XXBTZUSD,60,20251113,040000,101856.9,102529,101856.8,101953.7,38.14053381
XXBTZUSD,60,20251113,050000,101953.6,102320.1,101953.6,102050.1,13.42135649
XXBTZUSD,60,20251113,060000,102050.1,102464.5,100969.9,102162.8,66.36907038
XXBTZUSD,60,20251113,070000,102162.9,102332.3,101720.2,102142,19.07528105
XXBTZUSD,60,20251113,080000,102142.1,103351,101820.2,103129.4,46.84493772
XXBTZUSD,60,20251113,090000,103129.5,103629.7,102905.7,103538.7,64.16510511
XXBTZUSD,60,20251113,100000,103538.7,103999,103324.9,103457.8,23.8729172
XXBTZUSD,60,20251113,110000,103457.8,103700,103396,103650,28.59391656
XXBTZUSD,60,20251113,120000,103650.1,103650.1,102550.4,102767,84.22936217
XXBTZUSD,60,20251113,130000,102767.1,103183.1,102767,102907.8,23.2872014
XXBTZUSD,60,20251113,140000,102907.8,103096.5,102699,102923.7,28.92579187
XXBTZUSD,60,20251113,150000,102923.8,103250.1,102777,103094,17.15555847
XXBTZUSD,60,20251113,160000,103094,103094,102127.7,102300,79.19900174
XXBTZUSD,60,20251113,170000,102300.1,103360.2,101714.1,102930,121.49945917
XXBTZUSD,60,20251113,180000,102920.1,102920.1,101217,101390.1,92.93728441
XXBTZUSD,60,20251113,190000,101390.1,101490.5,100591.7,100591.8,105.65941428
XXBTZUSD,60,20251113,200000,100591.8,100754,99575.4,99603.3,212.43505362
XXBTZUSD,60,20251113,210000,99603.3,99841.9,98130.1,98530.8,462.67977489
XXBTZUSD,60,20251113,220000,98530.8,99190.8,98302,98640.1,316.87985718
XXBTZUSD,60,20251113,230000,98640.1,98930.4,98000,98070,200.59729042
XXBTZUSD,60,20251114,000000,98080,98832.6,98000,98780.1,84.23601131
XXBTZUSD,60,20251114,010000,98780.1,99886,98700,99749.6,109.86693287
XXBTZUSD,60,20251114,020000,99749.6,100363.1,99580.3,99680.1,96.34785975
XXBTZUSD,60,20251114,030000,99680.1,99680.1,98690.4,98960.4,130.2080404
XXBTZUSD,60,20251114,040000,98960.4,99420.5,98702.2,99205.3,71.71564658
XXBTZUSD,60,20251114,050000,99205.3,99806.9,99204.6,99607.6,17.53416908
XXBTZUSD,60,20251114,060000,99607.6,99607.6,98806.4,99091.5,24.59226064
XXBTZUSD,60,20251114,070000,99091.5,99131.7,96532.9,97779.9,256.3164069
XXBTZUSD,60,20251114,080000,97780,97965,97000,97469.9,213.37705688
XXBTZUSD,60,20251114,090000,97470,97488,96000,97488,204.6398504
XXBTZUSD,60,20251114,100000,97488,97650,96800,97097.4,102.97906054
XXBTZUSD,60,20251114,110000,97097.5,97384.6,96801,97344.6,197.39392291
XXBTZUSD,60,20251114,120000,97344.6,97437.4,96605.1,96820.1,225.16716306
XXBTZUSD,60,20251114,130000,96820.1,97197.8,96655,96720,59.56469051
XXBTZUSD,60,20251114,140000,96720,96841.4,95716.8,96153.9,162.24961494
XXBTZUSD,60,20251114,150000,96153.9,96153.9,94506.6,95277.2,376.9797351
XXBTZUSD,60,20251114,160000,95277.2,95578.6,94558,95149.3,256.16772472
XXBTZUSD,60,20251114,170000,95149.3,96720.8,94910.1,96465.2,362.77711514
XXBTZUSD,60,20251114,180000,96465.2,97207.3,95788.1,96695.8,158.39299999
XXBTZUSD,60,20251114,190000,96695.8,97316.5,96224,96970.1,140.06879296
XXBTZUSD,60,20251114,200000,96970.1,97066,95596.7,95770,110.45253731
XXBTZUSD,60,20251114,210000,95770,96237.3,94886.7,94960,207.43981135
XXBTZUSD,60,20251114,220000,94960,95825.5,94755,95714.4,115.00856841
XXBTZUSD,60,20251114,230000,95714.4,95842.8,94165,94267.1,160.93240733
XXBTZUSD,60,20251115,000000,94267.1,95000,94220,95000,91.54786972
XXBTZUSD,60,20251115,010000,95000,95387.2,94650,95070.1,28.01004219
XXBTZUSD,60,20251115,020000,95108.6,95108.6,94000,94517.3,78.67519298
XXBTZUSD,60,20251115,030000,94500.1,95287,94478.5,95060,64.58490931
XXBTZUSD,60,20251115,040000,95060,95666,94685.3,95568.4,70.24923177
XXBTZUSD,60,20251115,050000,95559.4,96315.5,95359.8,96315.5,60.61303096
XXBTZUSD,60,20251115,060000,96315.5,96700,96119.2,96309.9,70.84575539
XXBTZUSD,60,20251115,070000,96310,96411.6,95923.3,96074.7,28.50261724
XXBTZUSD,60,20251115,080000,96074.7,96324.6,95950.2,96263.1,25.45813143
XXBTZUSD,60,20251115,090000,96263.1,96500,95923.8,96029.9,299.02726863
XXBTZUSD,60,20251115,100000,96030,96289.9,95901,96250,18.26167006
XXBTZUSD,60,20251115,110000,96250,96250,95600,95834.9,229.994576
XXBTZUSD,60,20251115,120000,95835,95990.3,95621.3,95780.1,55.76464841
XXBTZUSD,60,20251115,130000,95770.1,95950,95650,95900,23.56058605
XXBTZUSD,60,20251115,140000,95900,95900,95568.6,95575.5,13.92764335
XXBTZUSD,60,20251115,150000,95575.5,95793.2,95519.3,95728.8,23.40359441
XXBTZUSD,60,20251115,160000,95728.8,96292.4,95700,96287.7,33.68497778
XXBTZUSD,60,20251115,170000,96287.7,96402.5,96010,96196.7,25.66827415
XXBTZUSD,60,20251115,180000,96196.7,96343.4,96050.3,96216.1,46.36802672
XXBTZUSD,60,20251115,190000,96216.1,96233.4,95677.3,96074,108.07368955
XXBTZUSD,60,20251115,200000,96074.1,96269.3,95823.6,96166.6,49.47321365
XXBTZUSD,60,20251115,210000,96166.6,96245.1,95903.6,95985.1,14.71249365
XXBTZUSD,60,20251115,220000,95985.1,96075,95874.2,95939.8,18.40616031
XXBTZUSD,60,20251115,230000,95939.8,95939.8,95075.4,95223,32.46879736
XXBTZUSD,60,20251116,000000,95223.1,95597.4,95075.4,95180.1,19.06100616
XXBTZUSD,60,20251116,010000,95180.1,95594.9,95180,95551.6,20.7130343
XXBTZUSD,60,20251116,020000,95551.6,95627.1,95427.3,95537.9,15.53725811
XXBTZUSD,60,20251116,030000,95538,95599.9,95200,95380.1,23.5823026
XXBTZUSD,60,20251116,040000,95380.1,95420,94800,95240.1,32.55912434
XXBTZUSD,60,20251116,050000,95240.1,95888.8,95047.7,95888.8,20.83022666
XXBTZUSD,60,20251116,060000,95888.8,95900.3,95586.6,95766.5,8.55636689
XXBTZUSD,60,20251116,070000,95766.5,95820.1,95582.9,95750,4.15125088
XXBTZUSD,60,20251116,080000,95750,96052.9,95749.9,95865.1,17.31515726
XXBTZUSD,60,20251116,090000,95865.1,95913.3,95750,95750.1,11.88466595
XXBTZUSD,60,20251116,100000,95750.1,96000,95720,96000,4.37895255
XXBTZUSD,60,20251116,110000,96000,96107.7,95787.2,96052.9,31.67936081
XXBTZUSD,60,20251116,120000,96052.9,96486,95910,96486,46.02772186
XXBTZUSD,60,20251116,130000,96489,96498.8,96331.6,96375.2,37.74317594
XXBTZUSD,60,20251116,140000,96375.2,96375.2,95447.2,95550,45.24352963
XXBTZUSD,60,20251116,150000,95550,95820,95390,95643,151.36196343
XXBTZUSD,60,20251116,160000,95643,95780,95132.4,95396,40.09294773
XXBTZUSD,60,20251116,170000,95396,95575.1,95246.1,95483.3,15.85261329
XXBTZUSD,60,20251116,180000,95483.3,95483.3,94300.8,94430.1,84.6222399
XXBTZUSD,60,20251116,190000,94430.1,94863.1,94000,94154.7,149.00242075
XXBTZUSD,60,20251116,200000,94154.7,94470.8,93654.3,94290.1,108.84804826
XXBTZUSD,60,20251116,210000,94290.1,95494,93772.4,93950.3,102.00184525
XXBTZUSD,60,20251116,220000,93950.3,94518,93941.3,93962.4,80.23801677
XXBTZUSD,60,20251116,230000,93962.3,94640.1,93941.3,94065.4,54.07154623
XXBTZUSD,60,20251117,000000,94065.5,94137.3,93333,93402.9,84.14371935
XXBTZUSD,60,20251117,010000,93402.9,94415.5,92890.6,94110.3,146.36706632
XXBTZUSD,60,20251117,020000,94110.3,94400,92924.2,94190.1,63.48070681
XXBTZUSD,60,20251117,030000,94190.1,95300,93730.1,95230,128.86649787
XXBTZUSD,60,20251117,040000,95230,95427.5,94733.7,94742.2,78.09923455
XXBTZUSD,60,20251117,050000,94742.2,95280.9,94699.6,94912,17.11376121
XXBTZUSD,60,20251117,060000,94912,95476.7,94911.9,95399.9,60.68879082
XXBTZUSD,60,20251117,070000,95400,95424.8,94881.7,95042.5,20.13612701
XXBTZUSD,60,20251117,080000,95042.5,95187.2,94870.2,95090.1,68.80835477
XXBTZUSD,60,20251117,090000,95090.1,95208.4,94836.3,95205.3,43.99612942
XXBTZUSD,60,20251117,100000,95205.3,95770.8,95137.2,95620.1,51.53309025
XXBTZUSD,60,20251117,110000,95620.1,95888,95450,95543.8,26.68202953
XXBTZUSD,60,20251117,120000,95543.9,95748.7,95258.3,95603.5,53.67959885
XXBTZUSD,60,20251117,130000,95603.5,95817.1,95512.1,95570.1,98.63796499
XXBTZUSD,60,20251117,140000,95570.2,95800,95350,95479.9,31.56041265
XXBTZUSD,60,20251117,150000,95479.9,95479.9,95226.5,95226.7,39.80103922
XXBTZUSD,60,20251117,160000,95226.7,95245.6,93500,93810,126.38591722
XXBTZUSD,60,20251117,170000,93820,95865.8,93743.1,94671.5,219.7048028
XXBTZUSD,60,20251117,180000,94671.5,94926.8,93743.1,93826.3,151.83140691
XXBTZUSD,60,20251117,190000,93826.4,94330.9,93000,94210.1,136.12550937
XXBTZUSD,60,20251117,200000,94210.1,94319,92600,92690.1,160.39561584
XXBTZUSD,60,20251117,210000,92690.1,93077.4,92201.8,92460.1,320.22756826
XXBTZUSD,60,20251117,220000,92460.1,92500,91463.4,91549.8,313.58105774
XXBTZUSD,60,20251117,230000,91549.8,92103.3,91150,91860,406.75973152
XXBTZUSD,60,20251118,000000,91850,92125.2,91335.1,91830.3,329.7354899
XXBTZUSD,60,20251118,010000,91830.4,92281.4,91694.7,92149.1,118.76734789
XXBTZUSD,60,20251118,020000,92149.1,92160.1,91705.6,92101.3,108.50332231
XXBTZUSD,60,20251118,030000,92101.3,92220,91100,92054.4,97.23569877
XXBTZUSD,60,20251118,040000,92054.4,92055.5,91523.9,91655.6,111.45380304
XXBTZUSD,60,20251118,050000,91655.6,91655.6,90650,90740.1,154.64036926
XXBTZUSD,60,20251118,060000,90740.1,90800,89669,90743.9,366.07281439
XXBTZUSD,60,20251118,070000,90743.9,90743.9,89251.9,90002.1,254.85391243
XXBTZUSD,60,20251118,080000,90002.1,90315.8,89641,90125.4,63.71141259
XXBTZUSD,60,20251118,090000,90125.5,90125.5,89282,89538.6,59.91737524
XXBTZUSD,60,20251118,100000,89538.6,90400,89281.5,90380,76.7037386
XXBTZUSD,60,20251118,110000,90380,91289.5,90379.9,91126.8,80.7241705
XXBTZUSD,60,20251118,120000,91126.9,91329.3,90850,91329.3,166.45936108
XXBTZUSD,60,20251118,130000,91329.3,91602.2,91165.6,91485.9,167.52407766
XXBTZUSD,60,20251118,140000,91485.9,91488.9,91167.5,91410.1,46.78971984
XXBTZUSD,60,20251118,150000,91410.1,91744.6,91063.2,91339.2,99.45387643
XXBTZUSD,60,20251118,160000,91339.2,91500,90837.5,91390,100.18505169
XXBTZUSD,60,20251118,170000,91390.1,92331.5,91138.8,91307.6,162.67419715
XXBTZUSD,60,20251118,180000,91307.5,92900,90909.2,92873.7,278.13990503
XXBTZUSD,60,20251118,190000,92873.7,93747.3,92530.1,93439.9,282.14555928
XXBTZUSD,60,20251118,200000,93439.9,93596.6,92789,93186.3,75.653698
XXBTZUSD,60,20251118,210000,93186.3,93710.6,93144.4,93278.5,62.24836881
XXBTZUSD,60,20251118,220000,93278.5,93547.5,92965.7,93139.8,76.67760043
XXBTZUSD,60,20251118,230000,93139.9,93260,92596.4,92785.1,61.80048489
XXBTZUSD,60,20251119,000000,92785.1,92976.2,92424.1,92440,43.57836964
XXBTZUSD,60,20251119,010000,92440,93345.8,92439.9,93100,56.72218102
XXBTZUSD,60,20251119,020000,93100,93105.2,92702.2,92966.1,42.27094917
XXBTZUSD,60,20251119,030000,92966.1,92966.1,91858.3,92384.5,60.12574706
XXBTZUSD,60,20251119,040000,92384.6,92530.4,91912,92378.1,28.28497525
XXBTZUSD,60,20251119,050000,92378,92753.5,92204.7,92517.1,38.88433266
XXBTZUSD,60,20251119,060000,92517.1,92561.3,92443.3,92450,0.44402261
XXBTZUSD,60,20251119,070000,92440,92440.1,91383.2,91417.6,163.13604941
XXBTZUSD,60,20251119,080000,91844,91844.1,89781.9,90350,301.17253046
XXBTZUSD,60,20251119,090000,90350,91000.1,90224.2,90924.4,120.54526916
XXBTZUSD,60,20251119,100000,90924.4,91941.4,90897.3,91852.2,97.1747273
XXBTZUSD,60,20251119,110000,91852.2,91858,91318.4,91418,47.06875854
XXBTZUSD,60,20251119,120000,91415.9,91447.2,91040,91385.8,153.09666828
XXBTZUSD,60,20251119,130000,91385.8,91592.7,91172.1,91259.9,53.75542346
XXBTZUSD,60,20251119,140000,91260,91660.3,91251.8,91366,23.22726969
XXBTZUSD,60,20251119,150000,91366,91800,91207.9,91701,72.14709999
XXBTZUSD,60,20251119,160000,91701,91800,91192.7,91315.4,51.70055082
XXBTZUSD,60,20251119,170000,91315.4,91799.9,91000.9,91669.7,67.41475709
XXBTZUSD,60,20251119,180000,91669.7,92362.6,89795.3,89881.5,297.83167018
XXBTZUSD,60,20251119,190000,89881.5,90152.6,89400,89846.9,275.80370733
XXBTZUSD,60,20251119,200000,89846.8,90000,88888,89444.8,348.22318403
XXBTZUSD,60,20251119,210000,89444.8,89618.2,88700,89135.3,299.07687215
XXBTZUSD,60,20251119,220000,89135.3,89238.6,88570,88777.9,507.09761092
XXBTZUSD,60,20251119,230000,88777.9,89538.9,88547,89477.1,293.47439132
XXBTZUSD,60,20251120,000000,89429.4,90731.2,89350,90508.7,213.40872531
XXBTZUSD,60,20251120,010000,90508.8,90513.5,90023.7,90373.2,91.95419055
XXBTZUSD,60,20251120,020000,90373.2,91471.6,90373.2,91427.7,173.40160508
XXBTZUSD,60,20251120,030000,91427.7,92196.1,91116,91800.1,161.92481793
XXBTZUSD,60,20251120,040000,91800.1,92622,91800,92448.9,56.47027267
XXBTZUSD,60,20251120,050000,92448.9,92655.9,92239.1,92510.6,76.74830992
XXBTZUSD,60,20251120,060000,92510.7,92612.3,92336.7,92396.4,110.00376383
XXBTZUSD,60,20251120,070000,92396.4,92876.5,92099.7,92872.5,66.68808197
XXBTZUSD,60,20251120,080000,92872.5,93003.7,92500,92532.7,33.1248559
XXBTZUSD,60,20251120,090000,92532.7,92764.9,91614.9,91864.9,35.02704794
XXBTZUSD,60,20251120,100000,91865,92298.8,91738.6,92255.1,19.56408681
XXBTZUSD,60,20251120,110000,92255.1,92322.2,92000,92000.1,28.20566584
XXBTZUSD,60,20251120,120000,92000.1,92000.1,91406.2,91795,29.00177979
XXBTZUSD,60,20251120,130000,91795,91940,91528.8,91705,70.97593227
XXBTZUSD,60,20251120,140000,91705,91873,91406.1,91873,59.30904651
XXBTZUSD,60,20251120,150000,91873,91896.4,91604.4,91767.8,51.0535725
XXBTZUSD,60,20251120,160000,91767.8,92390,91435.5,91471.9,42.21391454
XXBTZUSD,60,20251120,170000,91471.9,91515.8,90377.5,91008.6,217.50347847
XXBTZUSD,60,20251120,180000,91008.7,91008.7,89755.1,89755.2,273.87029416
XXBTZUSD,60,20251120,190000,89755.2,89765,87396.9,87769.5,845.5303591
XXBTZUSD,60,20251120,200000,87786.9,88000,86262.1,87151.5,1228.48357911
XXBTZUSD,60,20251120,210000,87151.5,87685.4,86230,86438.3,422.84618947
XXBTZUSD,60,20251120,220000,86438.3,87042.4,86000,86801,289.32292131
XXBTZUSD,60,20251120,230000,86801,86994.8,86228.1,86300,613.04328449
XXBTZUSD,60,20251121,000000,86300,87533.6,86299.9,87199.9,111.19594112
XXBTZUSD,60,20251121,010000,87200,88121.3,87150,87975.8,91.56890659
XXBTZUSD,60,20251121,020000,87975.8,88055.1,86449.7,86503,208.5001113
XXBTZUSD,60,20251121,030000,86503,87331.7,86502.9,87120.6,157.55718893
XXBTZUSD,60,20251121,040000,87120.6,87300,86778.2,86993.2,76.48097823
XXBTZUSD,60,20251121,050000,86993.3,86993.3,85276.7,85399.9,216.51090795
XXBTZUSD,60,20251121,060000,85399.8,85999,85346.2,85777,139.22815095
XXBTZUSD,60,20251121,070000,85777.1,85980.1,85312.1,85942.4,91.12064909
XXBTZUSD,60,20251121,080000,85942.4,86238.4,85743,86047.9,64.60081554
XXBTZUSD,60,20251121,090000,86047.9,86142.2,85452.9,85500,63.11580869
XXBTZUSD,60,20251121,100000,85500,85643.5,81624,83929.4,993.21189358
XXBTZUSD,60,20251121,110000,83925.1,84568.3,83458,83549.6,427.58236543
XXBTZUSD,60,20251121,120000,83549.7,83850.8,81931.2,82099.1,511.4833352
XXBTZUSD,60,20251121,130000,82103.9,82809.3,81601.1,82624.9,342.58035337
XXBTZUSD,60,20251121,140000,82624.9,83214.6,82138.3,82214.4,142.88148827
XXBTZUSD,60,20251121,150000,82214.4,83499.2,80595.2,83167.3,574.26435058
XXBTZUSD,60,20251121,160000,83167.3,84292,83073,84055.9,261.22530148
XXBTZUSD,60,20251121,170000,84055.9,85346,83458.7,84800.1,429.58234297
XXBTZUSD,60,20251121,180000,84800.1,85011.5,82691.6,82836.6,449.58516979
XXBTZUSD,60,20251121,190000,82836.6,84814.8,82226.4,84814.7,267.39941873
XXBTZUSD,60,20251121,200000,84814.8,85500,84525.5,84820,377.87895488
XXBTZUSD,60,20251121,210000,84820.1,84943.6,83269.1,84517.2,470.71312075
XXBTZUSD,60,20251121,220000,84517.3,84934,84045.6,84165.1,126.70522616
XXBTZUSD,60,20251121,230000,84134.8,84547.8,83460,84525.5,131.71980806
XXBTZUSD,60,20251122,000000,84508.5,85300,84309.8,85127.6,131.03320345
XXBTZUSD,60,20251122,010000,85127.6,85300,84203.6,84241.1,51.94612882
XXBTZUSD,60,20251122,020000,84241.2,85240.5,84090,85069.4,100.66798693
XXBTZUSD,60,20251122,030000,85069.4,85555,84572.9,84687.5,154.38729577
XXBTZUSD,60,20251122,040000,84687.5,85087.2,84583.6,85042.3,110.01080233
XXBTZUSD,60,20251122,050000,85046.4,85092,84274.3,84426.4,26.9136351
XXBTZUSD,60,20251122,060000,84426.4,84541,84154.9,84404.4,52.5032618
XXBTZUSD,60,20251122,070000,84404.4,84470.3,83783.2,84176.5,222.1216545
XXBTZUSD,60,20251122,080000,84177.2,84256.7,83802,84236.5,53.18327917
XXBTZUSD,60,20251122,090000,84236.6,84675,84070.1,84600.1,87.98630605
XXBTZUSD,60,20251122,100000,84600.1,84600.1,84342.7,84525.4,11.76232613
XXBTZUSD,60,20251122,110000,84525.4,84525.4,83917,83961.6,97.2679517
XXBTZUSD,60,20251122,120000,83961.6,84282.9,83840.6,83840.6,102.94548054
XXBTZUSD,60,20251122,130000,83840.7,84155.3,83432.8,83689.5,194.63238323
XXBTZUSD,60,20251122,140000,83689.5,84269.6,83528.8,84046.8,37.70666031
XXBTZUSD,60,20251122,150000,84046.8,84046.8,83568,83844.6,84.57057877
XXBTZUSD,60,20251122,160000,83844.6,84072.3,83631.6,83912.8,59.63210582
XXBTZUSD,60,20251122,170000,83912.9,84666.4,83912.8,84431,27.10063888
XXBTZUSD,60,20251122,180000,84431,84472,83991.6,84242.5,27.16176399
XXBTZUSD,60,20251122,190000,84242.5,84826.9,84200,84677.8,38.47180939
XXBTZUSD,60,20251122,200000,84677.8,84677.8,84416.7,84564.9,46.31106426
XXBTZUSD,60,20251122,210000,84565,84626.6,84462,84580.1,24.22275164
XXBTZUSD,60,20251122,220000,84580.1,84745.3,84460.9,84555.8,41.06891539
XXBTZUSD,60,20251122,230000,84564.4,84743.8,84250,84413.6,21.04063132
XXBTZUSD,60,20251123,000000,84413.6,84439.9,84233.9,84363.1,17.42245305
XXBTZUSD,60,20251123,010000,84363.2,85189.3,84233.9,85046.2,39.94301245
XXBTZUSD,60,20251123,020000,85046.2,85100,84679.8,84679.9,17.39289258
XXBTZUSD,60,20251123,030000,84679.9,85209.8,84679.8,84878.9,29.11239065
XXBTZUSD,60,20251123,040000,84878.9,86052.1,84878.8,85802.9,135.9809156
XXBTZUSD,60,20251123,050000,85802.9,86248.8,85650,85971.2,233.12026406
XXBTZUSD,60,20251123,060000,85971.3,86248.8,85783.2,86248.8,27.63381573
XXBTZUSD,60,20251123,070000,86248.8,86763.6,86107.2,86532.5,67.59448009
XXBTZUSD,60,20251123,080000,86524.7,86524.7,86021.4,86295.8,23.60940972
XXBTZUSD,60,20251123,090000,86295.9,86457.9,85861,85861,45.53100447
XXBTZUSD,60,20251123,100000,85861.1,85861.1,85420,85735.5,30.37767875
XXBTZUSD,60,20251123,110000,85735.5,86104,85735.4,86104,23.4697092
XXBTZUSD,60,20251123,120000,86104,86409,86088.6,86354.5,37.68466965
XXBTZUSD,60,20251123,130000,86354.6,86354.6,86048.1,86048.2,56.21843937
XXBTZUSD,60,20251123,140000,86048.3,87478,85835.1,86241.3,146.54376871
XXBTZUSD,60,20251123,150000,86241.3,87027.8,86241.3,86491.6,142.09779789
XXBTZUSD,60,20251123,160000,86491.6,86886.2,86300.5,86882.1,27.33561145
XXBTZUSD,60,20251123,170000,86882.2,87151.7,86500,86536.7,69.7779779
XXBTZUSD,60,20251123,180000,86536.7,87151.5,86476.7,87049.2,36.21037167
XXBTZUSD,60,20251123,190000,87049.3,87431.4,86684.6,86684.6,62.35034819
XXBTZUSD,60,20251123,200000,86684.6,86873.3,86513.3,86699.5,31.46645933
XXBTZUSD,60,20251123,210000,86699.5,87196.9,86699.4,86962.5,28.79592509
XXBTZUSD,60,20251123,220000,86962.5,87594.2,86950,87300,79.38761281
XXBTZUSD,60,20251123,230000,87300.1,87648.9,87233.5,87472.4,236.10385354
XXBTZUSD,60,20251124,000000,87472.4,87969.5,87170.9,87958.9,113.39907504
XXBTZUSD,60,20251124,010000,87959,88061.8,87531.1,87967.8,54.27026732
XXBTZUSD,60,20251124,020000,87967.8,88000,86505.9,86777.4,334.85691253
XXBTZUSD,60,20251124,030000,86777.5,87159.9,85911.7,86703.7,304.3680897
XXBTZUSD,60,20251124,040000,86703.7,87007.6,86360.9,87007.6,115.21077647
XXBTZUSD,60,20251124,050000,87007.6,88000,87007.5,87450,67.32492825
XXBTZUSD,60,20251124,060000,87450,87730.9,87200,87433.6,43.65687985
XXBTZUSD,60,20251124,070000,87433.6,87508.4,86445.6,86699.3,60.89788213
XXBTZUSD,60,20251124,080000,86699.3,87750,86699.2,87435.8,56.64894467
XXBTZUSD,60,20251124,090000,87435.8,87444.2,86803,86869.4,26.02005904
XXBTZUSD,60,20251124,100000,86869.4,87248,86715.8,86997.2,22.30559512
XXBTZUSD,60,20251124,110000,86997.2,87000.1,86715.7,86932.5,44.51782274
XXBTZUSD,60,20251124,120000,86932.5,86932.5,85835.8,85915.8,75.16806258
XXBTZUSD,60,20251124,130000,85915.8,86100,85666.5,86040.9,51.84208461
XXBTZUSD,60,20251124,140000,86040.9,86349.8,85816.1,86217.2,25.35819649
XXBTZUSD,60,20251124,150000,86217.2,86217.2,85842.1,85973.5,32.7467035
XXBTZUSD,60,20251124,160000,85973.5,86487.1,85944.8,86090.7,40.22600666
XXBTZUSD,60,20251124,170000,86090.7,86587.1,85250,86042,161.48038587
XXBTZUSD,60,20251124,180000,86052.3,86650,85928.5,86562.6,90.90815864
XXBTZUSD,60,20251124,190000,86567.3,87625.7,86567.2,87212.2,161.73328623
XXBTZUSD,60,20251124,200000,87212.2,88400,86924.5,88343.4,219.80749411
XXBTZUSD,60,20251124,210000,88343.5,88699,88181.7,88698.4,266.19806569
XXBTZUSD,60,20251124,220000,88698.3,88800,88098.9,88310.2,115.11812085
XXBTZUSD,60,20251124,230000,88310.2,89200,88310.1,89137.6,91.65819351
XXBTZUSD,60,20251125,000000,89137.6,89137.6,88725.8,88783.3,84.47019951
XXBTZUSD,60,20251125,010000,88783.4,89043.7,88600,88646.6,47.81944977
XXBTZUSD,60,20251125,020000,88645.3,88645.3,88250,88275,53.03642049
XXBTZUSD,60,20251125,030000,88275,88275,87867.9,88072.5,64.17305441
XXBTZUSD,60,20251125,040000,88072.5,88155.5,87724,87741.6,46.35012312
XXBTZUSD,60,20251125,050000,87741.6,87926.6,87475.4,87886.3,31.89106804
XXBTZUSD,60,20251125,060000,87886.3,87966.1,87555.1,87735.1,17.17082195
XXBTZUSD,60,20251125,070000,87735.1,88432.1,87735,88339,54.89028356
XXBTZUSD,60,20251125,080000,88339,88339,87950.5,88075.1,40.64997579
XXBTZUSD,60,20251125,090000,88075.2,88115.4,87815.2,87991.2,29.93710668
XXBTZUSD,60,20251125,100000,87991.2,88031.2,87396.5,87396.6,115.60330355
XXBTZUSD,60,20251125,110000,87396.6,87580,87000,87000.2,159.41247728
XXBTZUSD,60,20251125,120000,87000.2,87195.7,86664.6,87195.7,95.70952501
XXBTZUSD,60,20251125,130000,87195.7,87400,86939.6,87400,33.24547123
XXBTZUSD,60,20251125,140000,87400,87505,87288.9,87336,47.31822708
XXBTZUSD,60,20251125,150000,87336,87723.8,87336,87506.9,26.15134279
XXBTZUSD,60,20251125,160000,87506.9,87651.7,86850,87040.3,62.79753375
XXBTZUSD,60,20251125,170000,87040.3,87247,86100,86747,133.64762905
XXBTZUSD,60,20251125,180000,86747,87252.3,86228.1,86934.8,99.66976188
XXBTZUSD,60,20251125,190000,86934.8,87245,86715.7,87094.1,94.74856975
XXBTZUSD,60,20251125,200000,87094.1,88080.3,87036.1,87601.1,151.66265636
XXBTZUSD,60,20251125,210000,87601.1,87760,87200,87200.1,86.5108667
XXBTZUSD,60,20251125,220000,87200.1,87252.6,86156.8,86861.5,83.18457258
XXBTZUSD,60,20251125,230000,86861.5,87394.7,86700,87394.7,44.24954004
XXBTZUSD,60,20251126,000000,87394.7,87394.7,87000,87000,30.84317673
XXBTZUSD,60,20251126,010000,87000.1,87636.2,86611.7,87636.1,36.19217462
XXBTZUSD,60,20251126,020000,87636.2,87800,87312.7,87326.3,47.22544425
XXBTZUSD,60,20251126,030000,87326.4,87685.6,87325,87532.5,20.13846148
XXBTZUSD,60,20251126,040000,87532.5,88194.1,87359.1,87883,66.87989946
XXBTZUSD,60,20251126,050000,87882.9,88014.8,87673.9,87673.9,21.61686444
XXBTZUSD,60,20251126,060000,87673.9,87819.5,87046.1,87089.2,52.91306958
XXBTZUSD,60,20251126,070000,87089.3,87288.5,86882.4,87202.5,45.48029837
XXBTZUSD,60,20251126,080000,87202.5,87657.3,87202.4,87464.8,22.78724169
XXBTZUSD,60,20251126,090000,87464.8,87804.7,87439.5,87769.4,22.58232795
XXBTZUSD,60,20251126,100000,87769.4,87900,87698,87900,34.93342523
XXBTZUSD,60,20251126,110000,87900,87900,87377.5,87394.8,12.77570048
XXBTZUSD,60,20251126,120000,87394.9,87394.9,86788.6,86788.7,31.22970455
XXBTZUSD,60,20251126,130000,86788.7,87006.7,86663.7,86941,19.60823979
XXBTZUSD,60,20251126,140000,86941.1,87069.8,86833.6,87069.7,12.48371668
XXBTZUSD,60,20251126,150000,87069.7,87091.6,86299.5,86637.1,78.86665314
XXBTZUSD,60,20251126,160000,86637.1,87080.7,86550,87080.7,58.86625242
XXBTZUSD,60,20251126,170000,87080.7,87604.7,86813.1,86843.7,78.11555059
XXBTZUSD,60,20251126,180000,86843.8,87299.8,86715.7,86895.4,97.71537349
XXBTZUSD,60,20251126,190000,86895.4,87892.2,86895.3,87800.4,168.21507925
XXBTZUSD,60,20251126,200000,87800.4,89949.2,87745.6,89863.5,390.29432441
XXBTZUSD,60,20251126,210000,89863.5,90400,89658.7,90135.5,325.98692338
XXBTZUSD,60,20251126,220000,90135.5,90152.4,89778.7,89988.2,65.60915118
XXBTZUSD,60,20251126,230000,89988.2,90045.3,89500,89900,99.22687491
XXBTZUSD,60,20251127,000000,89900,90415.1,89829.7,90182.1,104.18145993
XXBTZUSD,60,20251127,010000,90182.1,90600,90127.6,90365.8,101.95916767
XXBTZUSD,60,20251127,020000,90365.9,90565,90334,90535.7,49.1946046
XXBTZUSD,60,20251127,030000,90535.7,90535.7,90088.8,90448.9,37.26817707
XXBTZUSD,60,20251127,040000,90448.9,91118,90427.7,91118,74.96451745
XXBTZUSD,60,20251127,050000,91118,91874,90900,91337.4,302.50932687
XXBTZUSD,60,20251127,060000,91337.5,91588.1,91044.3,91133.2,98.28795664
XXBTZUSD,60,20251127,070000,91133.2,91329.6,91045.2,91270.3,25.06792903
XXBTZUSD,60,20251127,080000,91270.3,91542.6,90881.1,90967.3,53.0808282
XXBTZUSD,60,20251127,090000,90967.3,91377.2,90967.2,91265.1,30.43639065
XXBTZUSD,60,20251127,100000,91265.1,91443.1,91145.6,91407.1,69.42768563
XXBTZUSD,60,20251127,110000,91407.1,91500,91253.1,91500,91.06808196
XXBTZUSD,60,20251127,120000,91500,91878.9,91499.9,91526.9,23.75778493
XXBTZUSD,60,20251127,130000,91526.9,91816,91221.6,91627.3,212.40519151
XXBTZUSD,60,20251127,140000,91627.3,91627.3,91364.7,91413.6,36.55936343
XXBTZUSD,60,20251127,150000,91413.6,91413.6,90957.3,90970,30.87802233
XXBTZUSD,60,20251127,160000,90970,91000,90436.8,90843.3,92.74920083
XXBTZUSD,60,20251127,170000,90843.4,90900,90572.5,90790.4,40.62365559
XXBTZUSD,60,20251127,180000,90790.5,90966.9,90625.7,90954.4,32.9395352
XXBTZUSD,60,20251127,190000,90954.4,91553.1,90883.6,91465,75.9965948
XXBTZUSD,60,20251127,200000,91465,91600,91339.8,91483.5,30.10005752
XXBTZUSD,60,20251127,210000,91483.5,91798,91356.1,91798,45.8995221
XXBTZUSD,60,20251127,220000,91798,91798,91498.1,91518.8,45.53852227
XXBTZUSD,60,20251127,230000,91518.9,91527,91390.9,91455.7,49.55077498
XXBTZUSD,60,20251128,000000,91455.7,91563.1,91241.7,91450.1,13.57888624
XXBTZUSD,60,20251128,010000,91450,91568,91154.2,91334.4,18.39871489
XXBTZUSD,60,20251128,020000,91334.4,91500.5,91213.4,91281.4,6.67328904
XXBTZUSD,60,20251128,030000,91281.4,91402.5,91092.8,91185.8,30.20038906
XXBTZUSD,60,20251128,040000,91185.9,91185.9,90783.5,90783.6,17.87352364
XXBTZUSD,60,20251128,050000,90783.6,91098.7,90671.1,91088.8,40.916065
XXBTZUSD,60,20251128,060000,91088.9,91263.6,90992.4,91205,17.82633568
XXBTZUSD,60,20251128,070000,91205,91470.5,91114.2,91455.9,11.21365613
XXBTZUSD,60,20251128,080000,91455.9,91679,91328.1,91605.6,34.20731522
XXBTZUSD,60,20251128,090000,91605.7,91605.7,91200.5,91298.5,42.83079022
XXBTZUSD,60,20251128,100000,91298.5,91513.8,90854.2,90915.5,36.82185316
XXBTZUSD,60,20251128,110000,90915.5,91647.7,90915.4,91647.7,19.68511631
XXBTZUSD,60,20251128,120000,91650.6,91810,91440.1,91589.9,57.02456677
XXBTZUSD,60,20251128,130000,91590,91810,91478.6,91809.8,18.39416052
XXBTZUSD,60,20251128,140000,91809.8,91950,91100,91461.4,69.74946943
XXBTZUSD,60,20251128,150000,91461.4,91658.7,91438.8,91466.5,13.43660916
XXBTZUSD,60,20251128,160000,91466.6,92565,91419.2,92328.2,82.9689589
XXBTZUSD,60,20251128,170000,92328.3,93050,91878.9,92213.2,346.45910021
XXBTZUSD,60,20251128,180000,92213.2,92765.2,92035.4,92357.1,96.9657455
XXBTZUSD,60,20251128,190000,92357.1,92365,90930,90940.7,302.50482121
XXBTZUSD,60,20251128,200000,90940.7,91202.4,90250,90627.1,195.53619156
XXBTZUSD,60,20251128,210000,90630.2,90951.9,90500,90781.9,27.55694518
XXBTZUSD,60,20251128,220000,90782,91187,90782,91166.3,66.9047578
XXBTZUSD,60,20251128,230000,91166.3,91219.4,90879.7,91214.7,37.97363489
XXBTZUSD,60,20251129,000000,91214.8,91246.5,90902.8,90902.9,22.38019724
XXBTZUSD,60,20251129,010000,90902.9,91179,90750,91095.7,13.91183665
XXBTZUSD,60,20251129,020000,91095.7,91177.6,90910.2,90912.7,9.11824681
XXBTZUSD,60,20251129,030000,90912.7,90976.6,90821.4,90923.3,23.54099354
XXBTZUSD,60,20251129,040000,90923.4,91105.7,90813.8,90904,21.30571276
XXBTZUSD,60,20251129,050000,90904.1,90934,90609.9,90793,19.89461431
XXBTZUSD,60,20251129,060000,90793,90895.2,90689.8,90689.9,18.7528991
XXBTZUSD,60,20251129,070000,90689.9,90865.8,90576.3,90865.7,7.87105409
XXBTZUSD,60,20251129,080000,90865.8,90933.8,90743.3,90762.5,5.15774802
XXBTZUSD,60,20251129,090000,90762.5,90825.9,90380,90585.7,27.03208658
XXBTZUSD,60,20251129,100000,90573.5,90665.8,90419.8,90583.8,15.38527936
XXBTZUSD,60,20251129,110000,90583.9,90717.5,90583.8,90631.6,7.41382751
XXBTZUSD,60,20251129,120000,90631.7,90665.7,90552,90600,4.42908503
XXBTZUSD,60,20251129,130000,90600.1,90645.6,90462,90598,4.91405769
XXBTZUSD,60,20251129,140000,90598,90674,90522.1,90674,27.23174791
XXBTZUSD,60,20251129,150000,90674,90794.4,90612,90700,13.645098
XXBTZUSD,60,20251129,160000,90700,90832.3,90662.6,90820.5,9.30602883
XXBTZUSD,60,20251129,170000,90820.5,90820.5,90693.5,90693.6,12.80743108
XXBTZUSD,60,20251129,180000,90693.6,91093.8,90693.5,91090.5,25.31867762
XXBTZUSD,60,20251129,190000,91090.5,91179.5,90909,91028.5,23.45520578
XXBTZUSD,60,20251129,200000,91028.5,91028.6,90500.3,90500.4,14.03476573
XXBTZUSD,60,20251129,210000,90500.4,90736.1,90247.4,90717,33.48117644
XXBTZUSD,60,20251129,220000,90717.1,90837.5,90633.1,90665.9,16.26342099
XXBTZUSD,60,20251129,230000,90666,91000,90490.3,90999.9,12.2526599
XXBTZUSD,60,20251130,000000,91000,91060,90866.3,90997.5,14.14843061
XXBTZUSD,60,20251130,010000,90997.5,90997.5,90747.7,90812.4,5.26565799
XXBTZUSD,60,20251130,020000,90812.5,90899.1,90726.3,90833.6,14.95641311
XXBTZUSD,60,20251130,030000,90833.6,90950,90833.5,90857.2,3.89002399
XXBTZUSD,60,20251130,040000,90857.2,91054.4,90857.1,90947.4,19.17025393
XXBTZUSD,60,20251130,050000,90947.4,91031.3,90793.7,90794.3,12.65507699
XXBTZUSD,60,20251130,060000,90794.3,90902.6,90511.1,90902.6,16.74795743
XXBTZUSD,60,20251130,070000,90902.6,90985.2,90843.9,90844,3.22300985
XXBTZUSD,60,20251130,080000,90844,90844,90720.8,90830.1,2.84887062
XXBTZUSD,60,20251130,090000,90830.1,90894.9,90785.7,90894.9,3.64538447
XXBTZUSD,60,20251130,100000,90894.9,90999.3,90883.9,90957.6,10.99022865
XXBTZUSD,60,20251130,110000,90957.6,91399.9,90941.1,91268.6,89.42581499
XXBTZUSD,60,20251130,120000,91268.6,91596.8,91196.3,91366.3,26.86600614
XXBTZUSD,60,20251130,130000,91366.3,91415.6,91229.1,91241.7,3.92732008
XXBTZUSD,60,20251130,140000,91241.8,91376.8,91001.7,91059.4,30.78396278
XXBTZUSD,60,20251130,150000,91059.5,91474.6,91043.2,91436.6,22.79868369
XXBTZUSD,60,20251130,160000,91436.6,91928.1,91419,91765.7,37.23582023
XXBTZUSD,60,20251130,170000,91765.7,91765.7,91307.4,91425.9,19.92734663
XXBTZUSD,60,20251130,180000,91425.9,91536.2,91322,91424,20.6550125
XXBTZUSD,60,20251130,190000,91424,91854.6,91423.9,91820.5,10.14525934
XXBTZUSD,60,20251130,200000,91820.5,91825.3,91369.1,91487.7,40.20187941
XXBTZUSD,60,20251130,210000,91487.7,91487.7,91172,91452.4,23.12377093
XXBTZUSD,60,20251130,220000,91452.4,91452.4,91323,91434.7,9.67667017
XXBTZUSD,60,20251130,230000,91434.7,91630.6,91196.8,91291.7,15.57771942
XXBTZUSD,60,20251201,000000,91291.7,91291.7,90946.6,91172.4,30.40230237
XXBTZUSD,60,20251201,010000,91167.6,91314.9,91099.9,91227.8,16.40247568
XXBTZUSD,60,20251201,020000,91227.8,91227.8,90351,90373.9,75.83522557
XXBTZUSD,60,20251201,030000,90373.9,90378.7,87050,87050,523.49934113
XXBTZUSD,60,20251201,040000,87050.1,87724.1,87050,87175.8,180.43822963
XXBTZUSD,60,20251201,050000,87175.8,87502.9,86500,86728.6,199.29873476
XXBTZUSD,60,20251201,060000,86728.7,86801.9,86210.1,86375.5,215.74967836
XXBTZUSD,60,20251201,070000,86375.5,86375.5,85714.2,85798.7,118.6708154
XXBTZUSD,60,20251201,080000,85798.7,86002.5,85660,85998.1,56.97121081
XXBTZUSD,60,20251201,090000,85998.1,86327.2,85998,86295,57.75195881
XXBTZUSD,60,20251201,100000,86295.1,86549.4,86099.1,86529.6,72.92079893
XXBTZUSD,60,20251201,110000,86529.6,86882.4,86420.5,86882.4,51.26595612
XXBTZUSD,60,20251201,120000,86882.4,86894,86518.5,86740.6,30.85917169
XXBTZUSD,60,20251201,130000,86740.6,86798.5,86540.1,86646.1,53.11668886
XXBTZUSD,60,20251201,140000,86646.1,86646.1,86122.1,86124.2,30.27194455
XXBTZUSD,60,20251201,150000,86124.3,86216.1,84775.6,85384.9,499.56651059
XXBTZUSD,60,20251201,160000,85385,86100,85349.9,86000.1,96.20287359
XXBTZUSD,60,20251201,170000,86000.1,86632.5,85925.6,86070,196.44857941
XXBTZUSD,60,20251201,180000,86070,86077,83870.8,84659.6,361.82771327
XXBTZUSD,60,20251201,190000,84659.7,85394,84062.2,84520,364.11975408
XXBTZUSD,60,20251201,200000,84520,85250.7,84461.8,84950.1,146.23446289
XXBTZUSD,60,20251201,210000,84950.1,85484,84748,85223.4,83.73864832
XXBTZUSD,60,20251201,220000,85223.4,85223.4,84659.4,85006.2,65.0063017
XXBTZUSD,60,20251201,230000,85009.7,85807.7,85009.7,85484.3,89.04314048
XXBTZUSD,60,20251202,000000,85484.3,86455.5,85484.2,86447,158.70475959
XXBTZUSD,60,20251202,010000,86447,86868.8,86314,86597.6,70.08563547
XXBTZUSD,60,20251202,020000,86597.7,86821.7,86282.7,86300,31.01969382
XXBTZUSD,60,20251202,030000,86300,86641.1,86203.8,86516,40.2019447
XXBTZUSD,60,20251202,040000,86516,87319.6,86417.2,86449.7,80.52162222
XXBTZUSD,60,20251202,050000,86452.9,86840.7,86321.2,86536.2,13.43923211
XXBTZUSD,60,20251202,060000,86536.2,87059.8,86213,86961.9,18.53840028
XXBTZUSD,60,20251202,070000,86961.9,87227.1,86914.6,86998.7,42.35313444
XXBTZUSD,60,20251202,080000,86998.7,87081.6,86868.2,87006,30.42409835
XXBTZUSD,60,20251202,090000,87006.1,87172.2,86908.7,87132.4,25.38736166
XXBTZUSD,60,20251202,100000,87132.4,87132.4,86909.1,87022,9.51100709
XXBTZUSD,60,20251202,110000,87022,87025.1,86401.1,86401.2,32.72436603
XXBTZUSD,60,20251202,120000,86401.2,86955.4,86401.2,86740.5,15.04095531
XXBTZUSD,60,20251202,130000,86740.6,87558.8,86740.6,87279.6,80.20802097
XXBTZUSD,60,20251202,140000,87278.9,87562.6,86989.8,87380.1,32.55779457
XXBTZUSD,60,20251202,150000,87380.1,87511.5,87214.9,87247.9,57.84298372
XXBTZUSD,60,20251202,160000,87247.9,87870.3,87099.5,87720.1,121.482268
XXBTZUSD,60,20251202,170000,87720.1,89234.4,87622.4,89160.4,387.50764337
XXBTZUSD,60,20251202,180000,89160.4,91171.4,89160.4,90908.8,417.20311981
XXBTZUSD,60,20251202,190000,90908.8,91280,90276.7,90757.8,202.26216417
XXBTZUSD,60,20251202,200000,90757.9,91982,90757.8,91472.9,162.18106563
XXBTZUSD,60,20251202,210000,91472.9,92308.4,91428,91965,184.83557343
XXBTZUSD,60,20251202,220000,91965,92307.7,91913.1,91913.1,69.75578858
XXBTZUSD,60,20251202,230000,91913.2,91913.2,90775,91106.9,173.88334808
XXBTZUSD,60,20251203,000000,91101.5,91647.7,91023.4,91647.6,49.06977369
XXBTZUSD,60,20251203,010000,91647.7,91980.5,91595.7,91980.4,42.58042772
XXBTZUSD,60,20251203,020000,91980.5,91999,91313.4,91313.5,89.10440707
XXBTZUSD,60,20251203,030000,91313.5,91669.7,91033.4,91636.6,44.85875023
XXBTZUSD,60,20251203,040000,91636.6,92474.7,91520,92245.1,101.00492765
XXBTZUSD,60,20251203,050000,92245.1,92999.2,92206,92832.5,69.51693014
XXBTZUSD,60,20251203,060000,92832.6,93055,92609.1,92700,33.08958441
XXBTZUSD,60,20251203,070000,92693.5,93400,92690.7,93359,52.01943775
XXBTZUSD,60,20251203,080000,93359,93656.8,93132.1,93656.8,94.18817797
XXBTZUSD,60,20251203,090000,93656.8,93976.6,93167.5,93443.3,84.93290761
XXBTZUSD,60,20251203,100000,93443.3,93449.9,92884.5,93009.1,38.91426613
XXBTZUSD,60,20251203,110000,93009.1,93186.4,92741.2,92750,39.45166416
XXBTZUSD,60,20251203,120000,92750,93207.4,92749.9,93207,34.76495912
XXBTZUSD,60,20251203,130000,93207.1,93396.9,92908.9,92913.2,44.1205514
XXBTZUSD,60,20251203,140000,92913.3,93274,92754,93018,86.2571152
XXBTZUSD,60,20251203,150000,93018,93070,92754,92973.1,28.44946091
XXBTZUSD,60,20251203,160000,92973.1,93270.1,92973,93141.5,87.48703563
XXBTZUSD,60,20251203,170000,93141.6,93704.9,91768.8,92431.9,220.83422643
XXBTZUSD,60,20251203,180000,92431.9,93001.6,91975.6,92359.8,228.26890663
XXBTZUSD,60,20251203,190000,92359.8,92765.2,91850,92257.8,98.84360144
XXBTZUSD,60,20251203,200000,92257.8,93051.5,92257.7,93043.9,69.75463287
XXBTZUSD,60,20251203,210000,93043.9,93507.7,92400.5,92608,67.93351241
XXBTZUSD,60,20251203,220000,92608,93084.1,92494.2,93020,182.66318233
XXBTZUSD,60,20251203,230000,93020,93379.6,92868.4,92968,106.40747472
XXBTZUSD,60,20251204,000000,92967.9,93750,92920.1,93712.8,41.1972621
XXBTZUSD,60,20251204,010000,93711.1,94050,93330,93826.5,232.99017819
XXBTZUSD,60,20251204,020000,93826.5,94051.6,93457.9,93457.9,70.37335518
XXBTZUSD,60,20251204,030000,93458,93458,92731.8,93059.4,65.68868424
XXBTZUSD,60,20251204,040000,93059.4,93769.8,93059.3,93200.3,32.11448677
XXBTZUSD,60,20251204,050000,93200.4,94000,93200.3,93979.6,33.70455382
XXBTZUSD,60,20251204,060000,93979.7,94000,93451.4,93549.9,27.11356265
XXBTZUSD,60,20251204,070000,93549.9,93583.2,93300,93350.7,28.80190396
XXBTZUSD,60,20251204,080000,93350.7,93378.6,92822,92997.6,33.86951336
XXBTZUSD,60,20251204,090000,92997.6,93355.8,92908.6,93136.8,164.20874238
XXBTZUSD,60,20251204,100000,93136.9,93390.6,92960,93390.5,22.24815997
XXBTZUSD,60,20251204,110000,93390.6,93525.2,93126.9,93213.2,37.10197279
XXBTZUSD,60,20251204,120000,93213.3,93570.1,93213.3,93474.6,16.4099241
XXBTZUSD,60,20251204,130000,93474.6,93560.8,93171.8,93253.4,28.84522514
XXBTZUSD,60,20251204,140000,93253.4,93266.9,92780.9,92916.8,46.77544149
XXBTZUSD,60,20251204,150000,92916.8,93150.8,92800.3,93023.4,16.76673545
XXBTZUSD,60,20251204,160000,93023.4,93023.4,92443,92577.4,80.70886697
XXBTZUSD,60,20251204,170000,92577.4,92830.8,91869.9,91915.8,106.23489866
XXBTZUSD,60,20251204,180000,91915.9,93200,91915.9,93058.3,108.66457776
XXBTZUSD,60,20251204,190000,93058.3,93151.3,92309.9,92474.4,72.40315796
XXBTZUSD,60,20251204,200000,92474.5,92517,91784.7,92448.8,141.37460023
XXBTZUSD,60,20251204,210000,92448.8,92547.5,92000,92095.2,49.70048254
XXBTZUSD,60,20251204,220000,92095.2,92129.9,90924.8,92005,211.4775439
XXBTZUSD,60,20251204,230000,92005.1,92531.7,91729.1,92520.1,95.9937945
XXBTZUSD,60,20251205,000000,92520.1,92693.7,92116.4,92174.1,19.56824288
XXBTZUSD,60,20251205,010000,92174.2,92486.1,92174.2,92388.1,14.15558283
XXBTZUSD,60,20251205,020000,92388.1,92475.3,92111.9,92142.6,25.70620549
XXBTZUSD,60,20251205,030000,92142.6,92483.8,92126.4,92292.2,31.84141618
XXBTZUSD,60,20251205,040000,92292.3,92610,92291.9,92376.9,25.40835653
XXBTZUSD,60,20251205,050000,92376.9,92679.3,92295.5,92565.8,8.00781961
XXBTZUSD,60,20251205,060000,92565.9,92613.5,91946.8,92139.8,53.99063162
XXBTZUSD,60,20251205,070000,92139.9,92369,91825.2,92014.1,25.61214031
XXBTZUSD,60,20251205,080000,92014.1,92174.2,91915.6,91915.7,7.49536086
XXBTZUSD,60,20251205,090000,91915.7,92281.9,91915.7,92267.6,15.24041364
XXBTZUSD,60,20251205,100000,92267.6,92500,92243.9,92244,16.30084648
XXBTZUSD,60,20251205,110000,92244,92244,92000,92097,30.97197127
XXBTZUSD,60,20251205,120000,92107.2,92109.3,91000.7,91133.5,58.92474541
XXBTZUSD,60,20251205,130000,91133.6,91422.9,91130.5,91325.8,37.29666119
XXBTZUSD,60,20251205,140000,91330.1,91541.7,91012.7,91343.7,27.03673559
XXBTZUSD,60,20251205,150000,91343.7,91382.7,91090.8,91231,28.69408717
XXBTZUSD,60,20251205,160000,91231,91339.3,90319.1,90489.9,115.45359992
XXBTZUSD,60,20251205,170000,90490,90749.5,89909.2,90255.2,161.05011937
XXBTZUSD,60,20251205,180000,90255.3,91490,90255.3,90434.8,305.15574893
XXBTZUSD,60,20251205,190000,90434.8,90450.3,88095.2,88865.1,327.71856227
XXBTZUSD,60,20251205,200000,88861.5,89500,88664.3,89362.4,80.54192632
XXBTZUSD,60,20251205,210000,89362.5,89830,88943.4,88959.7,90.38598679
XXBTZUSD,60,20251205,220000,88959.7,89821.2,88917.9,89731.1,48.45206941
XXBTZUSD,60,20251205,230000,89731.1,89737.5,89260,89310,37.37668801
XXBTZUSD,60,20251206,000000,89310,89476.6,89093.7,89193.4,29.60721324
XXBTZUSD,60,20251206,010000,89193.4,89352.6,88914.8,89300.1,27.56875048
XXBTZUSD,60,20251206,020000,89300.1,89332.4,88984.5,89332.4,19.11115615
XXBTZUSD,60,20251206,030000,89332.4,89448.5,89107.2,89448.5,13.0574412
XXBTZUSD,60,20251206,040000,89448.5,89449.9,89217.8,89314.4,51.68799482
XXBTZUSD,60,20251206,050000,89314.4,89346.4,89215.8,89346.4,34.30097346
XXBTZUSD,60,20251206,060000,89346.4,89750,89346.4,89700.1,47.98796678
XXBTZUSD,60,20251206,070000,89700,89700,89577.5,89660,18.69541242
XXBTZUSD,60,20251206,080000,89660.1,89713.5,89550,89620,10.04671992
XXBTZUSD,60,20251206,090000,89620,89700,89570.1,89678.9,23.07056685
XXBTZUSD,60,20251206,100000,89678.9,89699.9,89479,89592.9,66.44922332
XXBTZUSD,60,20251206,110000,89592.9,89598.9,89253.8,89297.5,17.54170736
XXBTZUSD,60,20251206,120000,89297.6,89664.5,89297.5,89639.7,10.01481515
XXBTZUSD,60,20251206,130000,89639.7,89639.7,89496.6,89496.6,7.53166281
XXBTZUSD,60,20251206,140000,89496.7,89700,89496.6,89635.4,19.91991079
XXBTZUSD,60,20251206,150000,89635.4,89635.4,89590,89590,2.52282675
XXBTZUSD,60,20251206,160000,89590.1,89764.8,89590,89674.8,17.79858492
XXBTZUSD,60,20251206,170000,89674.8,90274.4,89674.7,90018.1,34.48826004
XXBTZUSD,60,20251206,180000,90018.1,90018.1,89532,89775.1,35.84937771
XXBTZUSD,60,20251206,190000,89775.1,89985.1,89700,89720.6,16.67316986
XXBTZUSD,60,20251206,200000,89720.7,89788.6,89680,89727.5,13.89764007
XXBTZUSD,60,20251206,210000,89727.5,89765.8,89620,89623,7.59656146
XXBTZUSD,60,20251206,220000,89623,89763.7,89309.8,89430.5,34.33917169
XXBTZUSD,60,20251206,230000,89430.5,89571.8,89350.6,89547.9,9.84712792
XXBTZUSD,60,20251207,000000,89548,89566,89444,89444,8.53855948
XXBTZUSD,60,20251207,010000,89444,89496.8,89271.3,89299.9,15.35806356
XXBTZUSD,60,20251207,020000,89300,89309.9,88999.9,89240.1,18.94755806
XXBTZUSD,60,20251207,030000,89240.1,89531.3,89232.9,89479.4,11.75573698
XXBTZUSD,60,20251207,040000,89479.5,89538.9,89355.3,89355.4,5.28266883
XXBTZUSD,60,20251207,050000,89355.4,89635.7,89355.3,89635.7,12.31098928
XXBTZUSD,60,20251207,060000,89635.7,89732.5,89582.1,89722,8.8361598
XXBTZUSD,60,20251207,070000,89722.1,89739.9,89509.9,89553.4,8.12017759
XXBTZUSD,60,20251207,080000,89553.4,89553.4,89447.2,89485,7.196763
XXBTZUSD,60,20251207,090000,89485,89685.8,89484.9,89645,6.39499283
XXBTZUSD,60,20251207,100000,89645,89718.8,89251.4,89374.7,5.51673071
XXBTZUSD,60,20251207,110000,89374.7,89480.8,89251.4,89331.4,4.68777648
XXBTZUSD,60,20251207,120000,89331.4,89370.4,89113.8,89125.4,4.50424094
XXBTZUSD,60,20251207,130000,89125.4,89363.5,89118.8,89274.4,18.41202425
XXBTZUSD,60,20251207,140000,89274.4,89274.4,89215,89215.1,9.47346388
XXBTZUSD,60,20251207,150000,89215.1,89535.5,89175.6,89479.5,34.13392371
XXBTZUSD,60,20251207,160000,89479.5,89479.5,88695,89064,47.38473714
XXBTZUSD,60,20251207,170000,89064,89088.9,87777,88224,136.31554358
XXBTZUSD,60,20251207,180000,88224,89717.8,88192.6,89539.8,65.09737862
XXBTZUSD,60,20251207,190000,89539.9,89912.4,89171.6,89912.4,19.66519528
XXBTZUSD,60,20251207,200000,89907.5,91219.8,89657.5,91010.1,140.27096512
XXBTZUSD,60,20251207,210000,91010.1,91713.7,91010,91404.6,104.55376859
XXBTZUSD,60,20251207,220000,91404.6,91502,91267.8,91359.8,20.21627714
XXBTZUSD,60,20251207,230000,91359.9,91480,91359.9,91420,15.21934425
XXBTZUSD,60,20251208,000000,91420,91420,89879.7,90235.8,118.59635616
XXBTZUSD,60,20251208,010000,90235.7,90235.8,89020.5,89625.3,67.99070519
XXBTZUSD,60,20251208,020000,89625.3,90435.1,89582,90435.1,22.12082245
XXBTZUSD,60,20251208,030000,90435.1,90565.4,89894.2,90399.5,24.2142264
XXBTZUSD,60,20251208,040000,90399.5,91700,90343.6,90909.5,92.85951252
XXBTZUSD,60,20251208,050000,90909.6,91415.6,90815.7,91372.6,40.99411029
XXBTZUSD,60,20251208,060000,91366.6,91407.1,90989.9,91088.3,33.12699437
XXBTZUSD,60,20251208,070000,91088.3,91460.9,91025.7,91264.6,42.15198485
XXBTZUSD,60,20251208,080000,91264.6,91419.4,91050.8,91312.5,12.3065338
XXBTZUSD,60,20251208,090000,91312.6,91653.6,91264.4,91454.3,42.67582719
XXBTZUSD,60,20251208,100000,91454.3,91861,91362.2,91569.3,48.58507061
XXBTZUSD,60,20251208,110000,91569.3,91916.5,91507.9,91852.7,44.16402729
XXBTZUSD,60,20251208,120000,91825.7,92269.6,91800.2,91914.1,72.03129911
XXBTZUSD,60,20251208,130000,91914.2,92198.6,91826.4,92130,60.60018279
XXBTZUSD,60,20251208,140000,92130,92161.7,91895.8,91954,20.9164087
XXBTZUSD,60,20251208,150000,91954,91979.1,91678.5,91764.7,24.95779997
XXBTZUSD,60,20251208,160000,91764.7,92096.3,91337.3,91415.7,39.11537218
XXBTZUSD,60,20251208,170000,91415.7,91735.6,90768.8,90863.2,119.09753918
XXBTZUSD,60,20251208,180000,90852.5,90968,89615.8,89972.6,286.09247827
XXBTZUSD,60,20251208,190000,89971.8,90456.8,89705.1,89954.3,98.33512919
XXBTZUSD,60,20251208,200000,89954.3,90320.8,89721.8,90239.1,76.33488228
XXBTZUSD,60,20251208,210000,90239.1,90516.1,89724.3,89890.3,106.09039619
XXBTZUSD,60,20251208,220000,89890.3,90337.5,89856.5,90101.4,53.00058852
XXBTZUSD,60,20251208,230000,90101.4,90914.2,90101.4,90798.9,161.29493216
XXBTZUSD,60,20251209,000000,90788.8,91393.1,90693.7,91339.9,134.61970603
XXBTZUSD,60,20251209,010000,91333.7,91370.9,90759.6,90859.9,65.26908002
XXBTZUSD,60,20251209,020000,90859.9,90999.7,90535,90650.1,26.4215404
XXBTZUSD,60,20251209,030000,90650.1,90834.7,90363.8,90395.8,24.06556406
XXBTZUSD,60,20251209,040000,90395.8,90551.7,89959.9,90056.4,58.257176
XXBTZUSD,60,20251209,050000,90056.5,90362.6,90008.9,90057,177.68101103
XXBTZUSD,60,20251209,060000,90057,90424.3,89818.7,90424.2,62.80362403
XXBTZUSD,60,20251209,070000,90424.3,90496.5,89756.8,89929.7,42.18907393
XXBTZUSD,60,20251209,080000,89929.7,90195.8,89545.1,89906.6,106.72965571
XXBTZUSD,60,20251209,090000,89906.6,90207.5,89790.6,90159.9,19.10573746
XXBTZUSD,60,20251209,100000,90159.9,90520.4,90101.6,90476.2,28.90831593
XXBTZUSD,60,20251209,110000,90476.3,90599.4,90391.1,90488.3,41.93764968
XXBTZUSD,60,20251209,120000,90490.9,90490.9,90158.9,90159.5,17.56414139
XXBTZUSD,60,20251209,130000,90159.5,90315.9,89900.1,90266.3,40.63117351
XXBTZUSD,60,20251209,140000,90266.3,90381.5,90171.1,90381.5,29.28156881
XXBTZUSD,60,20251209,150000,90381.5,90673.1,90343.4,90597.8,40.18600797
XXBTZUSD,60,20251209,160000,90597.9,90819,90186,90412.3,57.41407304
XXBTZUSD,60,20251209,170000,90412.3,90611,90025.8,90335.8,48.74519931
XXBTZUSD,60,20251209,180000,90335.8,92850,90313.5,92680.7,234.60429056
XXBTZUSD,60,20251209,190000,92695.2,94474.8,92695.1,94192.4,418.60478281
XXBTZUSD,60,20251209,200000,94192.5,94583.7,93543.5,93896.4,187.82543367
XXBTZUSD,60,20251209,210000,93896.4,94163.3,93664,93927.8,86.01346566
XXBTZUSD,60,20251209,220000,93927.8,94191.7,93669.8,93809.2,68.41688291
XXBTZUSD,60,20251209,230000,93809.3,93810.4,92787.4,93092.8,128.55680772
XXBTZUSD,60,20251210,000000,93102.7,93233.6,92266.7,92681.3,84.40815387
XXBTZUSD,60,20251210,010000,92652,93018.3,92514.2,92881.6,72.1482708
XXBTZUSD,60,20251210,020000,92881.7,92971.1,92558.2,92702.2,34.70237627
XXBTZUSD,60,20251210,030000,92702.2,92779.9,92107.9,92158.9,105.2636893
XXBTZUSD,60,20251210,040000,92158.9,92414.3,92000,92337.2,53.35438524
XXBTZUSD,60,20251210,050000,92337.2,92586.5,92052.4,92503.7,41.73709595
XXBTZUSD,60,20251210,060000,92503.7,92550,92347.7,92429.6,6.97495442
XXBTZUSD,60,20251210,070000,92429.6,92650,92413.2,92580.9,21.18950008
XXBTZUSD,60,20251210,080000,92580.9,92720.7,92550.7,92558.5,38.44924834
XXBTZUSD,60,20251210,090000,92558.5,92739.8,92415.5,92707.5,17.75834086
XXBTZUSD,60,20251210,100000,92707.5,92779.9,92501.7,92779.9,12.79115278
XXBTZUSD,60,20251210,110000,92779.9,92779.9,92579.6,92649.7,11.9643994
XXBTZUSD,60,20251210,120000,92649.8,92960.5,92440.4,92939.9,59.9489128
XXBTZUSD,60,20251210,130000,92939.9,93233.3,92158.9,92281.6,87.62975927
XXBTZUSD,60,20251210,140000,92281.6,92426.5,91805.9,92134.4,98.70652576
XXBTZUSD,60,20251210,150000,92134.4,92189.9,91846,92008,51.41920819
XXBTZUSD,60,20251210,160000,92008,92216.2,91946.7,92083,119.2807855
XXBTZUSD,60,20251210,170000,92083,92099.8,91636.7,91841.9,81.07884146
XXBTZUSD,60,20251210,180000,91841.9,92139.7,91599,92069.9,67.74936527
XXBTZUSD,60,20251210,190000,92069.9,92584.1,91923.3,92159.3,118.98874566
XXBTZUSD,60,20251210,200000,92164.2,92493.6,92104.5,92371.3,41.28847975
XXBTZUSD,60,20251210,210000,92371.3,93018.6,92006.5,92526.6,69.2804096
XXBTZUSD,60,20251210,220000,92503.5,93233.3,91673.5,92963.9,315.58742099
XXBTZUSD,60,20251210,230000,92964.7,94489,92311,92450.7,443.50026961
XXBTZUSD,60,20251211,000000,92450.8,92798.6,91902.8,92379.7,90.10584272
XXBTZUSD,60,20251211,010000,92379.7,92686.6,92000.3,92535.1,83.74750827
XXBTZUSD,60,20251211,020000,92535.1,92584.7,91972,92019.8,47.8316115
XXBTZUSD,60,20251211,030000,92019.8,92096.5,91100,91402.4,186.50231771
XXBTZUSD,60,20251211,040000,91402.5,91419.9,90700,90719.9,67.12481996
XXBTZUSD,60,20251211,050000,90719.8,90719.8,89905,90079.3,151.57214308
XXBTZUSD,60,20251211,060000,90086.8,90086.8,89423,89887.3,128.81768942
XXBTZUSD,60,20251211,070000,89887.3,90467.7,89737.6,90454.3,51.69037911
XXBTZUSD,60,20251211,080000,90454.4,90454.4,90104.3,90299.8,23.72812356
XXBTZUSD,60,20251211,090000,90299.9,90429.9,90027.1,90300.4,24.35506223
XXBTZUSD,60,20251211,100000,90300.5,90318.8,90101,90249.9,23.15195781
XXBTZUSD,60,20251211,110000,90249.9,90265.3,90009.9,90202.1,22.05932715
XXBTZUSD,60,20251211,120000,90202.1,90495.1,90175.6,90226.6,38.33267869
XXBTZUSD,60,20251211,130000,90239.9,90350.5,90195,90350.4,23.31008646
XXBTZUSD,60,20251211,140000,90350.5,90400,90236.7,90274.7,23.74338662
XXBTZUSD,60,20251211,150000,90274.7,90383.3,90030,90030.8,54.94809032
XXBTZUSD,60,20251211,160000,90030.2,90135.3,89905,90089.9,60.68613442
XXBTZUSD,60,20251211,170000,90089.9,90495.1,89281.4,89560.1,180.86965282
XXBTZUSD,60,20251211,180000,89556.8,90662.1,89427.3,89912.7,147.02674782
XXBTZUSD,60,20251211,190000,89912.6,90163.1,89372.3,89709.1,103.38830619
XXBTZUSD,60,20251211,200000,89709.1,90239.9,89660.6,89990.1,85.47467552
XXBTZUSD,60,20251211,210000,89990.1,91190.5,89918.7,90702.5,164.28473993
XXBTZUSD,60,20251211,220000,90705.1,91551,90616,90834.3,148.94291204
XXBTZUSD,60,20251211,230000,90836.1,91847,90801.9,91812.4,139.99213271
XXBTZUSD,60,20251212,000000,91801.6,93561.8,91735.7,92885.3,300.01020042
XXBTZUSD,60,20251212,010000,92885.4,93187.3,92134.6,92454.8,104.55228087
XXBTZUSD,60,20251212,020000,92400.1,92810,92355.3,92541,48.85182668
XXBTZUSD,60,20251212,030000,92541,92629.9,91496.5,91562.8,86.12575756
XXBTZUSD,60,20251212,040000,91562.9,92298.8,91562.9,92149.3,65.73981094
XXBTZUSD,60,20251212,050000,92149.3,92730.4,91973.1,92585.4,38.64656456
XXBTZUSD,60,20251212,060000,92585.4,92751,92204.3,92317.3,21.4740854
XXBTZUSD,60,20251212,070000,92317.3,92441.7,92166,92379.8,14.15544708
XXBTZUSD,60,20251212,080000,92379.9,92500,92106.8,92449,28.72075548
XXBTZUSD,60,20251212,090000,92449,92709.5,92448.9,92510,19.49098532
XXBTZUSD,60,20251212,100000,92510,92549.9,92285.5,92445.2,26.17200165
XXBTZUSD,60,20251212,110000,92442.4,92464.6,92144.5,92332,27.35503407
XXBTZUSD,60,20251212,120000,92336.2,92541.2,92115.4,92541.2,17.46981645
XXBTZUSD,60,20251212,130000,92541.2,92619.9,92420.6,92508.6,30.43134471
XXBTZUSD,60,20251212,140000,92508.7,92508.7,92306.7,92401.1,20.9583625
XXBTZUSD,60,20251212,150000,92401.1,92429.7,92111.6,92429.6,65.34061963
XXBTZUSD,60,20251212,160000,92429.7,92524.2,92254.5,92307.1,125.6301266
XXBTZUSD,60,20251212,170000,92307.1,92653.8,91933,92475.2,80.37123943
XXBTZUSD,60,20251212,180000,92474,92474,89763.4,89926.8,314.84800743
XXBTZUSD,60,20251212,190000,89922.7,90458.5,89500,90058.1,183.91330516
XXBTZUSD,60,20251212,200000,90061.3,90661.5,89854.4,90079.9,89.85560004
XXBTZUSD,60,20251212,210000,90079.9,90670.1,90076.2,90374.2,94.05780773
XXBTZUSD,60,20251212,220000,90379.9,90389.9,90044.1,90210.1,100.58282621
XXBTZUSD,60,20251212,230000,90210.1,90344.1,89915.7,90209.2,94.82821783
XXBTZUSD,60,20251213,000000,90209.2,90339.9,90116.8,90199.7,30.36629021
XXBTZUSD,60,20251213,010000,90199.7,90412,90199.6,90323.8,26.79417217
XXBTZUSD,60,20251213,020000,90329.9,90393.3,90253,90277.2,34.68439879
XXBTZUSD,60,20251213,030000,90277.2,90423,90221.1,90322.6,18.45553514
XXBTZUSD,60,20251213,040000,90322.6,90358.6,90124.5,90232.7,23.14099829
XXBTZUSD,60,20251213,050000,90232.7,90319.2,90229.2,90244.9,7.03692267
XXBTZUSD,60,20251213,060000,90244.9,90459.5,90225,90340.9,6.68121558
XXBTZUSD,60,20251213,070000,90341,90411.4,90273.3,90372.4,12.28203989
XXBTZUSD,60,20251213,080000,90372.4,90385.9,90283.8,90346.3,6.96896242
XXBTZUSD,60,20251213,090000,90346.3,90370.1,90283.2,90370.1,7.73164385
XXBTZUSD,60,20251213,100000,90370.1,90399,90336.5,90341.7,5.26015835
XXBTZUSD,60,20251213,110000,90341.7,90569.9,90341.6,90439.9,19.86564976
XXBTZUSD,60,20251213,120000,90439.9,90499.9,90400,90419.9,8.76703121
XXBTZUSD,60,20251213,130000,90419.9,90629.9,90419.9,90586.6,18.26459212
XXBTZUSD,60,20251213,140000,90586.7,90592.9,90339.5,90359.2,34.29656555
XXBTZUSD,60,20251213,150000,90359.2,90489.9,90300.1,90339.8,6.44646608
XXBTZUSD,60,20251213,160000,90339.9,90434.8,90236.7,90265.6,10.63651807
XXBTZUSD,60,20251213,170000,90265.6,90338.1,89955.3,90088.5,28.65476929
XXBTZUSD,60,20251213,180000,90088.5,90290.6,90059.2,90109.9,14.73478631
XXBTZUSD,60,20251213,190000,90109.9,90283.9,90052.9,90100.1,10.86681722
XXBTZUSD,60,20251213,200000,90100.1,90100.1,89994.2,90055.1,24.80419264
XXBTZUSD,60,20251213,210000,90055.1,90180.9,90055.1,90112,10.30460582
XXBTZUSD,60,20251213,220000,90112.1,90226.8,90112,90193.3,9.09317815
XXBTZUSD,60,20251213,230000,90193.4,90218.1,90076.8,90080.9,39.15503233
XXBTZUSD,60,20251214,000000,90097.5,90181,89797.1,90179.5,54.03198732
XXBTZUSD,60,20251214,010000,90179.4,90247.3,90030.2,90141.7,7.17621264
XXBTZUSD,60,20251214,020000,90141.7,90282,90089.8,90254.1,12.67472487
XXBTZUSD,60,20251214,030000,90254.2,90467.7,90151.2,90359.6,16.70439154
XXBTZUSD,60,20251214,040000,90359.7,90446.4,90213.9,90298.7,111.87643397
XXBTZUSD,60,20251214,050000,90298.7,90386.6,90274,90280.2,11.65458947
XXBTZUSD,60,20251214,060000,90280.2,90290,90266.3,90266.5,10.14373799
XXBTZUSD,60,20251214,070000,90266.5,90310,90142.2,90196.8,18.54996754
XXBTZUSD,60,20251214,080000,90196.8,90217.7,90023,90197.5,28.59048968
XXBTZUSD,60,20251214,090000,90197.6,90231,90100,90161.3,5.54629198
XXBTZUSD,60,20251214,100000,90161.3,90271.1,90100,90255.6,7.70947522
XXBTZUSD,60,20251214,110000,90255.7,90274,90127,90127.1,6.0850935
XXBTZUSD,60,20251214,120000,90127.1,90149.9,90020.3,90027.1,15.94511657
XXBTZUSD,60,20251214,130000,90027.1,90133.7,89808,89848.6,27.09360339
XXBTZUSD,60,20251214,140000,89848.6,89856.5,88667.1,89398.4,270.98932026
XXBTZUSD,60,20251214,150000,89398.5,89654.9,89115,89441.4,69.78157392
XXBTZUSD,60,20251214,160000,89441.4,89490.7,89110.2,89490.7,74.85182189
XXBTZUSD,60,20251214,170000,89497.7,89548.4,88900,89100.9,44.26105876
XXBTZUSD,60,20251214,180000,89100.9,89159.9,88861.1,89020.1,62.01198955
XXBTZUSD,60,20251214,190000,89020.1,89399.4,88539.6,88825.5,63.82385155
XXBTZUSD,60,20251214,200000,88825.5,89039.4,88623.7,88822.3,41.99451629
XXBTZUSD,60,20251214,210000,88822.3,89070.6,88740.3,89024.3,28.19873551
XXBTZUSD,60,20251214,220000,89024.3,89024.3,88514.4,88658.2,28.63801292
XXBTZUSD,60,20251214,230000,88658.3,88813,88370.3,88591.6,54.64514453
XXBTZUSD,60,20251215,000000,88591.6,88710.4,88354.6,88467.4,25.38351965
XXBTZUSD,60,20251215,010000,88467.4,88620.9,88036.8,88440.6,84.7834
XXBTZUSD,60,20251215,020000,88440.6,88600,87582.5,88163,131.91755444
XXBTZUSD,60,20251215,030000,88163,88713.2,88059.3,88459.1,159.13821357
XXBTZUSD,60,20251215,040000,88459.1,89335,88450,89250.2,117.51710263
XXBTZUSD,60,20251215,050000,89251.7,90038.8,89251.7,89304.7,114.20126294
XXBTZUSD,60,20251215,060000,89304.7,89553.9,89249.3,89275,40.3441734
XXBTZUSD,60,20251215,070000,89275,89776.2,89275,89660.1,21.17785882
XXBTZUSD,60,20251215,080000,89660.1,89770.3,89500,89602.3,32.07775775
XXBTZUSD,60,20251215,090000,89602.4,89908.2,89482,89756,29.74966947
XXBTZUSD,60,20251215,100000,89756,89824,89529.4,89746.7,34.89205816
XXBTZUSD,60,20251215,110000,89746.7,89909.9,89661.6,89797,15.4332322
XXBTZUSD,60,20251215,120000,89791,89963.1,89783.3,89854.6,41.44522692
XXBTZUSD,60,20251215,130000,89854.6,89949.8,89721,89869.8,127.63956841
XXBTZUSD,60,20251215,140000,89869.9,89882.2,89588.8,89642,54.77023797
XXBTZUSD,60,20251215,150000,89642,89747.5,89443.4,89693.8,20.58980881
XXBTZUSD,60,20251215,160000,89693.8,89721.8,89281.5,89431,32.46466111
XXBTZUSD,60,20251215,170000,89431.1,89846.4,87830,88048.7,235.88145707
XXBTZUSD,60,20251215,180000,88048.7,88189.8,86604.5,87031.3,398.31335745
XXBTZUSD,60,20251215,190000,87031.3,87212.3,86062.6,86405.2,222.62486205
XXBTZUSD,60,20251215,200000,86405.2,86476.2,85608.2,85731.6,172.09830832
XXBTZUSD,60,20251215,210000,85731.6,86287.1,85151.5,86179.1,257.06167938
XXBTZUSD,60,20251215,220000,86179.2,86549.4,85869.9,86135.1,100.26643062
XXBTZUSD,60,20251215,230000,86134,86159.7,85609.5,85770.4,77.79465537
XXBTZUSD,60,20251216,000000,85776.5,86259.1,85519.6,86198.1,82.68434604
XXBTZUSD,60,20251216,010000,86198.1,86230,85818.6,86229.9,82.77628615
XXBTZUSD,60,20251216,020000,86230,86459.9,86127.1,86434.3,54.98091186
XXBTZUSD,60,20251216,030000,86434.3,86494.9,85826.2,85832.2,166.87213292
XXBTZUSD,60,20251216,040000,85832.3,86139.4,85671.2,85885.7,54.07909151
XXBTZUSD,60,20251216,050000,85885.7,86197,85800,85912.3,70.71665838
XXBTZUSD,60,20251216,060000,85912.3,85980.1,85353.8,85858.5,74.09661848
XXBTZUSD,60,20251216,070000,85854.3,85892.1,85263.6,85794.3,24.41017949
XXBTZUSD,60,20251216,080000,85794.3,86166,85791.4,86010.4,36.81714614
XXBTZUSD,60,20251216,090000,86010.5,86570.2,86010.4,86493.6,63.51488083
XXBTZUSD,60,20251216,100000,86493.6,86569.9,85856.4,86000.1,37.09770548
XXBTZUSD,60,20251216,110000,86000.1,86340.5,85920.8,86239.9,33.72779627
XXBTZUSD,60,20251216,120000,86239.9,86380,86195.7,86321.7,10.43901703
XXBTZUSD,60,20251216,130000,86321.7,87300,86258.8,86969.4,264.13672952
XXBTZUSD,60,20251216,140000,86969.4,87294.7,86800.1,87243.7,68.51531922
XXBTZUSD,60,20251216,150000,87243.7,87450,87059.3,87207.8,68.34409645
XXBTZUSD,60,20251216,160000,87207.8,87747,86435.2,86435.2,252.94339058
XXBTZUSD,60,20251216,170000,86434.7,87703.2,86083.3,87256.9,234.36533856
XXBTZUSD,60,20251216,180000,87257,88121.3,86851.1,87936.1,184.13080409
XXBTZUSD,60,20251216,190000,87936.2,88019.9,87388.9,87574.1,174.83503164
XXBTZUSD,60,20251216,200000,87574.1,87815.7,87112,87112.1,216.04983603
XXBTZUSD,60,20251216,210000,87112.1,87984,87070.1,87739.9,120.32330182
XXBTZUSD,60,20251216,220000,87739.9,87762.4,87279.6,87573,74.44605375
XXBTZUSD,60,20251216,230000,87573.1,87800,87350.3,87563.2,60.62720568
XXBTZUSD,60,20251217,000000,87550.6,87893,87472.7,87763.9,80.76736364
XXBTZUSD,60,20251217,010000,87746.2,87886.8,87631.8,87764.2,29.2931479
XXBTZUSD,60,20251217,020000,87764.3,87846.9,87601,87840.7,24.05205643
XXBTZUSD,60,20251217,030000,87840.7,87840.7,87411.1,87514.4,22.93733056
XXBTZUSD,60,20251217,040000,87514.4,87915.9,87497.1,87514.3,39.25017424
XXBTZUSD,60,20251217,050000,87514.3,87552.2,87181.1,87460,36.37492465
XXBTZUSD,60,20251217,060000,87460,87588.2,87127.5,87192.3,11.00391287
XXBTZUSD,60,20251217,070000,87192.3,87360,86701.7,86739.9,23.90407524
XXBTZUSD,60,20251217,080000,86739.9,86739.9,86176.6,86600.5,71.364828
XXBTZUSD,60,20251217,090000,86600.5,86944.9,86575.7,86741.3,64.26440048
XXBTZUSD,60,20251217,100000,86741.3,87088.5,86591.1,87022.6,54.73426161
XXBTZUSD,60,20251217,110000,87022.6,87022.6,86299.6,86329.9,24.93919635
XXBTZUSD,60,20251217,120000,86330,86550.2,86245.4,86401.1,29.81014373
XXBTZUSD,60,20251217,130000,86401.1,86775,86221,86570.8,58.5460266
XXBTZUSD,60,20251217,140000,86570.8,87107.9,86566.3,86958.6,119.95086357
XXBTZUSD,60,20251217,150000,86958.6,87160.4,86799.1,87000,203.25040337
XXBTZUSD,60,20251217,160000,87000,87808,86800.1,87598.8,138.48169607
XXBTZUSD,60,20251217,170000,87598.8,89658.1,87174.8,89637.7,391.59808035
XXBTZUSD,60,20251217,180000,89627.1,90318.3,87096.9,87204.5,748.02268753
XXBTZUSD,60,20251217,190000,87204.5,87709.8,86114.3,86965.8,366.9464355
XXBTZUSD,60,20251217,200000,86965.8,87074.3,86250,86396.2,89.67572176
XXBTZUSD,60,20251217,210000,86396.2,86788.6,85609.8,85771.7,113.71492679
XXBTZUSD,60,20251217,220000,85771.7,86150,85282.2,85981.3,214.68720433
XXBTZUSD,60,20251217,230000,85982.1,86200,85630,85843.4,72.75339482
XXBTZUSD,60,20251218,000000,85855.1,86008.1,85684.3,85938.9,74.19161793
XXBTZUSD,60,20251218,010000,85950.4,86401.8,85880,86308.8,74.96712922
XXBTZUSD,60,20251218,020000,86308.9,86308.9,85928.4,86207.8,53.12509896
XXBTZUSD,60,20251218,030000,86205.5,86268.3,86018.7,86197.5,33.67104274
XXBTZUSD,60,20251218,040000,86197.5,86197.5,85846.1,86089,32.16324945
XXBTZUSD,60,20251218,050000,86089,86828,85980.3,86643.9,53.12660523
XXBTZUSD,60,20251218,060000,86643.9,86643.9,86250,86554.2,14.76055319
XXBTZUSD,60,20251218,070000,86554.2,86840.6,86554.1,86726.3,17.38885419
XXBTZUSD,60,20251218,080000,86726.4,86726.4,86358.3,86403.9,11.1165047
XXBTZUSD,60,20251218,090000,86403.9,86599.8,86381.7,86599.8,23.01155303
XXBTZUSD,60,20251218,100000,86599.9,86820.7,86566.6,86799.6,23.29040865
XXBTZUSD,60,20251218,110000,86799.6,87063.9,86680.5,86938,41.5972237
XXBTZUSD,60,20251218,120000,86938,87331.7,86773.2,87250.1,42.56754356
XXBTZUSD,60,20251218,130000,87250.1,87402.8,87200,87283.2,22.41211263
XXBTZUSD,60,20251218,140000,87284.1,87290.9,87050.8,87221.5,62.40342564
XXBTZUSD,60,20251218,150000,87223.8,87373.7,87089.1,87189.8,22.2394611
XXBTZUSD,60,20251218,160000,87189.9,89136,87189.9,88815.1,418.71524005
XXBTZUSD,60,20251218,170000,88815.1,89437.1,87664.3,88292.6,310.66506567
XXBTZUSD,60,20251218,180000,88292.6,89300,87932.2,88452.8,297.14654893
XXBTZUSD,60,20251218,190000,88452.8,88464.9,87822.9,87970.2,138.73344966
XXBTZUSD,60,20251218,200000,87970.2,87970.2,85444,86440.8,476.00878729
XXBTZUSD,60,20251218,210000,86441.8,86814.6,85688,85932.4,303.1468747
XXBTZUSD,60,20251218,220000,85927.4,85970.3,84456.5,84465,333.24631907
XXBTZUSD,60,20251218,230000,84465.1,85217.4,84421.4,84541.4,162.14354097
XXBTZUSD,60,20251219,000000,84559.7,85775,84533.6,85590.8,110.80535951
XXBTZUSD,60,20251219,010000,85590.8,85691.5,85230.7,85539.5,74.87780783
XXBTZUSD,60,20251219,020000,85539.5,85569.9,85288.1,85462.5,45.82735064
XXBTZUSD,60,20251219,030000,85461,85553.9,85232,85540.9,146.54881495
XXBTZUSD,60,20251219,040000,85541,85541,85077,85291.6,99.82908132
XXBTZUSD,60,20251219,050000,85291.6,85856.4,85087.9,85615.4,39.4396963
XXBTZUSD,60,20251219,060000,85615.5,87499.6,85567.5,86803.8,189.77432123
XXBTZUSD,60,20251219,070000,86820.1,87300.9,86803.4,87052.4,63.32914306
XXBTZUSD,60,20251219,080000,87028.3,87174.3,86624.7,87091.7,23.08790259
XXBTZUSD,60,20251219,090000,87091.7,87432,86854.4,87431.9,25.83975508
XXBTZUSD,60,20251219,100000,87432,88323.9,87432,87870.6,162.64460287
XXBTZUSD,60,20251219,110000,87870.7,88137.1,87685,88070,66.09978651
XXBTZUSD,60,20251219,120000,88070,88086.6,87849.3,88029.9,45.78691829
XXBTZUSD,60,20251219,130000,88030,88259.4,87889.7,88215,66.7464661
XXBTZUSD,60,20251219,140000,88215,88301.2,88103,88139.7,42.20402567
XXBTZUSD,60,20251219,150000,88139.7,88206.8,87764.2,87792.4,105.6572943
XXBTZUSD,60,20251219,160000,87792.5,88140.2,87770.9,87940.4,110.7586008
XXBTZUSD,60,20251219,170000,87940.5,88500,87463,88145.9,185.2145037
XXBTZUSD,60,20251219,180000,88145.9,89335,87652,87924.9,394.24952845
XXBTZUSD,60,20251219,190000,87925,88811.3,87825.9,87914.9,92.50444607
XXBTZUSD,60,20251219,200000,87914.9,88263.3,86838,86918.5,232.55522741
XXBTZUSD,60,20251219,210000,86916.9,87423.7,86809.5,87089.2,64.43649766
XXBTZUSD,60,20251219,220000,87089.2,88037.9,87079,87782.2,114.05889853
XXBTZUSD,60,20251219,230000,87786,88340.7,87550,87997.2,107.71764553
XXBTZUSD,60,20251220,000000,88003.3,88019.1,87763.2,87780.5,47.94402408
XXBTZUSD,60,20251220,010000,87780.5,88343.6,87780.5,88274.7,131.3003036
XXBTZUSD,60,20251220,020000,88274.7,88306.8,88104.6,88105.2,20.39505492
XXBTZUSD,60,20251220,030000,88105.2,88139.1,87943,87981.4,23.80155931
XXBTZUSD,60,20251220,040000,87981.4,88121.4,87974.7,88016.8,6.5959027
XXBTZUSD,60,20251220,050000,88016.8,88248,87955.2,88162.9,34.25079585
XXBTZUSD,60,20251220,060000,88162.9,88299.9,88147.9,88183.7,17.90368598
XXBTZUSD,60,20251220,070000,88183.8,88268.9,88097.3,88233.7,13.92556734
XXBTZUSD,60,20251220,080000,88233.7,88513.3,88233.7,88263.2,28.8736205
XXBTZUSD,60,20251220,090000,88263.2,88400.7,88238.9,88268.9,6.30596983
XXBTZUSD,60,20251220,100000,88268.9,88293.9,88158.1,88217.4,3.9509529
XXBTZUSD,60,20251220,110000,88222.9,88381.5,88222.9,88230.1,5.38261661
XXBTZUSD,60,20251220,120000,88230.1,88300.6,88199.7,88205.1,2.79088226
XXBTZUSD,60,20251220,130000,88205.1,88218.5,88091.3,88101.5,5.83034019
XXBTZUSD,60,20251220,140000,88101.6,88273.8,88078.5,88246.8,33.26654242
XXBTZUSD,60,20251220,150000,88246.8,88281.9,88150.2,88201.1,3.41918087
XXBTZUSD,60,20251220,160000,88201.1,88288.5,87800,88221.3,42.31387226
XXBTZUSD,60,20251220,170000,88221.3,88221.3,87979.4,88219.8,22.35617266
XXBTZUSD,60,20251220,180000,88219.8,88219.8,87994.5,88140.9,23.97354798
XXBTZUSD,60,20251220,190000,88140.9,88173.7,88094.7,88115.4,19.62405212
XXBTZUSD,60,20251220,200000,88115.4,88200,88078.5,88150.6,5.57237119
XXBTZUSD,60,20251220,210000,88150.6,88354.2,88125.2,88282.7,26.79736135
XXBTZUSD,60,20251220,220000,88282.7,88296.4,88173.7,88178.2,30.43976343
XXBTZUSD,60,20251220,230000,88178.3,88280.9,88178,88246.4,29.52663539
XXBTZUSD,60,20251221,000000,88246.4,88423,88066.9,88163.8,160.97512153
XXBTZUSD,60,20251221,010000,88163.8,88289,88132.1,88268.8,15.11706361
XXBTZUSD,60,20251221,020000,88268.8,88359.5,88237.9,88338.1,26.88893258
XXBTZUSD,60,20251221,030000,88338.1,88383.6,88274.1,88321,11.70683976
XXBTZUSD,60,20251221,040000,88321,88321,88003.4,88003.4,13.58701634
XXBTZUSD,60,20251221,050000,88003.4,88078.5,87851.3,87921.1,116.56418977
XXBTZUSD,60,20251221,060000,87921.1,88112.4,87909.8,88029.6,9.24068809
XXBTZUSD,60,20251221,070000,88029.6,88126.6,88029.5,88051.3,43.69133196
XXBTZUSD,60,20251221,080000,88051.3,88139.8,88034.3,88109.5,31.38840976
XXBTZUSD,60,20251221,090000,88109.5,88149,88029.5,88068.2,3.95767575
XXBTZUSD,60,20251221,100000,88068.3,88118,88038.2,88117.9,6.75518796
XXBTZUSD,60,20251221,110000,88118,88694.3,88118,88505.5,24.4071824
XXBTZUSD,60,20251221,120000,88505.6,89013.9,88491.3,88840.5,66.29110902
XXBTZUSD,60,20251221,130000,88840.5,88908.4,88557.9,88607.3,27.43900795
XXBTZUSD,60,20251221,140000,88607.3,88717.4,88543.8,88585.5,14.12952342
XXBTZUSD,60,20251221,150000,88585.5,88905.9,88470.9,88590.9,35.12947382
XXBTZUSD,60,20251221,160000,88598.8,88652.2,87610.7,87653.7,72.52667942
XXBTZUSD,60,20251221,170000,87653.7,88100.1,87601.8,88026.2,105.25329172
XXBTZUSD,60,20251221,180000,88026.2,88215.3,87770.9,88025.4,26.25578573
XXBTZUSD,60,20251221,190000,88025.5,88311.8,87976.8,88311.8,11.52797044
XXBTZUSD,60,20251221,200000,88311.8,88446.7,88255.2,88295.2,27.31634665
XXBTZUSD,60,20251221,210000,88295.3,88419.9,87942.9,88419.9,19.65737288
XXBTZUSD,60,20251221,220000,88419.9,88566.4,88189,88458,26.56525222
XXBTZUSD,60,20251221,230000,88458,88458,88202.3,88208.4,17.06434978
XXBTZUSD,60,20251222,000000,88208.4,88346,88093.5,88142.3,11.44475697
XXBTZUSD,60,20251222,010000,88142.3,88436,88107.2,88436,13.08111836
XXBTZUSD,60,20251222,020000,88436,88782.1,88343.7,88622.2,47.69530168
XXBTZUSD,60,20251222,030000,88623.7,89567.6,88566.4,88627,190.97203674
XXBTZUSD,60,20251222,040000,88627.1,89238.6,88500,88615.3,74.32468347
XXBTZUSD,60,20251222,050000,88605.9,88605.9,87863.6,88451.4,76.47429668
XXBTZUSD,60,20251222,060000,88451.4,88809.8,88282.4,88771.7,9.71927938
XXBTZUSD,60,20251222,070000,88771.7,88984,88702.7,88885.2,67.15823573
XXBTZUSD,60,20251222,080000,88885.2,88944.5,88751,88805.3,24.04677867
XXBTZUSD,60,20251222,090000,88797.4,88953.5,88708.4,88871.2,44.95384849
XXBTZUSD,60,20251222,100000,88871.3,89146.4,88871.3,89130.2,40.62818294
XXBTZUSD,60,20251222,110000,89131.4,89874.3,89095.5,89284.6,71.97978516
XXBTZUSD,60,20251222,120000,89284.6,89786.4,89275,89785.5,23.88648274
XXBTZUSD,60,20251222,130000,89785.5,89807.8,89586.8,89745.9,43.91231361
XXBTZUSD,60,20251222,140000,89746,90045.2,89629.5,89907.6,190.28717382
XXBTZUSD,60,20251222,150000,89907.6,90552.6,89841,90178.5,223.47546197
XXBTZUSD,60,20251222,160000,90178.5,90287.1,89693.4,89862.8,216.1403004
XXBTZUSD,60,20251222,170000,89872.6,90244.9,89414.6,90097,132.45018144
XXBTZUSD,60,20251222,180000,90097,90391.7,89152.3,89702.4,207.03413893
XXBTZUSD,60,20251222,190000,89702.4,90058.9,89505.4,89513.7,73.1316777
XXBTZUSD,60,20251222,200000,89512.7,89525.9,89031.8,89273.8,60.22388669
XXBTZUSD,60,20251222,210000,89273.8,89478.9,89112.4,89115.9,58.42301859
XXBTZUSD,60,20251222,220000,89112.5,89112.5,87940.1,88041.1,195.06146533
XXBTZUSD,60,20251222,230000,88018.6,88417.8,87889,88309.4,108.9329558
XXBTZUSD,60,20251223,000000,88309.5,88566.5,88200,88222.6,39.38998471
XXBTZUSD,60,20251223,010000,88237,88761.4,88139.1,88609.9,34.07196501
XXBTZUSD,60,20251223,020000,88610,88636.2,88389.8,88544.2,24.25973672
XXBTZUSD,60,20251223,030000,88550.5,88888.8,88462.8,88727.9,21.48964835
XXBTZUSD,60,20251223,040000,88727.9,88827.1,88398.5,88469.1,16.22242439
XXBTZUSD,60,20251223,050000,88469.1,88690,88089.6,88143.4,47.42938298
XXBTZUSD,60,20251223,060000,88143.4,88301.2,87740.4,88128.9,40.59733864
XXBTZUSD,60,20251223,070000,88121.6,88298,87897.1,87897.2,20.67628492
XXBTZUSD,60,20251223,080000,87897.2,87959.4,87581.9,87688.8,48.26874696
XXBTZUSD,60,20251223,090000,87695.4,87701.8,87000,87360.1,74.10690827
XXBTZUSD,60,20251223,100000,87360.1,87604.7,87338.3,87505.5,19.50774581
XXBTZUSD,60,20251223,110000,87505.6,87611,87400,87401.1,44.14625733
XXBTZUSD,60,20251223,120000,87401.2,87550.8,87260.2,87477.3,53.96230577
XXBTZUSD,60,20251223,130000,87477.3,87586,87432.6,87544,43.90905903
XXBTZUSD,60,20251223,140000,87544.1,87817.5,87521.1,87816.9,19.6632165
XXBTZUSD,60,20251223,150000,87816.9,87903.4,87566.5,87758.1,58.76346372
XXBTZUSD,60,20251223,160000,87758.2,87832.2,87381.7,87579.2,37.38742605
XXBTZUSD,60,20251223,170000,87579.3,87789.1,86553.3,86834.2,114.58372772
XXBTZUSD,60,20251223,180000,86834.2,87504,86674.5,87391.5,86.38117456
XXBTZUSD,60,20251223,190000,87391.6,88105.4,87281.7,87962.7,265.13266935
XXBTZUSD,60,20251223,200000,87962.7,88205.9,87127.2,87141.1,112.16766726
XXBTZUSD,60,20251223,210000,87141,88109.6,87123.5,87929,88.80715519
XXBTZUSD,60,20251223,220000,87929.1,87989.7,87589.8,87690,59.45034707
XXBTZUSD,60,20251223,230000,87690,88289,87488,87627.3,113.88923382
XXBTZUSD,60,20251224,000000,87615.3,87796.6,87484.9,87649.2,43.97073151
XXBTZUSD,60,20251224,010000,87649.2,87729,87216.6,87336.3,34.25181383
XXBTZUSD,60,20251224,020000,87336.3,87454,87154,87416.4,142.44134907
XXBTZUSD,60,20251224,030000,87416.4,87609.9,87226.2,87599.7,41.24062488
XXBTZUSD,60,20251224,040000,87599.8,87752,87467.2,87604.6,19.36062769
XXBTZUSD,60,20251224,050000,87604.6,87604.6,86900,87091.8,56.94559356
XXBTZUSD,60,20251224,060000,87091.8,87335.5,86814,87274,81.24076416
XXBTZUSD,60,20251224,070000,87274,87384.2,87050.1,87079.2,22.79960564
XXBTZUSD,60,20251224,080000,87079.3,87179.4,86750,86898.7,36.34115129
XXBTZUSD,60,20251224,090000,86898.8,86993,86753.5,86959.7,11.14581642
XXBTZUSD,60,20251224,100000,86959.7,87095,86870.9,86870.9,28.45754835
XXBTZUSD,60,20251224,110000,86870.9,87011.2,86715.7,86715.8,8.85679404
XXBTZUSD,60,20251224,120000,86715.8,86832.2,86694.9,86749.5,27.03575612
XXBTZUSD,60,20251224,130000,86749.6,87120,86749.5,87021,32.55079859
XXBTZUSD,60,20251224,140000,87021.1,87279.4,87021.1,87155.9,26.5514086
XXBTZUSD,60,20251224,150000,87156,87417.9,87096.2,87383.8,66.70149907
XXBTZUSD,60,20251224,160000,87383.8,87383.8,86998,87238.8,59.58926796
XXBTZUSD,60,20251224,170000,87238.8,87372.9,86271.4,86911.7,225.2582751
XXBTZUSD,60,20251224,180000,86917,87130.1,86542.1,86979.4,142.86391778
XXBTZUSD,60,20251224,190000,86979.5,87583.7,86856.6,87210,59.48220684
XXBTZUSD,60,20251224,200000,87210,87487.9,87183,87250.7,29.40957864
XXBTZUSD,60,20251224,210000,87250.8,87443.4,87182.9,87404.5,202.06472306
XXBTZUSD,60,20251224,220000,87404.6,87500,87295.2,87498.8,24.24171993
XXBTZUSD,60,20251224,230000,87498.8,87599,87488,87496.2,38.25315362
XXBTZUSD,60,20251225,000000,87496.2,87709.9,87496.1,87634.7,17.26701184
XXBTZUSD,60,20251225,010000,87634.7,87973.3,87624.8,87940.1,132.64316272
XXBTZUSD,60,20251225,020000,87940.1,87940.1,87517.6,87613.7,78.36333392
XXBTZUSD,60,20251225,030000,87613.7,87678.7,87488,87488.1,7.8918394
XXBTZUSD,60,20251225,040000,87488.1,87693.9,87488,87631.2,10.95037853
XXBTZUSD,60,20251225,050000,87631.3,87888,87542.6,87844,15.7129537
XXBTZUSD,60,20251225,060000,87844.1,87848,87709.6,87793.1,9.23575522
XXBTZUSD,60,20251225,070000,87793.1,87793.1,87700,87767,7.10490586
XXBTZUSD,60,20251225,080000,87767,87767,87592.1,87711.4,23.05854698
XXBTZUSD,60,20251225,090000,87711.4,87759.2,87650.3,87759.2,26.76146045
XXBTZUSD,60,20251225,100000,87759.2,87786.4,87702.5,87786.4,8.17158665
XXBTZUSD,60,20251225,110000,87786.4,87840.9,87309,87528.2,9.19104778
XXBTZUSD,60,20251225,120000,87528.2,87528.2,87393.9,87460.6,20.16119147
XXBTZUSD,60,20251225,130000,87460.6,87460.6,87227.1,87364.5,8.597808
XXBTZUSD,60,20251225,140000,87364.5,87532.5,87364.4,87462.4,6.71885311
XXBTZUSD,60,20251225,150000,87462.4,87520.1,87448.1,87488.1,4.45131981
XXBTZUSD,60,20251225,160000,87488.1,87603.3,87359,87582.9,10.20519971
XXBTZUSD,60,20251225,170000,87582.9,87691.4,87514.7,87667.5,5.72021328
XXBTZUSD,60,20251225,180000,87667.5,88547.9,87667.5,88265.8,120.1494061
XXBTZUSD,60,20251225,190000,88282.8,88396.7,87954.9,88048.6,34.46078
XXBTZUSD,60,20251225,200000,88048.6,88116.9,87965.5,88081.4,59.12777952
XXBTZUSD,60,20251225,210000,88081.4,88256,88081.3,88178.5,30.44009238
XXBTZUSD,60,20251225,220000,88178.6,88178.6,88013,88088,8.92359089
XXBTZUSD,60,20251225,230000,88088,88100,87571.7,87833.1,52.36385827
XXBTZUSD,60,20251226,000000,87833.2,87912.3,87765,87838.8,8.85998211
XXBTZUSD,60,20251226,010000,87838.8,87843.9,87290,87589.8,34.51245835
XXBTZUSD,60,20251226,020000,87589.8,87691.8,86944.9,87198,51.51315248
XXBTZUSD,60,20251226,030000,87183,87271.3,86848,87052,138.12570716
XXBTZUSD,60,20251226,040000,87052,87405.2,87051.9,87370.2,39.88842558
XXBTZUSD,60,20251226,050000,87370.2,89332.9,87370.1,89099.9,214.25062717
XXBTZUSD,60,20251226,060000,89100,89181.6,88625,88736.5,101.06909727
XXBTZUSD,60,20251226,070000,88736.5,89043.4,88460.9,88897.7,37.95474325
XXBTZUSD,60,20251226,080000,88897.8,88934,88766.5,88933.9,17.6698552
XXBTZUSD,60,20251226,090000,88934,89171.7,88933.5,89053.1,31.60046816
XXBTZUSD,60,20251226,100000,89053.1,89484.6,88292.1,88374.9,202.14916275
XXBTZUSD,60,20251226,110000,88375,88798.3,88358.5,88674.8,37.43876054
XXBTZUSD,60,20251226,120000,88674.8,88820.1,88607.3,88749.9,9.44773844
XXBTZUSD,60,20251226,130000,88749.9,88809.4,88611.1,88699.2,12.91100449
XXBTZUSD,60,20251226,140000,88699.2,88699.2,88484.2,88498.5,41.27263455
XXBTZUSD,60,20251226,150000,88498.5,88679.3,88498.4,88612.4,16.5484172
XXBTZUSD,60,20251226,160000,88612.4,88979.6,88581.7,88961.8,24.36746344
XXBTZUSD,60,20251226,170000,88961.8,88992.6,87290.3,87367.2,106.58554771
XXBTZUSD,60,20251226,180000,87341.2,87341.2,86611.7,87066.1,242.75186113
XXBTZUSD,60,20251226,190000,87066.1,87287.7,86762.7,86783.1,99.39652268
XXBTZUSD,60,20251226,200000,86783.1,87363.3,86755.6,87232.5,51.34948674
XXBTZUSD,60,20251226,210000,87232.5,87289.7,87053.5,87200.7,86.11261329
XXBTZUSD,60,20251226,220000,87200.8,87505,87167.8,87437.2,20.21208203
XXBTZUSD,60,20251226,230000,87437.2,87709.9,87324.7,87501.9,29.74842168
XXBTZUSD,60,20251227,000000,87501.9,87615.1,87400,87400.1,33.74645917
XXBTZUSD,60,20251227,010000,87400.1,87497.1,87260,87476.8,21.62160243
XXBTZUSD,60,20251227,020000,87476.6,87476.6,87272.9,87303.6,16.07410981
XXBTZUSD,60,20251227,030000,87303.6,87342.1,87177.5,87342.1,22.98420616
XXBTZUSD,60,20251227,040000,87342.1,87411.4,87289.7,87411.4,8.58351079
XXBTZUSD,60,20251227,050000,87411.4,87437.7,87338.2,87374.7,6.36442174
XXBTZUSD,60,20251227,060000,87374.8,87446.7,87333.5,87446.7,8.67305426
XXBTZUSD,60,20251227,070000,87446.7,87446.7,87402,87402.3,4.53806862
XXBTZUSD,60,20251227,080000,87402.3,87440,87390.8,87440,5.5156485
XXBTZUSD,60,20251227,090000,87440,87485,87362.8,87384.1,7.91733543
XXBTZUSD,60,20251227,100000,87384.1,87647.9,87384,87467.5,14.54302697
XXBTZUSD,60,20251227,110000,87467.5,87609.9,87467.4,87530.2,8.03633047
XXBTZUSD,60,20251227,120000,87530.2,87606.9,87493.1,87559.4,35.08682124
XXBTZUSD,60,20251227,130000,87559.4,87559.4,87323.7,87445.6,4.18842933
XXBTZUSD,60,20251227,140000,87445.7,87484.5,87403.7,87416.6,6.58295894
XXBTZUSD,60,20251227,150000,87416.6,87455.2,87400,87414.6,24.09837852
XXBTZUSD,60,20251227,160000,87414.6,87416.1,87275.3,87399,19.60730542
XXBTZUSD,60,20251227,170000,87399.1,87474.1,87208.4,87474.1,116.23131248
XXBTZUSD,60,20251227,180000,87474.1,87515.1,87438.5,87491.3,14.79064506
XXBTZUSD,60,20251227,190000,87491.3,87518,87400.3,87443.6,9.7099814
XXBTZUSD,60,20251227,200000,87443.7,87493,87411.6,87493,5.83258872
XXBTZUSD,60,20251227,210000,87493,87493,87402.6,87427.6,9.27924373
XXBTZUSD,60,20251227,220000,87427.7,87518,87427.6,87501,14.60849119
XXBTZUSD,60,20251227,230000,87501,87548.9,87481.8,87501.3,9.03298407
XXBTZUSD,60,20251228,000000,87501.3,87601.6,87501.2,87601.5,9.93527937
XXBTZUSD,60,20251228,010000,87601.5,87866,87463.2,87527,29.63214777
XXBTZUSD,60,20251228,020000,87507.7,87913.3,87505,87802.6,20.97732433
XXBTZUSD,60,20251228,030000,87814.4,87874.8,87637.8,87784.8,25.41972449
XXBTZUSD,60,20251228,040000,87784.8,87853.7,87659.4,87722.1,73.41073974
XXBTZUSD,60,20251228,050000,87722.1,87786,87690.1,87739.6,9.04023328
XXBTZUSD,60,20251228,060000,87739.6,87752.9,87676,87685.9,5.77234864
XXBTZUSD,60,20251228,070000,87680.3,87769.6,87590.3,87651.5,56.03399525
XXBTZUSD,60,20251228,080000,87651.5,87651.5,87551.1,87578.9,5.52084749
XXBTZUSD,60,20251228,090000,87579,87722.3,87576.2,87669.7,5.66757108
XXBTZUSD,60,20251228,100000,87669.8,87669.8,87595.9,87651,5.19188187
XXBTZUSD,60,20251228,110000,87651,87892.6,87650.9,87728.7,5.49365095
XXBTZUSD,60,20251228,120000,87728.7,87831.1,87653,87708.1,14.13842808
XXBTZUSD,60,20251228,130000,87708.2,87955.9,87708.2,87782.7,33.02209164
XXBTZUSD,60,20251228,140000,87782.7,87844.3,87737.8,87792.8,49.69919413
XXBTZUSD,60,20251228,150000,87792.8,87800,87735.4,87772.5,36.08550343
XXBTZUSD,60,20251228,160000,87772.5,87861.1,87755.6,87830.1,53.54004637
XXBTZUSD,60,20251228,170000,87830.1,87998.9,87830,87858.6,45.51469155
XXBTZUSD,60,20251228,180000,87858.6,87921.6,87748.6,87774.9,5.74904431
XXBTZUSD,60,20251228,190000,87774.9,87821.9,87694,87750,6.49054071
XXBTZUSD,60,20251228,200000,87750,87858.3,87683.4,87684.5,20.41142303
XXBTZUSD,60,20251228,210000,87684.5,87684.5,87426.2,87532.3,52.7242971
XXBTZUSD,60,20251228,220000,87532.4,87608.6,87450,87472.1,29.73235467
XXBTZUSD,60,20251228,230000,87472.2,87568.9,87364.3,87470.1,17.21413582
XXBTZUSD,60,20251229,000000,87459.3,87525.8,87382.4,87500.1,8.07127801
XXBTZUSD,60,20251229,010000,87500.1,87899.5,87431,87826.4,29.56528788
XXBTZUSD,60,20251229,020000,87826.4,87950,87585.4,87853.3,65.72068933
XXBTZUSD,60,20251229,030000,87865.9,88343.5,87759.9,88225.9,96.76724205
XXBTZUSD,60,20251229,040000,88226,88386,87776.7,88358.7,64.37740464
XXBTZUSD,60,20251229,050000,88358.7,89270.7,88358.7,89075.9,321.35683596
XXBTZUSD,60,20251229,060000,89076,90049.9,89008.6,90005.4,190.8497364
XXBTZUSD,60,20251229,070000,90005.5,90298.9,89855.9,90068.3,271.06337907
XXBTZUSD,60,20251229,080000,90068.3,90194.2,89827.4,89911.7,105.56009872
XXBTZUSD,60,20251229,090000,89911.7,90045,89654.2,89663,113.70804003
XXBTZUSD,60,20251229,100000,89663,89744.6,89415.3,89491.5,70.37920526
XXBTZUSD,60,20251229,110000,89491.6,89725.4,89350.4,89420.3,47.55375619
XXBTZUSD,60,20251229,120000,89419.1,89479.9,87678,87998.9,216.04057963
XXBTZUSD,60,20251229,130000,87998.9,88148.9,87569,87686.1,50.47974125
XXBTZUSD,60,20251229,140000,87686.1,87686.1,87489,87489,37.32595087
XXBTZUSD,60,20251229,150000,87485,87510.7,86700,87267.8,282.00837834
XXBTZUSD,60,20251229,160000,87267.8,87415.4,87070.2,87260.8,71.07004046
XXBTZUSD,60,20251229,170000,87260.8,88089.6,87151.2,87325.6,329.55195879
XXBTZUSD,60,20251229,180000,87325.7,87786.5,87122.8,87587.3,90.66679892
XXBTZUSD,60,20251229,190000,87587.4,87750.3,87352.8,87536.7,51.58680066
XXBTZUSD,60,20251229,200000,87536.7,87730.9,87258.5,87730.9,32.90891304
XXBTZUSD,60,20251229,210000,87730.9,87888.2,87269,87333.2,121.61283174
XXBTZUSD,60,20251229,220000,87350,87548.9,87214.2,87253.9,49.28759052
XXBTZUSD,60,20251229,230000,87253.9,87470,86963.4,87095.5,92.83197432
XXBTZUSD,60,20251230,000000,87095.6,87261,87066.2,87220.4,19.53823164
XXBTZUSD,60,20251230,010000,87220.5,87272.2,86985.1,87231.2,50.97947308
XXBTZUSD,60,20251230,020000,87231.2,87270.3,87067.6,87135.1,22.60202617
XXBTZUSD,60,20251230,030000,87135.1,87235.7,87000,87144.3,13.34886241
XXBTZUSD,60,20251230,040000,87144.3,87231.7,87022.8,87191.3,9.86294864
XXBTZUSD,60,20251230,050000,87191.3,87226.2,86892.8,86974.9,24.79652345
XXBTZUSD,60,20251230,060000,86975,87300.4,86736.5,87251,49.89902026
XXBTZUSD,60,20251230,070000,87251,87352.8,87180.6,87204.4,21.48246174
XXBTZUSD,60,20251230,080000,87204.4,87239.2,87046.5,87114.3,12.15450773
XXBTZUSD,60,20251230,090000,87114.3,87394.7,87114.2,87320.6,25.10452973
XXBTZUSD,60,20251230,100000,87320.6,87478.6,87279.9,87372.6,17.93314249
XXBTZUSD,60,20251230,110000,87372.6,88081.4,87372.6,87763.2,49.39394721
XXBTZUSD,60,20251230,120000,87763.2,87918.7,87536.9,87875.1,58.38357134
XXBTZUSD,60,20251230,130000,87875.1,88061,87752.8,87843.3,87.31095358
XXBTZUSD,60,20251230,140000,87843.3,87888.8,87652.6,87775.1,31.34722416
XXBTZUSD,60,20251230,150000,87775.1,87973.5,87775.1,87883.8,41.87321559
XXBTZUSD,60,20251230,160000,87883.9,88030.1,87810.1,88003.9,18.3374507
XXBTZUSD,60,20251230,170000,88004,88872.5,87720.2,88752.2,127.41854315
XXBTZUSD,60,20251230,180000,88759.4,89035.3,88101.2,88902.8,111.98513552
XXBTZUSD,60,20251230,190000,88902.9,89298,88474.4,88643.1,134.35268362
XXBTZUSD,60,20251230,200000,88643.2,88810.9,88052.6,88293.2,90.10300219
XXBTZUSD,60,20251230,210000,88293.2,88419.3,88039,88250,66.88356587
XXBTZUSD,60,20251230,220000,88250.1,88328.5,87889.4,88140.4,60.29991281
XXBTZUSD,60,20251230,230000,88140.4,88140.4,87808.6,87820.2,36.08648267
XXBTZUSD,60,20251231,000000,87820.2,88240.1,87809.7,88172.4,26.51664425
XXBTZUSD,60,20251231,010000,88172.4,88375.4,88172.3,88317.2,36.39412354
XXBTZUSD,60,20251231,020000,88317.2,88478.5,88273.9,88401.9,28.27230318
XXBTZUSD,60,20251231,030000,88400.1,88400.1,88167,88167.1,23.49040245
XXBTZUSD,60,20251231,040000,88167.1,88662.2,88068.9,88550.2,57.58120583
XXBTZUSD,60,20251231,050000,88550.2,88630.8,88408.7,88568.2,22.91672897
XXBTZUSD,60,20251231,060000,88568.2,88683.5,88262.1,88329.9,37.47849602
XXBTZUSD,60,20251231,070000,88330,88411,88228.3,88228.4,22.55201549
XXBTZUSD,60,20251231,080000,88228.4,88400,88228.3,88349.3,14.78169583
XXBTZUSD,60,20251231,090000,88349.3,88438.4,88349.2,88389.5,13.60589706
XXBTZUSD,60,20251231,100000,88389.5,88500,88324.8,88500,8.95665033
XXBTZUSD,60,20251231,110000,88500,88595.5,88292.4,88314.9,20.13772373
XXBTZUSD,60,20251231,120000,88317.2,88579.6,88317.2,88554.5,61.79112631
XXBTZUSD,60,20251231,130000,88554.6,88759.4,88554.5,88700,25.54633404
XXBTZUSD,60,20251231,140000,88700,88928.6,88691.6,88892,31.93669465
XXBTZUSD,60,20251231,150000,88902.2,88924.4,88638.9,88659.3,62.77576934
XXBTZUSD,60,20251231,160000,88659.3,88937.3,88631.4,88854.9,21.4677384
XXBTZUSD,60,20251231,170000,88854.9,89067.4,88169.4,88343.3,74.36713453
XXBTZUSD,60,20251231,180000,88350,88350,87696,87810.2,154.71464603
XXBTZUSD,60,20251231,190000,87810.3,87918.9,87300,87518.3,250.86310054
XXBTZUSD,60,20251231,200000,87518.4,87606,87369.6,87506,147.51209748
XXBTZUSD,60,20251231,210000,87506,87846.8,87458,87570.1,58.65821911
XXBTZUSD,60,20251231,220000,87570.1,87732.9,87395,87420.3,65.76304511
XXBTZUSD,60,20251231,230000,87420.3,87538.9,87101.5,87534.1,104.57095786
XXBTZUSD,60,20260101,000000,87521.2,87700,87521.1,87641.2,130.43358669
XXBTZUSD,60,20260101,010000,87641.2,87723,87539,87584.1,70.30701521
XXBTZUSD,60,20260101,020000,87584.2,87584.2,87500.1,87500.1,14.09024435
XXBTZUSD,60,20260101,030000,87500.2,87686.7,87500.1,87663.5,25.50589064
XXBTZUSD,60,20260101,040000,87663.5,87878,87663.4,87810.3,14.03723254
XXBTZUSD,60,20260101,050000,87810.3,87905,87742.4,87764,27.13172164
XXBTZUSD,60,20260101,060000,87764,87844.1,87679.2,87679.2,31.94120055
XXBTZUSD,60,20260101,070000,87679.4,87698.3,87400,87417.6,64.23686523
XXBTZUSD,60,20260101,080000,87417.5,87572.1,87417.5,87552.7,19.55992002
XXBTZUSD,60,20260101,090000,87552.7,87552.7,87481.4,87501.3,15.83458455
XXBTZUSD,60,20260101,100000,87501.3,87505,87453.6,87453.7,14.67331965
XXBTZUSD,60,20260101,110000,87453.7,87640.7,87453.6,87615.6,10.97951612
XXBTZUSD,60,20260101,120000,87615.6,87784.5,87615.6,87705,8.91606532
XXBTZUSD,60,20260101,130000,87705,87733.6,87648.5,87709.3,77.57534725
XXBTZUSD,60,20260101,140000,87711.1,87879.8,87711,87866.7,19.10516524
XXBTZUSD,60,20260101,150000,87866.7,87866.7,87802,87831.3,7.00755784
XXBTZUSD,60,20260101,160000,87831.3,87891,87750.1,87791.1,60.14781475
XXBTZUSD,60,20260101,170000,87791.1,87858,87700,87851.1,422.08756734
XXBTZUSD,60,20260101,180000,87851.2,88000,87815.3,87923.5,47.37100161
XXBTZUSD,60,20260101,190000,87923.5,87923.5,87776.1,87852.9,33.6396103
XXBTZUSD,60,20260101,200000,87852.9,88382.4,87838.6,88183.2,47.52626599
XXBTZUSD,60,20260101,210000,88183.2,88230.1,88013.1,88044.9,48.18732598
XXBTZUSD,60,20260101,220000,88044.9,88313.5,87956.4,88245.9,14.74344597
XXBTZUSD,60,20260101,230000,88250.9,88253.9,88143.8,88152.6,25.56778659
XXBTZUSD,60,20260102,000000,88152.6,88306.5,88144.9,88281.5,21.2051171
XXBTZUSD,60,20260102,010000,88281.5,88546,88281.4,88530.4,46.64794734
XXBTZUSD,60,20260102,020000,88530.4,88779.3,88355.8,88731.8,53.78823758
XXBTZUSD,60,20260102,030000,88730,88761,88494.9,88706.1,23.79748421
XXBTZUSD,60,20260102,040000,88706.1,88757.9,88422.9,88537.5,31.29288015
XXBTZUSD,60,20260102,050000,88537.5,88563.8,88273.3,88519.9,30.59144029
XXBTZUSD,60,20260102,060000,88520,88991.4,88467.3,88827.1,68.18485745
XXBTZUSD,60,20260102,070000,88827.2,88866.9,88526.6,88526.7,25.56640781
XXBTZUSD,60,20260102,080000,88526.7,88675.2,88462.4,88644.2,39.54240773
XXBTZUSD,60,20260102,090000,88644.3,88950,88623.8,88832.3,21.61798071
XXBTZUSD,60,20260102,100000,88832.4,88936,88739.4,88739.4,17.96328418
XXBTZUSD,60,20260102,110000,88739.5,89064.5,88713.1,89064.5,92.32648383
XXBTZUSD,60,20260102,120000,89064.5,89354,89002.6,89339,44.08860708
XXBTZUSD,60,20260102,130000,89339.1,89806.9,89339.1,89544.6,105.69176113
XXBTZUSD,60,20260102,140000,89544.6,89563.4,89271.8,89402.1,39.32210352
XXBTZUSD,60,20260102,150000,89402.1,89480.1,89279.6,89304.5,43.96656364
XXBTZUSD,60,20260102,160000,89304.5,89579,89222.2,89250.3,46.50518345
XXBTZUSD,60,20260102,170000,89250.4,90042.4,88389.2,89511.3,210.27842805
XXBTZUSD,60,20260102,180000,89511.3,89812.8,88739.4,89324.3,106.85532306
XXBTZUSD,60,20260102,190000,89324.4,90800,89115,90326.3,228.7172894
XXBTZUSD,60,20260102,200000,90326.3,90900,90175.1,90315.1,236.27993298
XXBTZUSD,60,20260102,210000,90315.1,90500,89517.4,89703.2,210.33068989
XXBTZUSD,60,20260102,220000,89703.2,90099.4,89605.6,89852.9,46.29424256
XXBTZUSD,60,20260102,230000,89852.9,90010.2,89582.6,89694.1,86.49627991
XXBTZUSD,60,20260103,000000,89694.1,90103.7,89684.5,90030.9,64.98191114
XXBTZUSD,60,20260103,010000,90028,90346.6,89974.2,90156.2,58.54084017
XXBTZUSD,60,20260103,020000,90156.3,90156.3,89862.9,89934,22.64913637
XXBTZUSD,60,20260103,030000,89934,90137.2,89933.3,90102.2,17.48393034
XXBTZUSD,60,20260103,040000,90102.2,90256.3,90032.5,90247.1,17.57621022
XXBTZUSD,60,20260103,050000,90247.2,90348.4,90097.6,90302.9,12.29460959
XXBTZUSD,60,20260103,060000,90302.9,90336.6,90166.2,90282.1,29.71620045
XXBTZUSD,60,20260103,070000,90282.2,90424.2,90030.3,90121.1,37.71096045
XXBTZUSD,60,20260103,080000,90121.1,90150,89886,89991.9,12.82342117
XXBTZUSD,60,20260103,090000,89991.9,90072.9,89830.3,89845.2,10.20940348
XXBTZUSD,60,20260103,100000,89845.2,89892.5,89300,89558.3,73.30836535
XXBTZUSD,60,20260103,110000,89558.4,89775.6,89395.3,89624.3,69.69757114
XXBTZUSD,60,20260103,120000,89624.4,89926.5,89596.8,89747.3,112.28876278
XXBTZUSD,60,20260103,130000,89747.4,89835.6,89669.5,89716.8,60.77348849
XXBTZUSD,60,20260103,140000,89716.9,89720.7,89631.1,89703.2,8.00748694
XXBTZUSD,60,20260103,150000,89703.2,89967.7,89582.5,89961.6,59.4095607
XXBTZUSD,60,20260103,160000,89969.7,89989.9,89867.1,89953.5,12.7664307
XXBTZUSD,60,20260103,170000,89953.5,90175.1,89912.2,90063.7,110.1399538
XXBTZUSD,60,20260103,180000,90063.7,90119.1,89923.8,89923.9,64.71852049
XXBTZUSD,60,20260103,190000,89923.9,90150,89864,90051.1,87.07919686
XXBTZUSD,60,20260103,200000,90051.1,90078.2,89973.1,90022.4,5.60709824
XXBTZUSD,60,20260103,210000,90022.4,90147.9,90000,90099.7,10.04627609
XXBTZUSD,60,20260103,220000,90099.8,90099.8,90001.8,90055.4,67.15545327
XXBTZUSD,60,20260103,230000,90055.5,90305,90000,90300,94.96514639
XXBTZUSD,60,20260104,000000,90300,90677.5,90269.9,90503.7,96.16822746
XXBTZUSD,60,20260104,010000,90503.7,90674.1,90443.4,90534.4,21.89121963
XXBTZUSD,60,20260104,020000,90534.4,90644.7,90435.6,90590.1,21.17285846
XXBTZUSD,60,20260104,030000,90590.1,91524.9,90590,91291.3,141.40261841
XXBTZUSD,60,20260104,040000,91291.3,91429.6,90975.9,91191.9,32.07494077
XXBTZUSD,60,20260104,050000,91191.9,91234,91030.5,91084.2,17.51623444
XXBTZUSD,60,20260104,060000,91084.2,91307,91058.4,91199.4,22.97480228
XXBTZUSD,60,20260104,070000,91199.4,91515.2,91136.5,91358.4,19.16275481
XXBTZUSD,60,20260104,080000,91358.4,91451.6,91314.7,91451.6,12.72212337
XXBTZUSD,60,20260104,090000,91451.6,91768.3,91200,91200,103.91997922
XXBTZUSD,60,20260104,100000,91200.1,91476.2,91200,91476.2,48.12754684
XXBTZUSD,60,20260104,110000,91476.2,91478,91132.3,91316.8,61.65184023
XXBTZUSD,60,20260104,120000,91316.9,91436.3,91215.3,91411.8,19.66980187
XXBTZUSD,60,20260104,130000,91411.8,91550,91394,91532.4,16.10017484
XXBTZUSD,60,20260104,140000,91532.5,91532.5,91200,91252,39.44160804
XXBTZUSD,60,20260104,150000,91252.1,91288,91077.1,91100.1,30.14152062
XXBTZUSD,60,20260104,160000,91100.1,91223.1,91000,91210.1,9.82334568
XXBTZUSD,60,20260104,170000,91210.1,91361.6,91104.9,91274.9,57.19737664
XXBTZUSD,60,20260104,180000,91275,91325.3,91074.1,91288.6,20.23353616
XXBTZUSD,60,20260104,190000,91288.7,91392,91207.6,91285.2,32.61550436
XXBTZUSD,60,20260104,200000,91285.2,91390.5,91285.1,91304.6,10.90398936
XXBTZUSD,60,20260104,210000,91304.6,91304.6,90934.2,91165,29.99911113
XXBTZUSD,60,20260104,220000,91165.1,91165.1,90804.1,91116.6,25.65749589
XXBTZUSD,60,20260104,230000,91116.7,91302.4,91106.4,91253,11.23509217
XXBTZUSD,60,20260105,000000,91253.1,91357.7,91160,91223.4,15.28505266
XXBTZUSD,60,20260105,010000,91223.4,91352.5,91107.1,91193.5,14.51032096
XXBTZUSD,60,20260105,020000,91193.5,91522.8,91193.5,91507,50.71003421
XXBTZUSD,60,20260105,030000,91507,92377.4,91489.5,92355.6,288.51358704
XXBTZUSD,60,20260105,040000,92355.6,93333,92250.1,92906.9,271.03489495
XXBTZUSD,60,20260105,050000,92906.9,93130.5,92720.7,92983.9,46.99759741
XXBTZUSD,60,20260105,060000,92983.9,93159.1,92829.8,92835.8,23.64075688
XXBTZUSD,60,20260105,070000,92835.8,92896.2,92293.4,92566.3,55.76163495
XXBTZUSD,60,20260105,080000,92566.3,92685.7,92321,92321.1,43.57346249
XXBTZUSD,60,20260105,090000,92321.1,92452.2,92121.8,92440.2,33.76298948
XXBTZUSD,60,20260105,100000,92440.2,92574.3,92440.1,92475.2,21.26627467
XXBTZUSD,60,20260105,110000,92475.2,92698.4,92399.5,92402.1,29.52175972
XXBTZUSD,60,20260105,120000,92402.2,92778,92282,92650.1,14.0878177
XXBTZUSD,60,20260105,130000,92650.1,93092.8,92622.5,93028.5,68.71939806
XXBTZUSD,60,20260105,140000,93028.5,93092.3,92839.8,93049.5,32.48933024
XXBTZUSD,60,20260105,150000,93049.6,93146,92702.8,92810.9,37.92372069
XXBTZUSD,60,20260105,160000,92810.9,92956.6,92500,92678.1,30.85648281
XXBTZUSD,60,20260105,170000,92678.1,93600,92369.9,93361.8,162.48360654
XXBTZUSD,60,20260105,180000,93385.2,93975.8,93121,93937,114.04555479
XXBTZUSD,60,20260105,190000,93937.1,94054,93574,93680.7,187.15769944
XXBTZUSD,60,20260105,200000,93680.7,94445.3,93250,94308.8,137.74520986
XXBTZUSD,60,20260105,210000,94308.9,94500,93923.3,94450,100.44756394
XXBTZUSD,60,20260105,220000,94450,94497.1,94124.9,94288.1,69.12500449
XXBTZUSD,60,20260105,230000,94288.2,94783.9,94038,94169.9,131.79575081
XXBTZUSD,60,20260106,000000,94169.9,94232.2,93817.4,94088.5,59.59197179
XXBTZUSD,60,20260106,010000,94088.5,94390,94029.4,94176.8,91.05083474
XXBTZUSD,60,20260106,020000,94176.8,94176.8,93866.8,93866.9,19.05977144
XXBTZUSD,60,20260106,030000,93866.9,93963,93550,93812.5,64.80073755
XXBTZUSD,60,20260106,040000,93812.5,94164.9,93724.2,93759.9,32.51798408
XXBTZUSD,60,20260106,050000,93760,93874.3,93525.2,93609.4,23.47468857
XXBTZUSD,60,20260106,060000,93609.4,93928.4,93609.3,93754.9,28.19773389
XXBTZUSD,60,20260106,070000,93755,93965.1,93731.4,93795.2,27.51682873
XXBTZUSD,60,20260106,080000,93795.2,93795.2,93538.9,93581,21.83789892
XXBTZUSD,60,20260106,090000,93581,93900,93545,93761.1,21.93612972
XXBTZUSD,60,20260106,100000,93761.1,93761.1,93122.1,93215.3,40.53438658
XXBTZUSD,60,20260106,110000,93215.4,93375.6,93152.3,93199.8,15.86309587
XXBTZUSD,60,20260106,120000,93199.8,93508.2,93190.8,93437.5,26.27141827
XXBTZUSD,60,20260106,130000,93437.6,93608.7,93379.6,93538.3,16.00183291
XXBTZUSD,60,20260106,140000,93541.4,93862.5,93532.3,93794.1,44.99721108
XXBTZUSD,60,20260106,150000,93794.1,93950,93760.4,93836.8,32.43748775
XXBTZUSD,60,20260106,160000,93836.8,93836.8,93625.1,93682.4,42.22599024
XXBTZUSD,60,20260106,170000,93682.4,94401.8,93500,93786.9,190.38653025
XXBTZUSD,60,20260106,180000,93786.9,94260.6,93280.8,93591.8,122.99222448
XXBTZUSD,60,20260106,190000,93591.8,93715.5,92282.8,92650.1,289.0259193
XXBTZUSD,60,20260106,200000,92650.1,92730.5,91500.8,91514.9,370.34773456
XXBTZUSD,60,20260106,210000,91515,92155,91230.8,91988.8,133.26111187
XXBTZUSD,60,20260106,220000,91988.8,92271.8,91862.4,92061.7,49.23429351
XXBTZUSD,60,20260106,230000,92048.6,92632.8,92045.8,92461.7,62.85742674
XXBTZUSD,60,20260107,000000,92461.7,93771.6,92350,93219.6,148.8345545
XXBTZUSD,60,20260107,010000,93219.5,93464.6,92914,93291.8,52.97143987
XXBTZUSD,60,20260107,020000,93306.8,93741.2,93306.7,93711.8,63.12603912
XXBTZUSD,60,20260107,030000,93711.8,93712.5,92598.9,92662.3,75.23445461
XXBTZUSD,60,20260107,040000,92661.8,92828.9,92274,92412.3,67.57381737
XXBTZUSD,60,20260107,050000,92412.3,92965.7,92201,92899.9,23.24200012
XXBTZUSD,60,20260107,060000,92900,93021.5,92668.4,92736.8,18.38089134
XXBTZUSD,60,20260107,070000,92736.8,92841.8,92541.8,92605.5,13.70671023
XXBTZUSD,60,20260107,080000,92605.5,92790.5,92455,92458.7,37.60182521
XXBTZUSD,60,20260107,090000,92462.5,92842.1,92455,92562.4,7.38447451
XXBTZUSD,60,20260107,100000,92562.4,92789.1,92562.3,92789,6.38955639
XXBTZUSD,60,20260107,110000,92789.1,92869.3,92646.8,92649.6,11.01912277
XXBTZUSD,60,20260107,120000,92649.6,92649.6,91555,91650.1,95.71070779
XXBTZUSD,60,20260107,130000,91650.1,91926.7,91550,91926.5,32.53630634
XXBTZUSD,60,20260107,140000,91926.5,92166,91876,92031.8,50.22916513
XXBTZUSD,60,20260107,150000,92021.9,92085.6,91902,91935.1,26.91408228
XXBTZUSD,60,20260107,160000,91935.1,92188.2,91787.9,91973.8,84.53553539
XXBTZUSD,60,20260107,170000,91973.9,92055.5,91308.3,91896.4,108.79793698
XXBTZUSD,60,20260107,180000,91896.4,91911.8,90963.6,91266.7,161.10434216
XXBTZUSD,60,20260107,190000,91266.8,91720.4,91095.6,91168.9,97.9892862
XXBTZUSD,60,20260107,200000,91169.1,91617.2,90968.4,91188.9,54.39917904
XXBTZUSD,60,20260107,210000,91176.9,91336.9,90666.8,90821.3,91.53185623
XXBTZUSD,60,20260107,220000,90821.3,91179.9,90591.9,91094.6,216.78804571
XXBTZUSD,60,20260107,230000,91087.3,91187,90673.5,90925.8,57.46876083
XXBTZUSD,60,20260108,000000,90951.8,91137.7,90946.7,91011.8,41.0312265
XXBTZUSD,60,20260108,010000,91008.9,91267.2,90788.7,91113,51.04211709
XXBTZUSD,60,20260108,020000,91103.9,91368.7,90913.4,91273.3,28.9443016
XXBTZUSD,60,20260108,030000,91273.3,91417.1,91000,91298.8,19.70034411
XXBTZUSD,60,20260108,040000,91298.8,91584.7,91222.1,91327.2,44.8269084
XXBTZUSD,60,20260108,050000,91327.2,91360.8,90661.5,90843.9,39.74947604
XXBTZUSD,60,20260108,060000,90844,91018.2,90500,90701.5,67.35965552
XXBTZUSD,60,20260108,070000,90701.5,91027.1,90598.4,90918.9,25.96787167
XXBTZUSD,60,20260108,080000,90918.9,91045.8,90688.4,90699.9,11.4930444
XXBTZUSD,60,20260108,090000,90699.9,90751.8,89741.1,89765.9,148.75635138
XXBTZUSD,60,20260108,100000,89765.8,90424.2,89507.4,90424.2,69.49679816
XXBTZUSD,60,20260108,110000,90424.2,90629.1,90051.8,90096.8,64.3418912
XXBTZUSD,60,20260108,120000,90096.8,90243.6,89862,89883.1,45.60940748
XXBTZUSD,60,20260108,130000,89883.1,90348.4,89683.4,90291.9,37.76780782
XXBTZUSD,60,20260108,140000,90291.9,90351.8,89910.2,90096.8,75.89551584
XXBTZUSD,60,20260108,150000,90096.8,90097,89661.1,89866.3,62.8138442
XXBTZUSD,60,20260108,160000,89866.3,89981.7,89780.1,89854.9,68.39765526
XXBTZUSD,60,20260108,170000,89855,90042,89225,89919.9,128.23776845
XXBTZUSD,60,20260108,180000,89919.9,90722.4,89722.6,90711.4,99.78130404
XXBTZUSD,60,20260108,190000,90706.9,90826.6,90229.4,90826.6,74.38214588
XXBTZUSD,60,20260108,200000,90829.3,91345.9,90771.8,91308.7,91.76202775
XXBTZUSD,60,20260108,210000,91308.7,91367.7,90882.2,91038.3,36.5948842
XXBTZUSD,60,20260108,220000,91038.4,91229.8,90739.9,90846.8,76.37874415
XXBTZUSD,60,20260108,230000,90846.8,90898.7,90475.6,90844.5,39.57414255
XXBTZUSD,60,20260109,000000,90844.6,91230.8,90840.4,91208.9,50.68652506
XXBTZUSD,60,20260109,010000,91208.9,91401.8,90983.5,91133.8,18.56134231
XXBTZUSD,60,20260109,020000,91133.8,91250.5,90981.9,91029.1,21.90018346
XXBTZUSD,60,20260109,030000,91029.1,91215.3,90992.9,91211.1,19.69045429
XXBTZUSD,60,20260109,040000,91211.2,91539.8,90761.3,90947,34.2616812
XXBTZUSD,60,20260109,050000,90947,91371.8,90937.5,90938.8,13.45191965
XXBTZUSD,60,20260109,060000,90938.8,91163.3,90877.5,91118.4,13.62587403
XXBTZUSD,60,20260109,070000,91118.4,91118.4,90846.9,90913.3,5.56192656
XXBTZUSD,60,20260109,080000,90913.3,91002.7,90816.9,90966.8,5.0115837
XXBTZUSD,60,20260109,090000,90966.8,91024.6,90880.1,91024.6,22.60813491
XXBTZUSD,60,20260109,100000,91024.6,91024.6,90626.5,90626.5,23.38186041
XXBTZUSD,60,20260109,110000,90626.6,90751.8,89603.4,89895,128.36558136
XXBTZUSD,60,20260109,120000,89900,90348.4,89900,90221.4,34.09602958
XXBTZUSD,60,20260109,130000,90221.5,90429.9,90186.8,90377.4,29.78157648
XXBTZUSD,60,20260109,140000,90377.4,90578.9,90297.1,90336.8,12.75724266
XXBTZUSD,60,20260109,150000,90336.8,90484.6,90126.9,90351.9,22.69308227
XXBTZUSD,60,20260109,160000,90351.9,90848.4,90309.6,90516.9,75.48468377
XXBTZUSD,60,20260109,170000,90516.9,90558.8,89850.4,90054.9,81.23514988
XXBTZUSD,60,20260109,180000,90055,91955.9,89756,91041.8,271.61316224
XXBTZUSD,60,20260109,190000,91056.8,91671.8,91056.7,91521.8,304.34004623
XXBTZUSD,60,20260109,200000,91521.8,91581.6,90924.8,91346.6,60.50965165
XXBTZUSD,60,20260109,210000,91346.6,91400,90255.2,90722,89.24456568
XXBTZUSD,60,20260109,220000,90722,90722,90096.8,90231.9,86.48655809
XXBTZUSD,60,20260109,230000,90231.9,90456.8,90131.6,90188,25.11341804
XXBTZUSD,60,20260110,000000,90192.9,90500,90021.4,90414.4,37.01380064
XXBTZUSD,60,20260110,010000,90414.4,90565.4,90238.6,90495.6,14.84393626
XXBTZUSD,60,20260110,020000,90495.6,90599.4,90478.3,90513.2,10.5743505
XXBTZUSD,60,20260110,030000,90513.3,90550,90411.8,90436.1,40.62359488
XXBTZUSD,60,20260110,040000,90436.1,90594.2,90436,90549.4,4.33424995
XXBTZUSD,60,20260110,050000,90549.4,90630.7,90476,90540,16.16642584
XXBTZUSD,60,20260110,060000,90539.9,90540,90430.9,90516,2.71157157
XXBTZUSD,60,20260110,070000,90516,90516,90295.3,90321.7,23.25661972
XXBTZUSD,60,20260110,080000,90321.8,90477.1,90310.9,90473,3.28540383
XXBTZUSD,60,20260110,090000,90473.1,90473.1,90351.8,90370.4,37.55928458
XXBTZUSD,60,20260110,100000,90370.4,90536.3,90370.3,90532.5,13.62326946
XXBTZUSD,60,20260110,110000,90532.6,90612.8,90486.9,90510,13.22240786
XXBTZUSD,60,20260110,120000,90510.1,90612.9,90500,90612.9,5.95982534
XXBTZUSD,60,20260110,130000,90612.9,90699.7,90599.9,90699.7,5.8082143
XXBTZUSD,60,20260110,140000,90699.7,90699.7,90584.7,90584.8,25.51879867
XXBTZUSD,60,20260110,150000,90584.8,90656,90538.5,90598.8,4.02656696
XXBTZUSD,60,20260110,160000,90598.9,90626.2,90525.6,90528.9,5.04828458
XXBTZUSD,60,20260110,170000,90529,90538.5,90424.8,90444.4,9.14235822
XXBTZUSD,60,20260110,180000,90444.4,90539.7,90444.4,90539.7,6.09922734
XXBTZUSD,60,20260110,190000,90539.7,90600,90507.6,90552,25.58711352
XXBTZUSD,60,20260110,200000,90552.1,90619.7,90419.7,90419.8,6.9497086
XXBTZUSD,60,20260110,210000,90419.8,90458.6,90400,90452.6,13.93739462
XXBTZUSD,60,20260110,220000,90452.6,90504.7,90452.5,90504.7,5.77510763
XXBTZUSD,60,20260110,230000,90504.7,90517.5,90444,90444.1,6.58543577
XXBTZUSD,60,20260111,000000,90444.1,90444.1,90374.6,90380.1,7.08300942
XXBTZUSD,60,20260111,010000,90380.1,90440.1,90285.2,90303.9,32.91933063
XXBTZUSD,60,20260111,020000,90304,90429.9,90303.9,90375.2,6.26234
XXBTZUSD,60,20260111,030000,90375.2,90521.1,90339.2,90506.6,13.80120363
XXBTZUSD,60,20260111,040000,90506.7,90538.8,90445.2,90487,2.14801826
XXBTZUSD,60,20260111,050000,90487,90594,90486.9,90585.2,5.40136622
XXBTZUSD,60,20260111,060000,90585.1,90608,90535.1,90608,16.63377701
XXBTZUSD,60,20260111,070000,90608,90674.3,90565.1,90674.3,7.93856752
XXBTZUSD,60,20260111,080000,90671.9,90723.7,90635.1,90638.7,17.56187947
XXBTZUSD,60,20260111,090000,90638.7,90659.7,90480.5,90618.8,3.47834139
XXBTZUSD,60,20260111,100000,90618.9,90621.5,90565.1,90586.2,2.53228833
XXBTZUSD,60,20260111,110000,90586.2,90669.9,90500.1,90669.9,31.51996232
XXBTZUSD,60,20260111,120000,90669.9,90670.2,90560.1,90615.4,4.99539373
XXBTZUSD,60,20260111,130000,90615.4,90615.4,90570.1,90605.1,25.37029778
XXBTZUSD,60,20260111,140000,90605.1,90619,90573.1,90605.6,4.56229704
XXBTZUSD,60,20260111,150000,90613.9,90874.4,90600,90828.1,17.01024137
XXBTZUSD,60,20260111,160000,90828.1,90835.5,90688.6,90750.9,43.58138136
XXBTZUSD,60,20260111,170000,90750.9,91040.8,90750.8,91015.9,90.46692033
XXBTZUSD,60,20260111,180000,91015.9,91015.9,90507.7,90749.8,63.97835821
XXBTZUSD,60,20260111,190000,90749.8,91132.3,90749.8,90914.1,30.43116657
XXBTZUSD,60,20260111,200000,90914.1,91003.3,90795.8,90854.4,15.30228133
XXBTZUSD,60,20260111,210000,90854.4,90854.4,90670.8,90755.8,12.4533088
XXBTZUSD,60,20260111,220000,90755.8,90783.7,90530.8,90576,14.98748821
XXBTZUSD,60,20260111,230000,90570.9,90593.8,90300,90577.1,28.50972394
XXBTZUSD,60,20260112,000000,90577.1,90691.2,90469.1,90611.3,17.18342447
XXBTZUSD,60,20260112,010000,90611.3,90611.3,90328,90413.4,14.23660494
XXBTZUSD,60,20260112,020000,90413.4,90886.9,90100,90849.8,46.77071807
XXBTZUSD,60,20260112,030000,90861.1,91099.5,90573.3,91099.5,50.12452369
XXBTZUSD,60,20260112,040000,91099.5,91658.7,90964,91280.1,139.11407181
XXBTZUSD,60,20260112,050000,91280.1,92243.5,91259.4,92095.6,110.61977356
XXBTZUSD,60,20260112,060000,92095.6,92364.1,91674.3,91674.4,82.55759209
XXBTZUSD,60,20260112,070000,91674.4,92149.6,91629.4,92036.3,21.14077683
XXBTZUSD,60,20260112,080000,92036.4,92124.6,91920.9,91970.3,22.22130183
XXBTZUSD,60,20260112,090000,91970.4,92053.1,91682.7,91699.2,75.60188816
XXBTZUSD,60,20260112,100000,91699.2,91811.5,91285.5,91296.1,30.671405
XXBTZUSD,60,20260112,110000,91296,91500.1,90275.1,90628.5,355.52990229
XXBTZUSD,60,20260112,120000,90628.6,90805.1,90545.6,90558,51.23871199
XXBTZUSD,60,20260112,130000,90558,90655.6,90250.9,90308.7,86.94206633
XXBTZUSD,60,20260112,140000,90308.7,90679.4,90300,90520.4,61.61471394
XXBTZUSD,60,20260112,150000,90518.6,90732,90480.9,90659.4,53.16110336
XXBTZUSD,60,20260112,160000,90659.4,90689.3,90424.8,90500,119.6327096
XXBTZUSD,60,20260112,170000,90500,90997.2,89995.2,90808.4,169.51971596
XXBTZUSD,60,20260112,180000,90808.5,91565.4,90621.7,91565.4,153.11901009
XXBTZUSD,60,20260112,190000,91565.4,92217.6,91505,92052.1,126.10304893
XXBTZUSD,60,20260112,200000,92052.1,92234.4,90957.5,91422.4,164.83317054
XXBTZUSD,60,20260112,210000,91422.5,91860.3,91337.2,91626.2,121.11055688
XXBTZUSD,60,20260112,220000,91626.2,91791,91358.3,91781.5,124.32738196
XXBTZUSD,60,20260112,230000,91779.2,91960.2,91341.9,91400.1,60.24503076
XXBTZUSD,60,20260113,000000,91406,91420.7,90849.4,90964.9,61.14912149
XXBTZUSD,60,20260113,010000,90964.9,91351.4,90964.9,91152,26.53915711
XXBTZUSD,60,20260113,020000,91152,91216.1,90969.1,91190.9,16.95600465
XXBTZUSD,60,20260113,030000,91191,91437,91160.3,91394,79.92338124
XXBTZUSD,60,20260113,040000,91394,91424.3,90938.2,91078,14.05873203
XXBTZUSD,60,20260113,050000,91078,91267.9,91020.3,91020.3,45.22231321
XXBTZUSD,60,20260113,060000,91020.4,91339.1,91014.9,91295.3,14.0646203
XXBTZUSD,60,20260113,070000,91295.3,91503.4,91239.7,91400.5,30.78754398
XXBTZUSD,60,20260113,080000,91400.5,92140.6,91379.6,91808.8,37.64255309
XXBTZUSD,60,20260113,090000,91808.8,92143.9,91712.2,92092,33.24496087
XXBTZUSD,60,20260113,100000,92092,92092,91807.8,91846.4,23.56213039
XXBTZUSD,60,20260113,110000,91846.5,92148.8,91836.2,92067.7,17.0696682
XXBTZUSD,60,20260113,120000,92067.8,92581.1,91873,92158.2,107.83796901
XXBTZUSD,60,20260113,130000,92158.3,92243.7,91890.1,92040.8,36.3856918
XXBTZUSD,60,20260113,140000,92040.8,92152.5,91870.1,91891.9,23.96140776
XXBTZUSD,60,20260113,150000,91891.9,92041.9,91834.8,92006.1,13.92417024
XXBTZUSD,60,20260113,160000,92006.2,92500,91893.4,91976.9,154.6329607
XXBTZUSD,60,20260113,170000,91976.9,92816,91650,92403.8,120.69503831
XXBTZUSD,60,20260113,180000,92398.9,93386.4,92055.6,93386.4,229.33634265
XXBTZUSD,60,20260113,190000,93386.5,93716.2,93055,93353.4,324.01752366
XXBTZUSD,60,20260113,200000,93353.5,93448.4,93048.8,93200,96.05798959
XXBTZUSD,60,20260113,210000,93200.1,93818,93168.6,93599.6,67.78287181
XXBTZUSD,60,20260113,220000,93599.7,94200,93451.8,94200,342.36427301
XXBTZUSD,60,20260113,230000,94200,94487.7,94100.1,94433,154.35349733
XXBTZUSD,60,20260114,000000,94394.6,94500,94053.1,94069.4,93.51389967
XXBTZUSD,60,20260114,010000,94069.4,96476.1,94069.3,95656.1,487.03227301
XXBTZUSD,60,20260114,020000,95704.2,96046.3,95042.6,95358.1,169.95175246
XXBTZUSD,60,20260114,030000,95358.2,95599,95132.7,95207.5,114.72758541
XXBTZUSD,60,20260114,040000,95192.7,95519.3,95073.1,95202.5,99.24128605
XXBTZUSD,60,20260114,050000,95202.5,95499.9,95154.2,95282.1,34.39033601
XXBTZUSD,60,20260114,060000,95282.2,95650.3,95235.4,95650.3,52.25088734
XXBTZUSD,60,20260114,070000,95651,95727.8,95172.7,95185.2,35.93287508
XXBTZUSD,60,20260114,080000,95185.2,95219.8,94938.6,94977.9,67.76013062
XXBTZUSD,60,20260114,090000,94977.9,94993,94509,94992.3,187.5352798
XXBTZUSD,60,20260114,100000,94992.3,95184.3,94833.4,95172.6,44.51110684
XXBTZUSD,60,20260114,110000,95172.6,95269,94856.8,94856.9,54.04183994
XXBTZUSD,60,20260114,120000,94856.9,95127.8,94856.8,95049.6,27.60280637
XXBTZUSD,60,20260114,130000,95049.7,95246,94863.2,95051.5,317.28424552
XXBTZUSD,60,20260114,140000,95051.5,95051.5,94704.5,94729.5,41.76462328
XXBTZUSD,60,20260114,150000,94729.5,95100,94623.1,95030.4,26.97586256
XXBTZUSD,60,20260114,160000,95030.5,95190,94866.3,94955.8,53.22974521
XXBTZUSD,60,20260114,170000,94955.8,96800,94955.7,96484.3,327.96445402
XXBTZUSD,60,20260114,180000,96484.4,97071.3,96196.2,96747.8,354.03225889
XXBTZUSD,60,20260114,190000,96747.9,97680,96742.7,97299.9,313.81857538
XXBTZUSD,60,20260114,200000,97300,97789.9,96665.4,96963.6,327.6326698
XXBTZUSD,60,20260114,210000,96963.6,97105.5,96271.9,96805.3,125.98212992
XXBTZUSD,60,20260114,220000,96805.3,97630.3,96693.4,97242.8,157.1303242
XXBTZUSD,60,20260114,230000,97242.9,97899.7,97217.5,97670.9,329.07290979
XXBTZUSD,60,20260115,000000,97671,97720.1,97376.6,97546.2,76.27869251
XXBTZUSD,60,20260115,010000,97546.3,97567,96808.5,96904.4,157.21385926
XXBTZUSD,60,20260115,020000,96904.5,97359,96896.6,96933.3,32.53718489
XXBTZUSD,60,20260115,030000,96933.4,96983.6,96500,96624.7,37.68055304
XXBTZUSD,60,20260115,040000,96624.8,96950.1,96311.6,96437.7,34.34328316
XXBTZUSD,60,20260115,050000,96437.8,96570.1,96050,96299.9,54.53939446
XXBTZUSD,60,20260115,060000,96300,96352.7,95742.2,95937.9,108.78683432
XXBTZUSD,60,20260115,070000,95937.9,96334.9,95927.1,96257.6,30.60910392
XXBTZUSD,60,20260115,080000,96260.4,96468.8,96213.7,96396.7,17.89795018
XXBTZUSD,60,20260115,090000,96396.9,96517.6,96150,96226.9,27.19996374
XXBTZUSD,60,20260115,100000,96227,96719,96188.6,96566.3,21.99123826
XXBTZUSD,60,20260115,110000,96575,96626.4,96352.7,96625.2,22.83219518
XXBTZUSD,60,20260115,120000,96625.2,97151.1,96555.7,97030.6,76.39294731
XXBTZUSD,60,20260115,130000,97030.7,97030.7,96702.9,96800.1,40.23423409
XXBTZUSD,60,20260115,140000,96800.1,96904.6,96558.5,96569.8,33.79809195
XXBTZUSD,60,20260115,150000,96569.8,96987.4,96503.9,96962.1,17.58296129
XXBTZUSD,60,20260115,160000,96962.2,96991.2,96613.5,96822.3,58.3922176
XXBTZUSD,60,20260115,170000,96822.3,97092.9,95575,96034.8,222.74131704
XXBTZUSD,60,20260115,180000,96034.8,96722.6,95418.4,96712.5,229.78694819
XXBTZUSD,60,20260115,190000,96712.4,96895,96253.4,96711.8,98.97655947
XXBTZUSD,60,20260115,200000,96711.8,97022.9,96405,96592.5,82.91242024
XXBTZUSD,60,20260115,210000,96592.6,96592.6,95729.2,95801.8,120.02279008
XXBTZUSD,60,20260115,220000,95801.9,95890.7,95153.1,95481.6,220.88036619
XXBTZUSD,60,20260115,230000,95481.7,95621.7,95101,95175.9,136.83320264
XXBTZUSD,60,20260116,000000,95219.3,95579.7,95161.4,95556.9,119.5255312
XXBTZUSD,60,20260116,010000,95557,95819.8,95465.6,95539.4,24.96528268
XXBTZUSD,60,20260116,020000,95539.5,95677.9,95398,95559.4,31.77235137
XXBTZUSD,60,20260116,030000,95559.5,95780.2,95544.6,95584.9,131.04347106
XXBTZUSD,60,20260116,040000,95584.9,95797.2,95417,95629.8,15.72319937
XXBTZUSD,60,20260116,050000,95629.8,95645,95282.5,95460,133.49913442
XXBTZUSD,60,20260116,060000,95460.1,95537.9,95299.7,95311.4,14.12182324
XXBTZUSD,60,20260116,070000,95311.4,95536.7,95121,95216.3,20.44152513
XXBTZUSD,60,20260116,080000,95216.4,95634,95216.3,95609.3,53.36538586
XXBTZUSD,60,20260116,090000,95609.3,95759,95500,95713.5,26.50679228
XXBTZUSD,60,20260116,100000,95713.5,95746.3,95458,95632.6,9.96841695
XXBTZUSD,60,20260116,110000,95632.7,95800,95565.4,95638.3,16.8158789
XXBTZUSD,60,20260116,120000,95638.4,95721,95565.4,95581.4,13.34565833
XXBTZUSD,60,20260116,130000,95581.4,95589.3,95270.7,95274.1,94.06172717
XXBTZUSD,60,20260116,140000,95274.1,95470.7,95218.8,95396,100.7980974
XXBTZUSD,60,20260116,150000,95396,95532.7,95336.9,95417.8,23.45329068
XXBTZUSD,60,20260116,160000,95417.8,95524.3,95251,95406.7,34.11223694
XXBTZUSD,60,20260116,170000,95403.6,95774.7,95138.5,95138.6,103.41761842
XXBTZUSD,60,20260116,180000,95138.6,95611.6,94260.4,94550,220.74803949
XXBTZUSD,60,20260116,190000,94550.1,94959.5,94467.1,94847.8,73.74881787
XXBTZUSD,60,20260116,200000,94847.8,95081.6,94518.1,95081.5,22.90770776
XXBTZUSD,60,20260116,210000,95039.1,95179.9,94935.9,94971.5,45.34771109
XXBTZUSD,60,20260116,220000,94971.5,95010.1,94800.4,94961.8,27.47526588
XXBTZUSD,60,20260116,230000,94961.8,95527.9,94640.1,95527.9,90.63230841
XXBTZUSD,60,20260117,000000,95527.9,95546.8,95315.6,95475,69.96927699
XXBTZUSD,60,20260117,010000,95475.1,95500,95211.2,95467.7,64.50142524
XXBTZUSD,60,20260117,020000,95467.7,95532.8,95388.5,95510.9,26.83212799
XXBTZUSD,60,20260117,030000,95510.3,95540.1,95390.3,95412.8,13.74358343
XXBTZUSD,60,20260117,040000,95412.9,95487.8,95352.3,95363,17.79888156
XXBTZUSD,60,20260117,050000,95363,95363,95184,95320.5,17.80923109
XXBTZUSD,60,20260117,060000,95320.6,95337.2,95225.3,95337.2,9.84237795
XXBTZUSD,60,20260117,070000,95337.2,95337.2,95224.5,95265,8.27188116
XXBTZUSD,60,20260117,080000,95265,95333.5,95243.2,95269.6,14.58071281
XXBTZUSD,60,20260117,090000,95269.6,95279.8,95154.4,95193.5,3.4009928
XXBTZUSD,60,20260117,100000,95193.6,95193.6,95036.1,95053,5.69675036
XXBTZUSD,60,20260117,110000,95053,95200.8,95002.6,95200,2.17791859
XXBTZUSD,60,20260117,120000,95200,95241.6,95150.4,95223.5,4.73010317
XXBTZUSD,60,20260117,130000,95223.5,95223.5,95037,95075,23.35171023
XXBTZUSD,60,20260117,140000,95075.1,95266.8,95045.9,95254.4,5.62470185
XXBTZUSD,60,20260117,150000,95254.4,95333.4,95195.8,95218.8,3.17422458
XXBTZUSD,60,20260117,160000,95218.8,95382.8,95172.3,95368.7,14.12523165
XXBTZUSD,60,20260117,170000,95368.7,95509.6,95319.3,95421.9,25.55609762
XXBTZUSD,60,20260117,180000,95422,95600,95401,95538.2,18.358833
XXBTZUSD,60,20260117,190000,95538.2,95538.2,95203.3,95280.9,28.10818496
XXBTZUSD,60,20260117,200000,95280.9,95380,95250,95293.4,7.47174369
XXBTZUSD,60,20260117,210000,95293.4,95426.7,95293.4,95373.6,5.98642524
XXBTZUSD,60,20260117,220000,95373.6,95373.6,95239.9,95253.8,18.89317577
XXBTZUSD,60,20260117,230000,95253.8,95325,95239.9,95325,46.47464505
XXBTZUSD,60,20260118,000000,95325,95362.7,95231.9,95253.5,8.22138977
XXBTZUSD,60,20260118,010000,95253.6,95253.6,95023.5,95147.1,22.13639996
XXBTZUSD,60,20260118,020000,95147.1,95166.5,95078,95089.9,9.19582394
XXBTZUSD,60,20260118,030000,95089.9,95180.9,95045.5,95057.9,21.14421234
XXBTZUSD,60,20260118,040000,95057.9,95057.9,94822.9,94909.6,35.24644911
XXBTZUSD,60,20260118,050000,94909.6,95012,94850.6,94969.3,31.55710334
XXBTZUSD,60,20260118,060000,94969.3,95142.5,94969.2,95138,26.62705163
XXBTZUSD,60,20260118,070000,95138,95138,95042.5,95043,8.48329048
XXBTZUSD,60,20260118,080000,95043.1,95194.9,95030.6,95136.9,19.15542513
XXBTZUSD,60,20260118,090000,95136.9,95170,95102.5,95127.8,5.49713498
XXBTZUSD,60,20260118,100000,95127.8,95150.2,95000,95000,16.97481443
XXBTZUSD,60,20260118,110000,95000.1,95154,94996,95140.6,3.35757637
XXBTZUSD,60,20260118,120000,95140.7,95240,95132.2,95239.9,5.39472545
XXBTZUSD,60,20260118,130000,95240,95240,95059.9,95122.7,25.3991371
XXBTZUSD,60,20260118,140000,95122.8,95126.8,95035,95115.8,3.87905609
XXBTZUSD,60,20260118,150000,95115.9,95124.7,95037.5,95052.4,3.98298717
XXBTZUSD,60,20260118,160000,95052.5,95132.8,94860,95108.8,20.75589881
XXBTZUSD,60,20260118,170000,95108.9,95296,94875.2,94911.9,30.2454534
XXBTZUSD,60,20260118,180000,94912,95082.4,94895.7,95082.4,29.85887907
XXBTZUSD,60,20260118,190000,95082.4,95141.8,95032,95131.7,11.97669549
XXBTZUSD,60,20260118,200000,95131.8,95228.3,95107.9,95222.5,44.24047825
XXBTZUSD,60,20260118,210000,95222.5,95475,95146.2,95407.1,48.72177108
XXBTZUSD,60,20260118,220000,95407.2,95472.2,95300,95329.9,46.25746445
XXBTZUSD,60,20260118,230000,95330,95403.6,95263.6,95263.6,11.71092944
XXBTZUSD,60,20260119,000000,95263.7,95389.9,95244.1,95385.5,10.15685818
XXBTZUSD,60,20260119,010000,95385.6,95480.8,95364.6,95459.2,16.15824232
XXBTZUSD,60,20260119,020000,95459.2,95459.2,93554.6,93632.6,315.80805862
XXBTZUSD,60,20260119,030000,93626.8,93626.8,91866,92695,378.35678372
XXBTZUSD,60,20260119,040000,92695,92825,92195.1,92519.5,141.30130604
XXBTZUSD,60,20260119,050000,92519.5,92617.1,92353.2,92546.4,25.31567042
XXBTZUSD,60,20260119,060000,92546.4,92735.6,92456.2,92650.4,12.64853403
XXBTZUSD,60,20260119,070000,92650.4,92692.4,92456.2,92640.3,19.42247554
XXBTZUSD,60,20260119,080000,92640.4,92754,92489.9,92490,69.17358225
XXBTZUSD,60,20260119,090000,92490,92570.8,92334.9,92506,45.21200045
XXBTZUSD,60,20260119,100000,92520,92781.1,92520,92779.2,33.96833236
XXBTZUSD,60,20260119,110000,92779.3,93319.5,92658.5,93231,56.56850766
XXBTZUSD,60,20260119,120000,93231,93231,92888.4,92995.3,13.20827927
XXBTZUSD,60,20260119,130000,92995.4,93020.8,92810.7,93006.6,28.69738168
XXBTZUSD,60,20260119,140000,93006.7,93234.9,92922.2,93145.7,9.17296485
XXBTZUSD,60,20260119,150000,93145.7,93152.3,92948.4,93002.4,24.37073302
XXBTZUSD,60,20260119,160000,93002.4,93085,92750,92951.7,37.07568209
XXBTZUSD,60,20260119,170000,92951.8,92980.6,92678.2,92770,38.18572753
XXBTZUSD,60,20260119,180000,92770.1,93012,92770,93012,33.18668045
XXBTZUSD,60,20260119,190000,93012,93399,92940,93273.9,37.7146299
XXBTZUSD,60,20260119,200000,93274,93332.6,93101.3,93167.5,21.59751373
XXBTZUSD,60,20260119,210000,93167.6,93206.3,92883.3,92993.2,18.23586598
XXBTZUSD,60,20260119,220000,92993.2,93089.8,92933.7,93056.4,8.48165491
XXBTZUSD,60,20260119,230000,93056.4,93198.7,93042.8,93075.7,36.33177188
XXBTZUSD,60,20260120,000000,93075.7,93272.4,92926.5,92945.3,55.54794238
XXBTZUSD,60,20260120,010000,92945.4,92978.4,92000,92478.8,301.16872968
XXBTZUSD,60,20260120,020000,92478.8,92664.9,92090.3,92546.5,290.75026344
XXBTZUSD,60,20260120,030000,92546.5,92791.1,92295.4,92650.1,27.76847491
XXBTZUSD,60,20260120,040000,92650.1,92805.9,92482.5,92631.5,56.53570417
XXBTZUSD,60,20260120,050000,92631.5,92646.7,92303.2,92497,43.63140388
XXBTZUSD,60,20260120,060000,92497,92587.5,92200,92370.6,34.68395477
XXBTZUSD,60,20260120,070000,92370.6,92391.6,91895,91986.4,81.71917847
XXBTZUSD,60,20260120,080000,91986.4,91986.4,91221.1,91573,107.24592017
XXBTZUSD,60,20260120,090000,91560.7,91560.7,90676.4,90810.4,192.45835266
XXBTZUSD,60,20260120,100000,90819.2,91184.2,90759.5,91092.5,42.67631275
XXBTZUSD,60,20260120,110000,91092.5,91142.3,90584.5,91000.8,51.94849563
XXBTZUSD,60,20260120,120000,91000.8,91000.8,90813.6,90926.6,34.15115982
XXBTZUSD,60,20260120,130000,90926.6,91176.1,90912.4,91160.5,35.51419329
XXBTZUSD,60,20260120,140000,91160.2,91329.3,91128.5,91128.6,10.08511325
XXBTZUSD,60,20260120,150000,91128.6,91199,90977.8,91197.1,37.37837108
XXBTZUSD,60,20260120,160000,91197.2,91213.9,90706.8,90866.5,102.29195098
XXBTZUSD,60,20260120,170000,90866.5,91274.6,90171.8,90418.1,205.75575425
XXBTZUSD,60,20260120,180000,90418.1,90696.9,89797.1,90591.1,142.57633335
XXBTZUSD,60,20260120,190000,90591.1,90880.5,89948.2,90076.4,133.06155953
XXBTZUSD,60,20260120,200000,90076.4,90400,89358.8,89675.3,165.15604943
XXBTZUSD,60,20260120,210000,89675.3,89834.9,89281.4,89388.2,94.38126194
XXBTZUSD,60,20260120,220000,89388.2,89673.6,89174.2,89596.5,189.58886119
XXBTZUSD,60,20260120,230000,89596.5,89711,89270.8,89594,177.39778402
XXBTZUSD,60,20260121,000000,89605.5,89689.5,89303.1,89360,78.64055201
XXBTZUSD,60,20260121,010000,89352.3,89509.1,87800,88385.8,452.00671805
XXBTZUSD,60,20260121,020000,88385.8,88396.7,87784.4,88309.9,131.41885212
XXBTZUSD,60,20260121,030000,88309.9,88845,88151.8,88814.1,114.43392348
XXBTZUSD,60,20260121,040000,88814.1,89051,88739.4,88904.6,83.8194271
XXBTZUSD,60,20260121,050000,88904.6,89227.8,88881,88932.9,114.2848911
XXBTZUSD,60,20260121,060000,88933.1,89469.2,88933,89316.6,101.43022346
XXBTZUSD,60,20260121,070000,89316.7,89496,89243.7,89329.9,91.74201858
XXBTZUSD,60,20260121,080000,89329.9,90000,89329.8,89830.3,49.69502338
XXBTZUSD,60,20260121,090000,89830.3,89830.3,89399.4,89547.8,29.75822888
XXBTZUSD,60,20260121,100000,89547.8,89632.2,88969.7,89119.1,59.83179574
XXBTZUSD,60,20260121,110000,89119.1,89278.9,88880.8,89087.5,56.05627701
XXBTZUSD,60,20260121,120000,89087.6,89387.2,88969.9,88998.3,39.58453294
XXBTZUSD,60,20260121,130000,88998.3,89272.2,88971.5,89158.1,108.11933244
XXBTZUSD,60,20260121,140000,89158.1,89269,88603.5,88700,32.76744462
XXBTZUSD,60,20260121,150000,88700,88762.5,88101,88645.1,117.15171947
XXBTZUSD,60,20260121,160000,88645.1,88911.9,88477,88599.9,54.36728778
XXBTZUSD,60,20260121,170000,88588.5,91111.7,88517.5,89726.9,729.16547722
XXBTZUSD,60,20260121,180000,89727,90504.9,89685.1,90218.3,330.43032147
XXBTZUSD,60,20260121,190000,90218.3,90297.7,87507.6,87533.4,254.53156874
XXBTZUSD,60,20260121,200000,87533.8,88047.2,87200,87853.9,320.65738443
XXBTZUSD,60,20260121,210000,87853.9,88545.3,87405.6,88374.9,503.41256341
XXBTZUSD,60,20260121,220000,88375,90347.9,88202.5,90275.8,242.28491274
XXBTZUSD,60,20260121,230000,90275.8,90275.8,89351.2,90098.6,155.46850738
XXBTZUSD,60,20260122,000000,90105.6,90241.7,89895.6,90160,65.05148819
XXBTZUSD,60,20260122,010000,90160,90342.5,89692.8,89692.8,51.65043932
XXBTZUSD,60,20260122,020000,89692.8,90132.3,89281.7,89372.9,57.69709743
XXBTZUSD,60,20260122,030000,89372.9,89935,89372.9,89815.1,53.49195645
XXBTZUSD,60,20260122,040000,89815.1,90112.1,89746.7,90023,48.759489
XXBTZUSD,60,20260122,050000,90023,90261.7,89770.7,89868.2,28.91489061
XXBTZUSD,60,20260122,060000,89868.2,90063.8,89621.8,89804,17.85541579
XXBTZUSD,60,20260122,070000,89807.6,89975.8,89743.2,89926.5,14.05753301
XXBTZUSD,60,20260122,080000,89918.7,89984.1,89850,89912,53.81725409
XXBTZUSD,60,20260122,090000,89912.1,90100,89820.3,90079.5,16.48156962
XXBTZUSD,60,20260122,100000,90079.5,90099,89716.3,89741.9,14.78161914
XXBTZUSD,60,20260122,110000,89741.9,89875.2,89677,89820.5,20.39046845
XXBTZUSD,60,20260122,120000,89820.5,90039.1,89797.1,89939.8,13.02470835
XXBTZUSD,60,20260122,130000,89957.7,90010.3,89873.5,90010.1,15.28625736
XXBTZUSD,60,20260122,140000,90010.2,90056.5,89812,89860.4,26.67390587
XXBTZUSD,60,20260122,150000,89860.4,89988.1,89788.7,89928.2,13.58543293
XXBTZUSD,60,20260122,160000,89928.2,90250.1,89410.1,89521.9,79.05394274
XXBTZUSD,60,20260122,170000,89521.9,89620.1,88958.5,88993.9,144.16524802
XXBTZUSD,60,20260122,180000,88993.8,89420.6,88422.6,88905.4,345.46041829
XXBTZUSD,60,20260122,190000,88904.8,89163.7,88573.9,88947.5,65.84460255
XXBTZUSD,60,20260122,200000,88947.6,89500,88947.6,89499.9,145.7297304
XXBTZUSD,60,20260122,210000,89483,89716.6,89211.4,89221.8,85.71724909
XXBTZUSD,60,20260122,220000,89221.8,89818.7,89012.1,89699.6,135.80872527
XXBTZUSD,60,20260122,230000,89699.6,89851,89312.1,89312.1,75.78567821
XXBTZUSD,60,20260123,000000,89312.2,89554.8,89155.9,89158.4,38.77172171
XXBTZUSD,60,20260123,010000,89158.4,89452,89043.8,89269.1,32.47422612
XXBTZUSD,60,20260123,020000,89269.1,89485.8,89085.6,89454.2,14.63688239
XXBTZUSD,60,20260123,030000,89454.2,89532.5,89365.2,89440.3,17.165092
XXBTZUSD,60,20260123,040000,89440.3,89845.7,89440.2,89845.7,27.83332512
XXBTZUSD,60,20260123,050000,89845.7,89872.6,89555.7,89565.2,20.69776647
XXBTZUSD,60,20260123,060000,89565.3,89818.7,89540.2,89818.7,9.23627536
XXBTZUSD,60,20260123,070000,89818.8,89955,89782,89888.9,10.10216991
XXBTZUSD,60,20260123,080000,89888.9,89888.9,89344,89536.8,28.40092185
XXBTZUSD,60,20260123,090000,89527.4,89679.9,89313.6,89392.3,13.00751926
XXBTZUSD,60,20260123,100000,89392.4,89553.3,89351.6,89445,7.27411563
XXBTZUSD,60,20260123,110000,89445.1,89485.1,89011.6,89117.3,32.6639108
XXBTZUSD,60,20260123,120000,89117.3,89249.2,88799,88849.3,128.98990003
XXBTZUSD,60,20260123,130000,88849.4,89031.7,88763.8,88903.1,43.98636128
XXBTZUSD,60,20260123,140000,88903.1,89209.1,88879.1,89075.2,21.37052615
XXBTZUSD,60,20260123,150000,89075.2,89227.6,88968.8,89160.4,10.74004025
XXBTZUSD,60,20260123,160000,89160.4,89300,89113,89230.9,20.73039007
XXBTZUSD,60,20260123,170000,89231,89593.1,88500,88882.1,162.16013338
XXBTZUSD,60,20260123,180000,88893.4,89741.8,88470.9,89644.4,182.69188201
XXBTZUSD,60,20260123,190000,89644.4,90367.6,89388.6,90035.1,109.81630431
XXBTZUSD,60,20260123,200000,90035.2,91099.5,89875,90494.2,190.5012043
XXBTZUSD,60,20260123,210000,90494.2,90919,90372.6,90399.1,84.01626067
XXBTZUSD,60,20260123,220000,90399.1,90419.2,89517.4,89860.9,121.95465572
XXBTZUSD,60,20260123,230000,89860.9,90048.5,89091.7,89404.1,126.88064305
XXBTZUSD,60,20260124,000000,89405.9,89567.9,89212,89236.3,31.31815455
XXBTZUSD,60,20260124,010000,89236.3,89640.1,89236.2,89523.9,53.70210462
XXBTZUSD,60,20260124,020000,89523.9,89523.9,89316.5,89495,30.24892729
XXBTZUSD,60,20260124,030000,89495,89495,89306,89340.7,15.07140188
XXBTZUSD,60,20260124,040000,89340.7,89469.9,89340.6,89430.5,4.28655095
XXBTZUSD,60,20260124,050000,89430.5,89563.3,89430.4,89563.2,12.48126034
XXBTZUSD,60,20260124,060000,89563.2,89786.3,89563.1,89643.6,23.03963859
XXBTZUSD,60,20260124,070000,89643.6,89703.3,89597.6,89703.2,9.00213413
XXBTZUSD,60,20260124,080000,89703.3,89705.5,89630.2,89656.4,12.61643401
XXBTZUSD,60,20260124,090000,89656.4,89656.4,89518.7,89527.2,12.06467139
XXBTZUSD,60,20260124,100000,89527.3,89539.8,89435.5,89479.7,6.25447737
XXBTZUSD,60,20260124,110000,89479.7,89527.3,89455,89502.6,4.83559996
XXBTZUSD,60,20260124,120000,89502.7,89518.5,89457,89457.1,3.76785607
XXBTZUSD,60,20260124,130000,89457.1,89499.8,89448.3,89495.4,12.48439468
XXBTZUSD,60,20260124,140000,89495.4,89505.4,89440.6,89457.8,26.50365478
XXBTZUSD,60,20260124,150000,89457.8,89457.8,89366.6,89377,5.88860328
XXBTZUSD,60,20260124,160000,89377,89384,89257.4,89257.4,3.95268665
XXBTZUSD,60,20260124,170000,89257.4,89371.6,89055.7,89311.6,13.1646401
XXBTZUSD,60,20260124,180000,89311.6,89339,89140.9,89142.8,24.85946132
XXBTZUSD,60,20260124,190000,89142.9,89200.8,89038.1,89148.7,15.51963611
XXBTZUSD,60,20260124,200000,89148.8,89260.5,89134.2,89256,9.93746166
XXBTZUSD,60,20260124,210000,89256.1,89311.5,89241.5,89257.5,10.42929253
XXBTZUSD,60,20260124,220000,89257.5,89257.5,89137.2,89183.4,19.55764667
XXBTZUSD,60,20260124,230000,89183.4,89254.2,89183.3,89245.9,12.26163856
XXBTZUSD,60,20260125,000000,89245.9,89245.9,89128,89245.9,12.37234303
XXBTZUSD,60,20260125,010000,89245.9,89345.7,89187.8,89290.6,18.21926891
XXBTZUSD,60,20260125,020000,89290.7,89300,89079.5,89079.6,14.44224391
XXBTZUSD,60,20260125,030000,89079.6,89150.3,89041.5,89146.6,5.87825136
XXBTZUSD,60,20260125,040000,89146.6,89177,88961,89038.2,58.32716404
XXBTZUSD,60,20260125,050000,89038.2,89100.3,88994.4,88994.5,5.81122133
XXBTZUSD,60,20260125,060000,88994.5,89024.9,88726.1,88849.5,26.09799558
XXBTZUSD,60,20260125,070000,88849.5,88950,88813.1,88888.1,8.6263098
XXBTZUSD,60,20260125,080000,88888.1,88907.4,88693.6,88838.3,81.62713942
XXBTZUSD,60,20260125,090000,88838.3,88849.3,88517.2,88718.9,22.41384188
XXBTZUSD,60,20260125,100000,88719,88719,88500,88513,10.84049281
XXBTZUSD,60,20260125,110000,88513.1,88623.4,86362,88178.9,665.85087613
XXBTZUSD,60,20260125,120000,88178.9,88346.7,88111.1,88250.9,34.22352636
XXBTZUSD,60,20260125,130000,88250.9,88513.2,88250.8,88513.2,10.30443511
XXBTZUSD,60,20260125,140000,88513.3,88534.7,88410,88430,23.05394253
XXBTZUSD,60,20260125,150000,88430.1,88640.9,88310.8,88640.1,13.10211554
XXBTZUSD,60,20260125,160000,88640.2,88822,88506,88778.6,27.97833891
XXBTZUSD,60,20260125,170000,88778.6,88800.6,88457.2,88580.2,26.38952945
XXBTZUSD,60,20260125,180000,88580.3,88616.5,88250,88316.3,38.02816042
XXBTZUSD,60,20260125,190000,88316.3,88316.3,87429.2,87952.8,286.98370532
XXBTZUSD,60,20260125,200000,87952.8,87956.5,87627.5,87750.8,93.36331312
XXBTZUSD,60,20260125,210000,87750.9,87832.9,86721.3,87295.6,244.03798916
XXBTZUSD,60,20260125,220000,87295.6,87359.9,86107,86379.6,309.97371328
XXBTZUSD,60,20260125,230000,86379.6,86609.1,86129.9,86538.7,170.98538967
XXBTZUSD,60,20260126,000000,86538.6,86892.8,86310.9,86484.7,144.30923696
XXBTZUSD,60,20260126,010000,86484.7,86587.4,86115.2,86420.6,199.71884319
XXBTZUSD,60,20260126,020000,86420.7,86674.1,86007,86572.3,100.97202318
XXBTZUSD,60,20260126,030000,86572.3,87078.7,86430.5,86754.9,83.59415949
XXBTZUSD,60,20260126,040000,86755,87716.1,86725.6,87579.6,73.75673882
XXBTZUSD,60,20260126,050000,87579.6,87827.4,87341,87414.9,73.81732444
XXBTZUSD,60,20260126,060000,87440.9,87552.4,86986.7,87146.8,39.96037391
XXBTZUSD,60,20260126,070000,87146.8,88171.7,87114.5,87617.3,510.85404496
XXBTZUSD,60,20260126,080000,87617.4,87842.5,87555,87712,31.84800946
XXBTZUSD,60,20260126,090000,87712,87897.4,87641.3,87822.6,39.47995231
XXBTZUSD,60,20260126,100000,87822.7,87960.5,87581.5,87906.1,21.91073437
XXBTZUSD,60,20260126,110000,87906.1,88263.3,87749.2,87878.2,36.75960666
XXBTZUSD,60,20260126,120000,87874.3,87894.5,87510.1,87563.5,17.3366415
XXBTZUSD,60,20260126,130000,87566.3,87846.9,87566.3,87795.6,11.77062765
XXBTZUSD,60,20260126,140000,87795.6,87885.1,87686.3,87749.7,17.37832905
XXBTZUSD,60,20260126,150000,87749.8,87868.6,87626.9,87695.1,26.50889415
XXBTZUSD,60,20260126,160000,87695.1,87945.5,87601.1,87874,36.08444475
XXBTZUSD,60,20260126,170000,87874,88400,87375,88103.3,134.81394847
XXBTZUSD,60,20260126,180000,88103.4,88747.4,87207,87545.3,178.41648252
XXBTZUSD,60,20260126,190000,87545.3,87846.7,87133,87531.7,111.11715517
XXBTZUSD,60,20260126,200000,87531.7,87683.5,86950.7,87600,153.50697506
XXBTZUSD,60,20260126,210000,87600,88311.5,87570,88311.5,117.08656385
XXBTZUSD,60,20260126,220000,88311.8,88459.4,87857.4,87914.8,116.95593328
XXBTZUSD,60,20260126,230000,87914.8,88011.3,87452.8,87514.2,65.40014772
XXBTZUSD,60,20260127,000000,87514.3,88141.9,87491.9,87961.2,65.42993783
XXBTZUSD,60,20260127,010000,87961.2,88174.2,87897.9,88043.1,46.35950945
XXBTZUSD,60,20260127,020000,88037.4,88534.9,87944.6,88247.4,66.6738881
XXBTZUSD,60,20260127,030000,88247.4,88349.9,88121.4,88256.1,31.06955256
XXBTZUSD,60,20260127,040000,88256.1,88577.7,88096.8,88451.4,54.87111898
XXBTZUSD,60,20260127,050000,88451.4,88747,88451.3,88712.8,21.34828698
XXBTZUSD,60,20260127,060000,88712.8,88774.3,88483.5,88654.3,21.06257965
XXBTZUSD,60,20260127,070000,88668.2,88903.1,88392.1,88466.9,62.93886024
XXBTZUSD,60,20260127,080000,88466.9,88466.9,88291.1,88331.7,12.58209564
XXBTZUSD,60,20260127,090000,88331.7,88446,88168.3,88214.4,16.87436293
XXBTZUSD,60,20260127,100000,88214.4,88451.5,88214.3,88216.1,39.12852428
XXBTZUSD,60,20260127,110000,88216.1,88289.6,88000.1,88060.5,21.37630301
XXBTZUSD,60,20260127,120000,88060.5,88060.5,87752,87759.9,26.12513522
XXBTZUSD,60,20260127,130000,87759.9,87930.8,87636.3,87656.1,40.19097289
XXBTZUSD,60,20260127,140000,87656.1,87976.4,87636.2,87874.6,15.87908104
XXBTZUSD,60,20260127,150000,87874.6,88034.5,87838.7,87847.9,10.30228255
XXBTZUSD,60,20260127,160000,87847.9,87942.7,87682.4,87838.3,20.45617127
XXBTZUSD,60,20260127,170000,87838.3,88314.1,87531.6,87605.1,97.91153706
XXBTZUSD,60,20260127,180000,87602.8,88044.8,87457.7,87912.9,102.99463933
XXBTZUSD,60,20260127,190000,87913,88705.7,87881,88515.2,141.61597845
XXBTZUSD,60,20260127,200000,88515.2,88569.3,87206.2,87432,110.53720245
XXBTZUSD,60,20260127,210000,87432,88368.1,87353.5,88157.8,47.21076461
XXBTZUSD,60,20260127,220000,88157.8,88400,87936.3,88268.5,62.91047445
XXBTZUSD,60,20260127,230000,88268.5,89356.4,88268.4,89292.7,325.60754197
XXBTZUSD,60,20260128,000000,89292.6,89436.2,88904.4,88940.2,79.910216
XXBTZUSD,60,20260128,010000,88954.8,89300,88902.3,89130.9,52.58380142
XXBTZUSD,60,20260128,020000,89130.9,89430,89026.8,89124.1,58.05844117
XXBTZUSD,60,20260128,030000,89124.1,89325,89035,89325,16.6957794
XXBTZUSD,60,20260128,040000,89325,89370,89084.1,89286,35.73532568
XXBTZUSD,60,20260128,050000,89286.1,89311.8,88972.5,89152.9,14.33277429
XXBTZUSD,60,20260128,060000,89153,89169.6,88882.8,88990.7,27.62415163
XXBTZUSD,60,20260128,070000,88990.8,89029.8,88723.6,88847.7,14.52719054
XXBTZUSD,60,20260128,080000,88847.8,88970.7,88735.8,88970.7,63.7957041
XXBTZUSD,60,20260128,090000,88970.7,89259.9,88970.7,89205.2,35.34841207
XXBTZUSD,60,20260128,100000,89205.2,89205.2,89000,89009.8,5.65644062
XXBTZUSD,60,20260128,110000,89009.8,89121.7,88775,88800,14.10314241
XXBTZUSD,60,20260128,120000,88800,89444.8,88750,89444.8,29.68832307
XXBTZUSD,60,20260128,130000,89437.4,89566.4,89211.8,89295.3,58.18690735
XXBTZUSD,60,20260128,140000,89288.4,90000,89152.8,89955.9,108.47887669
XXBTZUSD,60,20260128,150000,89956,90034.5,89678,89860,48.21138437
XXBTZUSD,60,20260128,160000,89860,90349.1,89850,90130.8,112.57510225
XXBTZUSD,60,20260128,170000,90130.8,90139.2,89337.4,89513,124.31509693
XXBTZUSD,60,20260128,180000,89490.2,89723,88764,89359.6,136.21990975
XXBTZUSD,60,20260128,190000,89359.7,89702,89124.8,89520.6,59.61075167
XXBTZUSD,60,20260128,200000,89520.7,90438.3,89179.2,90042.5,140.56715419
XXBTZUSD,60,20260128,210000,90042.6,90042.6,89217.2,89395.8,98.48909155
XXBTZUSD,60,20260128,220000,89416,89591.2,88889,89252.1,103.1428429
XXBTZUSD,60,20260128,230000,89263.1,89754.6,88875.3,88953.5,136.79642722
XXBTZUSD,60,20260129,000000,88971.6,89335,88719.2,89281.5,79.13329293
XXBTZUSD,60,20260129,010000,89281.5,89340,89006.8,89245.4,27.27636016
XXBTZUSD,60,20260129,020000,89245.4,89325.7,89081.4,89159.6,39.9167049
XXBTZUSD,60,20260129,030000,89159.7,89202.7,88780.1,88991.1,51.44518517
XXBTZUSD,60,20260129,040000,88996.8,89030.3,88249.8,88461.4,346.45613797
XXBTZUSD,60,20260129,050000,88461.4,88598.9,87581.4,87764.7,194.90013448
XXBTZUSD,60,20260129,060000,87764.7,88100,87642.2,87922,191.64680328
XXBTZUSD,60,20260129,070000,87922,88225.3,87753.9,88177.8,44.96117347
XXBTZUSD,60,20260129,080000,88177.9,88248.3,88006.2,88045.3,12.0185126
XXBTZUSD,60,20260129,090000,88045.3,88197.9,88035.1,88178,9.35741503
XXBTZUSD,60,20260129,100000,88178,88280,88125.3,88188.5,21.16362676
XXBTZUSD,60,20260129,110000,88196,88333,87750,87934.4,45.70703456
XXBTZUSD,60,20260129,120000,87934.5,87996.1,87758.5,87760.3,17.09079941
XXBTZUSD,60,20260129,130000,87760.4,87849.8,87679.4,87804,55.59644036
XXBTZUSD,60,20260129,140000,87804,87910,87611.6,87697.2,86.91680595
XXBTZUSD,60,20260129,150000,87697.3,87957.6,87669,87957.5,20.56016317
XXBTZUSD,60,20260129,160000,87957.6,88000,87814.8,87894,47.44234442
XXBTZUSD,60,20260129,170000,87894,87926.7,86868,86881.3,182.55782699
XXBTZUSD,60,20260129,180000,86881.4,86881.4,84242,84797.6,737.96917332
XXBTZUSD,60,20260129,190000,84788.8,85240.5,84149.9,85153.6,283.70511717
XXBTZUSD,60,20260129,200000,85153.6,85474.7,83902,84105.9,222.87252376
XXBTZUSD,60,20260129,210000,84114.9,84476.8,83290,83337.1,379.65461607
XXBTZUSD,60,20260129,220000,83337.1,84163.1,83220.3,83840.9,297.36714566
XXBTZUSD,60,20260129,230000,83840.9,84222,83661.2,84050.7,131.46883184
XXBTZUSD,60,20260130,000000,84050.8,84502.5,84041.1,84380.6,78.64136078
XXBTZUSD,60,20260130,010000,84380.7,84472.8,84178.3,84425.2,53.91256153
XXBTZUSD,60,20260130,020000,84425.2,84588.4,84301.3,84515.1,46.59545937
XXBTZUSD,60,20260130,030000,84515.1,84596.4,84032.1,84069.4,57.72348386
XXBTZUSD,60,20260130,040000,84069.4,84069.4,81000.1,82348.7,561.60976399
XXBTZUSD,60,20260130,050000,82348.7,82406.5,81041.4,82029.5,221.94282679
XXBTZUSD,60,20260130,060000,82029.5,82600,81935.5,82562.7,116.02226863
XXBTZUSD,60,20260130,070000,82562.7,83204.9,82562.7,82797.4,74.99148248
XXBTZUSD,60,20260130,080000,82797.5,83182.6,82771.9,82774.1,49.04098778
XXBTZUSD,60,20260130,090000,82774.1,82788.7,81950.8,82485,543.74722508
XXBTZUSD,60,20260130,100000,82485,82961.5,82355,82684.5,54.98076153
XXBTZUSD,60,20260130,110000,82684.5,82821.2,82305.6,82520.4,54.5518474
XXBTZUSD,60,20260130,120000,82520.4,82688.2,82019.6,82214.2,84.07600444
XXBTZUSD,60,20260130,130000,82217,82726,82034.5,82691.4,42.40823959
XXBTZUSD,60,20260130,140000,82691.4,83157.8,82558,83014,34.85042836
XXBTZUSD,60,20260130,150000,83014,83177,82523.2,82649.3,48.318382
XXBTZUSD,60,20260130,160000,82649.3,82910.2,82285.8,82623.3,62.16796998
XXBTZUSD,60,20260130,170000,82623.4,83675,82596.9,82941.7,238.45975879
XXBTZUSD,60,20260130,180000,82941.7,83469.2,82249.3,82768.1,141.79302207
XXBTZUSD,60,20260130,190000,82768.1,83339,82401.2,83021.8,201.47454038
XXBTZUSD,60,20260130,200000,83013.6,83335.9,82518.7,82810,137.38295184
XXBTZUSD,60,20260130,210000,82810,84041.2,81764.2,83808.1,341.89645972
XXBTZUSD,60,20260130,220000,83804.3,84486.9,83788.6,84096.6,187.54069543
XXBTZUSD,60,20260130,230000,84096.6,84132.9,83426,83753.8,135.55310805
XXBTZUSD,60,20260131,000000,83768.1,84365.9,83648.9,84144,79.79868567
XXBTZUSD,60,20260131,010000,84129.3,84174.9,83763,84067.7,32.67213562
XXBTZUSD,60,20260131,020000,84067.7,84151.7,83803,84124.7,27.5202283
XXBTZUSD,60,20260131,030000,84124.7,84124.7,83892.1,83925.6,54.94470448
XXBTZUSD,60,20260131,040000,83925.6,84114.3,83762.1,83850.4,28.65861626
XXBTZUSD,60,20260131,050000,83850.4,84036.5,83691,83987.7,27.7876332
XXBTZUSD,60,20260131,060000,83987.7,84077.1,83900,83900.1,19.15062192
XXBTZUSD,60,20260131,070000,83900.1,84002,83795,83847.9,9.13645323
XXBTZUSD,60,20260131,080000,83848,83952.7,83741.5,83861.1,12.49585975
XXBTZUSD,60,20260131,090000,83861.1,83892.2,83509.4,83634.7,9.64218417
XXBTZUSD,60,20260131,100000,83634.8,83648.2,83251.7,83399.6,33.98637413
XXBTZUSD,60,20260131,110000,83399.6,83458.3,82453.9,82934,171.57033459
XXBTZUSD,60,20260131,120000,82934.1,83139.2,82755.1,82963.8,21.480683
XXBTZUSD,60,20260131,130000,82963.9,83056.3,82781,83004.9,49.90774976
XXBTZUSD,60,20260131,140000,83005,83014.8,82711.3,82856.1,95.91864874
XXBTZUSD,60,20260131,150000,82856.2,82996.6,82581.7,82600,31.39377617
XXBTZUSD,60,20260131,160000,82626.8,82777,82360,82626.1,42.26117138
XXBTZUSD,60,20260131,170000,82627.9,82786.6,80704.9,81365.2,358.79247931
XXBTZUSD,60,20260131,180000,81365.2,81641,80965.9,81180.2,154.96604112
XXBTZUSD,60,20260131,190000,81180.2,82064.1,79938.2,80246.9,1122.97998202
XXBTZUSD,60,20260131,200000,80246.9,80415.7,78082.2,78752,985.5199741
XXBTZUSD,60,20260131,210000,78752,78999.9,75600,77916.5,742.06688308
XXBTZUSD,60,20260131,220000,77916.5,78457.7,77113.8,77648.3,330.63849218
XXBTZUSD,60,20260131,230000,77648.3,78000,76968.8,77895.9,349.06828388
XXBTZUSD,60,20260201,000000,77896,78266.4,77300,78187.3,245.13042327
XXBTZUSD,60,20260201,010000,78187.3,78382.6,77904.3,78085.4,193.6981316
XXBTZUSD,60,20260201,020000,78085.4,79118.6,77992,78648.4,292.71054979
XXBTZUSD,60,20260201,030000,78648.4,79315.2,78552.7,78822.8,97.43080613
XXBTZUSD,60,20260201,040000,78822.8,78859.6,78222.8,78450.7,108.2007595
XXBTZUSD,60,20260201,050000,78450.7,78967.9,78307.9,78814.9,56.58402639
XXBTZUSD,60,20260201,060000,78814.9,78920.4,78580,78792.6,54.07256498
XXBTZUSD,60,20260201,070000,78792.6,79017.1,78645.2,78920,33.04230536
XXBTZUSD,60,20260201,080000,78920.1,78925,78467.2,78529.1,36.08616252
XXBTZUSD,60,20260201,090000,78529.2,78731.2,78194.7,78210.7,248.4887369
XXBTZUSD,60,20260201,100000,78210.7,78613.8,77898.7,78263.7,235.27694673
XXBTZUSD,60,20260201,110000,78263.8,78786.9,78186.3,78518,62.10181299
XXBTZUSD,60,20260201,120000,78518,79057.7,78490,78940.8,115.03096415
XXBTZUSD,60,20260201,130000,78940.9,79152.5,78082.2,78192.4,144.5577913
XXBTZUSD,60,20260201,140000,78201.1,78817.1,78201.1,78674.4,38.56037658
XXBTZUSD,60,20260201,150000,78674.4,78674.4,78204.1,78381.8,17.52459348
XXBTZUSD,60,20260201,160000,78388.9,78674.3,78157.1,78248.6,45.12089064
XXBTZUSD,60,20260201,170000,78249.9,78425.8,77178.6,78150.4,164.35436065
XXBTZUSD,60,20260201,180000,78147.7,78168.6,76707.7,77526.1,714.186761
XXBTZUSD,60,20260201,190000,77527.5,77748.7,77021.3,77410.3,110.02593533
XXBTZUSD,60,20260201,200000,77410.4,77661.7,77235.4,77661.7,64.83961736
XXBTZUSD,60,20260201,210000,77661.7,78344.9,77656.6,77954.8,95.93352281
XXBTZUSD,60,20260201,220000,77954.8,78020.1,76901.1,77087.8,81.05757147
XXBTZUSD,60,20260201,230000,77087.8,77641.8,76500,77019.7,117.87626645
XXBTZUSD,60,20260202,000000,77019.7,77076.8,76300,76441.6,105.37515097
XXBTZUSD,60,20260202,010000,76441.7,77679.8,76371.6,77162.7,160.63741274
XXBTZUSD,60,20260202,020000,77162.8,77519.8,75665.8,76882.2,802.92047352
XXBTZUSD,60,20260202,030000,76892.4,78086.7,76558.3,77591.9,193.75573588
XXBTZUSD,60,20260202,040000,77591.9,77867.5,76566.6,77441.4,112.68838465
XXBTZUSD,60,20260202,050000,77441.3,77452.3,76380,76400.3,103.7819528
XXBTZUSD,60,20260202,060000,76398.2,76474.2,74543,76213,622.42617155
XXBTZUSD,60,20260202,070000,76213.4,76499.9,75241,75811.2,94.74351055
XXBTZUSD,60,20260202,080000,75811.2,75900.1,74835,75404.4,171.62526074
XXBTZUSD,60,20260202,090000,75404.4,76739.6,74870.8,76421.3,201.06961269
XXBTZUSD,60,20260202,100000,76429,76845.9,76248.9,76556.1,65.74983064
XXBTZUSD,60,20260202,110000,76556.1,77056.8,76527.9,76800.7,64.55250477
XXBTZUSD,60,20260202,120000,76800.7,77726.9,76580.1,77610,95.53163362
XXBTZUSD,60,20260202,130000,77629.4,77769.7,77375.6,77417.9,133.55996118
XXBTZUSD,60,20260202,140000,77417.9,77860.2,77356.5,77644,87.18776439
XXBTZUSD,60,20260202,150000,77663.1,78317.6,77636.9,77916.7,120.32757467
XXBTZUSD,60,20260202,160000,77916.7,78353,77745.2,78157.6,111.75717596
XXBTZUSD,60,20260202,170000,78151.7,78801.6,77562.2,77753.5,214.19585908
XXBTZUSD,60,20260202,180000,77802.8,79250,77485.1,78804.8,327.35134754
XXBTZUSD,60,20260202,190000,78821.3,79250,78525.6,78571.5,319.9744763
XXBTZUSD,60,20260202,200000,78571.6,79167.1,78561.7,78957,155.95262065
XXBTZUSD,60,20260202,210000,78957,78957,78316.7,78521.8,78.45433963
XXBTZUSD,60,20260202,220000,78521.8,78617.3,78228,78274.2,55.67478967
XXBTZUSD,60,20260202,230000,78278.7,78597.4,77848.3,77925.2,94.60354604
XXBTZUSD,60,20260203,000000,77925.2,78467.2,77843.3,78462.9,54.30920502
XXBTZUSD,60,20260203,010000,78462.9,78780.9,78462.9,78730,63.04377522
XXBTZUSD,60,20260203,020000,78730,78897.1,78471.1,78669.2,34.73844347
XXBTZUSD,60,20260203,030000,78669.2,79000,78327.3,79000,131.35535699
XXBTZUSD,60,20260203,040000,79000,79120.2,78656.7,78948.2,90.45094098
XXBTZUSD,60,20260203,050000,78948.2,78948.2,77727,77732.1,541.10628504
XXBTZUSD,60,20260203,060000,77732.1,78807.5,77530.5,78687.9,594.84127133
XXBTZUSD,60,20260203,070000,78687.9,78911.3,78426,78739.5,45.59852166
XXBTZUSD,60,20260203,080000,78739.5,78739.5,78161.7,78163.2,30.83127145
XXBTZUSD,60,20260203,090000,78163.2,78597.8,77831.4,78516.8,70.79936744
XXBTZUSD,60,20260203,100000,78516.9,78831.7,78430.6,78704.7,19.53199404
XXBTZUSD,60,20260203,110000,78704.8,78988.2,78409,78671.3,40.8092494
XXBTZUSD,60,20260203,120000,78671.3,78775.3,77871,78342.1,62.11923992
XXBTZUSD,60,20260203,130000,78342.1,78476.6,78004.5,78060.7,46.30688302
XXBTZUSD,60,20260203,140000,78060.7,78270.4,77932.5,78007,43.02131857
XXBTZUSD,60,20260203,150000,78007,78336.2,77924.7,78257.5,56.85875798
XXBTZUSD,60,20260203,160000,78254.5,78364.8,78123,78228.6,27.17208608
XXBTZUSD,60,20260203,170000,78222.7,78350,77113.8,77131.7,248.75482847
XXBTZUSD,60,20260203,180000,77131.7,78124,76994.2,78073,256.87422359
XXBTZUSD,60,20260203,190000,78071.6,78071.6,76405.1,76419.1,378.21608523
XXBTZUSD,60,20260203,200000,76407.8,76449.9,74811,74811.8,1398.75610413
XXBTZUSD,60,20260203,210000,74812.6,75200.7,73038.9,73065.1,686.55404338
XXBTZUSD,60,20260203,220000,73065.1,75182.3,72865.2,74857.8,778.6059485
XXBTZUSD,60,20260203,230000,74857.9,76623.6,74509,76420.7,418.68137825
XXBTZUSD,60,20260204,000000,76374.3,76836.7,76029.7,76145.8,203.99070267
XXBTZUSD,60,20260204,010000,76145.8,76183.5,75312.3,75631.2,224.88579718
XXBTZUSD,60,20260204,020000,75631.2,75892.9,75339.2,75662,115.22633318
XXBTZUSD,60,20260204,030000,75662,76139.2,75366.7,75804.3,78.79883108
XXBTZUSD,60,20260204,040000,75804.3,76659.2,75804.3,76311.2,48.81400362
XXBTZUSD,60,20260204,050000,76311.2,76491.8,75631.5,75868,34.34492455
XXBTZUSD,60,20260204,060000,75868,76866.2,75799.9,76623.9,77.04446909
XXBTZUSD,60,20260204,070000,76624,76713.7,76321.4,76379.7,20.93606653
XXBTZUSD,60,20260204,080000,76379.7,76429.8,76029.8,76178.7,36.65226937
XXBTZUSD,60,20260204,090000,76178.8,76675.3,76175,76550.3,28.97892328
XXBTZUSD,60,20260204,100000,76550.3,76550.3,76199.9,76403.5,450.03627921
XXBTZUSD,60,20260204,110000,76403.5,76470.7,75984,76470.7,413.98110906
XXBTZUSD,60,20260204,120000,76474.8,76486,75861,76000.9,52.66320812
XXBTZUSD,60,20260204,130000,76001,76225.9,75969.3,76187.8,19.7587451
XXBTZUSD,60,20260204,140000,76178.9,76178.9,75557.1,76029.6,41.00912368
XXBTZUSD,60,20260204,150000,76000.1,76139.2,75912.4,76060.5,98.1768384
XXBTZUSD,60,20260204,160000,76060.6,76060.6,74750,74767,87.91207059
XXBTZUSD,60,20260204,170000,74767,75638.4,74098.8,74239.9,336.78779705
XXBTZUSD,60,20260204,180000,74240,75241.4,73686.6,74012.3,306.71373636
XXBTZUSD,60,20260204,190000,74013,74125.4,72957.4,73506.2,329.52125468
XXBTZUSD,60,20260204,200000,73506.2,73737.1,72046.5,72415.4,1253.2551643
XXBTZUSD,60,20260204,210000,72415.5,73940,72111,73262.9,352.85571339
XXBTZUSD,60,20260204,220000,73263.5,73835.9,72900,73757.6,148.2593958
XXBTZUSD,60,20260204,230000,73757.7,73975.3,73245.9,73352.8,104.42380741
XXBTZUSD,60,20260205,000000,73358.9,73487.5,72059.2,72629.8,244.32297375
XXBTZUSD,60,20260205,010000,72623.1,73500,71722,72380,406.62824222
XXBTZUSD,60,20260205,020000,72380,73350.1,72307.7,73013.6,104.85648482
XXBTZUSD,60,20260205,030000,73008.9,73141.3,72600.8,72698.8,86.28085331
XXBTZUSD,60,20260205,040000,72697.4,73156.8,71801.8,72236.2,306.80996658
XXBTZUSD,60,20260205,050000,72241.5,72671.1,71157,71323.7,390.95792353
XXBTZUSD,60,20260205,060000,71318.2,71727,71029,71107.5,500.06510236
XXBTZUSD,60,20260205,070000,71103.3,71275.3,70584.1,70725,320.97769135
XXBTZUSD,60,20260205,080000,70725,70982.9,70001,70586.8,289.11714963
XXBTZUSD,60,20260205,090000,70580,70831.5,70299.7,70808,141.4518635
XXBTZUSD,60,20260205,100000,70808,71447,70485.7,70569.9,241.06625116
XXBTZUSD,60,20260205,110000,70570.4,71383.4,70570.4,70902.9,62.77130315
XXBTZUSD,60,20260205,120000,70902.9,71834.5,70902.9,71416.2,98.89695556
XXBTZUSD,60,20260205,130000,71424.1,71589.7,70536.3,70727.9,52.45546656
XXBTZUSD,60,20260205,140000,70727.9,70921.8,69830.1,70201.3,437.03307705
XXBTZUSD,60,20260205,150000,70201.3,70458,69050,69425.2,305.70670394
XXBTZUSD,60,20260205,160000,69425.3,69669.9,69133.8,69549.8,170.76995095
XXBTZUSD,60,20260205,170000,69549.9,70731.2,69181.3,69276.1,261.3564904
XXBTZUSD,60,20260205,180000,69286.7,69479.6,66580.7,67390.1,2095.34418778
XXBTZUSD,60,20260205,190000,67378.9,68524.8,66800.3,68173.4,609.25690751
XXBTZUSD,60,20260205,200000,68167.4,68223.5,66018,66043.1,712.98184544
XXBTZUSD,60,20260205,210000,66041,66411.8,65250.6,66227.6,583.50405224
XXBTZUSD,60,20260205,220000,66205.7,66477.6,65074.1,65119.6,677.57757485
XXBTZUSD,60,20260205,230000,65119.6,65542.1,62308.2,63633.6,2180.94998294
XXBTZUSD,60,20260206,000000,63646.3,64636.1,62826,63089.3,583.20727427
XXBTZUSD,60,20260206,010000,63089.2,64500,62558.4,63811,665.65584045
XXBTZUSD,60,20260206,020000,63794.8,64773.8,62650.7,62858.1,403.495488
XXBTZUSD,60,20260206,030000,62858,63833.6,60500,63444.2,1201.71232063
XXBTZUSD,60,20260206,040000,63444.2,65707.4,63436.3,65632,600.41288171
XXBTZUSD,60,20260206,050000,65632,65944.3,64163.9,64884,467.43042187
XXBTZUSD,60,20260206,060000,64896.4,65079.7,63711.1,64102.5,230.16630355
XXBTZUSD,60,20260206,070000,64102.5,64931.4,63901.6,64856.3,126.73240129
XXBTZUSD,60,20260206,080000,64837.8,66715.8,64730.6,66330.2,235.78457034
XXBTZUSD,60,20260206,090000,66333.1,66713.2,64814.8,64920.9,211.92073577
XXBTZUSD,60,20260206,100000,64909.4,65452.4,64561,64756.4,135.6240461
XXBTZUSD,60,20260206,110000,64766.8,65110.9,64442.5,64821.5,191.14990708
XXBTZUSD,60,20260206,120000,64820.1,66060.5,64679.2,65716,195.15494369
XXBTZUSD,60,20260206,130000,65716,66118.7,65487.1,65878,128.6689986
XXBTZUSD,60,20260206,140000,65878,66650,65710.6,66555,228.34033314
XXBTZUSD,60,20260206,150000,66555.1,66555.1,66050.1,66517.8,221.74351507
XXBTZUSD,60,20260206,160000,66513.2,67674.3,66417.1,67256.2,343.10642534
XXBTZUSD,60,20260206,170000,67256.2,68599.7,66591.2,68160.1,512.65576553
XXBTZUSD,60,20260206,180000,68160.1,69127.1,67759,68586.6,380.50301579
XXBTZUSD,60,20260206,190000,68604,70190.5,68426.5,69926.1,524.50981826
XXBTZUSD,60,20260206,200000,69932.3,71447.8,69586.4,70739.4,656.94506147
XXBTZUSD,60,20260206,210000,70719.8,70795,69293.8,69723.3,388.12441265
XXBTZUSD,60,20260206,220000,69723.3,70909.1,69611.4,70686.4,178.8615022
XXBTZUSD,60,20260206,230000,70673.1,70941.4,69988.3,69988.3,173.82719727
XXBTZUSD,60,20260207,000000,69985.7,70443.3,69812.3,70305.1,103.73547798
XXBTZUSD,60,20260207,010000,70318.9,71483.6,70250,71306.5,354.91890206
XXBTZUSD,60,20260207,020000,71300,71695.7,70460.2,70527.4,152.14528783
XXBTZUSD,60,20260207,030000,70527.4,70554.8,69683.1,69915.1,138.7583757
XXBTZUSD,60,20260207,040000,69915.1,70645.7,69736.9,70472.1,62.30911769
XXBTZUSD,60,20260207,050000,70459.6,70590.3,70139.7,70327.3,41.05612775
XXBTZUSD,60,20260207,060000,70321.1,70884.2,70250,70883.6,38.85953398
XXBTZUSD,60,20260207,070000,70883.6,71631.2,70563.9,70747.4,147.76946854
XXBTZUSD,60,20260207,080000,70727.1,71138.4,69938,70105.7,111.94548747
XXBTZUSD,60,20260207,090000,70131.2,70276.4,68708.4,68748.8,235.4553919
XXBTZUSD,60,20260207,100000,68745,69054.8,67343.8,68081.7,480.61579031
XXBTZUSD,60,20260207,110000,68070.1,68764.5,67749,68474.2,289.08829042
XXBTZUSD,60,20260207,120000,68474.2,68726.5,67823.7,68093,182.93426888
XXBTZUSD,60,20260207,130000,68091.8,68238.6,67578.6,67947.5,84.36369731
XXBTZUSD,60,20260207,140000,67948.2,68126.1,67636.6,67941.8,41.08857184
XXBTZUSD,60,20260207,150000,67920.1,69894,67861.4,68965.6,221.42523225
XXBTZUSD,60,20260207,160000,68970.1,69318.3,68773,69000,113.46233251
XXBTZUSD,60,20260207,170000,69028.4,69101.6,68316.6,68582.7,118.35861531
XXBTZUSD,60,20260207,180000,68582.3,69680.6,68515.1,69071.3,110.62689036
XXBTZUSD,60,20260207,190000,69071.3,69807.7,68814.1,68938.3,153.09322865
XXBTZUSD,60,20260207,200000,68903.8,69347.5,68520.3,69118.7,91.24911727
XXBTZUSD,60,20260207,210000,69118.7,69635.7,68968.1,69460.2,46.39597504
XXBTZUSD,60,20260207,220000,69465.3,69525.5,69239.6,69311.3,25.34878729
XXBTZUSD,60,20260207,230000,69311.3,69653.2,69211.7,69586.1,21.94729671
XXBTZUSD,60,20260208,000000,69586.1,69653.2,69316,69425.4,118.7895354
XXBTZUSD,60,20260208,010000,69442.2,69649.9,69277.7,69354,28.55065494
XXBTZUSD,60,20260208,020000,69366.6,69394.6,68750.1,69268.8,186.27517604
XXBTZUSD,60,20260208,030000,69249.9,69374.2,68855.4,69095.1,22.64394734
XXBTZUSD,60,20260208,040000,69095.2,69427.9,69042.6,69352.1,13.75123067
XXBTZUSD,60,20260208,050000,69352.1,69628.1,69128.6,69329,32.11693726
XXBTZUSD,60,20260208,060000,69328.8,69376.3,69029.2,69072.4,19.04512918
XXBTZUSD,60,20260208,070000,69072.5,69280.8,68938.2,69272.1,25.06970299
XXBTZUSD,60,20260208,080000,69299,69361.3,69110.9,69173.7,51.7613505
XXBTZUSD,60,20260208,090000,69173.8,69361.3,69037.9,69288.6,27.04279681
XXBTZUSD,60,20260208,100000,69288.6,69665.1,69181.3,69660.1,27.15428024
XXBTZUSD,60,20260208,110000,69660,70718.9,69472.3,70607.7,162.24400263
XXBTZUSD,60,20260208,120000,70607.8,70648.5,70013.5,70100,62.42035791
XXBTZUSD,60,20260208,130000,70057,70383.5,69823.8,70204.2,45.88667257
XXBTZUSD,60,20260208,140000,70204.3,71180.1,70171.4,70941,143.87003545
XXBTZUSD,60,20260208,150000,70949.2,71200,70657.4,71200,101.62798662
XXBTZUSD,60,20260208,160000,71200,71449.1,70937.7,71445,309.90289613
XXBTZUSD,60,20260208,170000,71445,71500,71071.6,71175,49.18844181
XXBTZUSD,60,20260208,180000,71190,71398.9,70766.8,71100,91.92874464
XXBTZUSD,60,20260208,190000,71114.9,71190,70223.8,70362,202.53952068
XXBTZUSD,60,20260208,200000,70362.1,70816.2,70362,70725,34.01990476
XXBTZUSD,60,20260208,210000,70725.1,71350.1,70725,71086.9,78.80803167
XXBTZUSD,60,20260208,220000,71086.9,71465.1,71086.9,71370.1,35.47217786
XXBTZUSD,60,20260208,230000,71370.1,71384.9,70680.1,70789.7,35.22084268
XXBTZUSD,60,20260209,000000,70789.8,71083.6,70523.7,70687.6,44.32358054
XXBTZUSD,60,20260209,010000,70676.4,71056.8,70620,71024.9,53.6418546
XXBTZUSD,60,20260209,020000,71012.5,72256.1,70000,70305,282.63521973
XXBTZUSD,60,20260209,030000,70300.5,70714.3,70088,70455.1,58.57815423
XXBTZUSD,60,20260209,040000,70455.1,70877.6,70035.2,70309.2,86.36835666
XXBTZUSD,60,20260209,050000,70309.3,70926.7,70170.1,70576.4,19.38379732
XXBTZUSD,60,20260209,060000,70583.7,71369.9,70583.7,71286.5,80.29928513
XXBTZUSD,60,20260209,070000,71265.1,71286.9,70863.4,70965.1,39.08484207
XXBTZUSD,60,20260209,080000,70965.1,71052.1,70765.2,70987,12.89103425
XXBTZUSD,60,20260209,090000,70987.1,71000.9,70279,70610.6,66.84898145
XXBTZUSD,60,20260209,100000,70610.7,70824.7,70300.8,70365.6,32.14975424
XXBTZUSD,60,20260209,110000,70361.7,70529.9,69369.3,69824.8,155.14313455
XXBTZUSD,60,20260209,120000,69812.4,70038.7,69429.5,69540,210.83076282
XXBTZUSD,60,20260209,130000,69540,69653.2,68352.1,68658.8,331.40217247
XXBTZUSD,60,20260209,140000,68658.8,68935.9,68514.7,68826.7,53.97937339
XXBTZUSD,60,20260209,150000,68855.8,69165.6,68799.5,69079.8,200.29236791
XXBTZUSD,60,20260209,160000,69079.8,69220.2,68558.6,68558.8,104.69217734
XXBTZUSD,60,20260209,170000,68558.7,69725.6,68242.5,69237.3,195.9140106
XXBTZUSD,60,20260209,180000,69237.4,69817.3,68789.4,69552.9,283.21795021
XXBTZUSD,60,20260209,190000,69530.8,70370.1,69077.9,70053,99.58488566
XXBTZUSD,60,20260209,200000,70053,70916.4,69837.5,70574.9,392.12160907
XXBTZUSD,60,20260209,210000,70560.1,70964.4,70063.9,70366.6,177.24719945
XXBTZUSD,60,20260209,220000,70378.9,71000,70211.6,70883.9,114.46935871
XXBTZUSD,60,20260209,230000,70923.7,71059.5,70475.3,70709.6,158.03659457
XXBTZUSD,60,20260210,000000,70707.7,70780.2,69791.6,70375.1,110.42378078
XXBTZUSD,60,20260210,010000,70375.1,70662,70257.6,70331.4,45.30620439
XXBTZUSD,60,20260210,020000,70331.4,70543.3,70055.5,70087.2,32.84133425
XXBTZUSD,60,20260210,030000,70103.9,70213.4,69729.1,69815.2,180.93521714
XXBTZUSD,60,20260210,040000,69804.9,70468.6,69790.6,70376.5,32.81200447
XXBTZUSD,60,20260210,050000,70429.4,70429.4,69980,70069.8,26.04468488
XXBTZUSD,60,20260210,060000,70060.9,70129.8,69165.4,69460.8,109.11492386
XXBTZUSD,60,20260210,070000,69460.8,69845.6,69445.2,69778,52.99160644
XXBTZUSD,60,20260210,080000,69778,69806.5,69186.7,69397.7,54.73175735
XXBTZUSD,60,20260210,090000,69397.7,69436,68673.9,68879,103.34365233
XXBTZUSD,60,20260210,100000,68872.5,69138.4,68805,68860.2,38.57456323
XXBTZUSD,60,20260210,110000,68865.4,69143.1,68678,69073.4,58.82649236
XXBTZUSD,60,20260210,120000,69073.4,69329,68894,69069.5,42.91155362
XXBTZUSD,60,20260210,130000,69069.5,69179,68888.5,68888.5,43.8905053
XXBTZUSD,60,20260210,140000,68888.6,69005.3,68420,68478.6,247.88469967
XXBTZUSD,60,20260210,150000,68478.6,68792.4,68408.2,68559.4,107.24731131
XXBTZUSD,60,20260210,160000,68559.5,69098.9,68345,68984,145.08242355
XXBTZUSD,60,20260210,170000,68984,69544.6,67875.1,68429.1,346.41280073
XXBTZUSD,60,20260210,180000,68429.1,69452.8,68256.7,69239,178.97860092
XXBTZUSD,60,20260210,190000,69246,69749,68906.5,69494.1,180.9089681
XXBTZUSD,60,20260210,200000,69494.1,69954.7,69301.2,69884,177.26457563
XXBTZUSD,60,20260210,210000,69884,69899,68587.2,68850,109.41177578
XXBTZUSD,60,20260210,220000,68850,69253.1,68674,69033.6,101.43684678
XXBTZUSD,60,20260210,230000,69033.7,69089,68594.4,68708.3,101.27320283
XXBTZUSD,60,20260211,000000,68714,68954,68334.1,68593,79.01314935
XXBTZUSD,60,20260211,010000,68605.5,68800,68537,68639.1,33.39249424
XXBTZUSD,60,20260211,020000,68659.5,68805.9,68489,68785.5,77.19952666
XXBTZUSD,60,20260211,030000,68796.3,69183.5,68750.5,69164.7,91.21633627
XXBTZUSD,60,20260211,040000,69164.7,69228.6,68885.4,68927.3,32.35647469
XXBTZUSD,60,20260211,050000,68927.3,69104,68581.4,68624.1,21.793656
XXBTZUSD,60,20260211,060000,68624.1,68698.3,67979.1,68132.3,119.85231386
XXBTZUSD,60,20260211,070000,68132.3,68271,67324.9,67537.3,249.26483422
XXBTZUSD,60,20260211,080000,67537.4,67739,67362.5,67381.7,71.59858372
XXBTZUSD,60,20260211,090000,67379.1,67432,66532.6,66766.8,133.05672161
XXBTZUSD,60,20260211,100000,66760.1,67198.5,66619.2,67000,82.1944731
XXBTZUSD,60,20260211,110000,67000,67072.5,66767.5,66970.2,46.57213502
XXBTZUSD,60,20260211,120000,66970.3,67056,66708.4,66821.3,51.73265332
XXBTZUSD,60,20260211,130000,66831.4,66850,66351,66503.4,98.69589454
XXBTZUSD,60,20260211,140000,66503.4,67056,66485.6,67023.4,66.20875688
XXBTZUSD,60,20260211,150000,67023.4,67378.9,66954,67081.1,120.30748799
XXBTZUSD,60,20260211,160000,67105.8,67639.4,66780.7,67424.4,247.20039312
XXBTZUSD,60,20260211,170000,67424.6,68774,66421.8,66555.7,408.00198222
XXBTZUSD,60,20260211,180000,66566.6,66764.5,65727.7,66481.7,332.86799751
XXBTZUSD,60,20260211,190000,66488.8,67219.2,65907.3,66008.8,161.78589571
XXBTZUSD,60,20260211,200000,66000.1,66868.7,65845.8,66493.4,84.02844204
XXBTZUSD,60,20260211,210000,66482.5,67262.9,66120,67237.8,135.89760008
XXBTZUSD,60,20260211,220000,67233.4,67799.4,67076.5,67537.1,136.82027805
XXBTZUSD,60,20260211,230000,67540.4,67714.5,67150.1,67506.4,207.97174282
XXBTZUSD,60,20260212,000000,67515.2,68271.3,67376.9,67766,147.36675346
XXBTZUSD,60,20260212,010000,67766.1,67821.4,67343.8,67362,53.58314112
XXBTZUSD,60,20260212,020000,67382.4,67502.3,66748.4,67052.3,130.94161026
XXBTZUSD,60,20260212,030000,67039.6,67635.3,67007.2,67425.7,69.57193472
XXBTZUSD,60,20260212,040000,67425.7,67987.3,67425.7,67637.4,79.53365739
XXBTZUSD,60,20260212,050000,67646.8,67741.7,67369.4,67378.4,140.63231161
XXBTZUSD,60,20260212,060000,67380,67536.6,67282.3,67536.6,52.26493804
XXBTZUSD,60,20260212,070000,67533.5,67618.9,66964.8,66964.9,392.60940599
XXBTZUSD,60,20260212,080000,66965.8,67138.9,66618.6,67085.5,30.79126367
XXBTZUSD,60,20260212,090000,67090,67287.2,66957.9,67046,19.72912552
XXBTZUSD,60,20260212,100000,67067.5,67262,66893.6,67167.7,29.93776506
XXBTZUSD,60,20260212,110000,67167.7,67262,66860.7,67073.4,30.58114664
XXBTZUSD,60,20260212,120000,67088.9,67651.5,67001.8,67507.2,30.39928298
XXBTZUSD,60,20260212,130000,67507.2,67973.2,67379.9,67973.2,43.67358724
XXBTZUSD,60,20260212,140000,67970.1,68230.4,67713.6,68061.7,105.54457042
XXBTZUSD,60,20260212,150000,68049.5,68113.3,67687.4,67824.1,146.19746244
XXBTZUSD,60,20260212,160000,67830.2,68333.7,67651.5,68320,197.44813566
XXBTZUSD,60,20260212,170000,68320,68353.3,67500,67563.3,150.42300099
XXBTZUSD,60,20260212,180000,67560.1,67960.7,66989.3,67080,127.01477954
XXBTZUSD,60,20260212,190000,67100,67196,65510.7,65800,330.9664047
XXBTZUSD,60,20260212,200000,65818.5,66198.1,65306.6,65350.6,190.63577333
XXBTZUSD,60,20260212,210000,65366.6,65731.1,65072.2,65539.9,310.26551708
XXBTZUSD,60,20260212,220000,65540,66055.2,65228.2,65725.5,219.92295576
XXBTZUSD,60,20260212,230000,65735.8,65975.5,65167,65345.5,139.87438621
XXBTZUSD,60,20260213,000000,65345.6,65835.5,65345.6,65779.9,64.7095892
XXBTZUSD,60,20260213,010000,65779.9,66335,65587.3,66231.2,134.56938669
XXBTZUSD,60,20260213,020000,66231.2,66404.9,66098.5,66203.8,55.60155423
XXBTZUSD,60,20260213,030000,66208.5,66444.8,65825.8,65862.9,39.45391786
XXBTZUSD,60,20260213,040000,65860.1,66540.5,65860.1,66370,34.79110487
XXBTZUSD,60,20260213,050000,66380,66692.1,66342.2,66622.3,24.64122317
XXBTZUSD,60,20260213,060000,66620.1,66724.4,66420,66499.9,25.9916315
XXBTZUSD,60,20260213,070000,66500,66617.4,66261.7,66261.7,13.98452957
XXBTZUSD,60,20260213,080000,66261.8,66451.7,66142.4,66142.4,13.73882148
XXBTZUSD,60,20260213,090000,66140.1,66340,65976,66311.6,18.82732346
XXBTZUSD,60,20260213,100000,66311.7,66512.5,66002.3,66152.9,49.91394046
XXBTZUSD,60,20260213,110000,66153,66660,66152.9,66620,37.30429885
XXBTZUSD,60,20260213,120000,66629.6,66993.5,66570.5,66919.9,32.69193983
XXBTZUSD,60,20260213,130000,66920,67040,66759.2,66932.6,35.46209161
XXBTZUSD,60,20260213,140000,66932.6,67158.2,66750.6,67120.5,61.81526787
XXBTZUSD,60,20260213,150000,67120.5,67144.2,66880.1,67047.3,38.81841845
XXBTZUSD,60,20260213,160000,67030.4,67557.5,66897.1,67220.1,264.27936778
XXBTZUSD,60,20260213,170000,67220.1,67957.5,66832.9,67694.4,198.18749568
XXBTZUSD,60,20260213,180000,67694.5,69270.3,67660.1,68643.3,474.34992717
XXBTZUSD,60,20260213,190000,68643.3,69437.4,68506,68920,336.40650358
XXBTZUSD,60,20260213,200000,68920,69175.7,68591.6,68994.7,115.13976971
XXBTZUSD,60,20260213,210000,68994.8,69352.3,68872.3,69097.6,55.06055998
XXBTZUSD,60,20260213,220000,69097.7,69200,68911.3,68911.4,64.22137698
XXBTZUSD,60,20260213,230000,68911.4,68936,68644.6,68752.5,68.53931011
XXBTZUSD,60,20260214,000000,68752.5,69015.4,68700.1,68866.8,176.07542117
XXBTZUSD,60,20260214,010000,68866.7,68958.8,68703.8,68922.4,35.65019518
XXBTZUSD,60,20260214,020000,68930.9,68940,68793,68837,20.98999542
XXBTZUSD,60,20260214,030000,68820.1,69110.6,68750,69063.4,33.39666336
XXBTZUSD,60,20260214,040000,69063.6,69084.4,68899.9,68931.7,28.8053422
XXBTZUSD,60,20260214,050000,68931.7,68978.8,68820,68851.1,25.57586249
XXBTZUSD,60,20260214,060000,68851.1,68973.6,68820,68943.9,35.57769357
XXBTZUSD,60,20260214,070000,68943.9,68943.9,68778,68778,7.39614745
XXBTZUSD,60,20260214,080000,68778.1,68860,68732.3,68733.3,13.95343074
XXBTZUSD,60,20260214,090000,68733.3,68879.8,68709.7,68879.8,13.92973077
XXBTZUSD,60,20260214,100000,68879.8,69292.3,68872.7,69186.2,74.43479145
XXBTZUSD,60,20260214,110000,69186.3,69825.9,69186.2,69707.9,70.67492455
XXBTZUSD,60,20260214,120000,69714.4,69840,69549.1,69692.5,38.94077646
XXBTZUSD,60,20260214,130000,69692.6,69692.6,69561,69639.9,15.48235338
XXBTZUSD,60,20260214,140000,69640,70540,69639.9,70480,145.46358913
XXBTZUSD,60,20260214,150000,70480,70497.4,69589.6,69640,293.85604663
XXBTZUSD,60,20260214,160000,69620.1,69745.2,69212,69419.4,493.36546689
XXBTZUSD,60,20260214,170000,69440,69839,69336.4,69683.2,162.33099462
XXBTZUSD,60,20260214,180000,69690.1,70011.3,69565.6,69770.8,184.73532121
XXBTZUSD,60,20260214,190000,69772,69772.9,69263.9,69716.1,169.62773347
XXBTZUSD,60,20260214,200000,69716.1,69880,69600,69698.2,51.09834654
XXBTZUSD,60,20260214,210000,69698.2,69820,69660,69719.4,35.87699193
XXBTZUSD,60,20260214,220000,69719.4,69863.7,69588.1,69800.1,21.72829713
XXBTZUSD,60,20260214,230000,69829,69988.7,69717,69988.7,35.53292554
XXBTZUSD,60,20260215,000000,69988.7,70208,69648.9,69877.6,52.15766096
XXBTZUSD,60,20260215,010000,69877.6,70039.9,69739.2,69940.1,58.61139772
XXBTZUSD,60,20260215,020000,69940.1,69980,69700,69758.4,21.12438596
XXBTZUSD,60,20260215,030000,69777.8,69825.8,69586.4,69720,18.7182023
XXBTZUSD,60,20260215,040000,69720.1,69856.4,69340,69665.2,40.25021897
XXBTZUSD,60,20260215,050000,69665.3,69710.6,69328.1,69480,14.09332916
XXBTZUSD,60,20260215,060000,69460.1,69946.3,69236.5,69946.3,32.22232031
XXBTZUSD,60,20260215,070000,69946.3,70478,69925.6,70138.6,106.14413464
XXBTZUSD,60,20260215,080000,70138.7,70432.5,70121,70260.1,32.26677079
XXBTZUSD,60,20260215,090000,70260.1,70498.8,70180.5,70383.3,63.79119059
XXBTZUSD,60,20260215,100000,70383.3,70877.3,70304.4,70780,91.88134491
XXBTZUSD,60,20260215,110000,70783.7,70935.2,70149.6,70400,61.03576058
XXBTZUSD,60,20260215,120000,70400,70626.8,70357.7,70395,8.1141048
XXBTZUSD,60,20260215,130000,70395,70479,70200,70408.2,7.56121255
XXBTZUSD,60,20260215,140000,70408.2,70494.1,70243.9,70261.4,6.43731435
XXBTZUSD,60,20260215,150000,70261.4,70377.2,69294.7,69294.7,66.59008278
XXBTZUSD,60,20260215,160000,69294.8,69559.2,68770.9,68900.1,126.64330729
XXBTZUSD,60,20260215,170000,68900.1,69180,68820,69112.9,39.43963486
XXBTZUSD,60,20260215,180000,69114.4,69190.9,68857.5,69056.6,46.08170543
XXBTZUSD,60,20260215,190000,69069.5,69069.5,68750.8,69011.9,37.38271423
XXBTZUSD,60,20260215,200000,68999.9,69053.1,68180.1,68600,139.81211407
XXBTZUSD,60,20260215,210000,68594.6,68731,68320.1,68380,102.27790216
XXBTZUSD,60,20260215,220000,68400,68516.9,68049.8,68242.2,68.18396875
XXBTZUSD,60,20260215,230000,68242.2,68500,68100,68414.6,52.31828989
XXBTZUSD,60,20260216,000000,68414.7,68911.1,68414.6,68835,59.63123889
XXBTZUSD,60,20260216,010000,68829.1,69028.6,68763.7,68933.8,61.99115653
XXBTZUSD,60,20260216,020000,68940,68940.4,68275.6,68780,42.41825594
XXBTZUSD,60,20260216,030000,68780,69000,68671,68815.8,16.91976179
XXBTZUSD,60,20260216,040000,68815.8,68992.5,68443.6,68600.4,50.37212497
XXBTZUSD,60,20260216,050000,68600.5,68699.9,68229.3,68291.6,9.56895347
XXBTZUSD,60,20260216,060000,68291.6,68420,68133,68387.7,43.74323432
XXBTZUSD,60,20260216,070000,68387.7,68838.9,68387.7,68838.9,20.2474708
XXBTZUSD,60,20260216,080000,68838.9,68838.9,68276.9,68364.5,27.10729117
XXBTZUSD,60,20260216,090000,68364.6,68488.5,68214.1,68419.9,10.43737216
XXBTZUSD,60,20260216,100000,68420,68632.7,68351.8,68540,17.24736867
XXBTZUSD,60,20260216,110000,68540,68748.1,68520,68740,29.10495346
XXBTZUSD,60,20260216,120000,68740,69020.8,68719,68960.1,65.97861869
XXBTZUSD,60,20260216,130000,68960.1,68960.1,68674.7,68772.1,24.44402034
XXBTZUSD,60,20260216,140000,68772.2,68859.9,68330,68780.1,48.31491533
XXBTZUSD,60,20260216,150000,68780.1,69791,68780,69720.1,58.80633613
XXBTZUSD,60,20260216,160000,69720.1,70073.2,68200,68370.1,233.42345749
XXBTZUSD,60,20260216,170000,68370.1,68649.2,68234.3,68380.1,104.50725093
XXBTZUSD,60,20260216,180000,68380.1,68560,67271.1,67500.1,392.10840242
XXBTZUSD,60,20260216,190000,67500.1,67920,67500,67840,106.99574149
XXBTZUSD,60,20260216,200000,67840,68042.8,67582.1,67922.1,82.03939666
XXBTZUSD,60,20260216,210000,67920,68198,67803.4,67824.6,95.16494561
XXBTZUSD,60,20260216,220000,67824.7,68111.9,67800,67882.5,77.03719918
XXBTZUSD,60,20260216,230000,67882.5,68533.9,67800.1,68497.7,69.91082081
XXBTZUSD,60,20260217,000000,68497.7,68891.9,68401.7,68840,98.81411088
XXBTZUSD,60,20260217,010000,68829.9,68830,68480.2,68560.1,119.46839253
XXBTZUSD,60,20260217,020000,68560.2,68950,68509.6,68860,22.02022578
XXBTZUSD,60,20260217,030000,68860,69035.2,68682.7,68847.7,99.71468936
XXBTZUSD,60,20260217,040000,68847.7,68960,68550.5,68584.8,30.71012494
XXBTZUSD,60,20260217,050000,68584.8,69191,68353.6,68816.4,42.09799774
XXBTZUSD,60,20260217,060000,68816.4,68816.4,68440,68440,29.18247488
XXBTZUSD,60,20260217,070000,68440.1,68659.9,68273.5,68439.9,23.43654423
XXBTZUSD,60,20260217,080000,68439.9,68460,67880,68211.4,29.62166848
XXBTZUSD,60,20260217,090000,68210.4,68464,68210.3,68383.8,8.53123519
XXBTZUSD,60,20260217,100000,68383.8,68436.6,68152.5,68366.4,14.75787425
XXBTZUSD,60,20260217,110000,68366.5,68438.3,68100,68140,5.69118038
XXBTZUSD,60,20260217,120000,68140,68260,67961,68069.8,90.42831139
XXBTZUSD,60,20260217,130000,68080,68140,67684.1,67800,17.90236347
XXBTZUSD,60,20260217,140000,67800,67879.9,67675.9,67800.1,192.73399181
XXBTZUSD,60,20260217,150000,67800.1,68246.1,67800.1,67862.8,77.98779807
XXBTZUSD,60,20260217,160000,67862.8,68319.9,67720,68087,69.85854006
XXBTZUSD,60,20260217,170000,68087,68294.8,66692.9,66848.9,334.16115983
XXBTZUSD,60,20260217,180000,66840.9,67367.8,66592.4,67353.2,307.08097381
XXBTZUSD,60,20260217,190000,67353.3,68095.2,67304.4,67489.5,265.35600942
XXBTZUSD,60,20260217,200000,67489.5,67679.9,66860,67207.4,198.50061502
XXBTZUSD,60,20260217,210000,67208.3,68164.9,67112.3,68060,126.40162598
XXBTZUSD,60,20260217,220000,68060.1,68189.4,67724.6,67760,156.6830166
XXBTZUSD,60,20260217,230000,67761.9,67880.8,67480.1,67723,171.41671555
XXBTZUSD,60,20260218,000000,67720.1,67869.6,67505.4,67627.6,56.25101723
XXBTZUSD,60,20260218,010000,67627.7,67740,67477.9,67506.8,22.23317775
XXBTZUSD,60,20260218,020000,67506.9,67580.5,67363.8,67475.4,14.46443618
XXBTZUSD,60,20260218,030000,67475.4,67592.8,67262.9,67287.6,19.72204676
XXBTZUSD,60,20260218,040000,67286.1,67336.1,66844.4,67132.1,88.44932172
XXBTZUSD,60,20260218,050000,67132.1,67368,67132,67291.9,31.19080005
XXBTZUSD,60,20260218,060000,67291.9,67651.5,67291.8,67600,17.30162992
XXBTZUSD,60,20260218,070000,67600.1,67838.5,67462.1,67771.2,28.67864724
XXBTZUSD,60,20260218,080000,67771.3,67880,67578.9,67613.7,33.18959177
XXBTZUSD,60,20260218,090000,67613.7,67919.6,67600.1,67813.9,13.36213894
XXBTZUSD,60,20260218,100000,67813.9,68173.1,67668.7,68094.9,111.92384843
XXBTZUSD,60,20260218,110000,68094.9,68418.9,68048,68082.9,27.99215285
XXBTZUSD,60,20260218,120000,68082.9,68246.1,67982.1,68130,36.754761
XXBTZUSD,60,20260218,130000,68130,68140,67716.5,67754.6,40.77212859
XXBTZUSD,60,20260218,140000,67754.7,67769,67080,67340.1,69.66374107
XXBTZUSD,60,20260218,150000,67340.1,67640,67335.2,67430.6,52.02940091
XXBTZUSD,60,20260218,160000,67430.6,67560,67050,67212.7,51.93930388
XXBTZUSD,60,20260218,170000,67212.8,67340,66684.4,67160.1,160.98003519
XXBTZUSD,60,20260218,180000,67197.8,68310,67197.7,67672.3,200.55918536
XXBTZUSD,60,20260218,190000,67672.2,67689.6,66969.9,67118.7,182.02889076
XXBTZUSD,60,20260218,200000,67118.7,67448.9,67040,67150.5,59.72276011
XXBTZUSD,60,20260218,210000,67159.9,67196.7,66192.2,66333.4,246.89273516
XXBTZUSD,60,20260218,220000,66326.9,66567.3,65838.5,66143.7,232.81396497
XXBTZUSD,60,20260218,230000,66146.3,66511.7,66120.1,66209.9,110.47764833
XXBTZUSD,60,20260219,000000,66226.1,66454.8,66071.3,66300.4,197.04213849
XXBTZUSD,60,20260219,010000,66303,66446.7,66206.9,66377.1,58.18174406
XXBTZUSD,60,20260219,020000,66377.1,66464.7,66250,66425.7,32.61466687
XXBTZUSD,60,20260219,030000,66425.7,66537.5,66309,66408.7,19.10735728
XXBTZUSD,60,20260219,040000,66408.7,66839.2,66408.2,66839.2,44.6042302
XXBTZUSD,60,20260219,050000,66839.2,66913.5,66620,66820,41.67344454
XXBTZUSD,60,20260219,060000,66809.8,66969.3,66700.1,66953.3,23.10283274
XXBTZUSD,60,20260219,070000,66953.4,67021.3,66727.8,66780.1,39.34583367
XXBTZUSD,60,20260219,080000,66780.1,66853.3,66666,66838.9,9.8048942
XXBTZUSD,60,20260219,090000,66838.7,67254.9,66835.3,67105,132.17053647
XXBTZUSD,60,20260219,100000,67112.3,67296.2,67000.1,67173,37.11744564
XXBTZUSD,60,20260219,110000,67173,67173.6,66768.4,66920,38.08742429
XXBTZUSD,60,20260219,120000,66936.2,67145.7,66738.5,66810,13.66205858
XXBTZUSD,60,20260219,130000,66810.1,66920,66724.5,66804,6.59001211
XXBTZUSD,60,20260219,140000,66804,66887.1,66447.4,66465,42.28050889
XXBTZUSD,60,20260219,150000,66465,66640,66286.3,66486.9,51.23202625
XXBTZUSD,60,20260219,160000,66486.9,66529.7,65757.5,65889.9,212.05809932
XXBTZUSD,60,20260219,170000,65889.9,66629.3,65620.1,66380,202.70418781
XXBTZUSD,60,20260219,180000,66380,66708.3,65958,66382.7,192.749623
XXBTZUSD,60,20260219,190000,66382.7,66483,65881.2,66300,69.09684646
XXBTZUSD,60,20260219,200000,66286.4,67000,66152.3,66339.9,109.23259458
XXBTZUSD,60,20260219,210000,66340,67005.2,66220,67003.8,207.89888762
XXBTZUSD,60,20260219,220000,67004.6,67170.6,66678.3,67020,73.11647568
XXBTZUSD,60,20260219,230000,67020,67141.9,66817.3,67106,143.35209929
XXBTZUSD,60,20260220,000000,67107.9,67132.2,66893.6,66898,43.85276233
XXBTZUSD,60,20260220,010000,66898,66960,66643.4,66900,52.22999254
XXBTZUSD,60,20260220,020000,66900.1,66997.9,66790.7,66955.3,17.63073901
XXBTZUSD,60,20260220,030000,66955.3,67436.5,66922.9,67215.8,107.12001909
XXBTZUSD,60,20260220,040000,67200.1,67319.4,67125.7,67260,21.23654046
XXBTZUSD,60,20260220,050000,67260,67318.7,67162.8,67240,17.89840233
XXBTZUSD,60,20260220,060000,67225,67447.5,67215.4,67340,14.08477396
XXBTZUSD,60,20260220,070000,67340,67358.1,67081.5,67228.7,30.69745019
XXBTZUSD,60,20260220,080000,67228.7,67984.6,67177.4,67739.8,175.25544258
XXBTZUSD,60,20260220,090000,67739.9,67857.5,67643.2,67815.7,43.10485935
XXBTZUSD,60,20260220,100000,67815.7,67960,67744.6,67780,22.89591756
XXBTZUSD,60,20260220,110000,67780,67912,67733.6,67848.5,9.4546766
XXBTZUSD,60,20260220,120000,67848.5,68200,67848.5,68192.4,86.55394498
XXBTZUSD,60,20260220,130000,68190.6,68266.3,67849,67898.8,41.34589938
XXBTZUSD,60,20260220,140000,67898.9,67950,67263.6,67286.6,47.12022009
XXBTZUSD,60,20260220,150000,67286.7,67555.5,67255.5,67508.9,52.18947356
XXBTZUSD,60,20260220,160000,67508.9,67508.9,66450,66780.6,280.57740984
XXBTZUSD,60,20260220,170000,66780.6,67295.7,66657.5,67060.1,194.47868191
XXBTZUSD,60,20260220,180000,67060.1,68000,66540.5,67585.7,340.64523121
XXBTZUSD,60,20260220,190000,67570.9,67887.4,67280.1,67799.8,139.37434001
XXBTZUSD,60,20260220,200000,67780.1,67780.1,66965.1,67591,324.03990487
XXBTZUSD,60,20260220,210000,67591,67962,67447.4,67904.3,146.00714715
XXBTZUSD,60,20260220,220000,67904.3,67978.4,67530.4,67619.9,112.30664673
XXBTZUSD,60,20260220,230000,67619.9,67798.1,67519.3,67722,38.34252402
XXBTZUSD,60,20260221,000000,67721.9,67800,67620.7,67787.9,36.91025512
XXBTZUSD,60,20260221,010000,67787.9,68092.9,67625.3,68050,261.76905027
XXBTZUSD,60,20260221,020000,68050,68200.5,67900,67998.2,148.98335488
XXBTZUSD,60,20260221,030000,67998.2,68006.3,67786,67801.1,41.16086366
XXBTZUSD,60,20260221,040000,67801.1,67960,67801,67940.1,5.8968468
XXBTZUSD,60,20260221,050000,67940.1,68069.6,67900,67980,13.54779754
XXBTZUSD,60,20260221,060000,67980.1,67980.1,67538,67642.7,28.61760131
XXBTZUSD,60,20260221,070000,67642.8,67818,67577.6,67796.8,8.31987292
XXBTZUSD,60,20260221,080000,67796.9,67860,67796.8,67823.5,10.65148645
XXBTZUSD,60,20260221,090000,67823.5,67900,67731.3,67759.9,10.20671114
XXBTZUSD,60,20260221,100000,67760,67848.3,67736.4,67835.2,10.29756234
XXBTZUSD,60,20260221,110000,67835.2,68048,67812.4,68048,47.57133774
XXBTZUSD,60,20260221,120000,68048,68266.1,67960,68134.4,40.73803536
XXBTZUSD,60,20260221,130000,68134.4,68221.6,68126.3,68175.4,47.65834548
XXBTZUSD,60,20260221,140000,68175.4,68248.7,68066.2,68066.3,25.29818099
XXBTZUSD,60,20260221,150000,68066.3,68178.4,67905.4,68178.3,11.14436629
XXBTZUSD,60,20260221,160000,68178.3,68222,68105,68221.9,13.77467527
XXBTZUSD,60,20260221,170000,68222,68653.3,68160.3,68428.5,114.87853686
XXBTZUSD,60,20260221,180000,68423.7,68678.8,68400,68622.6,40.58173122
XXBTZUSD,60,20260221,190000,68600.1,68600.1,68079,68301.1,356.96356914
XXBTZUSD,60,20260221,200000,68307.3,68445.5,68184.6,68400.1,15.30968088
XXBTZUSD,60,20260221,210000,68400.1,68600,68382.9,68543,64.69854996
XXBTZUSD,60,20260221,220000,68543,68600,68499.7,68519.6,171.00288927
XXBTZUSD,60,20260221,230000,68519.6,68580.3,68189.4,68197.8,48.20622311
XXBTZUSD,60,20260222,000000,68197.7,68360,68166.7,68359.9,42.28265161
XXBTZUSD,60,20260222,010000,68359.9,68407.7,67879.2,67962.8,46.71219961
XXBTZUSD,60,20260222,020000,67962.9,68094.7,67927.7,67966.6,18.86483875
XXBTZUSD,60,20260222,030000,67966.7,68030.4,67800,67919.9,65.55128876
XXBTZUSD,60,20260222,040000,67920,68140,67919.9,68109,21.38083538
XXBTZUSD,60,20260222,050000,68129.9,68187.9,67864.6,67892.5,29.59254007
XXBTZUSD,60,20260222,060000,67892.6,68030,67820,68019,13.47801177
XXBTZUSD,60,20260222,070000,68019.1,68058.8,67960,67961.4,26.63750898
XXBTZUSD,60,20260222,080000,67961.5,67982.3,67866.4,67939.9,6.52090236
XXBTZUSD,60,20260222,090000,67940,68155.7,67939.9,68033.7,29.72853876
XXBTZUSD,60,20260222,100000,68033.7,68080.3,67974,68000.1,13.69886616
XXBTZUSD,60,20260222,110000,68000.1,68000.1,67918.5,67960,7.05692388
XXBTZUSD,60,20260222,120000,67948.1,68077.4,67948,68060,29.76976588
XXBTZUSD,60,20260222,130000,68060.1,68124.4,68010.1,68124.3,14.9697406
XXBTZUSD,60,20260222,140000,68124.4,68214.5,68124.3,68195.2,13.16641959
XXBTZUSD,60,20260222,150000,68195.2,68202.1,67900,67934.9,106.95561319
XXBTZUSD,60,20260222,160000,67935,68000,67561.3,67634.1,147.06077823
XXBTZUSD,60,20260222,170000,67634.1,67663,67348.7,67430.9,182.07640037
XXBTZUSD,60,20260222,180000,67431,67789.7,67285.1,67668.2,47.64240917
XXBTZUSD,60,20260222,190000,67668.2,67668.2,67494.6,67614.6,117.85469454
XXBTZUSD,60,20260222,200000,67614.6,67614.6,67180,67328.6,65.72641815
XXBTZUSD,60,20260222,210000,67358.5,67435.8,67301.9,67413.5,18.42749576
XXBTZUSD,60,20260222,220000,67413.5,67450,67374.6,67389.1,29.15872539
XXBTZUSD,60,20260222,230000,67389.1,67446.7,67321.1,67350.9,72.74920822
XXBTZUSD,60,20260223,000000,67350.9,67594.7,67350.9,67590.7,39.85799094
XXBTZUSD,60,20260223,010000,67590.7,67709.1,67461.8,67653.6,20.81675562
XXBTZUSD,60,20260223,020000,67653.7,67684.7,67447,67612.1,16.53972153
XXBTZUSD,60,20260223,030000,67612.1,67653.3,66701.3,66715.4,115.6110147
XXBTZUSD,60,20260223,040000,66715.4,66715.4,64203.2,64417.4,620.70215848
XXBTZUSD,60,20260223,050000,64410.7,64886.7,64334.3,64774.2,100.67752454
XXBTZUSD,60,20260223,060000,64774.3,65025,64688.5,64940.1,67.33884702
XXBTZUSD,60,20260223,070000,64940.1,65012.6,64679.9,64810.1,37.52869164
XXBTZUSD,60,20260223,080000,64810.1,65201.3,64810,65039.9,190.0939851
XXBTZUSD,60,20260223,090000,65040,65770.4,65024.2,65749.7,56.48240939
XXBTZUSD,60,20260223,100000,65749.7,65983.7,65654.5,65943.6,203.30338472
XXBTZUSD,60,20260223,110000,65943.6,65943.6,65580,65672.1,28.87011457
XXBTZUSD,60,20260223,120000,65672.1,66428.8,65672,66400.1,71.36799054
XXBTZUSD,60,20260223,130000,66396.8,66562.5,66232,66315.6,56.27709206
XXBTZUSD,60,20260223,140000,66315.6,66476.5,66118.7,66199.9,55.32968003
XXBTZUSD,60,20260223,150000,66199.9,66513.4,65907.4,66260.5,56.80382732
XXBTZUSD,60,20260223,160000,66260.5,66424,66110.8,66130,61.72022661
XXBTZUSD,60,20260223,170000,66130,66250,65500,65920,117.44682489
XXBTZUSD,60,20260223,180000,65920,66203.3,65578.2,65645.4,82.46309673
XXBTZUSD,60,20260223,190000,65645.9,65699.9,65169.4,65340,121.05548828
XXBTZUSD,60,20260223,200000,65340,65442.5,64160.4,64800,259.49861368
XXBTZUSD,60,20260223,210000,64803,65152.1,64579.4,64622.8,102.60463508
XXBTZUSD,60,20260223,220000,64622.9,64826,64088,64274.5,324.89316109
XXBTZUSD,60,20260223,230000,64282.8,64464,63888,64464,178.212846
XXBTZUSD,60,20260224,000000,64459.1,64771.8,64440.3,64550.7,70.51194785
XXBTZUSD,60,20260224,010000,64550.7,64988.8,64549.4,64704.1,165.77250162
XXBTZUSD,60,20260224,020000,64704.1,64877.7,64512.2,64624.1,323.25867409
XXBTZUSD,60,20260224,030000,64624.1,64971,64624,64906.1,62.96051795
XXBTZUSD,60,20260224,040000,64906.1,64906.1,63351.6,64130.5,208.14895844
XXBTZUSD,60,20260224,050000,64130.5,64458,63995.5,64100,31.3410325
XXBTZUSD,60,20260224,060000,64100,64100,63123.6,63542,531.23675493
XXBTZUSD,60,20260224,070000,63542.1,63574.7,62859,63343.5,160.52547059
XXBTZUSD,60,20260224,080000,63343.5,63500,62679.6,63069.8,123.2315059
XXBTZUSD,60,20260224,090000,63069.8,63285,62881.5,63061.3,31.04196315
XXBTZUSD,60,20260224,100000,63061.3,63330.9,62910.1,63155,83.3697285
XXBTZUSD,60,20260224,110000,63160,63408.4,63001.8,63380.1,40.35983758
XXBTZUSD,60,20260224,120000,63380.2,63402.4,62929.5,63226.9,53.17134847
XXBTZUSD,60,20260224,130000,63226.9,63340,63120,63285.4,47.52556057
XXBTZUSD,60,20260224,140000,63285.4,63302.2,63062,63224.2,53.87183981
XXBTZUSD,60,20260224,150000,63224.2,63330,62951,62955.4,74.01186058
XXBTZUSD,60,20260224,160000,62957.1,63088.6,62500,62904.5,107.03804975
XXBTZUSD,60,20260224,170000,62904.5,63817.6,62747.1,63461.7,165.8373877
XXBTZUSD,60,20260224,180000,63458.4,64009.3,63323.5,63976,249.11223372
XXBTZUSD,60,20260224,190000,63976.1,64415.1,63700,64264.3,126.78264273
XXBTZUSD,60,20260224,200000,64264.3,64504.2,64056.9,64238.6,79.97877322
XXBTZUSD,60,20260224,210000,64220.1,64496.9,63932.9,64436.7,89.75625509
XXBTZUSD,60,20260224,220000,64436.7,64717,64259.7,64435.5,98.39318758
XXBTZUSD,60,20260224,230000,64435.5,64580.1,64319.3,64476.2,94.18241293
XXBTZUSD,60,20260225,000000,64469.3,64469.3,63849.5,64048.9,59.06443481
XXBTZUSD,60,20260225,010000,64047.4,64226.1,63982.7,64116.4,20.41422986
XXBTZUSD,60,20260225,020000,64124.7,64248,63835,64061.9,73.57058261
XXBTZUSD,60,20260225,030000,64062,64311.2,63921.3,64223.2,31.0280757
XXBTZUSD,60,20260225,040000,64223.2,66311.8,64159.7,65918.8,281.09927456
XXBTZUSD,60,20260225,050000,65918.7,66293.4,65878.3,65885.7,228.10437646
XXBTZUSD,60,20260225,060000,65885.7,65944.4,65361.4,65383.4,41.93650412
XXBTZUSD,60,20260225,070000,65383.4,65628.6,65130.5,65438,86.50589872
XXBTZUSD,60,20260225,080000,65438,65494.4,64777.4,64855.1,83.38463269
XXBTZUSD,60,20260225,090000,64855.1,65111.1,64855.1,64887,16.33216155
XXBTZUSD,60,20260225,100000,64887,65173.5,64777.3,65037.4,31.74535961
XXBTZUSD,60,20260225,110000,65037.4,65557.8,64960.8,65520.9,87.73770155
XXBTZUSD,60,20260225,120000,65520.5,65668,65436.1,65544.7,25.18373426
XXBTZUSD,60,20260225,130000,65544.7,65634.8,65344.4,65391.9,39.32035243
XXBTZUSD,60,20260225,140000,65391.3,65472.1,65165,65412,56.92030173
XXBTZUSD,60,20260225,150000,65412,66222.9,65324.8,66041.9,74.67453134
XXBTZUSD,60,20260225,160000,66041.9,66719.9,66007.8,66236.2,197.54485835
XXBTZUSD,60,20260225,170000,66236.2,67000,66217,66975.8,170.65324659
XXBTZUSD,60,20260225,180000,66976.1,67562.3,66707.6,67407.5,299.02052203
XXBTZUSD,60,20260225,190000,67414.1,68324.4,67413.9,68300.5,346.90261132
XXBTZUSD,60,20260225,200000,68300.6,68888,68040.7,68690.1,243.31537947
XXBTZUSD,60,20260225,210000,68690.1,69549.9,68371.8,69330.6,325.12131615
XXBTZUSD,60,20260225,220000,69330.6,69400,68789.9,69038.9,75.73337813
XXBTZUSD,60,20260225,230000,69039,69377,68650,69174.1,136.15036528
XXBTZUSD,60,20260226,000000,69165.2,70000,68806,68947.7,190.75813983
XXBTZUSD,60,20260226,010000,68947.7,69211.4,68091.3,68463,132.42449571
XXBTZUSD,60,20260226,020000,68435.9,68682.1,67620,67978.6,142.34314808
XXBTZUSD,60,20260226,030000,67978.6,68525.7,67745.2,68349.6,72.47985683
XXBTZUSD,60,20260226,040000,68349.6,68690.3,68229.5,68250.2,36.89829937
XXBTZUSD,60,20260226,050000,68250.2,68335.2,67814.1,68280.5,31.93711859
XXBTZUSD,60,20260226,060000,68275.7,68369.7,68061.5,68213.4,45.08255659
XXBTZUSD,60,20260226,070000,68213.4,68855.4,68202,68593.1,22.51460882
XXBTZUSD,60,20260226,080000,68593.1,68593.1,68141.8,68439.9,22.52220718
XXBTZUSD,60,20260226,090000,68439.9,68517.5,68074.8,68181.3,34.21212667
XXBTZUSD,60,20260226,100000,68180.4,68281,67833.5,67833.6,25.09661168
XXBTZUSD,60,20260226,110000,67833.6,68235.9,67824.1,67924.6,25.87277461
XXBTZUSD,60,20260226,120000,67945.1,68632.7,67945.1,68591.7,66.6190302
XXBTZUSD,60,20260226,130000,68591.9,68703.1,68271.4,68308.7,19.52683693
XXBTZUSD,60,20260226,140000,68308.7,68385.1,67993.3,68037.3,29.32316742
XXBTZUSD,60,20260226,150000,68037.3,68281.6,68032.2,68156.1,44.07028894
XXBTZUSD,60,20260226,160000,68156.1,68201.2,67850,67924.4,64.49392435
XXBTZUSD,60,20260226,170000,67908.9,68263,67279.3,67692.3,214.63991341
XXBTZUSD,60,20260226,180000,67692.4,67738.3,66747.8,67374.2,221.92696678
XXBTZUSD,60,20260226,190000,67368.7,67553.4,66513,66624.8,263.3409362
XXBTZUSD,60,20260226,200000,66624.8,67043.4,66602,66838.9,135.44212036
XXBTZUSD,60,20260226,210000,66838.9,67350.4,66588.5,67297.8,141.62762545
XXBTZUSD,60,20260226,220000,67305.6,67842.7,67282.1,67601.9,254.26320366
XXBTZUSD,60,20260226,230000,67601.9,67825.7,67291.5,67395.2,117.07187246
XXBTZUSD,60,20260227,000000,67415,67570.3,67137.3,67452.7,76.31952521
XXBTZUSD,60,20260227,010000,67452.8,67627.2,67337.9,67590.7,29.7956732
XXBTZUSD,60,20260227,020000,67590.7,67651.5,67404.7,67461.5,33.71241439
XXBTZUSD,60,20260227,030000,67484.2,67546.9,67021.4,67224.2,101.86953866
XXBTZUSD,60,20260227,040000,67224.2,67376.1,66881.8,67357.9,33.50996729
XXBTZUSD,60,20260227,050000,67357.9,67528.1,67283.4,67283.4,47.74941981
XXBTZUSD,60,20260227,060000,67269.2,67697.7,67113.8,67607.4,42.88705426
XXBTZUSD,60,20260227,070000,67607.4,68202.3,67580,67720.4,74.29038016
XXBTZUSD,60,20260227,080000,67733.5,67910.2,67692.1,67702.9,17.59973686
XXBTZUSD,60,20260227,090000,67720.4,67829.1,67538.1,67659.9,18.59545533
XXBTZUSD,60,20260227,100000,67659.9,67754.8,67467.5,67681.7,30.11388301
XXBTZUSD,60,20260227,110000,67681.7,68061.8,67664.7,67955.9,74.97937938
XXBTZUSD,60,20260227,120000,67951.1,68123.9,67298.9,67385.1,93.2648638
XXBTZUSD,60,20260227,130000,67365.2,67418.4,66587.7,66621,139.63020709
XXBTZUSD,60,20260227,140000,66621.1,66783.2,65984.1,66125,229.1095898
XXBTZUSD,60,20260227,150000,66125,66203.7,65748,65934.1,92.58004763
XXBTZUSD,60,20260227,160000,65925.2,66345.4,65690,66287.1,158.33958342
XXBTZUSD,60,20260227,170000,66287.1,66327.2,65722.2,65913.6,146.72499251
XXBTZUSD,60,20260227,180000,65894.2,66293.5,65861.4,66125.3,82.2978672
XXBTZUSD,60,20260227,190000,66111.4,66130.6,65473.9,65488.6,232.61757495
XXBTZUSD,60,20260227,200000,65488.6,65762.1,65114.7,65711.3,221.72642692
XXBTZUSD,60,20260227,210000,65711.3,65785.7,65221,65307.8,126.58209363
XXBTZUSD,60,20260227,220000,65307.8,65454,65183,65393.4,105.53020565
XXBTZUSD,60,20260227,230000,65393.4,65652.2,65393.3,65586.5,48.52515196
XXBTZUSD,60,20260228,000000,65586.5,65739,65403.5,65528.2,63.40849254
XXBTZUSD,60,20260228,010000,65528.2,65668,64925,65633.1,181.17475817
XXBTZUSD,60,20260228,020000,65633.1,65948.4,65561.2,65869.7,27.71884418
XXBTZUSD,60,20260228,030000,65869.7,66003.4,65735.4,65941.1,78.02102601
XXBTZUSD,60,20260228,040000,65941.1,65966.7,65750,65787.7,20.68512336
XXBTZUSD,60,20260228,050000,65774.1,66000,65752.8,65978.4,26.08729418
XXBTZUSD,60,20260228,060000,65978.4,65978.4,65757.4,65786.2,25.80617778
XXBTZUSD,60,20260228,070000,65786.2,65808.9,65502.7,65660.6,14.19015148
XXBTZUSD,60,20260228,080000,65660.6,65709.6,65509,65561.5,11.81521699
XXBTZUSD,60,20260228,090000,65578.9,65587.3,63030,63247.9,340.0204798
XXBTZUSD,60,20260228,100000,63229.7,64320.4,63055.9,63819.2,223.72616377
XXBTZUSD,60,20260228,110000,63819.3,63856.4,63425.7,63468,98.9052132
XXBTZUSD,60,20260228,120000,63468,63921.8,63384.2,63673.2,66.65282781
XXBTZUSD,60,20260228,130000,63669.1,64051.4,63490.7,64009.1,111.58526937
XXBTZUSD,60,20260228,140000,64009.2,64295.7,63804,63845.7,58.03975989
XXBTZUSD,60,20260228,150000,63845.8,64085.9,63837.8,64011.7,23.54752728
XXBTZUSD,60,20260228,160000,64011.8,65219.5,63912.2,65098,157.77461202
XXBTZUSD,60,20260228,170000,65107.1,65358.6,64284.1,64446.5,365.4998997
XXBTZUSD,60,20260228,180000,64446.5,65016,64203.3,64855.5,80.57838315
XXBTZUSD,60,20260228,190000,64855.5,65191.9,64688.4,65102.5,100.38273658
XXBTZUSD,60,20260228,200000,65102.5,65578.4,64863.6,65442.2,95.53997441
XXBTZUSD,60,20260228,210000,65442.2,66195.3,65199,65908.5,147.55430708
XXBTZUSD,60,20260228,220000,65908.6,66652.3,65604.3,66372.3,211.8741493
XXBTZUSD,60,20260228,230000,66372.3,67131.8,66214,66972.6,295.08388923
XXBTZUSD,60,20260301,000000,66964.8,67013.3,66387.4,66718.8,136.91530401
XXBTZUSD,60,20260301,010000,66718.8,67725.2,66619,67130.5,350.87954463
XXBTZUSD,60,20260301,020000,67124.1,67220.5,66764.6,66985.6,82.8096243
XXBTZUSD,60,20260301,030000,66985.7,67117.8,66644.5,66823.4,44.21775198
XXBTZUSD,60,20260301,040000,66801,67683.9,66086.6,67346.4,167.86288185
XXBTZUSD,60,20260301,050000,67346.2,68181.2,67342.1,67635.4,243.75800591
XXBTZUSD,60,20260301,060000,67635.4,67798.4,67418.6,67509.8,35.86421664
XXBTZUSD,60,20260301,070000,67509.8,67600,67101.8,67340.9,40.66436668
XXBTZUSD,60,20260301,080000,67340.9,67554.1,67209.1,67302.7,21.39154788
XXBTZUSD,60,20260301,090000,67282.9,67333.2,66807,66935.7,81.83280692
XXBTZUSD,60,20260301,100000,66935.8,67215.9,66793.3,67118.2,30.97604102
XXBTZUSD,60,20260301,110000,67118.2,67279.2,66465,66541.4,39.70181563
XXBTZUSD,60,20260301,120000,66550,66779.6,66255.2,66395.4,41.88923163
XXBTZUSD,60,20260301,130000,66412.4,66724.3,66239.2,66466.9,28.6213519
XXBTZUSD,60,20260301,140000,66467,66651.7,66388.1,66470.5,17.41538689
XXBTZUSD,60,20260301,150000,66470.5,66543.5,66245.9,66314.1,21.45102502
XXBTZUSD,60,20260301,160000,66314.2,67394,66148.4,66948.2,75.46998604
XXBTZUSD,60,20260301,170000,66948.2,67289.7,66767.3,66873.3,35.82510316
XXBTZUSD,60,20260301,180000,66873.4,67250,66831.1,66844,53.36401894
XXBTZUSD,60,20260301,190000,66844,67100.7,65850,66137.6,258.30688312
XXBTZUSD,60,20260301,200000,66137.6,66227.2,65740.6,65986.2,75.77438909
XXBTZUSD,60,20260301,210000,65986.3,66655.3,65986.3,66322,129.92028589
XXBTZUSD,60,20260301,220000,66322,66354.2,65794.2,65965.8,85.45942703
XXBTZUSD,60,20260301,230000,65965.7,65965.7,65100,65296,213.76932295
XXBTZUSD,60,20260302,000000,65296.1,65746.9,65296,65686.2,26.28218598
XXBTZUSD,60,20260302,010000,65686.2,66499.9,65056.4,65225.6,301.09441899
XXBTZUSD,60,20260302,020000,65229.1,66109.4,65111.2,65748.8,102.08434591
XXBTZUSD,60,20260302,030000,65764.3,66777,65763.9,66514.5,68.67274359
XXBTZUSD,60,20260302,040000,66510.4,67056.2,66394,66542.7,87.48481291
XXBTZUSD,60,20260302,050000,66542.8,66612.7,65903.7,66284.3,111.24282481
XXBTZUSD,60,20260302,060000,66284.3,67029.4,66107.6,66818.7,63.69763732
XXBTZUSD,60,20260302,070000,66818.7,66962.6,66636.6,66843.1,56.87608194
XXBTZUSD,60,20260302,080000,66843.1,66998,66588.4,66715.2,47.25196844
XXBTZUSD,60,20260302,090000,66715.2,66735.1,66071.1,66215.1,31.94013563
XXBTZUSD,60,20260302,100000,66215.1,66215.1,65559.6,66002.1,40.64654164
XXBTZUSD,60,20260302,110000,66002.5,66299.4,65675.9,66264,74.22114287
XXBTZUSD,60,20260302,120000,66283,66708.3,66182.2,66182.2,38.24260488
XXBTZUSD,60,20260302,130000,66182.3,66371.7,66102.9,66299.6,24.93915439
XXBTZUSD,60,20260302,140000,66310,66466.2,66023.6,66343,48.41986765
XXBTZUSD,60,20260302,150000,66343,66382.7,65920.1,65955.8,24.8228176
XXBTZUSD,60,20260302,160000,65955.9,66113.4,65345.7,65432.5,165.16291685
XXBTZUSD,60,20260302,170000,65432.6,67225,65269.2,67148.2,391.69504631
XXBTZUSD,60,20260302,180000,67148.2,69603.1,66979.6,69119.7,827.5095393
XXBTZUSD,60,20260302,190000,69126.8,70100,68946.5,69423.5,437.92642139
XXBTZUSD,60,20260302,200000,69423.5,69568.8,68804.8,69184.4,126.44630788
XXBTZUSD,60,20260302,210000,69184.4,69253.2,68755.2,68879,115.95858507
XXBTZUSD,60,20260302,220000,68879.1,69045.6,68578.4,68956.3,121.56306743
XXBTZUSD,60,20260302,230000,68964.9,69514.6,68600.1,69132.1,125.83556804
XXBTZUSD,60,20260303,000000,69105.9,69533.3,69013.6,69422.5,86.40899926
XXBTZUSD,60,20260303,010000,69420.7,69505.9,69166.3,69432.1,62.89765494
XXBTZUSD,60,20260303,020000,69432.1,69485.9,68753,68808.4,62.18106258
XXBTZUSD,60,20260303,030000,68810.8,69167.4,68665.7,69096.4,37.29634344
XXBTZUSD,60,20260303,040000,69096.5,69236.5,68748.3,68748.3,40.28074091
XXBTZUSD,60,20260303,050000,68748.3,68748.3,68233.8,68527.6,68.55616336
XXBTZUSD,60,20260303,060000,68515.1,68527.7,68238.7,68367.8,40.13847882
XXBTZUSD,60,20260303,070000,68367.8,68444.8,68058.6,68112.7,26.37643096
XXBTZUSD,60,20260303,080000,68112.7,68553.5,67854.8,67941.5,68.25359167
XXBTZUSD,60,20260303,090000,67941.5,68194.3,67808,68116.3,80.69717327
XXBTZUSD,60,20260303,100000,68116.4,68269.8,67947.3,68146.9,84.82824663
XXBTZUSD,60,20260303,110000,68162.6,68289.9,66911.6,66993.3,250.93943987
XXBTZUSD,60,20260303,120000,66993.3,67179.1,66356,66633.6,100.86418024
XXBTZUSD,60,20260303,130000,66633.7,67001,66451.8,66823.7,142.39731469
XXBTZUSD,60,20260303,140000,66827.7,67142.1,66775.7,67014.3,66.95925501
XXBTZUSD,60,20260303,150000,67014.3,67934.2,67014.3,67372.8,71.31654677
XXBTZUSD,60,20260303,160000,67372.9,67405,66628.9,66922.6,59.124352
XXBTZUSD,60,20260303,170000,66922.7,67557.5,66164.3,66556.1,295.69474042
XXBTZUSD,60,20260303,180000,66556.1,67821.7,66468.8,67717.1,277.87446344
XXBTZUSD,60,20260303,190000,67717.1,68979.1,67495.3,68165.8,281.85442639
XXBTZUSD,60,20260303,200000,68173.3,68389,67659.8,68317.8,407.97172043
XXBTZUSD,60,20260303,210000,68317.9,68909,68009.7,68623.2,113.7367387
XXBTZUSD,60,20260303,220000,68623.2,68872,68340.5,68450.7,125.18694951
XXBTZUSD,60,20260303,230000,68450.8,68575,68097.1,68264.6,91.32604703
XXBTZUSD,60,20260304,000000,68264.5,68264.5,67833.9,68035,43.1858488
XXBTZUSD,60,20260304,010000,68035,68504.8,68028.4,68305.6,73.45881154
XXBTZUSD,60,20260304,020000,68312.3,68838.9,68252.3,68336.7,93.51397175
XXBTZUSD,60,20260304,030000,68336.7,68421.5,67886,68116.7,39.07780953
XXBTZUSD,60,20260304,040000,68116.8,68897.7,67973.3,68401.8,58.69706468
XXBTZUSD,60,20260304,050000,68418,68431.4,68009.7,68314.7,57.2979548
XXBTZUSD,60,20260304,060000,68314.7,68381.3,67419.7,67738,95.69185441
XXBTZUSD,60,20260304,070000,67738,67936.3,67481.4,67795.3,54.17991402
XXBTZUSD,60,20260304,080000,67795.3,68361.4,67692,68206.6,33.86312115
XXBTZUSD,60,20260304,090000,68206.6,68657.4,68045.1,68497.1,87.62318413
XXBTZUSD,60,20260304,100000,68497.1,69636.5,68355.6,69507.9,122.10205065
XXBTZUSD,60,20260304,110000,69504.8,71167.8,69142.6,71000,572.77819306
XXBTZUSD,60,20260304,120000,71000,71889.9,70726.1,71514.6,526.81983216
XXBTZUSD,60,20260304,130000,71514.6,71869.1,71212.3,71324.7,149.13391301
XXBTZUSD,60,20260304,140000,71328,71490,70935.2,71124.9,77.04133506
XXBTZUSD,60,20260304,150000,71124.9,71357.5,70604.1,71345,191.93112565
XXBTZUSD,60,20260304,160000,71345,71627.1,71233,71479.1,85.27078891
XXBTZUSD,60,20260304,170000,71480.3,72600.1,71324.1,71604.3,498.88606025
XXBTZUSD,60,20260304,180000,71624.5,73500,71616.2,73429.7,678.15567017
XXBTZUSD,60,20260304,190000,73429.7,73553,72574.4,73348.6,369.60130195
XXBTZUSD,60,20260304,200000,73322,73782,72990.2,73271,328.99742626
XXBTZUSD,60,20260304,210000,73258.8,73726,72941.1,73697.5,134.00337636
XXBTZUSD,60,20260304,220000,73705.2,74062.1,73561.8,73651.6,194.00985281
XXBTZUSD,60,20260304,230000,73658.4,73742,73077.1,73077.1,138.72269251
XXBTZUSD,60,20260305,000000,73072,73350,72911.4,73345.7,144.49566627
XXBTZUSD,60,20260305,010000,73345.7,73550.8,72635.8,72712.1,168.6337355
XXBTZUSD,60,20260305,020000,72712.1,72875.7,72335.2,72684.8,74.79863265
XXBTZUSD,60,20260305,030000,72684.8,73010,72582.8,72789.9,87.6984926
XXBTZUSD,60,20260305,040000,72789.9,73300,72438.2,72531.5,90.84702224
XXBTZUSD,60,20260305,050000,72542.1,72897.9,72371.8,72521.1,69.89453023
XXBTZUSD,60,20260305,060000,72521.1,72767.2,72371,72510,36.95075239
XXBTZUSD,60,20260305,070000,72510,73089.7,72480,72827.5,60.3938129
XXBTZUSD,60,20260305,080000,72827.5,72917.5,72271.5,72417.5,67.08850971
XXBTZUSD,60,20260305,090000,72417.5,72666.9,72058.7,72562.9,65.12813111
XXBTZUSD,60,20260305,100000,72562.9,72669.8,71800,72067.6,110.75041566
XXBTZUSD,60,20260305,110000,72064.6,72379.7,71793.4,72362.3,84.87003829
XXBTZUSD,60,20260305,120000,72362.4,72878.7,72315.5,72612.2,54.48402764
XXBTZUSD,60,20260305,130000,72611.9,73585.9,72543.4,73416.9,267.12772389
XXBTZUSD,60,20260305,140000,73417,73468.7,72805.2,72925.2,84.071154
XXBTZUSD,60,20260305,150000,72929.8,73074.2,72693.1,72917,49.45647587
XXBTZUSD,60,20260305,160000,72917,72936.6,72217.9,72467.6,108.41600076
XXBTZUSD,60,20260305,170000,72467.6,72880.1,71977.6,72619.7,367.60532537
XXBTZUSD,60,20260305,180000,72619.7,72772.9,71187.9,71647.3,479.3354887
XXBTZUSD,60,20260305,190000,71656,71656,70800,71322.5,701.57235981
XXBTZUSD,60,20260305,200000,71322.5,71595.2,70612.7,70704.9,311.57272648
XXBTZUSD,60,20260305,210000,70704.9,71084,70650.5,70989.4,102.57848625
XXBTZUSD,60,20260305,220000,70989.4,71413.5,70892.7,70960.9,100.84137833
XXBTZUSD,60,20260305,230000,70937.5,71379.2,70867.2,71248.6,60.31738723
XXBTZUSD,60,20260306,000000,71248.5,71555,71041.9,71142.5,67.29386948
XXBTZUSD,60,20260306,010000,71143.3,71361.7,71072.2,71241.5,27.79958385
XXBTZUSD,60,20260306,020000,71222.6,71307.6,70799.2,70877.4,68.64718895
XXBTZUSD,60,20260306,030000,70877.4,71036.9,70800,70954.8,29.54319444
XXBTZUSD,60,20260306,040000,70974.8,71280,70412.3,71254.8,227.59502099
XXBTZUSD,60,20260306,050000,71254.9,71386.4,71041.9,71226.9,51.35237715
XXBTZUSD,60,20260306,060000,71227,71280.6,71008.9,71099.6,15.07783716
XXBTZUSD,60,20260306,070000,71099.6,71121.4,70302,70615.1,53.44395909
XXBTZUSD,60,20260306,080000,70615.2,70649.6,70150,70433.7,82.69665937
XXBTZUSD,60,20260306,090000,70433.8,70833.1,70259.9,70604.4,43.92492484
XXBTZUSD,60,20260306,100000,70604.5,71178.7,70477.1,71081.9,62.82394397
XXBTZUSD,60,20260306,110000,71082,71082,70753.6,70773.7,31.77574128
XXBTZUSD,60,20260306,120000,70773.7,70800.5,70298,70570.9,53.28521071
XXBTZUSD,60,20260306,130000,70570.9,70773.7,70484.7,70538.7,27.97288054
XXBTZUSD,60,20260306,140000,70538.8,70638.2,70208.3,70229,69.74448435
XXBTZUSD,60,20260306,150000,70229,70229,69681.8,69939,393.80728095
XXBTZUSD,60,20260306,160000,69939.1,70316.6,69228.2,69228.2,329.17342672
XXBTZUSD,60,20260306,170000,69228.3,69257,68158.6,68409.7,836.03225406
XXBTZUSD,60,20260306,180000,68422,69101,68327.8,68522.3,192.63331422
XXBTZUSD,60,20260306,190000,68522.3,68788.7,68240,68449.5,116.96709472
XXBTZUSD,60,20260306,200000,68449.6,68646.2,67748,67964.3,110.73339072
XXBTZUSD,60,20260306,210000,67964.3,68468.2,67964.2,68177.2,59.6202908
XXBTZUSD,60,20260306,220000,68177.2,68460,68006,68123.7,58.69592369
XXBTZUSD,60,20260306,230000,68123.7,68267,67777,68117.1,67.49070463
XXBTZUSD,60,20260307,000000,68117.1,68333,67942,68290,70.74746135
XXBTZUSD,60,20260307,010000,68290.1,68411.6,68228.4,68308.3,207.82454245
XXBTZUSD,60,20260307,020000,68308.3,68369,68103,68128,34.18785815
XXBTZUSD,60,20260307,030000,68111.4,68383.8,68111.3,68300.1,19.82383893
XXBTZUSD,60,20260307,040000,68300.1,68352,68190.3,68271.4,12.79772889
XXBTZUSD,60,20260307,050000,68271.5,68367.3,68058.4,68352.1,34.6074874
XXBTZUSD,60,20260307,060000,68352.1,68541.5,68112.6,68112.7,30.86909154
XXBTZUSD,60,20260307,070000,68107.8,68149.2,67830,68072.1,33.5134644
XXBTZUSD,60,20260307,080000,68072.1,68128.7,67922.1,67997.1,25.23074069
XXBTZUSD,60,20260307,090000,68010.3,68015,67607.1,67691.9,87.53452924
XXBTZUSD,60,20260307,100000,67692,67854.8,67440.8,67854.8,142.75853648
XXBTZUSD,60,20260307,110000,67854.8,68027,67742,67802,18.78480202
XXBTZUSD,60,20260307,120000,67802,68055.7,67743.7,68008.3,12.44446265
XXBTZUSD,60,20260307,130000,68008.3,68081.5,67876.1,67876.2,62.88481435
XXBTZUSD,60,20260307,140000,67876.2,68218.7,67866.1,68027.1,126.8949226
XXBTZUSD,60,20260307,150000,68027.1,68072,67895.5,67990.4,5.07759654
XXBTZUSD,60,20260307,160000,67990.4,68072,67877.1,67922.1,40.07439136
XXBTZUSD,60,20260307,170000,67922.1,68081.3,67627.2,68027.1,18.01288334
XXBTZUSD,60,20260307,180000,68027.1,68027.1,67791.4,67892.1,77.65733994
XXBTZUSD,60,20260307,190000,67892.1,67892.1,67720.6,67810.1,19.59904516
XXBTZUSD,60,20260307,200000,67810.1,67937,67779.9,67780,18.31418075
XXBTZUSD,60,20260307,210000,67780,67780,67506.2,67580.1,35.33790695
XXBTZUSD,60,20260307,220000,67580.1,67580.1,66962.1,67098.4,290.0951631
XXBTZUSD,60,20260307,230000,67098.4,67426.4,67098.3,67397.1,73.46842389
XXBTZUSD,60,20260308,000000,67397.1,67486.7,67283.8,67454.6,10.87306791
XXBTZUSD,60,20260308,010000,67454.1,67464,67122.8,67249.7,40.63444592
XXBTZUSD,60,20260308,020000,67249.8,67392.6,67187.1,67270.1,40.7108589
XXBTZUSD,60,20260308,030000,67270.1,67472,67174.1,67202.1,73.34203547
XXBTZUSD,60,20260308,040000,67202.1,67349.1,67104.5,67295.7,31.94458698
XXBTZUSD,60,20260308,050000,67295.7,67409.4,66831.1,66916.6,54.5895848
XXBTZUSD,60,20260308,060000,66916.7,67076.7,66858,67006.9,42.02685265
XXBTZUSD,60,20260308,070000,67002,67092.9,66562.3,66639,56.85291914
XXBTZUSD,60,20260308,080000,66637.9,67238.8,66625.9,67148.4,22.90915251
XXBTZUSD,60,20260308,090000,67148.4,67218.4,67050,67166.9,10.80829575
XXBTZUSD,60,20260308,100000,67167,67438.2,67166.9,67317.7,32.92545335
XXBTZUSD,60,20260308,110000,67311.8,67557.5,67175.5,67548.5,32.969228
XXBTZUSD,60,20260308,120000,67548.6,67891.9,67487,67712,115.0600121
XXBTZUSD,60,20260308,130000,67700.1,68177.4,67700.1,67893.7,107.61782608
XXBTZUSD,60,20260308,140000,67893.6,67893.8,67427,67528.5,36.10093485
XXBTZUSD,60,20260308,150000,67528.5,67634.7,66905.3,67322.1,141.76968887
XXBTZUSD,60,20260308,160000,67322.2,67423,66823.5,67235.9,70.88542539
XXBTZUSD,60,20260308,170000,67235.9,67414.8,67047.9,67322,24.82755781
XXBTZUSD,60,20260308,180000,67327.9,67353.7,67088.6,67210,22.40579999
XXBTZUSD,60,20260308,190000,67210,67247,66786.8,66871,88.85033349
XXBTZUSD,60,20260308,200000,66871,67161.4,66800,67032.4,170.84456138
XXBTZUSD,60,20260308,210000,67037.6,67050.6,66758.4,66818.7,27.76033182
XXBTZUSD,60,20260308,220000,66818.7,67457,66789.4,67321.9,75.3086997
XXBTZUSD,60,20260308,230000,67322,67500,67030.1,67222.6,377.8121923
XXBTZUSD,60,20260309,000000,67222.6,67242.5,66732.4,66991.7,177.62972789
XXBTZUSD,60,20260309,010000,66992.2,66992.2,65646.2,66242,597.77580049
XXBTZUSD,60,20260309,020000,66242,66558.6,65942,65978.7,41.31430486
XXBTZUSD,60,20260309,030000,65978.7,66748.3,65839.6,66358.7,85.57145519
XXBTZUSD,60,20260309,040000,66363.4,66677,66142.6,66210.8,54.14499176
XXBTZUSD,60,20260309,050000,66210.8,66707.7,65971.3,66537.4,36.09726839
XXBTZUSD,60,20260309,060000,66537.5,67686.7,66521.3,67196.6,141.76485016
XXBTZUSD,60,20260309,070000,67196.6,67598.9,67118,67129.6,32.05284315
XXBTZUSD,60,20260309,080000,67137.4,68039.5,67118,67892,61.3951287
XXBTZUSD,60,20260309,090000,67892,67916.3,67246.9,67247,55.54060466
XXBTZUSD,60,20260309,100000,67247,67557.5,66892.8,67527.9,45.15046519
XXBTZUSD,60,20260309,110000,67528,67892,67403.7,67773.6,144.66748154
XXBTZUSD,60,20260309,120000,67786.8,68440.7,67562.1,67966.9,111.02144202
XXBTZUSD,60,20260309,130000,67967,68057.9,67550.1,67606.3,32.58226007
XXBTZUSD,60,20260309,140000,67606.4,67828.6,67341.8,67750.3,67.0115235
XXBTZUSD,60,20260309,150000,67750.3,68313.3,67750.2,68155.4,56.00734151
XXBTZUSD,60,20260309,160000,68155.4,69292.3,68128.6,68987,396.73224776
XXBTZUSD,60,20260309,170000,68987,69477.9,68706.9,69137,215.6419935
XXBTZUSD,60,20260309,180000,69148.7,69248.8,68756.4,68909.9,91.27920819
XXBTZUSD,60,20260309,190000,68900.1,69047,68657.4,68975.8,63.90886235
XXBTZUSD,60,20260309,200000,68973.7,69086.8,68284.8,68619.5,101.84302483
XXBTZUSD,60,20260309,210000,68619.5,68700,68255,68361.2,75.31666381
XXBTZUSD,60,20260309,220000,68363.7,69513,68363.7,69017,159.45101378
XXBTZUSD,60,20260309,230000,69008.3,69154.9,68792,68998.7,48.24987622
XXBTZUSD,60,20260310,000000,68990.9,69119.2,68698.6,68918.6,58.35628723
XXBTZUSD,60,20260310,010000,68929.2,69018,68620.4,68652.2,50.49413777
XXBTZUSD,60,20260310,020000,68652.3,68694.1,68377.7,68446.9,38.24179002
XXBTZUSD,60,20260310,030000,68447,69278.1,68399.9,69163.2,127.13795776
XXBTZUSD,60,20260310,040000,69163.2,69369.6,68814.5,69281.8,43.79815546
XXBTZUSD,60,20260310,050000,69272.2,70570.2,69126.4,70276.9,253.42524367
XXBTZUSD,60,20260310,060000,70277,70352,69411.2,69437,118.61969397
XXBTZUSD,60,20260310,070000,69437.1,70130,69437.1,70066.9,62.89701794
XXBTZUSD,60,20260310,080000,70066.9,70350.4,69920,69964.6,80.33378048
XXBTZUSD,60,20260310,090000,69964.7,70178.5,69775.3,69917,52.12627236
XXBTZUSD,60,20260310,100000,69923.6,70523.4,69847.6,70397.3,108.24579942
XXBTZUSD,60,20260310,110000,70397.3,71083.6,70397,70680.4,171.20783202
XXBTZUSD,60,20260310,120000,70680.5,71293.6,70662,71076.1,113.96353296
XXBTZUSD,60,20260310,130000,71072.9,71077.9,70685.6,70774.3,151.58126293
XXBTZUSD,60,20260310,140000,70774.4,70852.9,70558.4,70602.5,68.55944134
XXBTZUSD,60,20260310,150000,70600.2,70622,70319.2,70517,76.04683578
XXBTZUSD,60,20260310,160000,70517,70909.6,69750,69932,174.55875933
XXBTZUSD,60,20260310,170000,69932,71515.6,69259.8,71447.6,542.77010152
XXBTZUSD,60,20260310,180000,71450,71781.1,70918.3,71361.3,181.04988298
XXBTZUSD,60,20260310,190000,71361.3,71720.5,70960.7,71284.7,148.87381475
XXBTZUSD,60,20260310,200000,71286.4,71473.2,70541.7,70883.3,99.39479886
XXBTZUSD,60,20260310,210000,70883.4,70916.5,69892,70021.9,201.32928197
XXBTZUSD,60,20260310,220000,70022,70271.7,69745.2,70045.4,67.10747362
XXBTZUSD,60,20260310,230000,70056,70346.3,70024,70246.5,52.37420846
XXBTZUSD,60,20260311,000000,70246.4,70427.2,69569.7,69779.1,265.41357914
XXBTZUSD,60,20260311,010000,69779.1,69850.9,69457.4,69707,54.63798803
XXBTZUSD,60,20260311,020000,69707,69965.9,69707,69955.4,23.02740313
XXBTZUSD,60,20260311,030000,69955.4,70165.2,69782.1,70052.1,76.6657026
XXBTZUSD,60,20260311,040000,70052.1,70138.6,69902.1,70084.4,43.77882202
XXBTZUSD,60,20260311,050000,70084.5,70121.9,69644.8,69803.7,59.73146589
XXBTZUSD,60,20260311,060000,69812,69887,69517.1,69567.6,30.30295436
XXBTZUSD,60,20260311,070000,69567.7,70251.8,69519.8,70154.5,46.11602972
XXBTZUSD,60,20260311,080000,70133.2,70186.9,69450,69512.1,47.5645325
XXBTZUSD,60,20260311,090000,69512.2,69985.3,69512.1,69955,46.6754232
XXBTZUSD,60,20260311,100000,69955,70012.4,69512.4,69649.2,29.75263914
XXBTZUSD,60,20260311,110000,69647.1,69793.8,69512.1,69665.1,42.68679096
XXBTZUSD,60,20260311,120000,69664.6,69737,69387.1,69452,27.63573532
XXBTZUSD,60,20260311,130000,69463.9,69712.5,69403.8,69610.1,22.89201638
XXBTZUSD,60,20260311,140000,69610.1,69663.5,69155.9,69174.4,61.28188319
XXBTZUSD,60,20260311,150000,69175.6,69795.5,68971.6,69362.1,162.49283143
XXBTZUSD,60,20260311,160000,69362.1,71083.3,69360.3,70187.6,392.29024138
XXBTZUSD,60,20260311,170000,70187.7,70986.3,69942.9,70566.5,222.55723032
XXBTZUSD,60,20260311,180000,70573.8,70652,69707.1,70242.8,109.1090445
XXBTZUSD,60,20260311,190000,70253.1,70782.9,70183.7,70570,134.26885609
XXBTZUSD,60,20260311,200000,70570,71345.2,70524.1,70780.2,401.83130826
XXBTZUSD,60,20260311,210000,70801.1,70892.9,70463.4,70640.8,216.86396338
XXBTZUSD,60,20260311,220000,70640.7,70747.6,70405.3,70674.1,94.30214214
XXBTZUSD,60,20260311,230000,70674.1,70713,70408.6,70634.3,64.27941201
XXBTZUSD,60,20260312,000000,70634.4,70780,70517.9,70762.1,62.97120118
XXBTZUSD,60,20260312,010000,70762.1,70935.5,70270.1,70366.6,84.21605766
XXBTZUSD,60,20260312,020000,70366.6,70500,70148,70200.4,66.41775313
XXBTZUSD,60,20260312,030000,70200.4,70362.3,70147.5,70231.1,17.30121578
XXBTZUSD,60,20260312,040000,70227.7,70227.7,69781.5,69828.9,140.34320662
XXBTZUSD,60,20260312,050000,69829,69876.8,69244.9,69310,71.39265814
XXBTZUSD,60,20260312,060000,69310.1,69623.3,69257.2,69445.8,18.64161956
XXBTZUSD,60,20260312,070000,69445.9,69669.9,69304.5,69396.3,33.7201515
XXBTZUSD,60,20260312,080000,69383.2,69537.3,69228.2,69474,10.78389036
XXBTZUSD,60,20260312,090000,69478.6,69554.4,69367.4,69480.9,44.29951084
XXBTZUSD,60,20260312,100000,69491.5,69847,69434.6,69828,57.56691911
XXBTZUSD,60,20260312,110000,69828,70112.8,69716.8,69898.6,56.13115309
XXBTZUSD,60,20260312,120000,69914.1,70380.7,69587.1,69967.2,48.8574937
XXBTZUSD,60,20260312,130000,69957.3,70513.9,69870.8,70431.5,66.14504756
XXBTZUSD,60,20260312,140000,70431.5,70787.1,70380.8,70441.7,75.37616204
XXBTZUSD,60,20260312,150000,70441.7,70608,70303.7,70396.4,82.14479395
XXBTZUSD,60,20260312,160000,70396.4,70534.8,69713.9,69989.6,131.26137168
XXBTZUSD,60,20260312,170000,69989.7,70654.3,69387.8,69615,169.70299582
XXBTZUSD,60,20260312,180000,69615,70572.9,69498.7,70357.3,215.01012878
XXBTZUSD,60,20260312,190000,70357.3,70562.5,69927,70390.2,88.02123042
XXBTZUSD,60,20260312,200000,70397,70549.9,70121.4,70227.8,72.63560826
XXBTZUSD,60,20260312,210000,70227.9,70301.1,69829,69829,51.47731849
XXBTZUSD,60,20260312,220000,69829,70566.5,69800,70465.9,120.58477018
XXBTZUSD,60,20260312,230000,70462.9,70560.4,70139.1,70191.9,75.72389036
XXBTZUSD,60,20260313,000000,70191.9,70468.7,70191.9,70305.1,52.84774416
XXBTZUSD,60,20260313,010000,70305,70305,70021.9,70191.9,75.38022307
XXBTZUSD,60,20260313,020000,70182.6,70727.3,70175.4,70520.8,85.2162175
XXBTZUSD,60,20260313,030000,70526.3,72000,70406,71467.7,335.74336993
XXBTZUSD,60,20260313,040000,71470.1,71750,71305.5,71663.6,64.11296418
XXBTZUSD,60,20260313,050000,71663.7,71693.8,71073.1,71169.9,45.23825439
XXBTZUSD,60,20260313,060000,71169.9,71522.5,70978.7,71408.5,29.38158908
XXBTZUSD,60,20260313,070000,71408.6,71484.7,71270.2,71407.3,21.17364473
XXBTZUSD,60,20260313,080000,71407.3,71627.8,71255.9,71571.9,40.97058485
XXBTZUSD,60,20260313,090000,71562.4,71589.5,71200,71343.7,33.21748341
XXBTZUSD,60,20260313,100000,71343.7,71661.3,71239,71639.5,53.18399149
XXBTZUSD,60,20260313,110000,71639.5,72141.3,71401.5,71835.3,203.3115686
XXBTZUSD,60,20260313,120000,71827.3,72113.2,71619.5,72017.7,59.39873553
XXBTZUSD,60,20260313,130000,72017.7,72576.3,72014.5,72471.6,275.04346568
XXBTZUSD,60,20260313,140000,72478.6,72536.3,72218.4,72242.1,62.79321495
XXBTZUSD,60,20260313,150000,72242.1,72879.9,72221.7,72790.7,318.08618887
XXBTZUSD,60,20260313,160000,72790.7,73621.9,72698.3,73406.1,328.25468884
XXBTZUSD,60,20260313,170000,73406.2,73928.5,72399.6,72399.6,221.27168094
XXBTZUSD,60,20260313,180000,72399.7,72832.6,71765.4,71860.1,388.50129606
XXBTZUSD,60,20260313,190000,71860.1,72106.1,71176.9,71905.9,237.15566454
XXBTZUSD,60,20260313,200000,71905.9,72249.6,70897.8,71026,553.13331481
XXBTZUSD,60,20260313,210000,71030.1,71347.2,70831,71067.3,95.15933767
XXBTZUSD,60,20260313,220000,71067.3,71308.6,71029.1,71183.1,89.07893974
XXBTZUSD,60,20260313,230000,71183.1,71469.1,71164.7,71360,77.19867981
XXBTZUSD,60,20260314,000000,71360.1,71492.3,71082.2,71121.3,56.7715647
XXBTZUSD,60,20260314,010000,71121.4,71168.9,70200,70799,231.95263245
XXBTZUSD,60,20260314,020000,70799,71000,70728.1,70953,44.81226509
XXBTZUSD,60,20260314,030000,70953.1,70953.1,70582.6,70664.5,60.62540502
XXBTZUSD,60,20260314,040000,70664.5,70897.8,70509.1,70853.8,43.21208869
XXBTZUSD,60,20260314,050000,70853.8,70892.7,70760.1,70791.9,42.80594961
XXBTZUSD,60,20260314,060000,70784.1,71173.4,70784,71083.5,51.51138111
XXBTZUSD,60,20260314,070000,71083.4,71300,71033.8,71041.7,27.96089353
XXBTZUSD,60,20260314,080000,71041.7,71149.8,70933.4,71021.9,38.46579144
XXBTZUSD,60,20260314,090000,71021.8,71021.8,70293.9,70637.3,36.67686837
XXBTZUSD,60,20260314,100000,70630.9,70734.2,70507.6,70594.1,15.34988782
XXBTZUSD,60,20260314,110000,70594.1,70718.7,70559.9,70591,12.14597974
XXBTZUSD,60,20260314,120000,70591,70717.2,70420,70549.2,25.67759831
XXBTZUSD,60,20260314,130000,70533.1,70574.4,70421,70570.1,8.49178078
XXBTZUSD,60,20260314,140000,70570.2,70790.7,70570.2,70748.6,9.75182449
XXBTZUSD,60,20260314,150000,70748.6,70835.4,70642.3,70772.9,25.2400138
XXBTZUSD,60,20260314,160000,70769.6,70936.9,70736.2,70869.9,23.03996927
XXBTZUSD,60,20260314,170000,70868.6,70943.7,70597.9,70597.9,24.4726982
XXBTZUSD,60,20260314,180000,70598,70729.7,70510.9,70609.8,11.96462371
XXBTZUSD,60,20260314,190000,70609.9,70714.3,70528.9,70695.2,7.64708817
XXBTZUSD,60,20260314,200000,70695.3,70741.8,70602.3,70630.8,7.81186564
XXBTZUSD,60,20260314,210000,70630.8,70706.7,70582,70688.9,5.27228541
XXBTZUSD,60,20260314,220000,70689,70743,70616.2,70715.9,6.58750868
XXBTZUSD,60,20260314,230000,70716,70867.2,70669.9,70833.1,19.52917198
XXBTZUSD,60,20260315,000000,70833,70833,70693,70808.2,12.02396941
XXBTZUSD,60,20260315,010000,70808.2,70812.7,70720.3,70726,12.62669946
XXBTZUSD,60,20260315,020000,70726,71246.9,70726,71210.6,45.16645688
XXBTZUSD,60,20260315,030000,71210.6,71216.7,70978.7,71015.1,16.04631602
XXBTZUSD,60,20260315,040000,71015.1,71044,70885.7,71020.4,28.86500881
XXBTZUSD,60,20260315,050000,71020.4,71617.6,71020.4,71473.4,96.41947089
XXBTZUSD,60,20260315,060000,71473.4,71526.7,71262.8,71358.5,26.543683
XXBTZUSD,60,20260315,070000,71358.6,71653.2,71352.5,71578.1,30.61818389
XXBTZUSD,60,20260315,080000,71598,71777,71500,71515.4,30.4919184
XXBTZUSD,60,20260315,090000,71515.4,71595.3,71410.1,71463.2,12.72855331
XXBTZUSD,60,20260315,100000,71463.2,71673.7,71430.9,71451.6,17.31148529
XXBTZUSD,60,20260315,110000,71451.7,71729.5,71451.7,71728.4,31.41388894
XXBTZUSD,60,20260315,120000,71727.1,72000,71727.1,71832.6,125.84531725
XXBTZUSD,60,20260315,130000,71832.7,71925.2,71745.9,71810.5,10.11280417
XXBTZUSD,60,20260315,140000,71810.5,71891.5,71685.9,71862.4,15.11377338
XXBTZUSD,60,20260315,150000,71862.4,71862.4,71586.2,71627.6,22.74912117
XXBTZUSD,60,20260315,160000,71627.6,71691.7,71288.7,71610.2,68.77840795
XXBTZUSD,60,20260315,170000,71610.2,71625.1,71358.6,71614.4,33.3924796
XXBTZUSD,60,20260315,180000,71614.5,71625.1,71431.4,71495.5,19.1025707
XXBTZUSD,60,20260315,190000,71495.5,71597,71352.4,71441.4,32.82967732
XXBTZUSD,60,20260315,200000,71441.4,72016,71432.4,71830.9,34.69407683
XXBTZUSD,60,20260315,210000,71830.9,71875.5,71345.1,71388,36.06983172
XXBTZUSD,60,20260315,220000,71388.1,71569.6,71350.3,71567.2,26.78855652
XXBTZUSD,60,20260315,230000,71567.2,71938.1,71455.8,71745.1,40.56347198
XXBTZUSD,60,20260316,000000,71745.1,72230.6,71655.5,72116.1,69.86509046
XXBTZUSD,60,20260316,010000,72116.2,73095.4,71731.3,72729.5,149.54595077
XXBTZUSD,60,20260316,020000,72744.8,73200,72440.3,72835.7,134.10186474
XXBTZUSD,60,20260316,030000,72826.7,73007.8,72469,72541.3,87.51772715
XXBTZUSD,60,20260316,040000,72541.3,72850.1,72304,72738.2,48.50539956
XXBTZUSD,60,20260316,050000,72752.4,72850.2,72375.1,72541.9,39.65596145
XXBTZUSD,60,20260316,060000,72542,74295.9,72445.5,73582.5,516.87075789
XXBTZUSD,60,20260316,070000,73582.5,74424,73582.4,73842.1,136.8261043
XXBTZUSD,60,20260316,080000,73842.1,74235.6,73743.5,74196.9,117.71191228
XXBTZUSD,60,20260316,090000,74197,74197,73615.6,73717.8,76.70009726
XXBTZUSD,60,20260316,100000,73717.9,73923,73409.5,73456.6,70.93391864
XXBTZUSD,60,20260316,110000,73456.6,73774.6,72884.4,73134.7,144.16500722
XXBTZUSD,60,20260316,120000,73134.6,73330.4,73069.3,73257.2,50.19676288
XXBTZUSD,60,20260316,130000,73257.3,73782.8,73220,73782.8,120.63855837
XXBTZUSD,60,20260316,140000,73791.6,73843.6,73545.6,73554.1,52.96932074
XXBTZUSD,60,20260316,150000,73554.1,74042.3,73481.2,73863.1,103.97760923
XXBTZUSD,60,20260316,160000,73880.1,74500,73811.2,74122.1,180.78678963
XXBTZUSD,60,20260316,170000,74122.1,74467.1,73015.7,73556.2,175.74216809
XXBTZUSD,60,20260316,180000,73556.2,74046.6,73218.3,73292.1,329.95689753
XXBTZUSD,60,20260316,190000,73292.2,73915.6,73167.8,73765.1,130.95536657
XXBTZUSD,60,20260316,200000,73765.1,74047.7,73660.6,73954.7,68.91132829
XXBTZUSD,60,20260316,210000,73954.7,74359.6,73875.1,73895.7,145.054478
XXBTZUSD,60,20260316,220000,73907,74400,73805.5,73976.5,168.06273701
XXBTZUSD,60,20260316,230000,73975.4,74250,73864.6,74250,62.62427092
XXBTZUSD,60,20260317,000000,74250,74792.7,74179.3,74406.1,358.12146663
XXBTZUSD,60,20260317,010000,74402.8,74898.5,74402.7,74750.1,88.99424882
XXBTZUSD,60,20260317,020000,74750.2,74901.3,74262.5,74887.7,112.55720672
XXBTZUSD,60,20260317,030000,74887.7,75485,74637.3,75303.2,267.94293367
XXBTZUSD,60,20260317,040000,75303.3,75998.1,75085.5,75637.1,346.73882208
XXBTZUSD,60,20260317,050000,75637.1,75669,75128.4,75199.9,70.13500748
XXBTZUSD,60,20260317,060000,75200,75326.4,74294.4,74463.4,115.9159469
XXBTZUSD,60,20260317,070000,74463.9,74677,74010.7,74248.6,80.59622259
XXBTZUSD,60,20260317,080000,74248.6,74455.4,73796.9,74035.2,59.32563821
XXBTZUSD,60,20260317,090000,74035.2,74280.4,73888.4,74084.4,55.81365158
XXBTZUSD,60,20260317,100000,74084.5,74440.8,74084.5,74253,35.32056829
XXBTZUSD,60,20260317,110000,74253.1,74458.1,74133.7,74191.2,41.75236645
XXBTZUSD,60,20260317,120000,74191.3,74391.4,73880.2,73933.8,122.0237044
XXBTZUSD,60,20260317,130000,73933.8,73964.8,73500,73729.8,152.89714069
XXBTZUSD,60,20260317,140000,73729.8,74208.9,73704,74038.1,64.89876659
XXBTZUSD,60,20260317,150000,74038.1,74181.4,73685.4,73747.1,121.87503142
XXBTZUSD,60,20260317,160000,73747.1,74160.4,73459,73611.7,383.83275228
XXBTZUSD,60,20260317,170000,73611.7,74422.4,73455.9,74403.4,70.14534986
XXBTZUSD,60,20260317,180000,74403.5,74924.7,73720.8,73948.5,316.53035879
XXBTZUSD,60,20260317,190000,73948.5,74350,73900.1,74166.2,76.63483681
XXBTZUSD,60,20260317,200000,74166.2,74601.8,74046.3,74526,93.89703176
XXBTZUSD,60,20260317,210000,74526,74792,74436.2,74700.5,69.41816753
XXBTZUSD,60,20260317,220000,74700.5,74800,74451.7,74543.9,106.73107318
XXBTZUSD,60,20260317,230000,74543.9,74705.4,74396.5,74537.3,38.69851009
XXBTZUSD,60,20260318,000000,74537.3,74800,74494.7,74715.4,50.23385372
XXBTZUSD,60,20260318,010000,74715.5,74790,73960,74341.8,89.1133093
XXBTZUSD,60,20260318,020000,74341.8,74414,73889.1,73929.9,72.17372535
XXBTZUSD,60,20260318,030000,73930,74081.1,73575.9,73877.4,37.41471801
XXBTZUSD,60,20260318,040000,73877.4,74218.4,73861.3,74092,35.10020374
XXBTZUSD,60,20260318,050000,74092.1,74479.3,74091.9,74365.7,23.01688783
XXBTZUSD,60,20260318,060000,74365.7,74682.3,74285.8,74482.4,21.3542941
XXBTZUSD,60,20260318,070000,74481.6,74514,74182.2,74189.8,23.48373906
XXBTZUSD,60,20260318,080000,74189.8,74306.8,73871.3,73993.3,29.32338835
XXBTZUSD,60,20260318,090000,73993.4,74234.8,73946.4,73970.1,15.98048377
XXBTZUSD,60,20260318,100000,73970.1,74007.1,73730,73898.6,32.60520005
XXBTZUSD,60,20260318,110000,73898.7,74125.8,73898.6,74042.5,17.18851524
XXBTZUSD,60,20260318,120000,74052.3,74305.2,74051.6,74191.7,51.48963818
XXBTZUSD,60,20260318,130000,74191.7,74267.9,73844.9,73947.6,20.98779298
XXBTZUSD,60,20260318,140000,73947.6,74079.6,72822.7,72980.7,459.02600074
XXBTZUSD,60,20260318,150000,72980.7,72984.5,72310.3,72399.4,210.49389818
XXBTZUSD,60,20260318,160000,72399.4,72564.6,72000,72136.5,401.73775306
XXBTZUSD,60,20260318,170000,72140,72222.5,71173,71202.8,263.68366299
XXBTZUSD,60,20260318,180000,71205.3,71520,70897.7,71491.6,229.00015356
XXBTZUSD,60,20260318,190000,71491.7,71575.6,71050,71322.8,88.99722872
XXBTZUSD,60,20260318,200000,71322.8,71773.4,71208.3,71609,75.68857802
XXBTZUSD,60,20260318,210000,71605.4,72001.9,70959.9,71108.2,334.71235101
XXBTZUSD,60,20260318,220000,71112.6,71482.1,70961.5,71064.3,55.00576518
XXBTZUSD,60,20260318,230000,71064.3,71310.7,70500,71244.1,152.22052184
XXBTZUSD,60,20260319,000000,71237,71433,71177.8,71295.1,158.51346428
XXBTZUSD,60,20260319,010000,71280.3,71280.3,70963.3,71157.5,66.90452003
XXBTZUSD,60,20260319,020000,71157.6,71376.2,71079.1,71270.9,84.75986236
XXBTZUSD,60,20260319,030000,71270.9,71306.8,71000,71016.6,38.71981629
XXBTZUSD,60,20260319,040000,71016.7,71199.2,70971.5,71141.3,49.88751343
XXBTZUSD,60,20260319,050000,71141.3,71248.5,70900,71060,28.22153629
XXBTZUSD,60,20260319,060000,71060.1,71623.9,71060.1,71228.7,58.29220328
XXBTZUSD,60,20260319,070000,71228.8,71228.8,70680.3,70855.2,37.99438063
XXBTZUSD,60,20260319,080000,70835.3,70897.9,70680.3,70818.6,21.70635706
XXBTZUSD,60,20260319,090000,70818.6,70949.3,70521.5,70584.8,185.35952379
XXBTZUSD,60,20260319,100000,70582.2,70617.1,69505.8,70189,435.47905918
XXBTZUSD,60,20260319,110000,70203.4,70263.3,69920,69990,28.57421023
XXBTZUSD,60,20260319,120000,69990,70544.7,69990,70511.4,43.52979414
XXBTZUSD,60,20260319,130000,70511.4,70542.1,70123.2,70130.6,53.17083811
XXBTZUSD,60,20260319,140000,70130.6,70244.3,69921.2,69940,62.26028198
XXBTZUSD,60,20260319,150000,69940,69950.7,69128.7,69295.9,192.72686424
XXBTZUSD,60,20260319,160000,69296,70060.4,69098.9,69894.6,140.05329837
XXBTZUSD,60,20260319,170000,69889.8,70158.8,69098,69508.4,104.504207
XXBTZUSD,60,20260319,180000,69501.6,69912.3,68782,69416,186.90920958
XXBTZUSD,60,20260319,190000,69416.1,69642.1,69186.4,69454,320.43042984
XXBTZUSD,60,20260319,200000,69454,69929.5,69122,69847.8,88.81587341
XXBTZUSD,60,20260319,210000,69847.8,69916.9,69600.1,69818.6,75.00759546
XXBTZUSD,60,20260319,220000,69816.3,70598.3,69816.2,70265.5,207.18458591
XXBTZUSD,60,20260319,230000,70265.5,70669.5,70195.2,70498.7,258.82800889
XXBTZUSD,60,20260320,000000,70498.7,70694,70389.3,70424.9,54.85968309
XXBTZUSD,60,20260320,010000,70424.9,70498.2,69967,70180.5,95.50607171
XXBTZUSD,60,20260320,020000,70180.6,70274,69736.8,69911.9,41.90970082
XXBTZUSD,60,20260320,030000,69916.6,70302.6,69840.9,70185,199.73745365
XXBTZUSD,60,20260320,040000,70193.8,70570.2,70193,70410,83.25612857
XXBTZUSD,60,20260320,050000,70410.1,70501.3,70085.2,70416,54.72407128
XXBTZUSD,60,20260320,060000,70416.1,70789.3,70395.9,70733.4,66.59154911
XXBTZUSD,60,20260320,070000,70722.9,70941.6,70568,70773.4,30.9140873
XXBTZUSD,60,20260320,080000,70773.4,70856.7,70534.3,70585.4,20.63369969
XXBTZUSD,60,20260320,090000,70593.7,70633.5,70360.2,70492.3,17.7845044
XXBTZUSD,60,20260320,100000,70492.3,70909.1,70200.8,70856.2,32.89585307
XXBTZUSD,60,20260320,110000,70856.2,71340.6,70800.9,71050,79.28876141
XXBTZUSD,60,20260320,120000,71050,71050,70428.2,70578.2,60.35674327
XXBTZUSD,60,20260320,130000,70578.2,70654.9,70214.5,70606.5,94.21046456
XXBTZUSD,60,20260320,140000,70606.5,70781.8,70313.2,70470.5,52.35646383
XXBTZUSD,60,20260320,150000,70470.5,70657.9,70258,70319.9,42.5396918
XXBTZUSD,60,20260320,160000,70320,70599.8,69803.8,69857,134.63572363
XXBTZUSD,60,20260320,170000,69857,70240.7,69586.4,69728.8,302.62782518
XXBTZUSD,60,20260320,180000,69728.9,69971.5,69485.7,69856.8,64.82823872
XXBTZUSD,60,20260320,190000,69856.9,70080.7,69611.4,69830.3,37.39134288
XXBTZUSD,60,20260320,200000,69830.3,69999.2,69400,69969.7,92.10473625
XXBTZUSD,60,20260320,210000,69969.7,70041.7,69533.5,69748.6,35.87837493
XXBTZUSD,60,20260320,220000,69748.6,70178.2,69673.1,70169,62.62595608
XXBTZUSD,60,20260320,230000,70169,70237.7,69746.8,70039.9,84.34814662
XXBTZUSD,60,20260321,000000,70039.9,70688.8,69955.7,70527.7,87.9889883
XXBTZUSD,60,20260321,010000,70527.7,70901.1,70527.6,70784.1,82.3545821
XXBTZUSD,60,20260321,020000,70784.1,70784.1,70424.9,70515.6,37.16173766
XXBTZUSD,60,20260321,030000,70515.6,70800,70465.1,70670.4,51.2887374
XXBTZUSD,60,20260321,040000,70670.3,70752.7,70463.4,70463.4,16.90511121
XXBTZUSD,60,20260321,050000,70463.4,70749.8,70440.2,70724.1,12.32393801
XXBTZUSD,60,20260321,060000,70724.2,70761.2,70617.2,70660.6,3.43468105
XXBTZUSD,60,20260321,070000,70652.3,70792.5,70614.5,70630,4.98354608
XXBTZUSD,60,20260321,080000,70630.1,70799.8,70628.1,70692.2,11.53009443
XXBTZUSD,60,20260321,090000,70692.2,70799.8,70690.6,70760.5,8.15692807
XXBTZUSD,60,20260321,100000,70760.6,70850.2,70660.1,70692.5,19.11578633
XXBTZUSD,60,20260321,110000,70695.6,70732.1,70484.2,70580.2,17.1913268
XXBTZUSD,60,20260321,120000,70580.3,70729.7,70577.5,70632.5,310.85801088
XXBTZUSD,60,20260321,130000,70632.5,70663.6,70559,70585.1,11.07653654
XXBTZUSD,60,20260321,140000,70585.2,70633.6,70570,70633.6,3.87108327
XXBTZUSD,60,20260321,150000,70633.6,70764.8,70633.6,70707.2,11.31428083
XXBTZUSD,60,20260321,160000,70707.3,70783.8,70691,70717,8.88426684
XXBTZUSD,60,20260321,170000,70717,71071.7,70586.7,70620.4,48.00451756
XXBTZUSD,60,20260321,180000,70620.4,70743.5,70450,70632.6,14.13915352
XXBTZUSD,60,20260321,190000,70632.6,70632.6,70244.8,70286.8,29.58883643
XXBTZUSD,60,20260321,200000,70286.8,70409.2,70189.5,70311.6,28.51020284
XXBTZUSD,60,20260321,210000,70309,70500.7,70293.5,70382.2,15.12375427
XXBTZUSD,60,20260321,220000,70382.2,70427.6,70320,70380.6,7.22696975
XXBTZUSD,60,20260321,230000,70380.7,70491,70344.6,70448.9,17.75224138
XXBTZUSD,60,20260322,000000,70448.8,70495.1,70238,70352.4,22.49601002
XXBTZUSD,60,20260322,010000,70352.4,70354.1,70255.1,70283,8.43660149
XXBTZUSD,60,20260322,020000,70278.2,70278.2,68538.3,68907.7,256.42578359
XXBTZUSD,60,20260322,030000,68907.7,69125.6,68250.1,68941,147.32415237
XXBTZUSD,60,20260322,040000,68941.1,69081,68763.1,68952.6,30.52421443
XXBTZUSD,60,20260322,050000,68952.6,69402.7,68952.6,69276,30.17249647
XXBTZUSD,60,20260322,060000,69276,69569.5,69121.5,69332.6,23.33654909
XXBTZUSD,60,20260322,070000,69332.6,69509.4,69204.6,69352.2,16.66416475
XXBTZUSD,60,20260322,080000,69340.5,69343.3,69145.4,69145.5,21.65882057
XXBTZUSD,60,20260322,090000,69145.5,69213.3,69070.6,69141.1,29.65165908
XXBTZUSD,60,20260322,100000,69141.2,69227.4,68902.1,68902.2,18.5360327
XXBTZUSD,60,20260322,110000,68902.2,68973,68561,68795.8,47.53010411
XXBTZUSD,60,20260322,120000,68795.8,68880.6,68573,68819.8,10.93452053
XXBTZUSD,60,20260322,130000,68819.9,68819.9,68597.4,68656.4,7.75837317
XXBTZUSD,60,20260322,140000,68656.4,68671.4,68123.6,68208,72.02113653
XXBTZUSD,60,20260322,150000,68211,68731.6,68172.6,68655,39.54767873
XXBTZUSD,60,20260322,160000,68655.1,68940.2,68544.2,68702.3,45.39831668
XXBTZUSD,60,20260322,170000,68702.3,68894.4,68555.9,68710.8,47.62896951
XXBTZUSD,60,20260322,180000,68710.9,68979.5,68710.9,68824.7,53.58402711
XXBTZUSD,60,20260322,190000,68824.7,68858.8,68693.2,68819.1,22.66922667
XXBTZUSD,60,20260322,200000,68819.1,68833.1,68668.4,68684.5,48.63295518
XXBTZUSD,60,20260322,210000,68684.5,68738.4,68363.9,68599.4,34.10624438
XXBTZUSD,60,20260322,220000,68599.5,68619.8,68110.8,68180.2,217.69368302
XXBTZUSD,60,20260322,230000,68180.2,68484.1,68075,68184.3,41.41899475
XXBTZUSD,60,20260323,000000,68184.3,68199.9,67343.1,67871,310.27149264
XXBTZUSD,60,20260323,010000,67872.4,68377,67571.2,68309.1,75.77657761
XXBTZUSD,60,20260323,020000,68309.1,68443.6,67843.7,67857.1,38.55565229
XXBTZUSD,60,20260323,030000,67857.1,68144.2,67443.2,67677.5,64.2789601
XXBTZUSD,60,20260323,040000,67677.5,68124,67544.3,67900.1,40.07561481
XXBTZUSD,60,20260323,050000,67900.1,68353.3,67808.6,68308,44.55775496
XXBTZUSD,60,20260323,060000,68307.1,68556.9,68047.4,68057.3,38.41157514
XXBTZUSD,60,20260323,070000,68057.3,68520.1,68034.2,68519.7,28.06815238
XXBTZUSD,60,20260323,080000,68519.7,68869.5,68519.7,68869.5,85.44347238
XXBTZUSD,60,20260323,090000,68869.5,68876.9,67692.8,67837.4,49.6238834
XXBTZUSD,60,20260323,100000,67837.4,68429.2,67500.1,68297.8,103.29745529
XXBTZUSD,60,20260323,110000,68307,68665.6,68307,68424.2,69.19712375
XXBTZUSD,60,20260323,120000,68424.2,68445.8,67911.8,68284.3,38.96063831
XXBTZUSD,60,20260323,130000,68303.8,68702.5,68287.7,68540.9,54.34848912
XXBTZUSD,60,20260323,140000,68540.9,71479,68540.8,70070.8,650.50118525
XXBTZUSD,60,20260323,150000,70089.5,70847.4,69669.6,70719.9,245.06506018
XXBTZUSD,60,20260323,160000,70719.9,71605.6,70590,71442.6,209.65268008
XXBTZUSD,60,20260323,170000,71442.7,71816.6,71131.4,71448.9,203.18121673
XXBTZUSD,60,20260323,180000,71437.7,71624.1,70101,70103.8,192.61761774
XXBTZUSD,60,20260323,190000,70109.4,70714.2,70109.4,70533.8,103.99790085
XXBTZUSD,60,20260323,200000,70533.8,71085.2,70340.6,71067.7,77.59126525
XXBTZUSD,60,20260323,210000,71067.8,71164.8,70864.8,71061.8,57.46412901
XXBTZUSD,60,20260323,220000,71061.8,71200,70650.1,70679.3,97.28658139
XXBTZUSD,60,20260323,230000,70662.6,70967.9,70561.7,70888,43.22350088
XXBTZUSD,60,20260324,000000,70895.1,70978.7,70813.1,70833.4,22.0194561
XXBTZUSD,60,20260324,010000,70836.4,70866.7,70499.3,70761.2,144.23998522
XXBTZUSD,60,20260324,020000,70761.2,70951.9,70394.1,70887.2,189.40666586
XXBTZUSD,60,20260324,030000,70887.2,71067.4,70421.1,70671.3,47.42072013
XXBTZUSD,60,20260324,040000,70671.4,70850.2,70263,70492.6,121.87512649
XXBTZUSD,60,20260324,050000,70492.7,70675,70344.5,70428.3,20.30925691
XXBTZUSD,60,20260324,060000,70428.3,70554.6,70384.1,70512.4,23.34117214
XXBTZUSD,60,20260324,070000,70512.4,70705.8,70253.6,70358.7,72.92446295
XXBTZUSD,60,20260324,080000,70358.7,70358.7,70100,70246.3,21.90423002
XXBTZUSD,60,20260324,090000,70258.6,70531.7,70252,70500.4,18.84037865
XXBTZUSD,60,20260324,100000,70500.4,71369,70479,71272.6,99.08931107
XXBTZUSD,60,20260324,110000,71272.7,71313.5,70846,70962,25.41296918
XXBTZUSD,60,20260324,120000,70962,71333.8,70846.6,71306.2,51.7814811
XXBTZUSD,60,20260324,130000,71306.2,71306.2,71083,71239.5,42.41875088
XXBTZUSD,60,20260324,140000,71239.5,71322.2,70953.7,71118.3,35.97584203
XXBTZUSD,60,20260324,150000,71118.3,71161.1,70858.8,70925.1,35.78690074
XXBTZUSD,60,20260324,160000,70925.2,71036.4,69970.7,70073.3,157.82209013
XXBTZUSD,60,20260324,170000,70073.3,70434.8,69500,69824.8,174.29638221
XXBTZUSD,60,20260324,180000,69845.5,70216.9,69757.6,69860.8,69.83053036
XXBTZUSD,60,20260324,190000,69860.9,69973.9,69354.9,69438.9,120.86741909
XXBTZUSD,60,20260324,200000,69438.9,69487.8,68902,69204.2,475.87261989
XXBTZUSD,60,20260324,210000,69204.3,69705,69155.1,69403.6,120.26986859
XXBTZUSD,60,20260324,220000,69403.6,69658.8,69266,69322.9,44.10228353
XXBTZUSD,60,20260324,230000,69323,70257.7,69266,70058.2,157.74366361
XXBTZUSD,60,20260325,000000,70058.2,70355.4,69877.8,70282.1,56.25271835
XXBTZUSD,60,20260325,010000,70282.1,70549.3,70122.8,70286.5,107.21902735
XXBTZUSD,60,20260325,020000,70286.6,70780,70246.6,70515.6,57.09572128
XXBTZUSD,60,20260325,030000,70515.6,70996.5,70452.5,70801.3,73.89548253
XXBTZUSD,60,20260325,040000,70801.3,70932.4,70604.4,70674.2,28.24728569
XXBTZUSD,60,20260325,050000,70659.9,70719.7,70477.2,70488.3,22.52490017
XXBTZUSD,60,20260325,060000,70488.4,70769.2,70374,70700.5,26.76174298
XXBTZUSD,60,20260325,070000,70700.6,70935,70678.5,70920.7,41.44075752
XXBTZUSD,60,20260325,080000,70932.8,71309.7,70919.5,71086,66.29832997
XXBTZUSD,60,20260325,090000,71086,71223.6,70978.8,70978.8,33.3962204
XXBTZUSD,60,20260325,100000,70978.8,71233.8,70855.2,70897.1,79.3329922
XXBTZUSD,60,20260325,110000,70897.2,71475,70791.4,71232.9,87.94051506
XXBTZUSD,60,20260325,120000,71232.9,71375.7,71093.2,71333.4,41.80765606
XXBTZUSD,60,20260325,130000,71333.5,71586.4,71286.9,71477.3,57.29215873
XXBTZUSD,60,20260325,140000,71477.4,71985,71459.7,71658.8,104.31363395
XXBTZUSD,60,20260325,150000,71658.9,71912.2,71122.7,71696.6,120.44089474
XXBTZUSD,60,20260325,160000,71696.7,71920.9,71505.1,71560.8,108.73152122
XXBTZUSD,60,20260325,170000,71560.8,71657.1,71221.2,71224.2,132.24814307
XXBTZUSD,60,20260325,180000,71224.1,71286.5,70543.1,70832.6,129.30814775
XXBTZUSD,60,20260325,190000,70825,71755.2,70723.2,71318.1,130.0838014
XXBTZUSD,60,20260325,200000,71318.1,71366.6,70720,70744.4,97.92366116
XXBTZUSD,60,20260325,210000,70744.4,71111.6,70652.5,70765.8,28.28085857
XXBTZUSD,60,20260325,220000,70765.8,71063.3,70760.8,70838.6,27.45483654
XXBTZUSD,60,20260325,230000,70838.6,71029.7,70638,70982.4,66.7112238
XXBTZUSD,60,20260326,000000,70982.4,71144.3,70936.8,70996.1,34.51848769
XXBTZUSD,60,20260326,010000,70996.1,71548,70932.2,71341.4,47.92793938
XXBTZUSD,60,20260326,020000,71341.4,71411.9,71172,71309.6,28.81738929
XXBTZUSD,60,20260326,030000,71302.2,71406.2,71121.9,71276.1,174.17907474
XXBTZUSD,60,20260326,040000,71276.2,71328.4,71148.2,71243.8,167.08513638
XXBTZUSD,60,20260326,050000,71243.8,71250.5,70676,70862.8,91.08712777
XXBTZUSD,60,20260326,060000,70862.8,70940.1,70676,70857.5,23.44581578
XXBTZUSD,60,20260326,070000,70872.7,70875.2,70686.9,70747,42.40901748
XXBTZUSD,60,20260326,080000,70747,70747,69938.5,69975.4,180.97268395
XXBTZUSD,60,20260326,090000,69975.4,70116.5,69823.7,70053.9,47.2984024
XXBTZUSD,60,20260326,100000,70055.3,70129.9,69779.9,70054.7,21.87300288
XXBTZUSD,60,20260326,110000,70054.7,70096,69771,69974.8,29.84499687
XXBTZUSD,60,20260326,120000,69974.9,70110.1,69376,69547.4,103.94540202
XXBTZUSD,60,20260326,130000,69536.3,69664,69450,69461.6,27.78861814
XXBTZUSD,60,20260326,140000,69461.6,69623.1,69178.5,69255.6,71.50988704
XXBTZUSD,60,20260326,150000,69255.6,69421.7,69215.9,69421.7,49.83154834
XXBTZUSD,60,20260326,160000,69421.7,69830.1,69196,69611.1,125.01364033
XXBTZUSD,60,20260326,170000,69615.9,69801.5,69219.1,69447.7,75.19719466
XXBTZUSD,60,20260326,180000,69447.7,69447.7,68685,69050,224.66139122
XXBTZUSD,60,20260326,190000,69050,69050,68800.1,68881.2,109.52791423
XXBTZUSD,60,20260326,200000,68881.2,69122.8,68400,68439.9,148.49463385
XXBTZUSD,60,20260326,210000,68440,68582.4,68115.8,68446.4,186.20050406
XXBTZUSD,60,20260326,220000,68446.4,68626,68321,68485,167.07464576
XXBTZUSD,60,20260326,230000,68479.5,69402.8,68395.7,68968.4,161.62059818
XXBTZUSD,60,20260327,000000,68968.4,69143.2,68850,68881.6,44.40575667
XXBTZUSD,60,20260327,010000,68881.6,68971,68576.1,68834.7,126.59506487
XXBTZUSD,60,20260327,020000,68834.8,68940.8,68592.6,68780.4,165.66576718
XXBTZUSD,60,20260327,030000,68780.4,68911.2,68501.1,68728.8,98.0091318
XXBTZUSD,60,20260327,040000,68728.8,69000,68659.4,68995.9,22.74684133
XXBTZUSD,60,20260327,050000,68995.9,69112,68834.2,68870.2,34.78817497
XXBTZUSD,60,20260327,060000,68870.2,68870.2,68650,68730.6,23.26511746
XXBTZUSD,60,20260327,070000,68730.6,68749.9,68243.3,68537.2,55.51386709
XXBTZUSD,60,20260327,080000,68537.2,68797.6,68483.3,68571.7,13.98880761
XXBTZUSD,60,20260327,090000,68571.8,68789.8,68527.5,68606.3,28.35806312
XXBTZUSD,60,20260327,100000,68606.4,68903.8,68394.2,68466.8,81.82160331
XXBTZUSD,60,20260327,110000,68476,68569.2,67571,67892.6,262.82360262
XXBTZUSD,60,20260327,120000,67892.7,67904.3,67521.8,67656.2,94.66889255
XXBTZUSD,60,20260327,130000,67656.2,67724.6,66317.6,66457.8,363.94088075
XXBTZUSD,60,20260327,140000,66459.1,66813.5,66214,66670.1,87.86952839
XXBTZUSD,60,20260327,150000,66670.1,66735.1,66398.5,66593.4,93.76032557
XXBTZUSD,60,20260327,160000,66593.4,66694.9,66006.2,66144.6,262.86297378
XXBTZUSD,60,20260327,170000,66144.6,66352,65680.3,66166.2,531.13379579
XXBTZUSD,60,20260327,180000,66163.1,66588.5,65941.3,66074.2,149.14096976
XXBTZUSD,60,20260327,190000,66074.3,66119.9,65778.5,65950.3,111.70237498
XXBTZUSD,60,20260327,200000,65950.3,66266.2,65561.7,65600.1,145.01812276
XXBTZUSD,60,20260327,210000,65600.1,65898.1,65519.7,65809.4,64.74820312
XXBTZUSD,60,20260327,220000,65800.1,66087.2,65658.2,65998.2,73.59396546
XXBTZUSD,60,20260327,230000,65998.2,66087.2,65779.9,65957.8,29.86369628
XXBTZUSD,60,20260328,000000,65970,66118.7,65955.3,66025.4,182.48690673
XXBTZUSD,60,20260328,010000,66039.1,66042.5,65865,65981.6,44.20979567
XXBTZUSD,60,20260328,020000,65981.6,66368.7,65921,66358.3,68.74536067
XXBTZUSD,60,20260328,030000,66360.4,66462.2,66242.4,66369.6,143.83396261
XXBTZUSD,60,20260328,040000,66369.7,66369.7,66001.1,66117.9,194.72980638
XXBTZUSD,60,20260328,050000,66117.9,66186.6,65889,65983.6,37.71467532
XXBTZUSD,60,20260328,060000,65983.6,66191.5,65983.5,66176.3,23.65526376
XXBTZUSD,60,20260328,070000,66183.3,66254.7,66077,66230.7,12.81041452
XXBTZUSD,60,20260328,080000,66237.9,66325.3,66166.6,66301.8,27.81866809
XXBTZUSD,60,20260328,090000,66301.8,66456.6,66253.5,66355.9,33.03711281
XXBTZUSD,60,20260328,100000,66350.3,66500,66350.2,66500,16.61628256
XXBTZUSD,60,20260328,110000,66500,66516.6,66340.3,66354.7,20.557832
XXBTZUSD,60,20260328,120000,66356.9,66356.9,66192.7,66255.1,12.67937597
XXBTZUSD,60,20260328,130000,66255.2,66350.3,66095,66173.1,13.51593189
XXBTZUSD,60,20260328,140000,66173.1,66308.2,66161.3,66276,9.88250499
XXBTZUSD,60,20260328,150000,66276,66466.3,66200,66404.8,26.01997488
XXBTZUSD,60,20260328,160000,66404.8,67101,66371.8,66787.3,230.2084266
XXBTZUSD,60,20260328,170000,66788.3,66898.2,66628.4,66704.1,49.66563501
XXBTZUSD,60,20260328,180000,66704.1,67237.8,66674.5,66976.5,95.92424019
XXBTZUSD,60,20260328,190000,66976.5,67054,66817.9,66876.9,43.51674608
XXBTZUSD,60,20260328,200000,66876.9,66944.6,66645.2,66814.2,24.38676165
XXBTZUSD,60,20260328,210000,66814.3,66899.3,66793.8,66882,30.81134619
XXBTZUSD,60,20260328,220000,66882,66896.5,66764.3,66847.2,5.43241496
XXBTZUSD,60,20260328,230000,66847.3,66953.4,66847.2,66868,30.67152101
XXBTZUSD,60,20260329,000000,66868.1,66875,66523.9,66645.8,22.1841965
XXBTZUSD,60,20260329,010000,66645.7,66737.3,66550,66697.4,24.01303736
XXBTZUSD,60,20260329,020000,66697.4,66697.4,66201.9,66321.7,58.61916475
XXBTZUSD,60,20260329,030000,66321.8,66450.9,66246.5,66429.4,40.2857263
XXBTZUSD,60,20260329,040000,66435.7,66562.3,66338.3,66515.4,34.73056912
XXBTZUSD,60,20260329,050000,66515.5,66772.5,66498.9,66742.6,23.51443083
XXBTZUSD,60,20260329,060000,66747.8,67066.2,66716.2,66846.6,47.6878828
XXBTZUSD,60,20260329,070000,66846.6,66873,66678,66678.1,13.9047988
XXBTZUSD,60,20260329,080000,66678.1,66748.2,66564.5,66733.3,27.99564546
XXBTZUSD,60,20260329,090000,66733.3,66811,66582.8,66684.3,12.89525236
XXBTZUSD,60,20260329,100000,66684.3,66684.3,66508.6,66610.1,7.4951303
XXBTZUSD,60,20260329,110000,66610.1,66707.2,66559.2,66671.7,7.634798
XXBTZUSD,60,20260329,120000,66671.7,66706,66501,66574.2,16.43399636
XXBTZUSD,60,20260329,130000,66574.2,66574.2,66385.9,66464.1,19.18533375
XXBTZUSD,60,20260329,140000,66464.1,66910.3,66464,66749.7,16.36989843
XXBTZUSD,60,20260329,150000,66749.7,66803.3,66654.2,66788.1,20.61242516
XXBTZUSD,60,20260329,160000,66788.1,66788.1,66479,66515.9,36.89726938
XXBTZUSD,60,20260329,170000,66516,66718.3,66415.8,66541.4,48.41933975
XXBTZUSD,60,20260329,180000,66541.4,66657.1,66293.3,66463.5,59.95969899
XXBTZUSD,60,20260329,190000,66463.5,66587,66376.2,66433.1,39.70449109
XXBTZUSD,60,20260329,200000,66433.1,66467.4,66093.8,66325.9,81.4196033
XXBTZUSD,60,20260329,210000,66325.9,66483,66280,66368,21.35694664
XXBTZUSD,60,20260329,220000,66368.1,66422.1,66282,66293,28.14521154
XXBTZUSD,60,20260329,230000,66293,66750,66292.9,66554.4,68.1252376
XXBTZUSD,60,20260330,000000,66554.4,66680,66452,66664.9,97.30727396
XXBTZUSD,60,20260330,010000,66664.9,66664.9,64960,65800.1,494.2075654
XXBTZUSD,60,20260330,020000,65800.1,66317.3,65800.1,65950.3,245.7576507
XXBTZUSD,60,20260330,030000,65950.4,66999,65733.2,66225.4,374.00023177
XXBTZUSD,60,20260330,040000,66225.4,66759.4,66225.4,66576,112.04565138
XXBTZUSD,60,20260330,050000,66591.3,67392.3,66518.4,67059,203.72380248
XXBTZUSD,60,20260330,060000,67059,67242.8,66934.1,67100,77.92360324
XXBTZUSD,60,20260330,070000,67100,67588.9,67099.9,67559.3,100.77358273
XXBTZUSD,60,20260330,080000,67559.4,67724.6,67387.5,67441,65.50869216
XXBTZUSD,60,20260330,090000,67433.4,67521.8,67217.3,67249.7,29.70763277
XXBTZUSD,60,20260330,100000,67249.8,67700.7,67178.8,67556.1,66.73141989
XXBTZUSD,60,20260330,110000,67556.2,67871,67556.1,67605,65.39658419
XXBTZUSD,60,20260330,120000,67605,67627.7,67423,67445.8,56.81419131
XXBTZUSD,60,20260330,130000,67445.8,67449.4,67319.5,67420,41.37715859
XXBTZUSD,60,20260330,140000,67420.1,67916.5,67420,67610.6,74.58603916
XXBTZUSD,60,20260330,150000,67610.6,67899.9,67600.5,67849.1,61.79195652
XXBTZUSD,60,20260330,160000,67849.1,68105.1,67400,67472.4,160.45672594
XXBTZUSD,60,20260330,170000,67472.4,67828.4,67061.5,67758.8,191.82881999
XXBTZUSD,60,20260330,180000,67745.1,67842,67368.9,67570.7,87.40875832
XXBTZUSD,60,20260330,190000,67570.7,67570.7,67183.5,67310,110.82392085
XXBTZUSD,60,20260330,200000,67310,67398.5,66605.3,66767.7,172.67153193
XXBTZUSD,60,20260330,210000,66767.7,66860.7,66470.6,66600.1,97.74786763
XXBTZUSD,60,20260330,220000,66590.8,66599.6,66200,66482.9,373.92556314
XXBTZUSD,60,20260330,230000,66484.2,66620.3,66473,66592.3,29.55567086
XXBTZUSD,60,20260331,000000,66592.3,66930,66541.8,66756.5,78.21062175
XXBTZUSD,60,20260331,010000,66757.3,66930,66641.4,66728.6,49.13023434
XXBTZUSD,60,20260331,020000,66728.7,66728.7,66372.2,66725,39.3540994
XXBTZUSD,60,20260331,030000,66725,67237.5,66495.7,67139.2,112.01897437
XXBTZUSD,60,20260331,040000,67139.3,68325.5,67010.5,67887.9,222.77721094
XXBTZUSD,60,20260331,050000,67881.5,68008.2,67728.6,67900,46.18451954
XXBTZUSD,60,20260331,060000,67900.1,67925.3,67599,67640.5,23.50295243
XXBTZUSD,60,20260331,070000,67640.5,67800,67458.9,67482.1,64.73448627
XXBTZUSD,60,20260331,080000,67482.1,67705.2,67352,67624.9,61.53016036
XXBTZUSD,60,20260331,090000,67624.9,67629.8,67300,67438.9,77.21687916
XXBTZUSD,60,20260331,100000,67439,67461,67053.2,67285.8,155.98819763
XXBTZUSD,60,20260331,110000,67285.8,67424.9,66624,66733.1,249.94273576
XXBTZUSD,60,20260331,120000,66729.5,66831,65939,66050,64.68455448
XXBTZUSD,60,20260331,130000,66050,66408.3,66049.9,66299.8,65.13194901
XXBTZUSD,60,20260331,140000,66299.8,66807.3,66186.4,66640.1,120.87604994
XXBTZUSD,60,20260331,150000,66640.1,66864.4,66472.4,66608.8,142.13083127
XXBTZUSD,60,20260331,160000,66608.8,67336.4,66608.7,67225.9,198.86419023
XXBTZUSD,60,20260331,170000,67226,67681.9,66382.8,66529.5,358.32252335
XXBTZUSD,60,20260331,180000,66529.6,67200,66529.6,66657.4,120.89614293
XXBTZUSD,60,20260331,190000,66657.4,67935.4,66657.4,67599.6,188.70267657
XXBTZUSD,60,20260331,200000,67599.6,68500,67360,67449.3,297.0757671
XXBTZUSD,60,20260331,210000,67449.4,67887.7,67449.4,67784,51.58048865
XXBTZUSD,60,20260331,220000,67786,67949.7,67663.6,67799.4,53.38837732
XXBTZUSD,60,20260331,230000,67775.8,68181.3,67764,68181.3,88.72309579
XXBTZUSD,60,20260401,000000,68181.3,68333.3,67827,68211.6,51.03608476
XXBTZUSD,60,20260401,010000,68211.7,68246.5,67911.8,68103.3,43.95840448
XXBTZUSD,60,20260401,020000,68103.4,68299.1,68039.1,68219.7,45.8999941
XXBTZUSD,60,20260401,030000,68219.7,68261.7,67806.1,68230,68.75757669
XXBTZUSD,60,20260401,040000,68243.2,68284.6,67718.9,67734.2,64.65030098
XXBTZUSD,60,20260401,050000,67734.2,67839.5,67546.2,67607.5,58.71041784
XXBTZUSD,60,20260401,060000,67607.5,68161.2,67607.5,68107.5,52.55247455
XXBTZUSD,60,20260401,070000,68107.6,68396.4,67972.8,68234.8,61.7374244
XXBTZUSD,60,20260401,080000,68234.9,68681.2,68097.8,68393.3,190.87711171
XXBTZUSD,60,20260401,090000,68393.3,69170.1,68393.2,69060.3,184.86732497
XXBTZUSD,60,20260401,100000,69060.4,69250,68650,68665.1,66.49021409
XXBTZUSD,60,20260401,110000,68665.2,68822.7,68438.1,68635.2,49.79198338
XXBTZUSD,60,20260401,120000,68636.6,68695.8,68352.6,68624.8,58.23376546
XXBTZUSD,60,20260401,130000,68624.8,68624.8,68400.1,68556.6,76.77109694
XXBTZUSD,60,20260401,140000,68558.5,68711.4,68490.1,68688.5,50.11536923
XXBTZUSD,60,20260401,150000,68688.6,68757.7,68246.8,68335.5,113.44204038
XXBTZUSD,60,20260401,160000,68358,68632.7,67903.7,68076.2,79.51215808
XXBTZUSD,60,20260401,170000,68085.1,68649.2,68050.1,68588.2,80.60326214
XXBTZUSD,60,20260401,180000,68565.6,68949.2,68408.2,68903.1,105.06609136
XXBTZUSD,60,20260401,190000,68903.1,68954.6,68587.3,68801.5,47.8128778
XXBTZUSD,60,20260401,200000,68800.3,69152.8,68228.8,68232.5,58.16034597
XXBTZUSD,60,20260401,210000,68231.9,68303,67945.9,68064.7,93.29680086
XXBTZUSD,60,20260401,220000,68064.8,68264.3,68016.2,68162.5,54.765295
XXBTZUSD,60,20260401,230000,68159.2,68238.4,67971.9,68176.2,90.98851496
XXBTZUSD,60,20260402,000000,68176.2,68518.7,68161.6,68398.8,60.3464691
XXBTZUSD,60,20260402,010000,68373.1,68373.1,68075.1,68117.8,39.24510862
XXBTZUSD,60,20260402,020000,68113.2,68227.4,67999.4,68098.5,38.07404526
XXBTZUSD,60,20260402,030000,68098.5,68632.7,68054.6,68596.4,69.86199129
XXBTZUSD,60,20260402,040000,68596.4,68596.4,67034.2,67333.7,257.38258064
XXBTZUSD,60,20260402,050000,67349.1,67349.1,66639.8,66861.5,128.14597716
XXBTZUSD,60,20260402,060000,66861.5,66962,66500,66579.3,72.05748375
XXBTZUSD,60,20260402,070000,66579.3,66632.6,66218.7,66326.2,75.77135475
XXBTZUSD,60,20260402,080000,66326.2,66620.4,66307.2,66591.9,51.75272681
XXBTZUSD,60,20260402,090000,66591.9,66802.5,66536.2,66655.1,29.88477408
XXBTZUSD,60,20260402,100000,66655.1,66924.1,66564,66916.9,35.52048202
XXBTZUSD,60,20260402,110000,66916.9,66916.9,66400,66426.1,30.56165186
XXBTZUSD,60,20260402,120000,66426.2,66484.9,66300,66449.3,29.11912005
XXBTZUSD,60,20260402,130000,66449.2,66483.3,66214.1,66439.2,36.23842146
XXBTZUSD,60,20260402,140000,66439.7,66455.3,66135.7,66223.4,73.6566674
XXBTZUSD,60,20260402,150000,66203.5,66227.4,65950,66024.6,91.63511499
XXBTZUSD,60,20260402,160000,66024.7,66258.9,65688.2,66251.9,154.05734762
XXBTZUSD,60,20260402,170000,66252,67069.6,66168,66861.2,318.01176375
XXBTZUSD,60,20260402,180000,66861.2,66962.9,66635,66828,98.21579952
XXBTZUSD,60,20260402,190000,66828,67273.8,66753,67094.3,96.94137848
XXBTZUSD,60,20260402,200000,67094.3,67408.5,66669.1,66675.8,125.37199231
XXBTZUSD,60,20260402,210000,66675.8,67048.9,66590.6,66970.4,36.61675024
XXBTZUSD,60,20260402,220000,66970.4,67088.4,66888,66969,52.43745869
XXBTZUSD,60,20260402,230000,66975.6,67098,66798,66933.1,52.51082008
XXBTZUSD,60,20260403,000000,66933.1,66999.5,66738.1,66918,20.5709633
XXBTZUSD,60,20260403,010000,66918,67028.9,66841.4,66978.1,28.897262
XXBTZUSD,60,20260403,020000,66978.1,67068,66858,66880.8,75.41435219
XXBTZUSD,60,20260403,030000,66885.7,66975,66715.1,66768,77.88401378
XXBTZUSD,60,20260403,040000,66768,66884.8,66500,66618,107.69813133
XXBTZUSD,60,20260403,050000,66618,66723,66288,66512.9,126.45775669
XXBTZUSD,60,20260403,060000,66513,66693,66498,66574.1,28.74005868
XXBTZUSD,60,20260403,070000,66573.1,66676.4,66513,66604.8,29.53415281
XXBTZUSD,60,20260403,080000,66603.1,66796.5,66430.1,66588,44.25118212
XXBTZUSD,60,20260403,090000,66588,66782.6,66571.3,66778.6,39.15216702
XXBTZUSD,60,20260403,100000,66778.6,67234.9,66763.2,67029.7,76.5317499
XXBTZUSD,60,20260403,110000,67029.7,67271.5,66918,66963,16.89141317
XXBTZUSD,60,20260403,120000,66963,66978,66753,66844.9,22.22505626
XXBTZUSD,60,20260403,130000,66845,66885.7,66695,66885.7,16.94042267
XXBTZUSD,60,20260403,140000,66885.7,67033.9,66827,66999.6,30.43484171
XXBTZUSD,60,20260403,150000,66999.6,67369,66619.9,66723.1,70.44714022
XXBTZUSD,60,20260403,160000,66723.1,66723.1,66531.6,66661.6,33.07544846
XXBTZUSD,60,20260403,170000,66661.6,66975,66633,66925.9,113.31701128
XXBTZUSD,60,20260403,180000,66925.4,67000,66814,66819.2,68.60664419
XXBTZUSD,60,20260403,190000,66820.5,67050,66820.4,67005.1,76.33637793
XXBTZUSD,60,20260403,200000,67005.1,67061.5,66768.1,66830.4,159.32753751
XXBTZUSD,60,20260403,210000,66830.5,66926.2,66777,66801.1,52.04653542
XXBTZUSD,60,20260403,220000,66805.8,66887.3,66763.1,66878.6,69.0240561
XXBTZUSD,60,20260403,230000,66878.6,66903,66835,66835.1,66.65990616
XXBTZUSD,60,20260404,000000,66835.1,66959.3,66835,66959.2,29.84873232
XXBTZUSD,60,20260404,010000,66959.3,66959.3,66847.1,66884.3,33.91041397
XXBTZUSD,60,20260404,020000,66881.7,66933,66828.1,66933,13.62111582
XXBTZUSD,60,20260404,030000,66932.9,66936.9,66883,66883,5.61930954
XXBTZUSD,60,20260404,040000,66883.1,66896.3,66834,66843.5,14.06089473
XXBTZUSD,60,20260404,050000,66843.5,66896.3,66816.6,66816.7,7.36321596
XXBTZUSD,60,20260404,060000,66816.7,66896.2,66816.7,66843.1,4.6795431
XXBTZUSD,60,20260404,070000,66843.1,66870.5,66790,66858.8,26.1620592
XXBTZUSD,60,20260404,080000,66858.8,66929.1,66855.4,66912.9,119.86733843
XXBTZUSD,60,20260404,090000,66903.5,67023,66898.8,67013.9,49.26878847
XXBTZUSD,60,20260404,100000,67014,67033.8,66948.1,67022.9,73.84011375
XXBTZUSD,60,20260404,110000,67022.9,67033.8,66918,66918.1,10.50614709
XXBTZUSD,60,20260404,120000,66918.1,66978,66918.1,66958.4,12.5760806
XXBTZUSD,60,20260404,130000,66958.4,67174.9,66918,67151.2,38.05668949
XXBTZUSD,60,20260404,140000,67151.3,67203,67087.8,67121.9,37.35846154
XXBTZUSD,60,20260404,150000,67128,67151.8,67060,67080.6,21.26816351
XXBTZUSD,60,20260404,160000,67080.6,67259.2,67069.1,67174.1,34.70322624
XXBTZUSD,60,20260404,170000,67184.2,67213,67033.9,67200,33.04615931
XXBTZUSD,60,20260404,180000,67200,67500,67179.8,67361.9,71.27112902
XXBTZUSD,60,20260404,190000,67362,67501.3,67323,67361,38.03790401
XXBTZUSD,60,20260404,200000,67361,67394.1,67300,67310.6,71.82894651
XXBTZUSD,60,20260404,210000,67310.7,67350,67264,67293,15.42203178
XXBTZUSD,60,20260404,220000,67293,67534,67278,67283,19.18623615
XXBTZUSD,60,20260404,230000,67283.1,67283.1,67189.7,67258.8,57.3244954
XXBTZUSD,60,20260405,000000,67258.9,67459.1,67203.2,67347.2,41.83887455
XXBTZUSD,60,20260405,010000,67347.3,67443,67338,67375.5,25.4382214
XXBTZUSD,60,20260405,020000,67375.5,67377.5,67258.5,67283.8,21.76826828
XXBTZUSD,60,20260405,030000,67283.8,67283.8,67158.1,67188.3,29.97700741
XXBTZUSD,60,20260405,040000,67179,67202.6,67080,67082.1,18.30176971
XXBTZUSD,60,20260405,050000,67080.1,67143,66968.4,67141.9,28.77466914
XXBTZUSD,60,20260405,060000,67142,67154.9,67098,67113,9.11960991
XXBTZUSD,60,20260405,070000,67113,67160,67058.6,67087.5,8.58640731
XXBTZUSD,60,20260405,080000,67087.5,67123.2,66895,66910.3,11.95134624
XXBTZUSD,60,20260405,090000,66910.3,66933.6,66618,66802.9,46.043324
XXBTZUSD,60,20260405,100000,66800.1,66888,66712.3,66797.9,9.85422215
XXBTZUSD,60,20260405,110000,66798,66915.6,66798,66915.6,30.85365959
XXBTZUSD,60,20260405,120000,66915.6,67029.4,66900.8,67029.4,26.27523579
XXBTZUSD,60,20260405,130000,67029.4,67109.8,66953.3,67027.4,60.8672027
XXBTZUSD,60,20260405,140000,67028.5,67070.8,66951.4,66960.9,76.54530608
XXBTZUSD,60,20260405,150000,66960.9,66960.9,66694.6,66760.1,29.04062017
XXBTZUSD,60,20260405,160000,66760.1,66887.8,66690,66880.8,16.49213868
XXBTZUSD,60,20260405,170000,66880.8,66939.7,66811,66910.3,42.41720722
XXBTZUSD,60,20260405,180000,66910.4,67819.9,66810.8,67273.7,154.55549787
XXBTZUSD,60,20260405,190000,67273.8,67376.1,67166.2,67183.8,25.84930587
XXBTZUSD,60,20260405,200000,67183.8,67373.4,67171.1,67332.3,11.96377535
XXBTZUSD,60,20260405,210000,67342.2,67424.9,67249.5,67380.7,46.2888239
XXBTZUSD,60,20260405,220000,67380.7,67518.9,67272.5,67330.7,73.4009394
XXBTZUSD,60,20260405,230000,67330.7,67681.6,67329.4,67629.2,33.31723979
XXBTZUSD,60,20260406,000000,67629.3,67641.5,67414.4,67508.9,20.33020984
XXBTZUSD,60,20260406,010000,67508.9,68332.1,67343.8,68321.1,163.97188795
XXBTZUSD,60,20260406,020000,68321.2,69098.9,68255.4,68983.7,154.55681973
XXBTZUSD,60,20260406,030000,68983.8,69555,68983.8,69054.3,200.46716826
XXBTZUSD,60,20260406,040000,69054.3,69096.9,68771.1,68771.1,61.42734899
XXBTZUSD,60,20260406,050000,68771.2,69372.6,68771.2,69184.6,50.81278855
XXBTZUSD,60,20260406,060000,69180.2,69220,69043.9,69087.9,27.2821744
XXBTZUSD,60,20260406,070000,69088,69188.3,68970,69115.3,17.24178586
XXBTZUSD,60,20260406,080000,69115.3,69211.7,69080.4,69176.8,36.68949288
XXBTZUSD,60,20260406,090000,69176.8,69323.9,68800.2,68950.1,89.77066613
XXBTZUSD,60,20260406,100000,68950.1,69179.1,68822.7,69075.2,26.8708485
XXBTZUSD,60,20260406,110000,69075.2,69311.4,69072.6,69208,30.89705383
XXBTZUSD,60,20260406,120000,69208,70250,69201.4,69714.1,191.07839123
XXBTZUSD,60,20260406,130000,69714.3,69945,69696.6,69748.9,72.14479096
XXBTZUSD,60,20260406,140000,69748.9,69748.9,69578,69593.4,19.40877122
XXBTZUSD,60,20260406,150000,69596.4,69620.4,69333.4,69356.8,43.66367253
XXBTZUSD,60,20260406,160000,69356.9,69550,69246.9,69394.3,27.04806528
XXBTZUSD,60,20260406,170000,69409.4,69812.1,69167.1,69665.4,108.58315877
XXBTZUSD,60,20260406,180000,69665.4,69971,69551.5,69971,109.43927737
XXBTZUSD,60,20260406,190000,69970.4,70463.7,69809.9,69813.9,370.05832094
XXBTZUSD,60,20260406,200000,69814,69814,69278.4,69570.7,100.53586284
XXBTZUSD,60,20260406,210000,69570.8,69950,69489.4,69899.4,58.20127401
XXBTZUSD,60,20260406,220000,69899.4,69913.3,69601.9,69730,81.87617794
XXBTZUSD,60,20260406,230000,69731.8,69988.3,69628.8,69850.5,78.83974178
XXBTZUSD,60,20260407,000000,69850.6,69850.6,69445.6,69519.7,24.05731792
XXBTZUSD,60,20260407,010000,69519.3,69577.8,68826.5,68826.5,93.10189047
XXBTZUSD,60,20260407,020000,68826.5,68910.1,68350,68861.4,117.85097496
XXBTZUSD,60,20260407,030000,68861.3,69142.3,68731,68768,59.05060233
XXBTZUSD,60,20260407,040000,68766.5,68888.5,68350.1,68410.1,48.65755978
XXBTZUSD,60,20260407,050000,68410.1,68700,68300,68677.4,24.51831955
XXBTZUSD,60,20260407,060000,68677.4,68796.4,68623.7,68779.5,27.31371399
XXBTZUSD,60,20260407,070000,68779.5,68962.9,68540.1,68871.6,29.96801793
XXBTZUSD,60,20260407,080000,68871.6,68871.6,68616.3,68644.4,57.47587827
XXBTZUSD,60,20260407,090000,68658.4,68658.4,68439.4,68571.6,27.78224407
XXBTZUSD,60,20260407,100000,68571.6,68700.6,68499,68623,36.66769819
XXBTZUSD,60,20260407,110000,68623.1,68990.4,68616.6,68946.4,21.93592737
XXBTZUSD,60,20260407,120000,68946.4,69259.4,68946.3,69156.4,63.84879453
XXBTZUSD,60,20260407,130000,69156.5,69198.7,68196.9,68230.1,68.28244405
XXBTZUSD,60,20260407,140000,68230.1,68439.2,68067.7,68347.9,100.22577145
XXBTZUSD,60,20260407,150000,68348,68618.4,68073.3,68379.7,40.80937247
XXBTZUSD,60,20260407,160000,68379.8,68629.8,68200,68240.4,46.19257897
XXBTZUSD,60,20260407,170000,68240.4,68240.4,67752.7,67863.4,74.97579662
XXBTZUSD,60,20260407,180000,67863.5,68237.1,67734.9,68155.6,70.64047241
XXBTZUSD,60,20260407,190000,68155.7,68442.8,68079.6,68222.9,70.31943787
XXBTZUSD,60,20260407,200000,68222.9,68989.5,68195.9,68703,90.50777016
XXBTZUSD,60,20260407,210000,68703,68750,68350.2,68428.8,26.87608527
XXBTZUSD,60,20260407,220000,68433.6,69059.9,68352.6,69015.8,76.97841874
XXBTZUSD,60,20260407,230000,69008,69529.7,69008,69303.6,133.1081279
XXBTZUSD,60,20260408,000000,69303.8,70189.4,69303.8,69912.7,137.70977937
XXBTZUSD,60,20260408,010000,69914.4,71498,69914.4,71498,434.14423856
XXBTZUSD,60,20260408,020000,71498,72728,71199.7,71925,378.39408995
XXBTZUSD,60,20260408,030000,71925,72109.8,71542.4,71688.2,109.12521226
XXBTZUSD,60,20260408,040000,71688.3,71735,71442.1,71461.8,49.27924495
XXBTZUSD,60,20260408,050000,71458.8,71700,71238.3,71337.9,55.37552534
XXBTZUSD,60,20260408,060000,71338,71474.3,71277.1,71288.7,51.92647987
XXBTZUSD,60,20260408,070000,71349.3,71664.9,71341.2,71570.3,12.69525801
XXBTZUSD,60,20260408,080000,71569,71808.7,71549.2,71706.9,41.27365622
XXBTZUSD,60,20260408,090000,71706.9,71919,71588,71713.3,37.05487769
XXBTZUSD,60,20260408,100000,71713.4,71890,71575.6,71620,55.51535277
XXBTZUSD,60,20260408,110000,71620,71821.3,71620,71785,28.3953135
XXBTZUSD,60,20260408,120000,71785,71990.4,71591.7,71674.1,19.59668585
XXBTZUSD,60,20260408,130000,71674.2,71770,71473.5,71491.9,11.41964726
XXBTZUSD,60,20260408,140000,71491.9,71710,71425,71670.8,38.08705843
XXBTZUSD,60,20260408,150000,71670.8,72160,71590,72074.6,88.21314887
XXBTZUSD,60,20260408,160000,72074.6,72850,71496.9,71610.2,318.26954588
XXBTZUSD,60,20260408,170000,71610.3,71739.2,70703,70884.9,149.90626583
XXBTZUSD,60,20260408,180000,70885,71350,70840,71294.5,77.58103765
XXBTZUSD,60,20260408,190000,71294.5,71688.2,71244.4,71611.4,87.36795107
XXBTZUSD,60,20260408,200000,71611.4,71963,71508,71899.7,77.20022228
XXBTZUSD,60,20260408,210000,71899.7,71899.7,71082.7,71106.5,141.25967784
XXBTZUSD,60,20260408,220000,71104.4,71384.2,71014.1,71327.1,75.95866067
XXBTZUSD,60,20260408,230000,71322.4,71489.9,71282.3,71382.2,35.03109235
XXBTZUSD,60,20260409,000000,71382.4,71755,71348,71550.7,47.74112463
XXBTZUSD,60,20260409,010000,71550.7,71571.4,71088.6,71088.7,24.91892819
XXBTZUSD,60,20260409,020000,71088.7,71199.5,70908.1,71109,90.40264475
XXBTZUSD,60,20260409,030000,71090.2,71145.8,70643.6,70826.8,34.55827198
XXBTZUSD,60,20260409,040000,70826.8,70943.8,70465.1,70917.1,41.30925551
XXBTZUSD,60,20260409,050000,70917.1,71182.5,70817.3,71038.9,73.75243206
XXBTZUSD,60,20260409,060000,71041.7,71105.2,70857.1,70994.3,23.79079748
XXBTZUSD,60,20260409,070000,70994.4,71010.7,70756.7,70793.5,14.55678126
XXBTZUSD,60,20260409,080000,70793.6,71083.7,70714.4,70976.3,39.50950315
XXBTZUSD,60,20260409,090000,70976.3,71076,70842,71037.3,22.21678758
XXBTZUSD,60,20260409,100000,71037.4,71116.3,70964.7,70988.4,14.02445318
XXBTZUSD,60,20260409,110000,70988.7,71385.3,70896.2,71263.7,73.55917746
XXBTZUSD,60,20260409,120000,71263.7,71567.7,71116.6,71527.8,36.83886631
XXBTZUSD,60,20260409,130000,71543.3,71543.3,71297.7,71299.6,16.59588593
XXBTZUSD,60,20260409,140000,71299.6,71343,71071.4,71154.3,53.69487559
XXBTZUSD,60,20260409,150000,71154.3,71328.2,71045.9,71271.6,22.28517198
XXBTZUSD,60,20260409,160000,71271.7,71350,70638.5,70806.7,33.15348285
XXBTZUSD,60,20260409,170000,70806.7,71242.3,70536.3,71129.4,65.4453832
XXBTZUSD,60,20260409,180000,71131.9,72356.6,70948.9,72122.3,202.24881641
XXBTZUSD,60,20260409,190000,72141.7,72407.6,71743.2,72078.8,184.37227241
XXBTZUSD,60,20260409,200000,72082.6,72544.9,72079.8,72352,112.87666733
XXBTZUSD,60,20260409,210000,72352,72370.4,71744,71901.2,62.13421304
XXBTZUSD,60,20260409,220000,71901.2,72295.4,71762,72126.8,61.84461892
XXBTZUSD,60,20260409,230000,72112.7,72462.7,72000.5,72434.1,95.83965987
XXBTZUSD,60,20260410,000000,72434.1,72709,72162.9,72250,92.74205985
XXBTZUSD,60,20260410,010000,72250.1,73130.5,71967.3,71967.3,169.48267842
XXBTZUSD,60,20260410,020000,71967.3,72022.4,71588.6,71803.5,70.4904599
XXBTZUSD,60,20260410,030000,71803.5,72024.5,71592.4,71960.3,48.10904858
XXBTZUSD,60,20260410,040000,71960.4,72387.5,71688.8,72160.6,50.62179582
XXBTZUSD,60,20260410,050000,72160.7,72279.7,71938,71952,15.74331282
XXBTZUSD,60,20260410,060000,71952,72011.4,71824.4,71868.4,20.47984162
XXBTZUSD,60,20260410,070000,71868.4,72210.1,71840,72112,13.54962282
XXBTZUSD,60,20260410,080000,72121.6,72266.9,72019.5,72131.8,21.57692257
XXBTZUSD,60,20260410,090000,72131.8,72174.8,71809.1,71826,14.26095859
XXBTZUSD,60,20260410,100000,71826,71844.5,71429.8,71483.9,23.25737407
XXBTZUSD,60,20260410,110000,71483.9,71750,71446,71611.4,219.75884638
XXBTZUSD,60,20260410,120000,71611.4,71869.1,71596,71797.1,51.53361462
XXBTZUSD,60,20260410,130000,71797.1,71924.1,71723.6,71924,43.02780849
XXBTZUSD,60,20260410,140000,71924.1,72270.2,71924,72135.9,123.71620547
XXBTZUSD,60,20260410,150000,72135.9,72460,72039.9,72268.5,62.90467779
XXBTZUSD,60,20260410,160000,72269.8,72429.7,71925.4,72334,147.70330296
XXBTZUSD,60,20260410,170000,72333.5,73163.9,72291.1,72953.4,281.61261522
XXBTZUSD,60,20260410,180000,72947.4,73320,72381.7,72441.3,154.41961104
XXBTZUSD,60,20260410,190000,72456.4,73069.1,72424.1,73012,74.32153383
XXBTZUSD,60,20260410,200000,73012,73148.1,72829.2,73126.7,75.45179812
XXBTZUSD,60,20260410,210000,73126.7,73167.5,72924.9,73138.5,62.8259676
XXBTZUSD,60,20260410,220000,73138.6,73278.8,72926.6,73268.1,82.79145608
XXBTZUSD,60,20260410,230000,73268.1,73455,73090.5,73393.1,163.93070126
XXBTZUSD,60,20260411,000000,73393.1,73393.1,72990.2,73207.1,42.2927044
XXBTZUSD,60,20260411,010000,73207.1,73276.1,72781.5,72904,52.65946634
XXBTZUSD,60,20260411,020000,72904,72974.1,72825.3,72973.8,26.85469306
XXBTZUSD,60,20260411,030000,72973.8,72973.8,72827.7,72864.6,21.89244012
XXBTZUSD,60,20260411,040000,72864.3,73025.3,72712.7,72962,19.79436352
XXBTZUSD,60,20260411,050000,72965.7,73132.1,72950.7,73012.9,31.99014431
XXBTZUSD,60,20260411,060000,73013,73100,72869.4,72896.1,7.93917964
XXBTZUSD,60,20260411,070000,72896.2,72984.6,72734.2,72837.3,72.58332852
XXBTZUSD,60,20260411,080000,72837.3,72871.8,72726.4,72758.5,12.1020682
XXBTZUSD,60,20260411,090000,72758.5,72808.2,72645.8,72806.5,30.60782055
XXBTZUSD,60,20260411,100000,72806.5,72866.9,72698.5,72761.5,13.19701407
XXBTZUSD,60,20260411,110000,72774.7,72835.7,72688.2,72722.1,17.18736846
XXBTZUSD,60,20260411,120000,72722.1,72951.3,72664.1,72944.1,31.68170286
XXBTZUSD,60,20260411,130000,72944.2,72948.3,72817,72877.5,19.11566135
XXBTZUSD,60,20260411,140000,72877.5,72945.3,72870.1,72932.9,16.27708336
XXBTZUSD,60,20260411,150000,72932.9,73011.3,72850,72973.4,20.69083552
XXBTZUSD,60,20260411,160000,72973.4,72973.4,72578.8,72712.4,175.62807544
XXBTZUSD,60,20260411,170000,72712.5,72805.7,72655.5,72757.4,119.21768606
XXBTZUSD,60,20260411,180000,72750.1,72910,72706.9,72901.2,14.36887746
XXBTZUSD,60,20260411,190000,72901.2,73238.7,72856.4,73068.1,49.12377603
XXBTZUSD,60,20260411,200000,73068.1,73192.9,73000,73105.2,16.41204035
XXBTZUSD,60,20260411,210000,73105.2,73750,73091,73549.3,122.38404113
XXBTZUSD,60,20260411,220000,73555,73800,73494.3,73695.4,62.40729389
XXBTZUSD,60,20260411,230000,73695.4,73715,73272.2,73343.5,73.02263823
XXBTZUSD,60,20260412,000000,73343.5,73550.1,73209,73456.1,49.31202346
XXBTZUSD,60,20260412,010000,73456.1,73596.2,73278.6,73406.4,33.17877499
XXBTZUSD,60,20260412,020000,73406.4,73406.4,72948.3,73060.6,42.89124801
XXBTZUSD,60,20260412,030000,73060.6,73139.1,72928.9,73097.1,15.38671029
XXBTZUSD,60,20260412,040000,73097.2,73150,71334.5,71663.5,269.26306996
XXBTZUSD,60,20260412,050000,71663.6,71998.9,71380.3,71800.9,74.01464362
XXBTZUSD,60,20260412,060000,71800.9,71893.3,71627,71627.2,77.3939294
XXBTZUSD,60,20260412,070000,71627.2,71700,71472.6,71503.6,35.34444715
XXBTZUSD,60,20260412,080000,71503.7,71806.8,71464.9,71740,19.89387443
XXBTZUSD,60,20260412,090000,71740,71781,71675.6,71684.5,19.48851526
XXBTZUSD,60,20260412,100000,71685.8,71776.4,71620.1,71730,26.44134107
XXBTZUSD,60,20260412,110000,71730.1,71814.9,71650,71650.1,19.7471757
XXBTZUSD,60,20260412,120000,71655,71655,71548.3,71571.7,19.81642529
XXBTZUSD,60,20260412,130000,71571.7,71700,71400,71486,25.81768913
XXBTZUSD,60,20260412,140000,71486,71557,71421.8,71499.1,54.98539758
XXBTZUSD,60,20260412,150000,71499.1,71534.6,71103.8,71133,95.75153575
XXBTZUSD,60,20260412,160000,71133.1,71185.6,70901,70911.4,85.14046833
XXBTZUSD,60,20260412,170000,70911.4,71106.9,70711.8,70778.7,136.68940503
XXBTZUSD,60,20260412,180000,70778.8,70957.7,70650,70911,65.56218618
XXBTZUSD,60,20260412,190000,70917.7,70971.2,70848.4,70964,31.3367757
XXBTZUSD,60,20260412,200000,70964,71222,70938.5,71150,37.50514962
XXBTZUSD,60,20260412,210000,71163.1,71223.5,71089.8,71171.5,33.80175426
XXBTZUSD,60,20260412,220000,71171.5,71253.7,71113.5,71119.9,34.05110185
XXBTZUSD,60,20260412,230000,71119.9,71470.1,70970.9,71365.1,63.34104047
XXBTZUSD,60,20260413,000000,71365.1,71467.9,71195.1,71357.8,28.19657681
XXBTZUSD,60,20260413,010000,71379.1,71379.1,70517.7,70922.8,113.5032613
XXBTZUSD,60,20260413,020000,70922.9,70922.9,70575,70754.1,35.36240484
XXBTZUSD,60,20260413,030000,70754.1,71259.4,70630.4,71180.8,57.34226268
XXBTZUSD,60,20260413,040000,71180.8,71238.7,71052.4,71204.5,22.83943101
XXBTZUSD,60,20260413,050000,71204.6,71271.3,71007.5,71070.5,14.14424669
XXBTZUSD,60,20260413,060000,71070.5,71150,70938.6,71001.4,12.36757227
XXBTZUSD,60,20260413,070000,71001.4,71139.8,70858.8,70912.7,30.87187156
XXBTZUSD,60,20260413,080000,70902.2,70913,70688.2,70873.8,21.48387781
XXBTZUSD,60,20260413,090000,70879.9,71099.9,70879.9,71050.1,13.58921734
XXBTZUSD,60,20260413,100000,71050.1,71060,70701.8,70832.3,32.64183518
XXBTZUSD,60,20260413,110000,70832.4,70854.8,70595.6,70683.1,67.59630167
XXBTZUSD,60,20260413,120000,70683.2,70900,70683.2,70790,12.46649171
XXBTZUSD,60,20260413,130000,70790,70845.7,70691.6,70737.7,41.30711673
XXBTZUSD,60,20260413,140000,70737.7,71001.7,70737.7,70948.1,19.93649992
XXBTZUSD,60,20260413,150000,70948.1,71216.6,70777.6,71105.4,61.247766
XXBTZUSD,60,20260413,160000,71105.4,71710.3,70833.3,71658.1,216.19550191
XXBTZUSD,60,20260413,170000,71658.1,72435.1,71438.6,72435.1,293.05046408
XXBTZUSD,60,20260413,180000,72435.1,72492.7,71690.1,71897,112.14113428
XXBTZUSD,60,20260413,190000,71894.8,72450,71729.5,72234,118.42145621
XXBTZUSD,60,20260413,200000,72234,72626,72105.5,72183.6,80.59060755
XXBTZUSD,60,20260413,210000,72183.6,72505.3,72095.7,72458.2,48.90757184
XXBTZUSD,60,20260413,220000,72458.2,73499,72327,73351.8,265.82900678
XXBTZUSD,60,20260413,230000,73366.2,73421.9,73044.4,73202.5,67.12332415
XXBTZUSD,60,20260414,000000,73202.5,73384.4,73129.2,73229.4,44.67483114
XXBTZUSD,60,20260414,010000,73229.5,74747.9,73205.9,74657.5,352.4274458
XXBTZUSD,60,20260414,020000,74657.5,74966.2,74440.9,74441.7,187.23235862
XXBTZUSD,60,20260414,030000,74441.2,74529.9,74121.2,74161,80.75673755
XXBTZUSD,60,20260414,040000,74174.5,74459.8,74025.7,74421.3,70.00194771
XXBTZUSD,60,20260414,050000,74421.3,74592.8,74322.8,74370.4,30.50915019
XXBTZUSD,60,20260414,060000,74370.4,74530.5,74300.1,74463.8,45.65226879
XXBTZUSD,60,20260414,070000,74463.8,74529.3,74378.1,74401.2,18.26991772
XXBTZUSD,60,20260414,080000,74401.2,74439.6,74195.2,74214.8,77.93717405
XXBTZUSD,60,20260414,090000,74214.8,74580.6,74214.7,74555.9,40.75287051
XXBTZUSD,60,20260414,100000,74556,74950,74396.2,74563,165.728425
XXBTZUSD,60,20260414,110000,74565.7,74924.7,74488.4,74782.5,53.73547222
XXBTZUSD,60,20260414,120000,74782.6,74868.3,74477.5,74546.8,29.15317678
XXBTZUSD,60,20260414,130000,74546.9,74643.1,74366.2,74395.4,32.68134355
XXBTZUSD,60,20260414,140000,74395.5,74466,74342.6,74405.3,46.66757249
XXBTZUSD,60,20260414,150000,74405.3,74497.9,74307,74465.3,32.71080503
XXBTZUSD,60,20260414,160000,74465.4,75582.8,74461.3,75575.6,501.20240891
XXBTZUSD,60,20260414,170000,75581,76088.3,75071.9,75071.9,681.08448418
XXBTZUSD,60,20260414,180000,75071.9,75492.6,74615.9,75357.7,391.63278065
XXBTZUSD,60,20260414,190000,75357.7,75715.6,74559.7,74657.1,134.63644848
XXBTZUSD,60,20260414,200000,74683.4,74970.3,74289.1,74779.1,106.2947569
XXBTZUSD,60,20260414,210000,74781.7,74848.3,73858.9,74127.2,145.09193055
XXBTZUSD,60,20260414,220000,74127.2,74423,73947.1,74265.1,71.153037
XXBTZUSD,60,20260414,230000,74265,74467.5,74046.3,74110,123.92415941
XXBTZUSD,60,20260415,000000,74110,74330.3,73994.8,74300.6,130.94187426
XXBTZUSD,60,20260415,010000,74307.5,74399.9,73865.8,74061,48.88029178
XXBTZUSD,60,20260415,020000,74056.1,74263,74028.1,74171.4,45.09426388
XXBTZUSD,60,20260415,030000,74171.4,74706.6,74144.5,74612.2,57.4634679
XXBTZUSD,60,20260415,040000,74590.5,74793.5,74544.5,74650.7,42.69515302
XXBTZUSD,60,20260415,050000,74650.7,74729.1,74228,74350.1,36.64366026
XXBTZUSD,60,20260415,060000,74350.1,74396.8,74208.9,74360.5,10.77553427
XXBTZUSD,60,20260415,070000,74360.5,74458.9,74307.4,74362.6,21.39725562
XXBTZUSD,60,20260415,080000,74366.7,74456.1,73915.7,74044.3,34.67584096
XXBTZUSD,60,20260415,090000,74044.4,74044.4,73906.3,73906.4,31.59347418
XXBTZUSD,60,20260415,100000,73906.4,74018,73558.1,73769.8,70.21410175
XXBTZUSD,60,20260415,110000,73769.9,74209.7,73718.7,74141.3,38.14171342
XXBTZUSD,60,20260415,120000,74141.3,74209.7,73932.7,74044.7,31.13271975
XXBTZUSD,60,20260415,130000,74044.7,74253.4,73830.4,73876.3,29.73812802
XXBTZUSD,60,20260415,140000,73876.4,74262.4,73876.3,74220,62.16160831
XXBTZUSD,60,20260415,150000,74221.8,74469.1,74068.7,74307.3,47.23484599
XXBTZUSD,60,20260415,160000,74307.3,74440.9,73845.3,74064.5,97.70362917
XXBTZUSD,60,20260415,170000,74064.6,74522.6,73845.3,74146.4,242.77720129
XXBTZUSD,60,20260415,180000,74146.5,74332.6,73610.3,73839.9,156.19593526
XXBTZUSD,60,20260415,190000,73839.9,74164.3,73779.4,73936.5,37.55784549
XXBTZUSD,60,20260415,200000,73936.6,74235.7,73936.3,74134.1,141.23782583
XXBTZUSD,60,20260415,210000,74134.2,74400,74106,74396.3,224.94938041
XXBTZUSD,60,20260415,220000,74396.4,75280,74377.3,75004.9,238.9056448
XXBTZUSD,60,20260415,230000,75011.2,75037.3,74537.8,74870.4,126.173296
XXBTZUSD,60,20260416,000000,74870.5,74881.3,74547.8,74749.9,71.74906934
XXBTZUSD,60,20260416,010000,74749.9,75438.8,74737,74980.6,82.43466369
XXBTZUSD,60,20260416,020000,74990.3,74990.3,74650,74810.1,61.83421838
XXBTZUSD,60,20260416,030000,74810.1,74856,74496.2,74815.3,84.82568357
XXBTZUSD,60,20260416,040000,74819.9,74819.9,74475,74659.2,12.15039301
XXBTZUSD,60,20260416,050000,74659.2,75253.1,74620.7,74919.1,88.54107498
XXBTZUSD,60,20260416,060000,74913.6,75154,74887.3,74898.5,21.6857304
XXBTZUSD,60,20260416,070000,74898.5,75167.7,74763.1,74963.5,50.26307436
XXBTZUSD,60,20260416,080000,74963.6,75141.6,74921.9,75045.2,25.8065493
XXBTZUSD,60,20260416,090000,75045.3,75100,74872.6,75028.9,31.89261893
XXBTZUSD,60,20260416,100000,75029,75072,74656.9,74706.7,19.54309655
XXBTZUSD,60,20260416,110000,74706.7,74745.1,74548.1,74676.3,114.96286217
XXBTZUSD,60,20260416,120000,74676.3,74890.5,74599.6,74620.1,21.86623267
XXBTZUSD,60,20260416,130000,74620.1,74642.2,74300,74317.2,132.4772377
XXBTZUSD,60,20260416,140000,74317.2,74584.2,74302.2,74583.9,48.03610828
XXBTZUSD,60,20260416,150000,74584,74854.5,74583.9,74630.8,55.56944235
XXBTZUSD,60,20260416,160000,74630.8,75012.9,73310.6,73801.8,350.22919235
XXBTZUSD,60,20260416,170000,73801.9,74185.4,73438.4,73969.9,359.14059524
XXBTZUSD,60,20260416,180000,73973.8,74880.5,73951.5,74730.9,223.77471077
XXBTZUSD,60,20260416,190000,74730.9,74933.7,74099.9,74206,139.65245594
XXBTZUSD,60,20260416,200000,74206,74458.7,73942.3,74345.9,68.92457667
XXBTZUSD,60,20260416,210000,74345.9,75102.9,74247.1,75051.4,187.9743548
XXBTZUSD,60,20260416,220000,75048.7,75419.9,74757,75374.5,165.80025463
XXBTZUSD,60,20260416,230000,75374.6,75500,75025.7,75246.7,129.17596621
XXBTZUSD,60,20260417,000000,75246.8,75287.8,74825.9,74941,59.44198457
XXBTZUSD,60,20260417,010000,74948.6,75121.1,74849.4,74875,18.05554041
XXBTZUSD,60,20260417,020000,74875,75187.9,74864.2,75162.9,37.97537104
XXBTZUSD,60,20260417,030000,75162.9,75168.4,74930,74987.6,26.48700803
XXBTZUSD,60,20260417,040000,74982.1,75051,74580.7,74778.2,57.80306704
XXBTZUSD,60,20260417,050000,74778.2,74799.9,74569.8,74699.6,11.73012188
XXBTZUSD,60,20260417,060000,74699.6,74834.4,74630.1,74630.1,12.87141007
XXBTZUSD,60,20260417,070000,74630.1,74849.9,74617,74787.5,9.76957384
XXBTZUSD,60,20260417,080000,74787.6,74804.1,74574.4,74665,23.29103815
XXBTZUSD,60,20260417,090000,74665,74952.6,74635.6,74935.6,31.14975914
XXBTZUSD,60,20260417,100000,74939.9,75090.5,74939.9,75064,19.67280557
XXBTZUSD,60,20260417,110000,75071.1,75882.7,75008.4,75755.2,94.94183248
XXBTZUSD,60,20260417,120000,75769.9,76384.3,75538.6,75799.3,239.28496793
XXBTZUSD,60,20260417,130000,75795.3,75900,75126.2,75299.6,135.719135
XXBTZUSD,60,20260417,140000,75299.7,75620.6,75259.4,75610.9,37.92760667
XXBTZUSD,60,20260417,150000,75613.1,76300.3,75563,76266,153.25973085
XXBTZUSD,60,20260417,160000,76266,77486.9,76102,77354.3,490.21874586
XXBTZUSD,60,20260417,170000,77380.4,78092.8,77060.5,77943,418.52956916
XXBTZUSD,60,20260417,180000,77943,78037,77500,77834.2,273.34898627
XXBTZUSD,60,20260417,190000,77825.6,78343.6,77773.6,77893.6,266.85437758
XXBTZUSD,60,20260417,200000,77893.6,77929.8,77151.4,77555.4,174.54939929
XXBTZUSD,60,20260417,210000,77555.3,77601.5,77118.1,77201.3,116.17275324
XXBTZUSD,60,20260417,220000,77194.7,77500,77053.8,77450.1,149.71295727
XXBTZUSD,60,20260417,230000,77450.1,77651.7,77200.1,77376.2,63.89572398
XXBTZUSD,60,20260418,000000,77376.2,77500,77307.1,77480.1,45.39513858
XXBTZUSD,60,20260418,010000,77480.1,77544.2,77308.2,77330.7,38.479166
XXBTZUSD,60,20260418,020000,77330.7,77330.7,76882.5,77117.4,103.91468229
XXBTZUSD,60,20260418,030000,77117.4,77273.8,77025.9,77186,28.5804987
XXBTZUSD,60,20260418,040000,77185.9,77359,77153,77247.7,25.41741412
XXBTZUSD,60,20260418,050000,77247.7,77432.1,77163.9,77326.4,12.86713829
XXBTZUSD,60,20260418,060000,77326.5,77326.5,77007.3,77010.4,11.65983545
XXBTZUSD,60,20260418,070000,77010.4,77194.1,76938.8,77154,26.83395079
XXBTZUSD,60,20260418,080000,77154.1,77279.9,77152.2,77174.7,18.41361338
XXBTZUSD,60,20260418,090000,77174.8,77233.1,77081.3,77151.3,12.06733243
XXBTZUSD,60,20260418,100000,77151.3,77151.3,76929,76999.7,19.60118259
XXBTZUSD,60,20260418,110000,76999.8,77041.5,76533.1,76766.2,83.77842632
XXBTZUSD,60,20260418,120000,76766.3,76766.3,76452.2,76619.9,67.62289123
XXBTZUSD,60,20260418,130000,76619.9,76619.9,76160.4,76194.1,78.9219355
XXBTZUSD,60,20260418,140000,76197,76199.9,75802,76068.5,71.92310733
XXBTZUSD,60,20260418,150000,76068.5,76305.5,76068.5,76232,40.08903749
XXBTZUSD,60,20260418,160000,76232.1,76232.1,75827.8,76150,64.12572824
XXBTZUSD,60,20260418,170000,76143.4,76298.3,76014.3,76281.2,31.65283198
XXBTZUSD,60,20260418,180000,76281.3,76397.1,76053,76200.7,29.60636827
XXBTZUSD,60,20260418,190000,76200.7,76242.6,75734.7,75972.7,77.97095226
XXBTZUSD,60,20260418,200000,75972.7,75974,75820.4,75856.8,22.38032444
XXBTZUSD,60,20260418,210000,75856.8,75856.8,75500,75682.3,68.20840873
XXBTZUSD,60,20260418,220000,75682.3,75816.1,75618,75686.8,11.97884887
XXBTZUSD,60,20260418,230000,75686.9,75868.2,75629.9,75786.5,26.59390382
XXBTZUSD,60,20260419,000000,75786.5,75869.8,75635.5,75842.6,10.86478272
XXBTZUSD,60,20260419,010000,75842.6,75883,75651.7,75850,21.19553131
XXBTZUSD,60,20260419,020000,75850.1,75905.9,75728.7,75728.8,11.23245332
XXBTZUSD,60,20260419,030000,75728.8,75863.5,75595.4,75699.2,25.50193069
XXBTZUSD,60,20260419,040000,75699.2,75808.6,75514,75643.5,18.031394
XXBTZUSD,60,20260419,050000,75643.5,75736.9,75454.5,75538.5,71.38801187
XXBTZUSD,60,20260419,060000,75538.5,75662.7,75407.3,75554.7,28.47335546
XXBTZUSD,60,20260419,070000,75554.8,75802.1,75459.7,75688.1,19.66780976
XXBTZUSD,60,20260419,080000,75688.1,75689.9,75563.9,75580.6,9.41824532
XXBTZUSD,60,20260419,090000,75580.6,75580.6,75334.4,75412.9,20.52497839
XXBTZUSD,60,20260419,100000,75412.9,75412.9,74934.4,75295.4,81.20807881
XXBTZUSD,60,20260419,110000,75295.5,75309.9,75139.8,75282.3,24.73661471
XXBTZUSD,60,20260419,120000,75282.3,75289.9,74963.6,75047.1,12.15264332
XXBTZUSD,60,20260419,130000,75047.1,75265,74987.8,75264.9,27.73252522
XXBTZUSD,60,20260419,140000,75265,75647.8,75264.9,75626.5,31.93617746
XXBTZUSD,60,20260419,150000,75626.5,75725.2,75458.4,75625.4,38.37872309
XXBTZUSD,60,20260419,160000,75625.4,76274.6,75611.2,75950.7,58.19150532
XXBTZUSD,60,20260419,170000,75950.7,76167.6,75724.9,76055.1,28.18865509
XXBTZUSD,60,20260419,180000,76055.1,76192.5,75450,75865.7,21.23583003
XXBTZUSD,60,20260419,190000,75865.7,75882.4,75345.1,75395,37.18372979
XXBTZUSD,60,20260419,200000,75395.1,75410.1,74678.9,74818.2,122.21002081
XXBTZUSD,60,20260419,210000,74819.9,74916.6,74640.6,74801.2,85.88869357
XXBTZUSD,60,20260419,220000,74804.3,75084.9,74804.3,75005.2,48.87633862
XXBTZUSD,60,20260419,230000,74984.5,74984.5,74447.4,74660.5,73.57177442
XXBTZUSD,60,20260420,000000,74660.5,74835.6,74409.9,74451.5,21.39906214
XXBTZUSD,60,20260420,010000,74451.6,74451.6,73809.7,74088.8,184.08761671
XXBTZUSD,60,20260420,020000,74080.1,74080.1,73827.6,73827.6,64.33199588
XXBTZUSD,60,20260420,030000,73827.6,74373,73637.3,74315.2,88.37306218
XXBTZUSD,60,20260420,040000,74314.6,74766.5,74249.1,74622.5,43.80040424
XXBTZUSD,60,20260420,050000,74622.6,74664,74336.5,74441.1,39.45014113
XXBTZUSD,60,20260420,060000,74441.1,74669.9,74388.3,74669.1,14.22105816
XXBTZUSD,60,20260420,070000,74669.1,74669.7,74476.1,74587.2,13.2751132
XXBTZUSD,60,20260420,080000,74587.2,74587.2,74146.6,74300.6,45.80411809
XXBTZUSD,60,20260420,090000,74300.6,74906.8,74284.9,74817,68.06535048
XXBTZUSD,60,20260420,100000,74817,75574.8,74700.3,74833.7,84.96794749
XXBTZUSD,60,20260420,110000,74833.7,75003.6,74655.5,74742.2,36.32792923
XXBTZUSD,60,20260420,120000,74742.2,75249.1,74742.1,75064.6,159.80495078
XXBTZUSD,60,20260420,130000,75064.6,75411.7,75051.2,75051.3,22.73385334
XXBTZUSD,60,20260420,140000,75051.3,75299.8,75000,75219,34.03257326
XXBTZUSD,60,20260420,150000,75219,75678.2,75105.2,75323.5,54.43651519
XXBTZUSD,60,20260420,160000,75323.5,75453.5,74916.8,75309.6,167.57017437
XXBTZUSD,60,20260420,170000,75309.6,75788.3,74950.4,75056.3,84.12723727
XXBTZUSD,60,20260420,180000,75069.3,75797.3,74744,75755.3,90.52122111
XXBTZUSD,60,20260420,190000,75755.3,75755.3,75333.9,75361.3,30.97912776
XXBTZUSD,60,20260420,200000,75361.3,75999.8,75333,75925.5,62.76634649
XXBTZUSD,60,20260420,210000,75925.5,76477.5,75925.5,76450,186.39740213
XXBTZUSD,60,20260420,220000,76450.5,76511.7,76179,76335.4,99.78955268
XXBTZUSD,60,20260420,230000,76331.5,76588,76163.5,76312.3,71.01199989
XXBTZUSD,60,20260421,000000,76312.3,76399.8,75823.5,75980.4,48.57503581
XXBTZUSD,60,20260421,010000,75980.4,76175.7,75934.6,75998,90.44180243
XXBTZUSD,60,20260421,020000,75998,75998,75637.4,75848.3,168.58784037
XXBTZUSD,60,20260421,030000,75848.3,76111.8,75730.9,76111.6,174.44957087
XXBTZUSD,60,20260421,040000,76111.7,76261,75898.7,75955.1,49.46569268
XXBTZUSD,60,20260421,050000,75955.1,75955.1,75612.5,75635.1,26.64954333
XXBTZUSD,60,20260421,060000,75630.7,75748.3,75508.9,75745.1,8.57133674
XXBTZUSD,60,20260421,070000,75745.1,75848,75644.6,75848,15.59563336
XXBTZUSD,60,20260421,080000,75848,76000,75823.1,75839.2,57.68450192
XXBTZUSD,60,20260421,090000,75839.2,76139.2,75744.7,75999.7,32.76795946
XXBTZUSD,60,20260421,100000,75999.8,76326.5,75852.1,76124.5,55.72065017
XXBTZUSD,60,20260421,110000,76124.5,77169.6,76100.1,76545,161.74662848
XXBTZUSD,60,20260421,120000,76545.1,76585,76194,76385.4,36.35400629
XXBTZUSD,60,20260421,130000,76385.5,76900,76385.4,76797.8,105.92626959
XXBTZUSD,60,20260421,140000,76797.9,76797.9,76387,76486,47.77428494
XXBTZUSD,60,20260421,150000,76486,76520,75741.3,76049.4,89.28639341
XXBTZUSD,60,20260421,160000,76049.4,76200,75780.1,75899.2,97.85891566
XXBTZUSD,60,20260421,170000,75899.3,76599.8,75660.9,75698.2,93.61961861
XXBTZUSD,60,20260421,180000,75698.2,75993.1,75475.2,75850.8,167.27799158
XXBTZUSD,60,20260421,190000,75853,76184.1,75785.3,75799.9,56.80741947
XXBTZUSD,60,20260421,200000,75800,75883.8,75096.8,75567.5,97.49263
XXBTZUSD,60,20260421,210000,75567.6,75661.8,75330.4,75626.1,31.84666595
XXBTZUSD,60,20260421,220000,75626.2,75927.3,74850,75031.2,125.7516225
XXBTZUSD,60,20260421,230000,75041.6,75865.6,74999.9,75739.7,77.99580129
XXBTZUSD,60,20260422,000000,75720.4,75793.5,75487.7,75558.7,25.18799628
XXBTZUSD,60,20260422,010000,75565.1,75753,75330.6,75669.8,107.63174951
XXBTZUSD,60,20260422,020000,75669.6,76422.5,75650.3,76351.9,269.77211378
XXBTZUSD,60,20260422,030000,76350.3,76500,76242.7,76384.4,50.96790024
XXBTZUSD,60,20260422,040000,76384.5,76416.6,76151.3,76318.3,27.65344835
XXBTZUSD,60,20260422,050000,76318.4,77653.6,76242.1,77616.5,156.58088664
XXBTZUSD,60,20260422,060000,77616.7,77726.9,77422,77561.6,94.1960477
XXBTZUSD,60,20260422,070000,77561.6,77698.9,77377.5,77538.3,45.81702895
XXBTZUSD,60,20260422,080000,77538.4,78429.6,77456.4,77994.1,213.5160889
XXBTZUSD,60,20260422,090000,77994.1,78042.3,77913.8,78000.1,98.40958108
XXBTZUSD,60,20260422,100000,77998.8,78127,77839,78010.5,70.20642433
XXBTZUSD,60,20260422,110000,78010.5,78198.1,77956.2,78037.5,71.21875209
XXBTZUSD,60,20260422,120000,78028.9,78193.6,77971.7,78029.4,28.0514573
XXBTZUSD,60,20260422,130000,78025.1,78183.6,77963.8,78164.7,41.78411077
XXBTZUSD,60,20260422,140000,78164.7,78391.9,78121.9,78304.3,91.77233425
XXBTZUSD,60,20260422,150000,78304.3,78519.6,78139.4,78259.6,89.56806031
XXBTZUSD,60,20260422,160000,78259.6,78862.3,78203.7,78862.2,160.1725324
XXBTZUSD,60,20260422,170000,78862.3,79200,78602.5,79085.1,264.47128208
XXBTZUSD,60,20260422,180000,79085.1,79445,78895,79334.7,222.57071758
XXBTZUSD,60,20260422,190000,79334.7,79490.7,78669.1,78753.9,211.17871502
XXBTZUSD,60,20260422,200000,78753.9,79082.9,78730.2,78927.8,64.30950519
XXBTZUSD,60,20260422,210000,78927.8,79167.1,78873.1,79031.7,44.62187188
XXBTZUSD,60,20260422,220000,79031.7,79086.6,78734,78869.1,81.09412373
XXBTZUSD,60,20260422,230000,78868.4,78936.1,78436.7,78446.8,105.33465726
XXBTZUSD,60,20260423,000000,78448.8,78849.2,78444.8,78789.3,63.17319367
XXBTZUSD,60,20260423,010000,78789.2,78850,78500,78640.3,49.07402115
XXBTZUSD,60,20260423,020000,78640.3,78640.3,78200,78204,37.66812904
XXBTZUSD,60,20260423,030000,78204,78588.8,77608.4,78415.4,123.26809569
XXBTZUSD,60,20260423,040000,78436.6,78467.8,78100.3,78383,28.94001514
XXBTZUSD,60,20260423,050000,78383,78383,77788.4,77986.1,28.64733863
XXBTZUSD,60,20260423,060000,77967.1,78027.9,77517.2,77752.2,39.47880205
XXBTZUSD,60,20260423,070000,77762.5,77942.4,77709.1,77942.4,36.90812536
XXBTZUSD,60,20260423,080000,77942.4,78107.2,77801.2,78042.9,54.69164443
XXBTZUSD,60,20260423,090000,78042.9,78389.5,78042.9,78223.9,42.63262809
XXBTZUSD,60,20260423,100000,78223.9,78261.1,78012.6,78033.2,14.13508482
XXBTZUSD,60,20260423,110000,78049.7,78179.9,77754.9,77892.6,32.40283854
XXBTZUSD,60,20260423,120000,77892.6,77892.6,77481.2,77683.6,21.44907093
XXBTZUSD,60,20260423,130000,77683.6,77736.9,77205.6,77417.6,108.8945529
XXBTZUSD,60,20260423,140000,77417.6,77754.9,77406.9,77745.2,35.0421419
XXBTZUSD,60,20260423,150000,77726.7,77889.3,77580.6,77886.5,49.86064615
XXBTZUSD,60,20260423,160000,77886.5,77933.9,77429.2,77554.3,72.19693118
XXBTZUSD,60,20260423,170000,77554.3,78222.8,77447,78215.8,79.82560998
XXBTZUSD,60,20260423,180000,78215.8,78690.1,78014.4,78404.3,105.00169144
XXBTZUSD,60,20260423,190000,78407.2,78536.8,78064.3,78135.6,66.19063071
XXBTZUSD,60,20260423,200000,78135.5,78207.9,76984.3,77798.4,168.15773239
XXBTZUSD,60,20260423,210000,77798.4,78166.4,77710.6,77726.7,62.16295179
XXBTZUSD,60,20260423,220000,77709.2,77900,77631.8,77757.1,54.05834535
XXBTZUSD,60,20260423,230000,77746.7,78066.6,77680.6,77903,34.12967935
XXBTZUSD,60,20260424,000000,77905.9,78092.7,77817.7,77906.5,27.30888224
XXBTZUSD,60,20260424,010000,77901.4,78344.8,77901.3,78262.7,36.15455919
XXBTZUSD,60,20260424,020000,78263.8,78300,78063,78283.6,21.69502193
XXBTZUSD,60,20260424,030000,78283.1,78499,78208.2,78421.3,60.28039929
XXBTZUSD,60,20260424,040000,78421.3,78465.9,78007.2,78462.7,34.61764371
XXBTZUSD,60,20260424,050000,78460.1,78580.7,78110.5,78168.6,33.14423331
XXBTZUSD,60,20260424,060000,78158.4,78197.8,77600,77759.6,38.61572815
XXBTZUSD,60,20260424,070000,77759.6,77875.8,77510.9,77707,25.90068346
XXBTZUSD,60,20260424,080000,77707.1,78043.6,77494.1,77975.3,29.74633777
XXBTZUSD,60,20260424,090000,77975.4,78008.2,77793.8,77811.4,8.04769196
XXBTZUSD,60,20260424,100000,77811.4,77863.1,77578.3,77647.3,33.96156984
XXBTZUSD,60,20260424,110000,77662.3,78028.5,77597.2,77813.5,45.14572814
XXBTZUSD,60,20260424,120000,77813.5,77820.9,77447.6,77539.4,40.30974559
XXBTZUSD,60,20260424,130000,77539.4,77791.9,77480.3,77777.3,33.07933002
XXBTZUSD,60,20260424,140000,77777.4,78394.1,77777.3,78264.1,95.08189868
XXBTZUSD,60,20260424,150000,78264.1,78350,78033.4,78263.9,49.23469803
XXBTZUSD,60,20260424,160000,78277.3,78476.6,77921.6,78112.6,61.80098214
XXBTZUSD,60,20260424,170000,78112.6,78112.6,77706.4,78069.8,235.89587015
XXBTZUSD,60,20260424,180000,78069.7,78250,77615.1,78060,102.6263595
XXBTZUSD,60,20260424,190000,78060,78080,77615.2,77806.7,65.68470407
XXBTZUSD,60,20260424,200000,77806.8,77835.9,77521.8,77686.9,42.87532404
XXBTZUSD,60,20260424,210000,77686.9,77725.4,77384.7,77630.8,37.19905737
XXBTZUSD,60,20260424,220000,77632.4,77759.7,77552.5,77631.9,128.59298463
XXBTZUSD,60,20260424,230000,77631.9,77788,77486.8,77741.2,225.17161544
XXBTZUSD,60,20260425,000000,77741.2,77770,77570.9,77590,33.66666987
XXBTZUSD,60,20260425,010000,77590.1,77631.5,77282.6,77356.8,30.64895379
XXBTZUSD,60,20260425,020000,77356.9,77475,77356.8,77455,24.17397708
XXBTZUSD,60,20260425,030000,77455,77500,77333.1,77476.4,19.64170257
XXBTZUSD,60,20260425,040000,77476.4,77635.4,77457.2,77575.9,6.97557237
XXBTZUSD,60,20260425,050000,77575.9,77673.7,77544,77651.2,18.36442203
XXBTZUSD,60,20260425,060000,77651.3,77732.5,77591,77680.8,11.72261352
XXBTZUSD,60,20260425,070000,77680.8,77706.6,77635.2,77653.7,6.03050918
XXBTZUSD,60,20260425,080000,77653.7,77653.7,77509.8,77546.1,3.08301388
XXBTZUSD,60,20260425,090000,77546.1,77606.5,77521,77545,7.86163257
XXBTZUSD,60,20260425,100000,77543.7,77586.7,77470.6,77528.4,6.8356983
XXBTZUSD,60,20260425,110000,77528.4,77675,77509.9,77649.4,3.73314693
XXBTZUSD,60,20260425,120000,77660.2,77794.7,77621.1,77736.2,12.37466038
XXBTZUSD,60,20260425,130000,77736.2,77876.3,77736.1,77801.5,21.44385255
XXBTZUSD,60,20260425,140000,77801.5,77801.5,77638.4,77696.8,25.00133167
XXBTZUSD,60,20260425,150000,77696.8,77737.2,77580,77581.4,13.28791689
XXBTZUSD,60,20260425,160000,77581.4,77726,77580,77715.7,26.89418158
XXBTZUSD,60,20260425,170000,77715.7,77785.9,77653.1,77666.3,60.64970098
XXBTZUSD,60,20260425,180000,77666.4,77720.7,77354.9,77365,18.40471912
XXBTZUSD,60,20260425,190000,77365.1,77479.3,77145.3,77429.6,70.7778157
XXBTZUSD,60,20260425,200000,77429.6,77429.6,77250,77276.8,12.75619349
XXBTZUSD,60,20260425,210000,77276.8,77400.2,77250,77327.7,22.52265158
XXBTZUSD,60,20260425,220000,77320.5,77352.2,77199.7,77342.3,19.89304664
XXBTZUSD,60,20260425,230000,77342.3,77500,77326.7,77500,14.44418351
XXBTZUSD,60,20260426,000000,77499.9,77544,77428.2,77540.5,26.47502532
XXBTZUSD,60,20260426,010000,77540.5,77643,77517.6,77580.7,27.53465513
XXBTZUSD,60,20260426,020000,77580.7,77653.9,77544.8,77648.5,7.95220829
XXBTZUSD,60,20260426,030000,77648.5,77661.6,77478.4,77533.8,10.36889007
XXBTZUSD,60,20260426,040000,77533.8,77587.4,77481,77481,3.01714568
XXBTZUSD,60,20260426,050000,77481.1,77605,77481,77518.4,4.70470711
XXBTZUSD,60,20260426,060000,77522.2,77561.1,77356.2,77402.3,23.08532549
XXBTZUSD,60,20260426,070000,77402.3,77815,77395.8,77790.1,13.76782899
XXBTZUSD,60,20260426,080000,77790.1,78193.6,77750,77998.8,47.39967961
XXBTZUSD,60,20260426,090000,77998.8,78054.8,77925.1,78009.9,8.58077458
XXBTZUSD,60,20260426,100000,78010,78111.1,77985.3,78111.1,38.98946036
XXBTZUSD,60,20260426,110000,78111.1,78231.8,78042.8,78056.8,21.8101882
XXBTZUSD,60,20260426,120000,78056.9,78056.9,77953.7,77980,43.94671791
XXBTZUSD,60,20260426,130000,77980,78050,77968.1,78000,6.25233744
XXBTZUSD,60,20260426,140000,78000.1,78165.9,78000,78120.9,25.62402184
XXBTZUSD,60,20260426,150000,78120.9,78120.9,77759.2,77847.6,34.22315158
XXBTZUSD,60,20260426,160000,77847.6,78007,77809.9,77971,22.04610445
XXBTZUSD,60,20260426,170000,77971,78174.6,77888,78103.8,33.42576957
XXBTZUSD,60,20260426,180000,78103.9,78139.2,78024.7,78068.9,16.55157605
XXBTZUSD,60,20260426,190000,78068.9,78095,77957.4,77957.5,20.94236585
XXBTZUSD,60,20260426,200000,77957.5,78070.8,77856.7,78049.7,26.0916938
XXBTZUSD,60,20260426,210000,78049.7,78363.7,78028,78301.4,59.0481597
XXBTZUSD,60,20260426,220000,78301.4,78500.2,78054.9,78263.4,52.73757112
XXBTZUSD,60,20260426,230000,78263.4,78400,78190.7,78227.1,26.62431647
XXBTZUSD,60,20260427,000000,78227,78964.8,77885.7,78417.9,79.23414403
XXBTZUSD,60,20260427,010000,78424.4,78843,78016.7,78350.5,54.43449587
XXBTZUSD,60,20260427,020000,78350.4,78919.8,78064.4,78653.8,53.3340176
XXBTZUSD,60,20260427,030000,78653.8,79357.3,78415.1,79279,163.43421902
XXBTZUSD,60,20260427,040000,79278.4,79481.2,78769.1,79271.5,77.3859375
XXBTZUSD,60,20260427,050000,79290.2,79299.3,79058.7,79161.8,39.96318254
XXBTZUSD,60,20260427,060000,79161.8,79311.1,79100.1,79110,23.90024869
XXBTZUSD,60,20260427,070000,79110,79150.1,78901.2,78925,32.94130897
XXBTZUSD,60,20260427,080000,78925,78946.5,77601,77800.1,235.83533277
XXBTZUSD,60,20260427,090000,77800.1,77900.1,77500,77723.9,89.22050057
XXBTZUSD,60,20260427,100000,77723.9,77769.2,77570.9,77650,80.86286341
XXBTZUSD,60,20260427,110000,77650.1,77808,77588.4,77807.9,55.61778806
XXBTZUSD,60,20260427,120000,77808,77969.8,77724.9,77910.1,33.77113084
XXBTZUSD,60,20260427,130000,77910.1,77940.6,77815,77864.1,46.77402184
XXBTZUSD,60,20260427,140000,77864.2,77900.1,77741.1,77840.8,42.66739273
XXBTZUSD,60,20260427,150000,77840.8,77902.7,77633.1,77645.1,42.72796918
XXBTZUSD,60,20260427,160000,77662.5,77966,77590,77751.5,55.68300566
XXBTZUSD,60,20260427,170000,77751.6,78252.7,77700.1,77813.5,299.76328223
XXBTZUSD,60,20260427,180000,77813.5,77828.8,76589.3,76791.1,312.68797361
XXBTZUSD,60,20260427,190000,76791.1,76869.8,76564,76609,50.55413105
XXBTZUSD,60,20260427,200000,76609,76923.4,76608.9,76728.2,50.63044309
XXBTZUSD,60,20260427,210000,76735.9,76879.1,76657.3,76820.9,34.17902609
XXBTZUSD,60,20260427,220000,76821,76889.9,76480.4,76857.7,290.15582624
XXBTZUSD,60,20260427,230000,76865,77080.4,76839.7,76977.3,43.75763581
XXBTZUSD,60,20260428,000000,76977.3,76981,76790.4,76793.9,32.16257475
XXBTZUSD,60,20260428,010000,76793.9,77077.5,76773.5,77057.8,13.69845666
XXBTZUSD,60,20260428,020000,77057.9,77428.4,77013.3,77374.7,32.11888882
XXBTZUSD,60,20260428,030000,77374.7,77463.2,77214.4,77372.4,33.26011409
XXBTZUSD,60,20260428,040000,77372.4,77391.8,77050,77092.8,16.19723857
XXBTZUSD,60,20260428,050000,77092.8,77214.8,76687.4,76883.3,44.00755777
XXBTZUSD,60,20260428,060000,76883.4,77799,76682.5,76826.3,339.35190304
XXBTZUSD,60,20260428,070000,76826.3,76938.1,76707.7,76890.1,21.61677414
XXBTZUSD,60,20260428,080000,76890.1,77143.5,76820.1,76894.7,32.1700413
XXBTZUSD,60,20260428,090000,76879.6,77024.1,76600,76708.3,25.19357737
XXBTZUSD,60,20260428,100000,76706.7,76901.9,76440.4,76868.9,25.58018464
XXBTZUSD,60,20260428,110000,76868.9,76993.5,76737.9,76850.8,29.88500468
XXBTZUSD,60,20260428,120000,76850.8,76856.3,76505.5,76598.1,15.84591751
XXBTZUSD,60,20260428,130000,76598.1,76694.9,76499,76610.3,34.14706179
XXBTZUSD,60,20260428,140000,76610.4,76639.3,76125.2,76195.9,154.97527563
XXBTZUSD,60,20260428,150000,76195.9,76398.4,76159.2,76363.1,38.04012872
XXBTZUSD,60,20260428,160000,76363.1,76394.4,75956.3,76187.6,292.64173755
XXBTZUSD,60,20260428,170000,76187.6,76187.6,75652.1,75936.4,97.42843589
XXBTZUSD,60,20260428,180000,75936.5,76077,75851.7,76034.7,49.08180955
XXBTZUSD,60,20260428,190000,76034.7,76194,75875.3,76112.5,55.8270833
XXBTZUSD,60,20260428,200000,76112.5,76250,75956,76191.2,164.87838154
XXBTZUSD,60,20260428,210000,76191.2,76250,76125.1,76222.6,24.69380975
XXBTZUSD,60,20260428,220000,76222.7,76367.9,76055.2,76310.5,38.44485256
XXBTZUSD,60,20260428,230000,76313.3,76475.2,76313.3,76475.2,48.98142073
XXBTZUSD,60,20260429,000000,76475.2,76482.1,76275.1,76354.8,19.510369
XXBTZUSD,60,20260429,010000,76354.8,76436,76221.1,76239.4,20.36466927
XXBTZUSD,60,20260429,020000,76239.4,76359.7,76196.8,76331.9,9.73486449
XXBTZUSD,60,20260429,030000,76331.9,76523.9,76272.1,76500.1,49.21958249
XXBTZUSD,60,20260429,040000,76500.1,76643.3,76181.5,76551.2,34.48757028
XXBTZUSD,60,20260429,050000,76551.3,76643.3,76402.8,76498.8,12.59106298
XXBTZUSD,60,20260429,060000,76498.8,77086,76498.7,76983.4,61.70906251
XXBTZUSD,60,20260429,070000,76983.4,77418.7,76872.9,77267.6,51.77853017
XXBTZUSD,60,20260429,080000,77267.6,77310.5,77198,77268.4,21.49649163
XXBTZUSD,60,20260429,090000,77268.4,77315.1,76942.5,76998.8,60.09200406
XXBTZUSD,60,20260429,100000,76998.8,77149.3,76998.8,77038.4,11.70556609
XXBTZUSD,60,20260429,110000,77037.5,77131.3,76999,77033.3,80.93832511
XXBTZUSD,60,20260429,120000,77033.3,77773,76982.6,77649.9,122.12543174
XXBTZUSD,60,20260429,130000,77650,77888,77559.1,77618.2,60.77136776
XXBTZUSD,60,20260429,140000,77618.2,77675.2,77482.5,77598.2,27.16698579
XXBTZUSD,60,20260429,150000,77598.2,77598.2,76993,77133.3,103.12407424
XXBTZUSD,60,20260429,160000,77133.3,77217.1,76417.7,76754.5,120.59400212
XXBTZUSD,60,20260429,170000,76767.8,76834.3,76480.8,76559.4,55.64926469
XXBTZUSD,60,20260429,180000,76559.5,76610,75700,75880.5,178.72015095
XXBTZUSD,60,20260429,190000,75880.5,76098.6,75667.8,75754.3,144.463301
XXBTZUSD,60,20260429,200000,75754.4,76139.2,75754.4,76139.2,37.03064499
XXBTZUSD,60,20260429,210000,76139.2,76203.2,74940,75484.2,315.81434288
XXBTZUSD,60,20260429,220000,75484.2,75556.9,75279.7,75513.5,92.92807438
XXBTZUSD,60,20260429,230000,75528.5,75824.7,75482.9,75668.6,53.82435936
XXBTZUSD,60,20260430,000000,75668.5,76047,75595.1,75916.1,108.26586332
XXBTZUSD,60,20260430,010000,75916.1,75965.8,75806.3,75912.4,20.87505072
XXBTZUSD,60,20260430,020000,75912.4,75960,75689,75750.3,40.14193518
XXBTZUSD,60,20260430,030000,75752.7,76301.5,75650,76244,67.19725046
XXBTZUSD,60,20260430,040000,76244.1,76413.8,76159.8,76197.8,28.94666913
XXBTZUSD,60,20260430,050000,76197.8,76324.9,75484.5,75685.9,36.40705877
XXBTZUSD,60,20260430,060000,75674.9,75956.7,75645.8,75918.8,11.30559541
XXBTZUSD,60,20260430,070000,75918.9,75932.2,75400,75463.2,25.50235551
XXBTZUSD,60,20260430,080000,75463.2,75717.3,75290.9,75566.5,76.92072642
XXBTZUSD,60,20260430,090000,75566.5,75820.1,75550.3,75736.2,19.80173862
XXBTZUSD,60,20260430,100000,75736.2,76130.1,75702.4,76112.7,30.8582408
XXBTZUSD,60,20260430,110000,76112.8,76157.5,75991.2,76036.2,50.3837133
XXBTZUSD,60,20260430,120000,76036.2,76308,75998.3,76089.9,35.27737139
XXBTZUSD,60,20260430,130000,76089,76124.1,75966.1,75998.4,28.7690915
XXBTZUSD,60,20260430,140000,75998.4,76190.1,75869.3,76020.7,135.25034315
XXBTZUSD,60,20260430,150000,76020.8,76379.8,76020.8,76286.7,34.49568093
XXBTZUSD,60,20260430,160000,76286.8,76634.1,76086.4,76386.7,87.91848931
XXBTZUSD,60,20260430,170000,76386.8,76543.1,76075.3,76285,39.48286767
XXBTZUSD,60,20260430,180000,76285.1,76597.4,76127,76441.9,63.76860379
XXBTZUSD,60,20260430,190000,76441.8,76452.9,76201.7,76222.7,48.03889144
XXBTZUSD,60,20260430,200000,76221.8,76298,76094.6,76221.8,40.55994227
XXBTZUSD,60,20260430,210000,76221.8,76443.9,76191.9,76330.6,14.63893246
XXBTZUSD,60,20260430,220000,76330.6,76486.8,76300,76412.7,28.46488666
XXBTZUSD,60,20260430,230000,76382.8,76525.9,76302.5,76461.9,65.98883077
XXBTZUSD,60,20260501,000000,76461.9,76508.9,76219.9,76234.3,19.76149775
XXBTZUSD,60,20260501,010000,76234.3,76404.7,76161.8,76183.8,7.19711706
XXBTZUSD,60,20260501,020000,76183.8,76344.4,76183.8,76313,32.78872098
XXBTZUSD,60,20260501,030000,76312.9,76524.5,76284.2,76387,79.95316707
XXBTZUSD,60,20260501,040000,76411,76720.5,76410.9,76648.5,36.35747494
XXBTZUSD,60,20260501,050000,76648.5,76700,76507.3,76564.8,6.20879413
XXBTZUSD,60,20260501,060000,76564.9,77395.2,76535,77090.7,98.66257649
XXBTZUSD,60,20260501,070000,77090.7,77171.7,76915.9,77012.7,32.05704031
XXBTZUSD,60,20260501,080000,77012.8,77140.7,76994.7,77113.9,16.23779729
XXBTZUSD,60,20260501,090000,77113.9,77149.8,76838.3,76935.1,38.1808544
XXBTZUSD,60,20260501,100000,76934,77111,76934,77106.5,26.68321906
XXBTZUSD,60,20260501,110000,77106.6,77466.2,77027.8,77353.7,42.39013636
XXBTZUSD,60,20260501,120000,77353.7,77353.7,77200,77243.4,13.25432647
XXBTZUSD,60,20260501,130000,77243.5,77385,77130.1,77287.2,9.92138421
XXBTZUSD,60,20260501,140000,77287.2,77582.6,77241.8,77438.5,96.0948405
XXBTZUSD,60,20260501,150000,77438.5,78155,77400,77895.1,242.99452768
XXBTZUSD,60,20260501,160000,77895.1,78900,77895,78700,205.65268067
XXBTZUSD,60,20260501,170000,78700,78855,78045,78343.2,142.43152534
XXBTZUSD,60,20260501,180000,78343.2,78734.9,78195,78454.4,199.42384838
XXBTZUSD,60,20260501,190000,78454.5,78671.7,78154,78210.1,51.03709424
XXBTZUSD,60,20260501,200000,78210.1,78585,78104.5,78559.4,61.50677505
XXBTZUSD,60,20260501,210000,78559.4,78614.9,78383,78425.3,42.43011969
XXBTZUSD,60,20260501,220000,78425.3,78540,78315,78375.1,87.5758484
XXBTZUSD,60,20260501,230000,78375.1,78418,77773.6,77870.9,105.8010735
XXBTZUSD,60,20260502,000000,77870.9,78196.1,77870.8,78186.6,42.40425958
XXBTZUSD,60,20260502,010000,78186.7,78410,78135.9,78147.7,90.46940066
XXBTZUSD,60,20260502,020000,78147.7,78235.3,78041.6,78235.3,13.59744277
XXBTZUSD,60,20260502,030000,78235.3,78382.9,78181.3,78340.8,12.60136545
XXBTZUSD,60,20260502,040000,78340.8,78429,78301.2,78330,12.3060267
XXBTZUSD,60,20260502,050000,78330,78509,78263.4,78375.1,49.56793356
XXBTZUSD,60,20260502,060000,78375.1,78509,78243.6,78421.8,28.1904024
XXBTZUSD,60,20260502,070000,78421.8,78436.9,78120,78170.8,19.50123529
XXBTZUSD,60,20260502,080000,78170.9,78212.2,78045,78195.1,7.94702045
XXBTZUSD,60,20260502,090000,78195.1,78344.9,78142.4,78319.5,15.08058209
XXBTZUSD,60,20260502,100000,78319.5,78342.2,78205,78205,16.17537444
XXBTZUSD,60,20260502,110000,78205.1,78345,78165,78305.2,19.06191603
XXBTZUSD,60,20260502,120000,78305.2,78390,78250.1,78300,63.74861595
XXBTZUSD,60,20260502,130000,78300.1,78309.6,78219.9,78253.5,16.40432895
XXBTZUSD,60,20260502,140000,78244.7,78244.7,78105,78134.9,5.62346116
XXBTZUSD,60,20260502,150000,78134.9,78259.1,78120,78195.1,9.40407704
XXBTZUSD,60,20260502,160000,78195.1,78412.3,78195,78357,36.23158861
XXBTZUSD,60,20260502,170000,78357,78459.9,78315,78420.1,13.79996472
XXBTZUSD,60,20260502,180000,78420.1,78473.6,78364.1,78473.6,8.21638229
XXBTZUSD,60,20260502,190000,78467.9,78567.5,78426.4,78454.9,26.04369177
XXBTZUSD,60,20260502,200000,78454.9,78465,78379.4,78389,51.79069415
XXBTZUSD,60,20260502,210000,78389,78455,78303.2,78454.8,7.16462828
XXBTZUSD,60,20260502,220000,78454.9,78490,78435,78485.4,55.72037946
XXBTZUSD,60,20260502,230000,78485.6,78485.7,78430,78450.6,8.46383703
XXBTZUSD,60,20260503,000000,78450.6,79140,78450.6,78723.4,242.27537391
XXBTZUSD,60,20260503,010000,78723.4,78869.4,78612.1,78831.3,40.01998598
XXBTZUSD,60,20260503,020000,78831.4,78831.4,78645,78660,7.1047363
XXBTZUSD,60,20260503,030000,78660,78764.8,78510,78510.1,19.93884463
XXBTZUSD,60,20260503,040000,78510.1,78510.1,78150.2,78247.6,36.78809484
XXBTZUSD,60,20260503,050000,78247.6,78284.9,78099.9,78162.6,100.61505417
XXBTZUSD,60,20260503,060000,78162.7,78195,78126,78180,13.52886399
XXBTZUSD,60,20260503,070000,78180,78200,78120,78150.1,5.09264538
XXBTZUSD,60,20260503,080000,78150.1,78225,78150.1,78224.9,13.47470057
XXBTZUSD,60,20260503,090000,78225,78300,78078.7,78270,24.73468551
XXBTZUSD,60,20260503,100000,78270.1,78441.9,78270,78360.1,13.30610514
XXBTZUSD,60,20260503,110000,78360.1,78470.3,78360,78389.9,10.84830679
XXBTZUSD,60,20260503,120000,78390,78580.3,78352.9,78536.4,40.97646376
XXBTZUSD,60,20260503,130000,78536.5,78536.5,78412.5,78412.5,8.92479077
XXBTZUSD,60,20260503,140000,78412.6,78837.1,78390,78649.3,50.43705455
XXBTZUSD,60,20260503,150000,78649.3,78883.2,78649.2,78726.1,83.67626787
XXBTZUSD,60,20260503,160000,78726.1,78742.3,78586.1,78661,36.17565139
XXBTZUSD,60,20260503,170000,78661.1,78765,78611.2,78721.3,61.17516057
XXBTZUSD,60,20260503,180000,78721.4,78784.9,78630,78652.4,18.35733509
XXBTZUSD,60,20260503,190000,78650.6,78765,78600,78660.1,11.79641868
XXBTZUSD,60,20260503,200000,78660.1,78799,78566.8,78723.8,18.80563835
XXBTZUSD,60,20260503,210000,78723.8,78733.7,78640,78733.3,20.81891651
XXBTZUSD,60,20260503,220000,78733.3,78825,78672.3,78743.6,45.57149605
XXBTZUSD,60,20260503,230000,78745.6,79240,78717.4,78913.9,87.2353063
XXBTZUSD,60,20260504,000000,78913.9,79050,78660,78827.3,47.92992324
XXBTZUSD,60,20260504,010000,78827.3,79400,78827.3,79166.4,117.37382287
XXBTZUSD,60,20260504,020000,79166.4,79275,78489.2,78547.4,37.86001049
XXBTZUSD,60,20260504,030000,78547.4,78555,78267,78540.2,38.15027982
XXBTZUSD,60,20260504,040000,78540.2,79800,78410,79735.5,182.56155047
XXBTZUSD,60,20260504,050000,79735.6,80395,79528.9,80142.8,314.15585601
XXBTZUSD,60,20260504,060000,80150.4,80442.5,79920,80299.4,102.45246913
XXBTZUSD,60,20260504,070000,80299.4,80597.2,80223.1,80311.7,89.61472524
XXBTZUSD,60,20260504,080000,80311.8,80372,79969.1,79999.6,126.83591422
XXBTZUSD,60,20260504,090000,79999.7,80021.4,79485.2,79870.8,75.62183052
XXBTZUSD,60,20260504,100000,79870.9,79920,79680,79689.7,31.65304395
XXBTZUSD,60,20260504,110000,79689.7,79785,79605,79710.2,37.92260589
XXBTZUSD,60,20260504,120000,79710.2,79912.7,79650.1,79849.3,48.49756923
XXBTZUSD,60,20260504,130000,79845.1,79863.1,78209.2,78931.2,295.76345427
XXBTZUSD,60,20260504,140000,78935.9,79123.1,78696.4,78787.7,67.83278345
XXBTZUSD,60,20260504,150000,78787.7,79000,78713.1,78869.9,38.74143458
XXBTZUSD,60,20260504,160000,78852.5,79110,78589.7,78779.4,111.16531905
XXBTZUSD,60,20260504,170000,78779.4,80517.9,78510,80235,198.08059935
XXBTZUSD,60,20260504,180000,80224.7,80361.8,79350,80024.3,256.13291409
XXBTZUSD,60,20260504,190000,80024.3,80382.7,79624.6,80027.1,104.47912602
XXBTZUSD,60,20260504,200000,80027.1,80770.7,80024.9,80395,147.2610193
XXBTZUSD,60,20260504,210000,80395,80424.7,80028.4,80105.1,78.75415415
XXBTZUSD,60,20260504,220000,80105.1,80130.9,79900,80043.4,128.16543133
XXBTZUSD,60,20260504,230000,80043.4,80159.6,79905,79933.7,215.53350079
XXBTZUSD,60,20260505,000000,79933.8,80372.4,79933.8,80250.1,25.88784772
XXBTZUSD,60,20260505,010000,80250.1,80397.7,79931.3,80051.5,139.1718621
XXBTZUSD,60,20260505,020000,80051.6,80052.9,79743.1,79843.7,45.38711338
XXBTZUSD,60,20260505,030000,79843.8,80171.5,79808,80167.8,41.46186323
XXBTZUSD,60,20260505,040000,80167.8,80379.2,80062.7,80343.4,30.28200552
XXBTZUSD,60,20260505,050000,80343.4,80900,80308.3,80529,76.88455262
XXBTZUSD,60,20260505,060000,80535.4,81064,80457.3,80879.3,76.28092091
XXBTZUSD,60,20260505,070000,80878.7,80973.2,80713.1,80891.3,37.88260868
XXBTZUSD,60,20260505,080000,80890.4,81303.3,80828.1,80972.5,115.87168119
XXBTZUSD,60,20260505,090000,80972.5,80989.9,80808.3,80964,27.32953557
XXBTZUSD,60,20260505,100000,80964.1,81123.8,80835,80858.9,61.22608759
XXBTZUSD,60,20260505,110000,80850.1,80890.9,80720,80783.4,93.50397925
XXBTZUSD,60,20260505,120000,80800,80800,80520,80572.4,38.91003359
XXBTZUSD,60,20260505,130000,80572.5,80837.9,80526.3,80829.6,24.10932825
XXBTZUSD,60,20260505,140000,80829.7,81080.2,80778.4,81021.5,163.11105492
XXBTZUSD,60,20260505,150000,81020.4,81314,80939.4,81279.7,40.93564601
XXBTZUSD,60,20260505,160000,81279.8,81708.9,81202.3,81371,284.91575594
XXBTZUSD,60,20260505,170000,81354.3,81482.6,80963.7,81337.7,228.55809445
XXBTZUSD,60,20260505,180000,81339.2,81698.4,81253.3,81535.9,73.43574749
XXBTZUSD,60,20260505,190000,81537.3,81599.7,81066.7,81273.2,97.86757928
XXBTZUSD,60,20260505,200000,81273.2,81449.4,81207.4,81284,59.20336996
XXBTZUSD,60,20260505,210000,81284,81597.5,81283.9,81526.3,81.54044105
XXBTZUSD,60,20260505,220000,81526.3,81659,81426.6,81601,50.4895235
XXBTZUSD,60,20260505,230000,81601.1,81765.4,81512.8,81639.2,97.66773195
XXBTZUSD,60,20260506,000000,81641.7,81765.8,81333,81422.6,30.45787944
XXBTZUSD,60,20260506,010000,81422.7,81597.8,80798.5,81113.1,141.2717731
XXBTZUSD,60,20260506,020000,81109.7,81219.9,80794.7,80900.8,67.76650719
XXBTZUSD,60,20260506,030000,80900.1,81250,80728.1,81031.9,53.0704629
XXBTZUSD,60,20260506,040000,81031.9,81499.6,80994.9,81437,49.65501716
XXBTZUSD,60,20260506,050000,81436.9,81440,81061.6,81365.4,59.09863737
XXBTZUSD,60,20260506,060000,81369.7,81771.8,81360.1,81577.7,66.77546665
XXBTZUSD,60,20260506,070000,81577.7,81641.4,81296.2,81304.4,41.71396529
XXBTZUSD,60,20260506,080000,81304.4,81348,81057.6,81309.3,15.13551417
XXBTZUSD,60,20260506,090000,81309.3,81516.2,81232.2,81482.8,19.75384455
XXBTZUSD,60,20260506,100000,81480.3,81602.5,81316.7,81344.1,39.66382493
XXBTZUSD,60,20260506,110000,81344.3,81970,81321.7,81946.8,168.68215834
XXBTZUSD,60,20260506,120000,81942.7,82063.1,81684.4,81967.3,283.68455588
XXBTZUSD,60,20260506,130000,81967.4,82386.4,81967.3,82281,259.0969172
XXBTZUSD,60,20260506,140000,82282.2,82790.9,82276.7,82502.1,163.69685711
XXBTZUSD,60,20260506,150000,82502.2,82519.1,82173.3,82216.8,115.05750814
XXBTZUSD,60,20260506,160000,82216.9,82216.9,81592.8,81672.6,174.47713801
XXBTZUSD,60,20260506,170000,81668.3,81967,81149.2,81534.3,187.26766519
XXBTZUSD,60,20260506,180000,81534.4,81819.2,81323.8,81700.1,53.39297872
XXBTZUSD,60,20260506,190000,81700.1,81871.8,81419.2,81625,82.29261085
XXBTZUSD,60,20260506,200000,81625,81700,81408.8,81462.6,138.90274626
XXBTZUSD,60,20260506,210000,81462.7,81552.9,81266.2,81361.6,29.95995023
XXBTZUSD,60,20260506,220000,81361.6,81491.9,81200.1,81471.5,46.14850428
XXBTZUSD,60,20260506,230000,81471.5,81700,81310.6,81427.8,38.33690138
XXBTZUSD,60,20260507,000000,81427.9,81614.2,81333,81534.6,20.83028255
XXBTZUSD,60,20260507,010000,81534.6,81534.6,81229.8,81353.7,45.9720788
XXBTZUSD,60,20260507,020000,81353.7,81438,81000,81438,52.94937928
XXBTZUSD,60,20260507,030000,81438,81468.2,80961.7,81018.7,24.24388751
XXBTZUSD,60,20260507,040000,81017,81270.1,80834.8,81158.2,46.36453845
XXBTZUSD,60,20260507,050000,81160.7,81182.2,80900.4,81119.7,37.73937544
XXBTZUSD,60,20260507,060000,81119.7,81119.7,80820.4,80825.2,15.46649245
XXBTZUSD,60,20260507,070000,80825.2,80981.4,80750,80966.2,35.8950311
XXBTZUSD,60,20260507,080000,80966.3,81149.1,80966.3,81058,33.95646096
XXBTZUSD,60,20260507,090000,81058,81436.1,80888,81436.1,45.54661233
XXBTZUSD,60,20260507,100000,81438.6,81705,81415.1,81510.7,40.92723933
XXBTZUSD,60,20260507,110000,81510.7,81585.9,81206.8,81216.6,10.77605835
XXBTZUSD,60,20260507,120000,81216.7,81216.7,80851.3,80935,54.49214741
XXBTZUSD,60,20260507,130000,80935.1,80976.8,80585.6,80842,55.81314997
XXBTZUSD,60,20260507,140000,80842.1,81022.6,80800,80864.9,95.3122609
XXBTZUSD,60,20260507,150000,80864.9,81174.7,80861,81170.5,60.55382287
XXBTZUSD,60,20260507,160000,81170.6,81170.6,80271,80511.6,91.2287312
XXBTZUSD,60,20260507,170000,80511.7,80685.4,80055,80159.3,234.13492545
XXBTZUSD,60,20260507,180000,80159.4,80255.4,79720.7,79860,215.6894077
XXBTZUSD,60,20260507,190000,79880.1,79998.8,79679.7,79798.4,51.89321081
XXBTZUSD,60,20260507,200000,79798.4,80124.5,79500,80096.4,74.20474859
XXBTZUSD,60,20260507,210000,80096.5,80281.3,80012.4,80223.1,89.75347568
XXBTZUSD,60,20260507,220000,80223.2,80223.2,79928.9,80129.4,38.40386848
XXBTZUSD,60,20260507,230000,80136.9,80352.4,79871.7,79871.8,42.47142612
XXBTZUSD,60,20260508,000000,79871.9,79925.2,79666,79750.1,34.50592149
XXBTZUSD,60,20260508,010000,79750.1,79948.7,79368.7,79901.9,147.78723833
XXBTZUSD,60,20260508,020000,79902,80059.5,79868.4,80011.5,27.31302666
XXBTZUSD,60,20260508,030000,80011.5,80113.1,79733.5,79793.9,19.04561351
XXBTZUSD,60,20260508,040000,79794,79881.5,79624.4,79732.7,29.14069927
XXBTZUSD,60,20260508,050000,79732.7,79746,79310.7,79475,63.23755846
XXBTZUSD,60,20260508,060000,79475,79633.2,79168.1,79565.7,30.94750764
XXBTZUSD,60,20260508,070000,79565.7,79720,79550.7,79648.8,16.56454021
XXBTZUSD,60,20260508,080000,79648.8,79743.9,79598.9,79611.2,19.10971173
XXBTZUSD,60,20260508,090000,79605.2,79623.8,79410,79497.7,22.78459741
XXBTZUSD,60,20260508,100000,79497.7,79698.8,79233.8,79666.8,26.3624458
XXBTZUSD,60,20260508,110000,79666.1,79952.4,79652.1,79870,17.2683686
XXBTZUSD,60,20260508,120000,79870,80036.3,79779.9,79850.1,24.05183465
XXBTZUSD,60,20260508,130000,79850.2,80238.6,79777,80204.3,24.22878559
XXBTZUSD,60,20260508,140000,80204.5,80300,80144.2,80219.5,25.58833694
XXBTZUSD,60,20260508,150000,80219.5,80465.8,79960.3,80002,40.32334889
XXBTZUSD,60,20260508,160000,80002,80089.4,79529.9,79626.8,78.69360266
XXBTZUSD,60,20260508,170000,79624.8,80394.6,79624.8,80119.3,62.62598621
XXBTZUSD,60,20260508,180000,80119.4,80182.9,79617.9,80114.9,43.04700407
XXBTZUSD,60,20260508,190000,80114.9,80159.7,79735,79781.3,51.82382857
XXBTZUSD,60,20260508,200000,79781.4,80238.2,79730,80049.6,87.31719038
XXBTZUSD,60,20260508,210000,80049.7,80267,80049.6,80072.6,210.66562009
XXBTZUSD,60,20260508,220000,80072.6,80156.6,79943.4,80156.6,41.15785769
XXBTZUSD,60,20260508,230000,80156.6,80275.8,80075.7,80124.4,189.27161811
XXBTZUSD,60,20260509,000000,80124.4,80236.6,80110.3,80236.5,31.17281008
XXBTZUSD,60,20260509,010000,80236.6,80400,80236.5,80278.2,38.06284265
XXBTZUSD,60,20260509,020000,80278.2,80290.3,80106.8,80196.9,87.87514344
XXBTZUSD,60,20260509,030000,80196.9,80230,80124,80229.9,32.63359179
XXBTZUSD,60,20260509,040000,80227.8,80420.1,80214.9,80324.9,24.4787595
XXBTZUSD,60,20260509,050000,80324.6,80457.9,80324.5,80404.8,13.01130844
XXBTZUSD,60,20260509,060000,80404.8,80522.7,80310.1,80391.4,16.67746289
XXBTZUSD,60,20260509,070000,80391.5,80653.8,80364.9,80382.3,28.7448547
XXBTZUSD,60,20260509,080000,80382.3,80450,80351.2,80368.6,30.14687221
XXBTZUSD,60,20260509,090000,80368.7,80423.8,80192.2,80247.1,18.20477736
XXBTZUSD,60,20260509,100000,80247.2,80279.1,80132.4,80216.7,13.98207579
XXBTZUSD,60,20260509,110000,80216.7,80423.3,80216.6,80395.1,28.60092694
XXBTZUSD,60,20260509,120000,80395.1,80396.8,80201.9,80236.4,45.90988927
XXBTZUSD,60,20260509,130000,80231,80323.1,80175.5,80262.7,63.37156631
XXBTZUSD,60,20260509,140000,80262.7,80358.3,80248.4,80324.2,46.67340253
XXBTZUSD,60,20260509,150000,80324.2,80398.6,80274.9,80392.7,45.09890723
XXBTZUSD,60,20260509,160000,80392.7,80420.4,80320,80377.8,64.35504149
XXBTZUSD,60,20260509,170000,80377.8,80408.4,80262.5,80321.9,13.28709598
XXBTZUSD,60,20260509,180000,80321.9,80584.3,80243.1,80518.8,22.15062598
XXBTZUSD,60,20260509,190000,80517.6,80756,80488.8,80607.7,51.22880405
XXBTZUSD,60,20260509,200000,80607.7,80895.6,80607.6,80800,28.88439022
XXBTZUSD,60,20260509,210000,80800,81050,80768.2,80892,57.06518168
XXBTZUSD,60,20260509,220000,80892,80948.6,80777.7,80938.3,34.82438799
XXBTZUSD,60,20260509,230000,80937,80937,80740.9,80797.6,30.29057623
XXBTZUSD,60,20260510,000000,80797.7,80878.7,80731.6,80782,7.03288696
XXBTZUSD,60,20260510,010000,80782.1,80790.2,80662.3,80750.8,28.77903269
XXBTZUSD,60,20260510,020000,80750.8,80820,80615.1,80670.1,17.37084339
XXBTZUSD,60,20260510,030000,80670.1,80740.3,80612.1,80654.4,45.70757458
XXBTZUSD,60,20260510,040000,80656.6,80656.6,80561.3,80642,21.03916062
XXBTZUSD,60,20260510,050000,80644.9,80754.4,80585.2,80754.4,9.30621958
XXBTZUSD,60,20260510,060000,80754.5,80844.8,80704.4,80762.1,16.50056493
XXBTZUSD,60,20260510,070000,80762.1,80819.1,80718.6,80750.8,5.648423
XXBTZUSD,60,20260510,080000,80741.8,80774.1,80669.8,80670,5.85142127
XXBTZUSD,60,20260510,090000,80670,80708.1,80634.8,80704.9,12.09933386
XXBTZUSD,60,20260510,100000,80705,80780.9,80705,80728,13.72118052
XXBTZUSD,60,20260510,110000,80728,80876.2,80710,80803.9,14.01748053
XXBTZUSD,60,20260510,120000,80803.9,80886.7,80746.3,80790.3,47.34442256
XXBTZUSD,60,20260510,130000,80790.4,80850,80666.9,80848.5,57.04135929
XXBTZUSD,60,20260510,140000,80848.6,80954.1,80754.3,80793,70.80500109
XXBTZUSD,60,20260510,150000,80797.2,80924.8,80773.8,80915.5,24.14600624
XXBTZUSD,60,20260510,160000,80915.5,80984.8,80880,80938,63.91474842
XXBTZUSD,60,20260510,170000,80938,80988.9,80813.4,80988.9,94.76558124
XXBTZUSD,60,20260510,180000,80986.9,81400,80945.7,81400,149.91832856
XXBTZUSD,60,20260510,190000,81400,81480.6,81189.6,81338,169.17760739
XXBTZUSD,60,20260510,200000,81338.1,81533.1,81231.4,81458.3,193.15442163
XXBTZUSD,60,20260510,210000,81458.4,81491.2,81250,81265.2,29.54872197
XXBTZUSD,60,20260510,220000,81265.2,81470.3,81134,81400.2,209.81162819
XXBTZUSD,60,20260510,230000,81400.3,81441.7,80301,80724.2,243.30527767
XXBTZUSD,60,20260511,000000,80720.7,80928.5,80584.7,80723.6,35.21212943
XXBTZUSD,60,20260511,010000,80723.6,82137.8,80669.5,82002.2,118.88312497
XXBTZUSD,60,20260511,020000,82002.2,82436.6,82002.2,82171.8,93.23335563
XXBTZUSD,60,20260511,030000,82171.9,82345.1,81284.8,81455.9,58.65348239
XXBTZUSD,60,20260511,040000,81460,81721,81295.5,81506.2,28.32961431
XXBTZUSD,60,20260511,050000,81506.2,81545.2,81119.2,81155.2,44.87051692
XXBTZUSD,60,20260511,060000,81155.3,81155.3,80508.3,80712.7,57.49951694
XXBTZUSD,60,20260511,070000,80712.7,80836.2,80619.6,80815,58.42350796
XXBTZUSD,60,20260511,080000,80797.9,80958.9,80742,80809.6,28.54237197
XXBTZUSD,60,20260511,090000,80809.6,80995.4,80757,80834.7,21.35144225
XXBTZUSD,60,20260511,100000,80834.8,80834.8,80667.2,80716.8,25.68554034
XXBTZUSD,60,20260511,110000,80716.9,80836.7,80600,80736,8.82223723
XXBTZUSD,60,20260511,120000,80736,80957,80736,80955.7,114.1590369
XXBTZUSD,60,20260511,130000,80955.8,81183.1,80941.7,80941.7,231.5118816
XXBTZUSD,60,20260511,140000,80941.7,81153.9,80907,81151.8,27.70393215
XXBTZUSD,60,20260511,150000,81153.5,81318,81022.6,81033,185.7490682
XXBTZUSD,60,20260511,160000,81033,81285.1,80743.3,81036.5,77.09294013
XXBTZUSD,60,20260511,170000,81036.5,81202.1,80421.5,80918.3,106.03197255
XXBTZUSD,60,20260511,180000,80918.4,81409.2,80804,81398.4,69.96307792
XXBTZUSD,60,20260511,190000,81398.5,81883.8,81330,81559.3,117.66719895
XXBTZUSD,60,20260511,200000,81559.3,82046.8,81357.5,81921.7,110.47604065
XXBTZUSD,60,20260511,210000,81921.8,82100,81839.6,81856.3,149.43006653
XXBTZUSD,60,20260511,220000,81847.6,82058.9,81741.5,81942.5,88.85850541
XXBTZUSD,60,20260511,230000,81943.9,82066.6,81755,81798.2,169.18077561
XXBTZUSD,60,20260512,000000,81798.2,81872.1,81587.7,81808.6,58.15695179
XXBTZUSD,60,20260512,010000,81808.6,81920,81720.6,81815.2,62.69182102
XXBTZUSD,60,20260512,020000,81815.2,81815.2,81599.2,81730.5,23.2905722
XXBTZUSD,60,20260512,030000,81730.6,81760.4,81470.3,81532.1,42.354287
XXBTZUSD,60,20260512,040000,81532.2,81595.1,80700,81168.8,177.69550615
XXBTZUSD,60,20260512,050000,81171.4,81307.1,81069.6,81224.4,44.44002632
XXBTZUSD,60,20260512,060000,81224.5,81249,81018.4,81028.2,13.15059112
XXBTZUSD,60,20260512,070000,81028.2,81282.4,80995.9,81204.8,50.71122367
XXBTZUSD,60,20260512,080000,81204.8,81263.5,81180.7,81227.4,7.73054278
XXBTZUSD,60,20260512,090000,81225.7,81273.6,81007.8,81007.8,53.18878645
XXBTZUSD,60,20260512,100000,81007.9,81093.6,80789.1,80850,38.02957348
XXBTZUSD,60,20260512,110000,80850.1,80931.2,80759.8,80808,19.99376194
XXBTZUSD,60,20260512,120000,80811.6,80927.3,80700.2,80802.5,14.2148606
XXBTZUSD,60,20260512,130000,80802.6,80804.6,80591,80636.8,18.30754746
XXBTZUSD,60,20260512,140000,80636.8,80755.4,80479.3,80755.4,31.90856684
XXBTZUSD,60,20260512,150000,80755.4,80973.3,80629.1,80859.4,56.81481997
XXBTZUSD,60,20260512,160000,80859.5,80900,80366.2,80402,170.71711707
XXBTZUSD,60,20260512,170000,80402,80842.7,80363.5,80512.4,71.57517553
XXBTZUSD,60,20260512,180000,80512.4,80635.2,80168.5,80332.9,73.07201486
XXBTZUSD,60,20260512,190000,80322.8,80406.6,79844.4,79979,127.61611863
XXBTZUSD,60,20260512,200000,79979,80546.9,79943.3,80485.1,52.29096063
XXBTZUSD,60,20260512,210000,80485.2,80728.2,80420,80666.1,29.79303993
XXBTZUSD,60,20260512,220000,80666.1,80841,80647.6,80807.9,52.77321547
XXBTZUSD,60,20260512,230000,80808,80872.7,80635.3,80672.9,145.24490257
XXBTZUSD,60,20260513,000000,80672.9,80722.8,80500,80571.9,33.39617733
XXBTZUSD,60,20260513,010000,80571.9,80765.9,80571.9,80647.3,17.59085867
XXBTZUSD,60,20260513,020000,80647.4,80701.7,80415.7,80492.3,14.99721332
XXBTZUSD,60,20260513,030000,80492.4,80752.5,80400,80698.1,19.21390909
XXBTZUSD,60,20260513,040000,80698.1,81158,80653,80971.2,57.49228501
XXBTZUSD,60,20260513,050000,80971.2,81240,80922.8,81024.6,21.50606937
XXBTZUSD,60,20260513,060000,81024.7,81255.6,80968.1,81215.5,26.96265191
XXBTZUSD,60,20260513,070000,81222.5,81244.1,81117.6,81214.9,12.85420908
XXBTZUSD,60,20260513,080000,81215,81226.9,80993.2,80993.3,21.66401277
XXBTZUSD,60,20260513,090000,80993.3,81121.2,80955.5,80955.5,18.83545374
XXBTZUSD,60,20260513,100000,80955.6,81016.6,80877,81004.7,20.03978784
XXBTZUSD,60,20260513,110000,81000.5,81166,80923.1,81151.3,18.78289895
XXBTZUSD,60,20260513,120000,81151.4,81277,81102.4,81250,46.01234031
XXBTZUSD,60,20260513,130000,81250,81250,80800,80800.1,28.74485396
XXBTZUSD,60,20260513,140000,80800.1,80809,80468.7,80474,46.61272463
XXBTZUSD,60,20260513,150000,80474,80551.1,79829.5,80168.8,149.08666916
XXBTZUSD,60,20260513,160000,80171.3,80318.7,79565.2,79629.7,177.184104
XXBTZUSD,60,20260513,170000,79629.7,79874.5,79458.9,79728.4,104.41692187
XXBTZUSD,60,20260513,180000,79728.5,79822.4,78758.6,78780.1,170.41644225
XXBTZUSD,60,20260513,190000,78780,79188.1,78720.9,79055.2,113.48193349
XXBTZUSD,60,20260513,200000,79055.3,79513,79055.3,79488.6,215.54888793
XXBTZUSD,60,20260513,210000,79488.5,79774.1,79488.4,79586.6,53.16118122
XXBTZUSD,60,20260513,220000,79586.6,79618.4,79354,79616.3,52.97292005
XXBTZUSD,60,20260513,230000,79616.3,79722.9,79607.3,79680.5,144.28796864
XXBTZUSD,60,20260514,000000,79673.9,79677.9,79304.9,79368.4,19.74626526
XXBTZUSD,60,20260514,010000,79368.4,79444.2,79197.9,79396.2,41.03230816
XXBTZUSD,60,20260514,020000,79399.4,79455.8,79200,79292.1,29.74318094
XXBTZUSD,60,20260514,030000,79292.1,79641.4,79292,79550.2,31.80574528
XXBTZUSD,60,20260514,040000,79550.5,79664.9,79400,79576.6,18.4576406
XXBTZUSD,60,20260514,050000,79576.6,79648,79210.6,79324.4,25.79246097
XXBTZUSD,60,20260514,060000,79324.5,79424.7,78901.6,79008.6,67.47314762
XXBTZUSD,60,20260514,070000,79008.6,79429.8,78946.9,79426,29.47874907
XXBTZUSD,60,20260514,080000,79426.3,79935.4,79351.1,79778.2,41.13267574
XXBTZUSD,60,20260514,090000,79778.2,79903.3,79739,79793.1,22.15852592
XXBTZUSD,60,20260514,100000,79785.2,79895,79682.2,79725.4,30.30395445
XXBTZUSD,60,20260514,110000,79725.5,79882.8,79609.1,79786,17.01698153
XXBTZUSD,60,20260514,120000,79786.1,79868.6,79442.6,79600.3,139.28069708
XXBTZUSD,60,20260514,130000,79603.4,79715.8,79390.8,79536.2,17.14429808
XXBTZUSD,60,20260514,140000,79536.2,79574,79214.6,79245.3,19.16794051
XXBTZUSD,60,20260514,150000,79237.9,79748.5,79207.5,79734.1,37.20260901
XXBTZUSD,60,20260514,160000,79734.1,80040.6,79641.6,79679.3,175.45209811
XXBTZUSD,60,20260514,170000,79679.3,80985,79548,80953.3,363.68834877
XXBTZUSD,60,20260514,180000,80932,81300,80796.5,81299.9,144.65029688
XXBTZUSD,60,20260514,190000,81300,81873.9,81091.2,81873.9,357.31981736
XXBTZUSD,60,20260514,200000,81874,82017.4,81265.3,81662.8,275.5765839
XXBTZUSD,60,20260514,210000,81662.8,81950.7,81450.8,81578.5,119.66047643
XXBTZUSD,60,20260514,220000,81578.3,81715.1,81333,81421,75.44345111
XXBTZUSD,60,20260514,230000,81421,81594.7,81147.5,81389.5,121.37508776
XXBTZUSD,60,20260515,000000,81389.5,81518,81264.9,81389.7,32.32602175
XXBTZUSD,60,20260515,010000,81389.7,81561.2,81342.4,81449.8,31.61118558
XXBTZUSD,60,20260515,020000,81449.8,81449.8,81038,81070.1,40.37326689
XXBTZUSD,60,20260515,030000,81070.1,81646.5,81070.1,81512.8,43.38337921
XXBTZUSD,60,20260515,040000,81509.7,81595.6,81113.3,81113.3,17.86156091
XXBTZUSD,60,20260515,050000,81122.4,81314.1,80750,81278.2,79.45662643
XXBTZUSD,60,20260515,060000,81278.2,81300,80927.4,81071.1,23.57678522
XXBTZUSD,60,20260515,070000,81071.2,81075.3,80685.3,80701.5,34.29906138
XXBTZUSD,60,20260515,080000,80701.6,80866.4,80276.8,80327.7,221.39154141
XXBTZUSD,60,20260515,090000,80327.8,80617,80307.7,80574,33.52067214
XXBTZUSD,60,20260515,100000,80574,80991.7,80552.9,80814.9,57.77777522
XXBTZUSD,60,20260515,110000,80814.9,80822.2,80431,80627,45.78521416
XXBTZUSD,60,20260515,120000,80627.1,80644.3,80363.6,80465.6,10.91033289
XXBTZUSD,60,20260515,130000,80465.7,80755.4,80414.5,80701.1,21.98796786
XXBTZUSD,60,20260515,140000,80701.1,80745.9,80581.1,80615.2,20.2443485
XXBTZUSD,60,20260515,150000,80615.3,80628.1,80330.9,80373.4,32.21450154
XXBTZUSD,60,20260515,160000,80373.4,80373.4,78658,78731.1,535.79600372
XXBTZUSD,60,20260515,170000,78731.1,79300.2,78620,79130.1,138.72300631
XXBTZUSD,60,20260515,180000,79130.1,79338.3,79006.5,79131.6,40.2401487
XXBTZUSD,60,20260515,190000,79129.1,79347.8,79110.7,79268.7,33.34965666
XXBTZUSD,60,20260515,200000,79268.7,79452.6,79198.1,79428.2,48.47530747
XXBTZUSD,60,20260515,210000,79430.9,79509.8,79134,79250.1,37.54719255
XXBTZUSD,60,20260515,220000,79250.1,79250.1,79034.2,79103.8,26.3497112
XXBTZUSD,60,20260515,230000,79103.8,79178.4,78977.3,79086.3,40.25393278
XXBTZUSD,60,20260516,000000,79086.3,79161.4,78843.2,78931.5,19.93072445
XXBTZUSD,60,20260516,010000,78931.5,79100,78931.5,79060,42.41404863
XXBTZUSD,60,20260516,020000,79060.1,79100,79028.7,79062.5,83.06069351
XXBTZUSD,60,20260516,030000,79062.6,79175,79033.9,79070.3,38.52117937
XXBTZUSD,60,20260516,040000,79060.5,79129.1,78971.6,79129,37.07500109
XXBTZUSD,60,20260516,050000,79129.1,79165,79031.2,79086.7,47.47707044
XXBTZUSD,60,20260516,060000,79086.8,79146.7,79010.1,79022.5,50.23316412
XXBTZUSD,60,20260516,070000,79032.3,79079.7,78835.4,78970,27.60638164
XXBTZUSD,60,20260516,080000,78970,78995.5,78904.6,78995.5,21.69745325
XXBTZUSD,60,20260516,090000,78994.2,78994.2,78398.5,78599.8,63.17175933
XXBTZUSD,60,20260516,100000,78600,78621.5,78031.1,78343.8,208.53134207
XXBTZUSD,60,20260516,110000,78343.9,78476.5,78310,78384.1,26.45257887
XXBTZUSD,60,20260516,120000,78384.1,78405.8,77860.1,78048.1,85.27423584
XXBTZUSD,60,20260516,130000,78048.1,78048.1,77624.4,77920.7,80.88248169
XXBTZUSD,60,20260516,140000,77920.7,78156.3,77920.7,78048.2,16.09155477
XXBTZUSD,60,20260516,150000,78048.3,78074.1,77900,78000,84.89023385
XXBTZUSD,60,20260516,160000,78000.1,78000.1,77800,77970.5,38.90060264
XXBTZUSD,60,20260516,170000,77970.5,78296,77870.1,78098,62.70355102
XXBTZUSD,60,20260516,180000,78098,78244.5,78041.8,78208.8,55.45560563
XXBTZUSD,60,20260516,190000,78208.8,78316.7,78110.6,78177.4,65.64767515
XXBTZUSD,60,20260516,200000,78175.6,78289.3,78175.6,78201.3,38.8097195
XXBTZUSD,60,20260516,210000,78201.3,78280.7,78111.1,78199,44.62371911
XXBTZUSD,60,20260516,220000,78199,78276.9,78175.6,78233.1,41.65017049
XXBTZUSD,60,20260516,230000,78233.1,78275.3,78168.4,78198.8,44.12037049
XXBTZUSD,60,20260517,000000,78198.7,78253.2,78196.5,78250.4,10.34566868
XXBTZUSD,60,20260517,010000,78250.4,78250.4,78149.8,78157.3,3.56800963
XXBTZUSD,60,20260517,020000,78157.3,78213.6,78106.4,78122.8,25.15539777
XXBTZUSD,60,20260517,030000,78122.9,78203.4,77773.6,77907.8,39.05806766
XXBTZUSD,60,20260517,040000,77907.8,78076.2,77700.1,77706.2,32.6668777
XXBTZUSD,60,20260517,050000,77706.2,77901.5,77706.1,77875.2,17.28720744
XXBTZUSD,60,20260517,060000,77875.2,78056.5,77875.1,77974.3,7.32161377
XXBTZUSD,60,20260517,070000,77974.4,78164,77973.6,78130,8.79719207
XXBTZUSD,60,20260517,080000,78130.1,78274.9,78076.4,78079.7,24.15526833
XXBTZUSD,60,20260517,090000,78079.7,78159.6,78000.5,78059.3,3.86282185
XXBTZUSD,60,20260517,100000,78059.3,78198.1,78030.1,78146.3,6.2347966
XXBTZUSD,60,20260517,110000,78146.3,78149.9,77991.8,78051.7,19.4197389
XXBTZUSD,60,20260517,120000,78051.8,78249,78028.9,78232.2,63.89509465
XXBTZUSD,60,20260517,130000,78232.2,78579.1,78232.1,78405.2,83.74781162
XXBTZUSD,60,20260517,140000,78427.4,78427.4,78279.2,78381.9,10.16455112
XXBTZUSD,60,20260517,150000,78381.9,78508,78312,78315,44.38534156
XXBTZUSD,60,20260517,160000,78315.1,78315.1,78150,78172.3,19.46088162
XXBTZUSD,60,20260517,170000,78172.3,78175,77829.6,78030.1,41.4899066
XXBTZUSD,60,20260517,180000,78030.1,78064.9,77900,78015.9,23.64623011
XXBTZUSD,60,20260517,190000,78016,78138,78004.1,78012.1,21.46740478
XXBTZUSD,60,20260517,200000,78012.1,78056.5,77829.7,78056.5,45.91834714
XXBTZUSD,60,20260517,210000,78053.1,78249.7,77985,78215.5,36.5667737
XXBTZUSD,60,20260517,220000,78221.4,78420.2,78189.6,78384,56.37328226
XXBTZUSD,60,20260517,230000,78383.9,78404.8,78218.5,78226.2,20.26301479
XXBTZUSD,60,20260518,000000,78230,78420,78201.8,78348.1,60.94776841
XXBTZUSD,60,20260518,010000,78361.1,78361.1,77769.3,77950,52.50336402
XXBTZUSD,60,20260518,020000,77950,77950,76642.3,77410,359.80297523
XXBTZUSD,60,20260518,030000,77410.1,77439.7,76882.8,77164.5,142.9682061
XXBTZUSD,60,20260518,040000,77164.5,77233.6,76716.9,77059,79.24600943
XXBTZUSD,60,20260518,050000,77059,77172.4,76652.4,76789.7,69.64260511
XXBTZUSD,60,20260518,060000,76789.7,76968.4,76781.8,76884.5,34.78139504
XXBTZUSD,60,20260518,070000,76884.6,77013.9,76735,77007.8,39.18897877
XXBTZUSD,60,20260518,080000,77007.9,77037.2,76850.4,76861.6,23.29077882
XXBTZUSD,60,20260518,090000,76881.6,76924.7,76561,76873.2,34.43286061
XXBTZUSD,60,20260518,100000,76873.2,77029.8,76728.1,77021.5,47.38581142
XXBTZUSD,60,20260518,110000,77021.5,77117.8,76786.2,76966.6,213.23785756
XXBTZUSD,60,20260518,120000,76966.7,76978.4,76829.6,76896,45.85051011
XXBTZUSD,60,20260518,130000,76896.1,76905.4,76678.3,76736.8,29.5603541
XXBTZUSD,60,20260518,140000,76736.8,77350.7,76634.2,77245.2,67.71888082
XXBTZUSD,60,20260518,150000,77245.2,77745.5,77226.8,77588.9,129.56841251
XXBTZUSD,60,20260518,160000,77588.9,77603.1,76680,76906.1,217.38968903
XXBTZUSD,60,20260518,170000,76906.2,76927.6,76185.2,76352.6,287.54144699
XXBTZUSD,60,20260518,180000,76352.6,76417.5,76020.8,76341.5,141.74963309
XXBTZUSD,60,20260518,190000,76342.9,76592.1,76178.8,76364.1,61.02036672
XXBTZUSD,60,20260518,200000,76364.1,76698.8,76322.7,76649,26.50135877
XXBTZUSD,60,20260518,210000,76649.1,76649.1,76099.9,76195,39.21210559
XXBTZUSD,60,20260518,220000,76195.1,76946.4,76186.3,76835.8,219.49199373
XXBTZUSD,60,20260518,230000,76850.1,77100,76828.3,76860.2,110.38740889
XXBTZUSD,60,20260519,000000,76860.2,77100,76736.8,77065.5,50.53954554
XXBTZUSD,60,20260519,010000,77065.6,77160,76896.8,77026.3,32.11169746
XXBTZUSD,60,20260519,020000,77026.3,77093.3,76896.8,76946.5,27.74055909
XXBTZUSD,60,20260519,030000,76946.4,77336.2,76918,77082.7,97.72327135
XXBTZUSD,60,20260519,040000,77082.7,77097.8,76599.9,76624.9,638.18600696
XXBTZUSD,60,20260519,050000,76625,76938.1,76391.6,76551.4,625.67776239
XXBTZUSD,60,20260519,060000,76551.4,76791.9,76528.6,76713.8,12.95865807
XXBTZUSD,60,20260519,070000,76713.8,76877.5,76653.4,76869.9,12.54955548
XXBTZUSD,60,20260519,080000,76869.9,76926.9,76600,76850.3,9.83604753
XXBTZUSD,60,20260519,090000,76850.4,77029.7,76836.5,76964.7,24.29766471
XXBTZUSD,60,20260519,100000,76964.7,77200,76925,77175.5,72.5826267
XXBTZUSD,60,20260519,110000,77175.5,77234.2,76919.3,76980.3,30.78380098
XXBTZUSD,60,20260519,120000,76983.3,76996.6,76632.1,76773.2,48.10003235
XXBTZUSD,60,20260519,130000,76773.2,77035.8,76628.8,76972.7,64.35001415
XXBTZUSD,60,20260519,140000,76972.8,77025.6,76580.2,76645.6,21.72467354
XXBTZUSD,60,20260519,150000,76645.7,76904.9,76598,76884.9,25.12579079
XXBTZUSD,60,20260519,160000,76884.9,76997.1,76550,76802.3,105.87400855
XXBTZUSD,60,20260519,170000,76802.4,76918.1,76093.6,76325.6,171.32340868
XXBTZUSD,60,20260519,180000,76325.7,76612.4,76280.7,76450.2,87.29841275
XXBTZUSD,60,20260519,190000,76450.7,76847.3,76344.2,76828.4,57.51779572
XXBTZUSD,60,20260519,200000,76828.4,76947.3,76687.3,76791.4,44.4153088
XXBTZUSD,60,20260519,210000,76791.4,76877.3,76671.7,76727.7,51.15027416
XXBTZUSD,60,20260519,220000,76727.7,77004.5,76708,76739.2,37.85264294
XXBTZUSD,60,20260519,230000,76739.2,76975.3,76739.2,76974.7,36.02134602
XXBTZUSD,60,20260520,000000,76974.8,76976.3,76916.1,76937.4,27.52577179
XXBTZUSD,60,20260520,010000,76937.4,76937.4,76600,76650.6,28.11930561
XXBTZUSD,60,20260520,020000,76650.6,76901.5,76617.8,76756.3,13.19232935
XXBTZUSD,60,20260520,030000,76756.3,76812.2,76459.6,76699.1,67.17896301
XXBTZUSD,60,20260520,040000,76699.2,76834.6,76467.2,76742.9,76.18234837
XXBTZUSD,60,20260520,050000,76742.9,76818.2,76542.9,76610,24.34727419
XXBTZUSD,60,20260520,060000,76610,76731.1,76526.8,76652.8,37.4711808
XXBTZUSD,60,20260520,070000,76652.8,76744.7,76611,76695.1,9.67566497
XXBTZUSD,60,20260520,080000,76695.1,77243.1,76695,77119.3,81.88938237
XXBTZUSD,60,20260520,090000,77119.3,77336.8,77116.5,77325.9,25.54499533
XXBTZUSD,60,20260520,100000,77325.9,77373.3,77182.3,77209.4,40.37533949
XXBTZUSD,60,20260520,110000,77203,77500,77127.6,77378.6,75.3441097
XXBTZUSD,60,20260520,120000,77378.7,77461.5,77288.9,77405.5,45.42218293
XXBTZUSD,60,20260520,130000,77405.5,77574.3,77405.4,77448,103.30341956
XXBTZUSD,60,20260520,140000,77448.1,77468.1,77252.3,77303,42.99261002
XXBTZUSD,60,20260520,150000,77304.8,77654.9,77290,77550.2,34.05716489
XXBTZUSD,60,20260520,160000,77548.3,77580.9,76904.3,77142.3,64.80310921
XXBTZUSD,60,20260520,170000,77132.8,77483.1,76819,77369.2,51.52429052
XXBTZUSD,60,20260520,180000,77369.2,77750,77237.1,77379.3,44.95294485
XXBTZUSD,60,20260520,190000,77379.3,77481.6,76941.1,77269.7,45.24184728
XXBTZUSD,60,20260520,200000,77269.7,77629,77157.8,77497.2,39.47462233
XXBTZUSD,60,20260520,210000,77497.3,77558.1,77328.8,77342.1,32.24488637
XXBTZUSD,60,20260520,220000,77342.1,77633.7,77282.4,77598.2,66.46365733
XXBTZUSD,60,20260520,230000,77598.3,77680,77403.6,77648.7,169.97088796
XXBTZUSD,60,20260521,000000,77649.8,77696,77443,77443,30.54742413
XXBTZUSD,60,20260521,010000,77443,77443,77152.7,77425,62.381765
XXBTZUSD,60,20260521,020000,77425,77479.4,77320,77479.4,10.9038118
XXBTZUSD,60,20260521,030000,77477.5,77969.7,77457.5,77878.8,126.45949443
XXBTZUSD,60,20260521,040000,77878.8,78070,77731.7,77777.6,116.50125659
XXBTZUSD,60,20260521,050000,77777.6,78021.5,77750.7,77892,20.11788492
XXBTZUSD,60,20260521,060000,77889.8,78000,77837.7,77998.4,32.66813931
XXBTZUSD,60,20260521,070000,77998.5,78078,77876.6,77938.5,23.88481443
XXBTZUSD,60,20260521,080000,77947.3,78049.6,77640.2,77746.7,151.47775418
XXBTZUSD,60,20260521,090000,77745.6,77788.7,77468,77531,10.95951289
XXBTZUSD,60,20260521,100000,77531,77825.7,77457.5,77811.5,12.93313569
XXBTZUSD,60,20260521,110000,77811.6,78100,77811.5,77860,20.66402253
XXBTZUSD,60,20260521,120000,77859.9,77879.6,77575.7,77575.7,6.99508693
XXBTZUSD,60,20260521,130000,77575.8,77602.3,77087,77126.8,37.36192512
XXBTZUSD,60,20260521,140000,77126.8,77296.6,77067.6,77108.1,37.56117232
XXBTZUSD,60,20260521,150000,77108.2,77276.5,77012.2,77209.8,45.69246051
XXBTZUSD,60,20260521,160000,77209.8,77275,76652.5,77032.5,86.00133692
XXBTZUSD,60,20260521,170000,77046.3,77150,76701.1,76910,44.49130161
XXBTZUSD,60,20260521,180000,76910.1,77317.6,76830,77181.4,34.3992713
XXBTZUSD,60,20260521,190000,77181.4,77251.9,76949.6,77124.8,98.36759634
XXBTZUSD,60,20260521,200000,77125.1,78000,77103.5,77799.9,194.24627964
XXBTZUSD,60,20260521,210000,77801.7,77855.5,77187.9,77305.9,71.85000313
XXBTZUSD,60,20260521,220000,77306.4,77729.6,77297.3,77612.9,58.5562034
XXBTZUSD,60,20260521,230000,77613,77724.6,77591.2,77630.8,22.34147342
XXBTZUSD,60,20260522,000000,77630.8,77736.1,77591.2,77594.3,11.06010831
XXBTZUSD,60,20260522,010000,77594.4,77683.1,77474.9,77553.1,17.39223853
XXBTZUSD,60,20260522,020000,77553.1,77680.3,77462.9,77549.7,8.68614826
XXBTZUSD,60,20260522,030000,77549.8,77549.8,77300,77302.1,28.43607402
XXBTZUSD,60,20260522,040000,77305.1,77582.4,77262,77532.9,13.30738631
XXBTZUSD,60,20260522,050000,77533,77649.7,77527.9,77606.2,26.10009451
XXBTZUSD,60,20260522,060000,77606.2,77736.3,77606.1,77704.3,30.31562444
XXBTZUSD,60,20260522,070000,77704.3,77809.9,77571.2,77583.5,21.28097726
XXBTZUSD,60,20260522,080000,77583.5,77650.2,77391.8,77406.7,25.04806097
XXBTZUSD,60,20260522,090000,77406.7,77428,77300,77339.5,8.17815088
XXBTZUSD,60,20260522,100000,77339.6,77458.3,77211.5,77339.1,19.16349809
XXBTZUSD,60,20260522,110000,77338.6,77453.8,77132.3,77175.1,16.15150602
XXBTZUSD,60,20260522,120000,77175.2,77250,77120.7,77221.6,38.26783329
XXBTZUSD,60,20260522,130000,77221.6,77250,77175,77225.1,41.5788498
XXBTZUSD,60,20260522,140000,77225.2,77330,77095.4,77330,49.02197239
XXBTZUSD,60,20260522,150000,77330,77495.3,77301.6,77426,55.05857124
XXBTZUSD,60,20260522,160000,77426.1,77460,77050,77181.6,75.42374668
XXBTZUSD,60,20260522,170000,77184.3,77184.3,76666.7,76687.1,108.11624513
XXBTZUSD,60,20260522,180000,76687.2,76942.2,76500,76702,108.72937057
XXBTZUSD,60,20260522,190000,76702.1,76914.1,76700,76872.4,19.89362921
XXBTZUSD,60,20260522,200000,76872.5,76993.5,76659.6,76661.3,30.11265399
XXBTZUSD,60,20260522,210000,76661.3,76821.3,76017.4,76432.6,251.09909229
XXBTZUSD,60,20260522,220000,76432.6,76499.9,75580,75768.8,209.33439397
XXBTZUSD,60,20260522,230000,75768.8,76006.9,75732.5,75901.9,101.02012823
XXBTZUSD,60,20260523,000000,75902,75997.3,75843.2,75900.1,39.03665447
XXBTZUSD,60,20260523,010000,75900.1,75900.1,75447.9,75650.1,80.25379485
XXBTZUSD,60,20260523,020000,75650.1,75791.3,75288,75456.5,106.51450129
XXBTZUSD,60,20260523,030000,75456.6,75538.8,75136.4,75275.4,65.20539723
XXBTZUSD,60,20260523,040000,75275.4,75417.3,75275.4,75411.5,61.84964887
XXBTZUSD,60,20260523,050000,75411.5,75492.7,75344.6,75482,25.89654172
XXBTZUSD,60,20260523,060000,75482,75576.1,75482,75544.7,72.34085156
XXBTZUSD,60,20260523,070000,75544.7,75564.9,75416.3,75452.7,27.33440197
XXBTZUSD,60,20260523,080000,75452.7,75478.4,75380.7,75394.7,51.06391386
XXBTZUSD,60,20260523,090000,75394.7,75417.3,75297.2,75321.2,9.67014154
XXBTZUSD,60,20260523,100000,75321.2,75358.8,74209.4,74505.8,262.25308996
XXBTZUSD,60,20260523,110000,74505.8,74649.9,74273.3,74598,42.59632372
XXBTZUSD,60,20260523,120000,74598.1,74665.6,74548.7,74576.4,31.55072232
XXBTZUSD,60,20260523,130000,74576.4,74705.5,74576.4,74649.1,36.68928995
XXBTZUSD,60,20260523,140000,74649.1,74772.1,74649,74730.9,24.53000048
XXBTZUSD,60,20260523,150000,74730.9,74730.9,74581.6,74681.7,13.09334638
XXBTZUSD,60,20260523,160000,74678.7,75175.7,74678.6,75122.6,76.45737384
XXBTZUSD,60,20260523,170000,75122.7,75617.4,75033,75439.7,85.58217292
XXBTZUSD,60,20260523,180000,75439.7,75595.5,75318.6,75421.5,106.95138635
XXBTZUSD,60,20260523,190000,75421.6,75537.5,75327.7,75354.5,44.43428708
XXBTZUSD,60,20260523,200000,75354.5,75424,75283.9,75420,39.2697895
XXBTZUSD,60,20260523,210000,75420,75896.7,75383.5,75761.1,71.12782977
XXBTZUSD,60,20260523,220000,75761.1,75900,75699.1,75895.1,45.20428845
XXBTZUSD,60,20260523,230000,75891.8,77199,75866.3,77182.4,392.60005695
XXBTZUSD,60,20260524,000000,77182.5,77308.2,76461.6,76700.1,117.9698851
XXBTZUSD,60,20260524,010000,76700.1,76785.8,76307.7,76486.1,128.1125341
XXBTZUSD,60,20260524,020000,76486.2,76700,76453.7,76670.1,25.53399688
XXBTZUSD,60,20260524,030000,76670.1,76827.5,76552,76744.3,33.68085408
XXBTZUSD,60,20260524,040000,76744.3,76823.5,76659,76787.6,35.85746694
XXBTZUSD,60,20260524,050000,76787.6,76840,76628,76733.4,16.29984067
XXBTZUSD,60,20260524,060000,76733.4,76915.8,76650,76650.1,8.77759692
XXBTZUSD,60,20260524,070000,76650.1,76751,76650,76682.2,15.08047083
XXBTZUSD,60,20260524,080000,76682.1,76771,76562.8,76731,63.29645251
XXBTZUSD,60,20260524,090000,76730.7,76938.2,76623.1,76891.6,42.18622842
XXBTZUSD,60,20260524,100000,76892.4,76909.6,76704,76704.1,74.66051044
XXBTZUSD,60,20260524,110000,76704.1,76754.9,76631.9,76723.2,44.58429042
XXBTZUSD,60,20260524,120000,76723.2,76933,76723.1,76932.9,76.09751324
XXBTZUSD,60,20260524,130000,76932.9,77421.2,76839.3,77094.6,70.64419905
XXBTZUSD,60,20260524,140000,77094.5,77220,77083.4,77183.9,37.66016202
XXBTZUSD,60,20260524,150000,77184,77200,76962.5,77004.2,25.38398208
XXBTZUSD,60,20260524,160000,77004.3,77020,76606.6,76693.3,28.44431466
XXBTZUSD,60,20260524,170000,76694.8,76729.2,76127.2,76367.5,74.40157432
XXBTZUSD,60,20260524,180000,76367.6,76462.5,76287.7,76287.8,36.13600576
XXBTZUSD,60,20260524,190000,76287.8,76629.7,76287.7,76581.2,51.80336908
XXBTZUSD,60,20260524,200000,76581.2,76680.1,76481.7,76605.1,16.21219551
XXBTZUSD,60,20260524,210000,76605.1,76676.4,76500.1,76578.5,24.7429741
XXBTZUSD,60,20260524,220000,76578.5,76680.6,76522.2,76680.6,18.35545356
XXBTZUSD,60,20260524,230000,76676.1,76676.1,76519.1,76566.9,33.06437014
XXBTZUSD,60,20260525,000000,76567,76645.2,76020.5,76065.4,112.60433091
XXBTZUSD,60,20260525,010000,76065.4,76917,76045.5,76713.7,89.66747831
XXBTZUSD,60,20260525,020000,76709.4,77114.2,76709.4,76984.9,59.69451232
XXBTZUSD,60,20260525,030000,76980.7,77178.6,76980.7,77041.9,22.87368933
XXBTZUSD,60,20260525,040000,77041.9,77147.9,76833.8,76850.6,28.89316655
XXBTZUSD,60,20260525,050000,76850.7,77381.1,76850.7,77008.4,67.15907476
XXBTZUSD,60,20260525,060000,77008.5,77075.4,76926.4,76935.2,16.67414178
XXBTZUSD,60,20260525,070000,76935.2,77336.2,76915.1,77295.7,17.32276573
XXBTZUSD,60,20260525,080000,77295.8,77400,77237.9,77315.4,28.78409445
XXBTZUSD,60,20260525,090000,77315.4,77552.9,77139.6,77331.4,73.55068686
XXBTZUSD,60,20260525,100000,77331.4,77419.9,77103.5,77290.6,23.55157049
XXBTZUSD,60,20260525,110000,77292,77373.4,77195.4,77365.8,9.13006874
XXBTZUSD,60,20260525,120000,77367.5,77642.8,77340,77522.1,149.96592539
XXBTZUSD,60,20260525,130000,77522.2,77602.2,77423.1,77462.7,9.1762838
XXBTZUSD,60,20260525,140000,77462.7,77462.7,77250.6,77278.6,30.59099905
XXBTZUSD,60,20260525,150000,77278.7,77345.7,77218.6,77291.4,20.92280596
XXBTZUSD,60,20260525,160000,77291.4,77374.5,77224.5,77267,37.74967596
XXBTZUSD,60,20260525,170000,77267.1,77689.6,77252.5,77639.3,41.31128118
XXBTZUSD,60,20260525,180000,77639.3,77809.9,77484.8,77556.6,38.9901464
XXBTZUSD,60,20260525,190000,77556.6,77700,77443.7,77671.6,106.35893783
XXBTZUSD,60,20260525,200000,77671.6,77737.5,77481.6,77500,29.57477252
XXBTZUSD,60,20260525,210000,77500,77594.3,77473.2,77482.8,25.3852975
XXBTZUSD,60,20260525,220000,77482.9,77482.9,77300,77384.6,16.92287189
XXBTZUSD,60,20260525,230000,77384.7,77420,77135.1,77206.9,19.54827086
XXBTZUSD,60,20260526,000000,77206.9,77319.2,77206.8,77301,11.76270181
XXBTZUSD,60,20260526,010000,77301.1,77371.6,76975.1,77041.4,44.20919176
XXBTZUSD,60,20260526,020000,77041.5,77291.6,77006.3,77265.9,5.9984696
XXBTZUSD,60,20260526,030000,77265.9,77275.5,76512.8,76719,43.08593728
XXBTZUSD,60,20260526,040000,76719,76800,76531.2,76689.2,33.1970316
XXBTZUSD,60,20260526,050000,76689.2,76736.9,76450,76575.3,35.3276716
XXBTZUSD,60,20260526,060000,76575.5,76624,76393,76587.7,24.798725
XXBTZUSD,60,20260526,070000,76587.8,76715.4,76545,76689.3,33.31226993
XXBTZUSD,60,20260526,080000,76689.3,76915.2,76638.8,76824.9,21.51428913
XXBTZUSD,60,20260526,090000,76824.9,76956.6,76712.3,76837.3,6.13092672
XXBTZUSD,60,20260526,100000,76837.3,76837.3,76512.6,76637.1,11.95931626
XXBTZUSD,60,20260526,110000,76636.4,76752.1,76604.6,76650.2,17.6096395
XXBTZUSD,60,20260526,120000,76650.2,76715.4,76573.3,76590.7,10.80646958
XXBTZUSD,60,20260526,130000,76590.7,77528.6,76500.1,77356.8,219.54466255
XXBTZUSD,60,20260526,140000,77356.9,77401.9,77098.7,77101.1,101.35483079
XXBTZUSD,60,20260526,150000,77101.1,77139.1,76811.5,77046.2,59.12295259
XXBTZUSD,60,20260526,160000,77046.3,77364,76615.9,77135.1,120.43790228
XXBTZUSD,60,20260526,170000,77138.9,77989.3,76661.8,76842.5,392.25442717
XXBTZUSD,60,20260526,180000,76842.5,76923.8,76158.4,76420.6,156.59826757
XXBTZUSD,60,20260526,190000,76412,76588.2,76114.7,76455.6,117.69419575
XXBTZUSD,60,20260526,200000,76451.6,76536.7,75745.3,75820.6,264.4118494
XXBTZUSD,60,20260526,210000,75820.7,76149.3,75647.4,75716.1,177.61924761
XXBTZUSD,60,20260526,220000,75724.4,75971.3,75695.6,75921.7,98.65712348
XXBTZUSD,60,20260526,230000,75927.6,76061.8,75890,75997.8,55.3608724
XXBTZUSD,60,20260527,000000,75997.9,76009.9,75745.4,75780,35.42870223
XXBTZUSD,60,20260527,010000,75779.9,75887,75555.3,75624.2,138.38976913
XXBTZUSD,60,20260527,020000,75624.3,75869.1,75624.3,75824,61.94418819
XXBTZUSD,60,20260527,030000,75827.7,75974,75763.4,75965.2,110.1858664
XXBTZUSD,60,20260527,040000,75965.3,75983.6,75710,75761.2,100.17724113
XXBTZUSD,60,20260527,050000,75761.2,75779.9,75572.8,75730.8,24.55996377
XXBTZUSD,60,20260527,060000,75741.4,75850.6,75506,75553.6,30.16484972
XXBTZUSD,60,20260527,070000,75553.6,75575,75200,75471,57.79211269
XXBTZUSD,60,20260527,080000,75471.1,75598,75459.5,75590,38.10975324
XXBTZUSD,60,20260527,090000,75590,75769.8,75589.9,75715.4,26.15291143
XXBTZUSD,60,20260527,100000,75715.5,75856.2,75657.1,75856.2,14.08008044
XXBTZUSD,60,20260527,110000,75856.2,75938.5,75733.2,75756.1,28.87463528
XXBTZUSD,60,20260527,120000,75756.2,75860.2,75610,75789,59.10427132
XXBTZUSD,60,20260527,130000,75789.1,75910.9,75763.3,75786.5,13.34156531
XXBTZUSD,60,20260527,140000,75786.5,75890,75641.8,75641.8,14.97111077
XXBTZUSD,60,20260527,150000,75641.9,76041.7,75459,75574.8,58.05005665
XXBTZUSD,60,20260527,160000,75574.9,75635.5,74731.3,74929.2,188.31382119
XXBTZUSD,60,20260527,170000,74934.4,75118,74650,74900.7,73.05898463
XXBTZUSD,60,20260527,180000,74900.2,75357.5,74845.4,75196.6,32.2267318
XXBTZUSD,60,20260527,190000,75196.7,75263.8,74879.8,75178.2,56.18614944
XXBTZUSD,60,20260527,200000,75179.7,75200,74528.9,74727.8,116.41675268
XXBTZUSD,60,20260527,210000,74726.7,74887.2,74548.2,74887.2,33.73587159
XXBTZUSD,60,20260527,220000,74887.3,74967.5,74807.5,74916.7,102.07230264
XXBTZUSD,60,20260527,230000,74922.3,75283.8,74922.2,75138.7,133.05057109
XXBTZUSD,60,20260528,000000,75139.1,75139.1,74226.5,74350.4,148.33008276
XXBTZUSD,60,20260528,010000,74362.7,74650,74153.6,74308.2,81.09506134
XXBTZUSD,60,20260528,020000,74308.2,74443.6,74121,74337.1,53.39165723
XXBTZUSD,60,20260528,030000,74337,74467.1,74238,74441.2,14.61185041
XXBTZUSD,60,20260528,040000,74441.2,74462.8,74050,74215.5,57.1480654
XXBTZUSD,60,20260528,050000,74215.5,74263.7,74014.5,74145,50.43015685
XXBTZUSD,60,20260528,060000,74145,74247.4,72960,73133.1,484.96941849
XXBTZUSD,60,20260528,070000,73133.1,73136,72615.3,73049.9,256.83241073
XXBTZUSD,60,20260528,080000,73049.9,73049.9,72776.5,72850.5,258.43680288
XXBTZUSD,60,20260528,090000,72850.5,73075.4,72649.5,73074.2,66.38390848
XXBTZUSD,60,20260528,100000,73074.3,73354.9,73039,73340.8,49.8479606
XXBTZUSD,60,20260528,110000,73355,73357.9,73080,73185.1,67.1150052
XXBTZUSD,60,20260528,120000,73185.2,73430,73128.4,73418.8,28.69557776
XXBTZUSD,60,20260528,130000,73418.8,73501.7,73237,73286.2,26.9351916
XXBTZUSD,60,20260528,140000,73286.1,73409.8,73199,73378.5,50.87933571
XXBTZUSD,60,20260528,150000,73378.6,73449.9,73142.3,73397.8,66.86469591
XXBTZUSD,60,20260528,160000,73397.8,73449.9,72650,72930.6,195.45383419
XXBTZUSD,60,20260528,170000,72896,73420.7,72470,72896,143.31366789
XXBTZUSD,60,20260528,180000,72895.1,73024,72571,72806.3,107.65769647
XXBTZUSD,60,20260528,190000,72806.3,73300,72605.9,73299.9,254.59370865
XXBTZUSD,60,20260528,200000,73300,73621.9,73202.5,73441.1,219.3640669
XXBTZUSD,60,20260528,210000,73441.2,73628.8,73411.5,73527.3,90.34344006
XXBTZUSD,60,20260528,220000,73527.4,73529.1,73276.9,73300.7,45.15545062
XXBTZUSD,60,20260528,230000,73300.8,73600,73140.8,73475.8,64.3437198
XXBTZUSD,60,20260529,000000,73475.5,73809.3,73450,73727.8,124.53382976
XXBTZUSD,60,20260529,010000,73719.4,73827,73352.5,73366.9,49.36563031
XXBTZUSD,60,20260529,020000,73367.6,73621.3,73367.6,73515.7,45.32943835
XXBTZUSD,60,20260529,030000,73516.5,73747.9,73516.5,73611.2,41.60793914
XXBTZUSD,60,20260529,040000,73614.8,73747.9,73360.9,73483.9,29.48034818
XXBTZUSD,60,20260529,050000,73483.9,73537.3,73072.9,73101.7,33.98455362
XXBTZUSD,60,20260529,060000,73101.8,73339.9,73101.8,73186.3,7.83487113
XXBTZUSD,60,20260529,070000,73186.4,73402,73100.8,73400.1,26.468477
XXBTZUSD,60,20260529,080000,73400.1,73600,73385.9,73594.6,21.28435442
XXBTZUSD,60,20260529,090000,73594.7,73800,73529.2,73684.9,26.64234768
XXBTZUSD,60,20260529,100000,73681.1,73724.2,73282.4,73422.3,57.90797952
XXBTZUSD,60,20260529,110000,73419.7,73722.9,73419.7,73542.4,49.53391443
XXBTZUSD,60,20260529,120000,73544.1,73782.8,73544,73641.8,45.39058862
XXBTZUSD,60,20260529,130000,73640.8,73640.8,73500,73528.2,87.09685968
XXBTZUSD,60,20260529,140000,73528.2,73587.6,73235.3,73364,72.66283934
XXBTZUSD,60,20260529,150000,73364,73364.4,73082.1,73190,104.81171317
XXBTZUSD,60,20260529,160000,73190,73227.1,72787.6,73031.6,68.84257211
XXBTZUSD,60,20260529,170000,73030.3,73088.9,72362.8,72981.5,217.30101861
XXBTZUSD,60,20260529,180000,72984.8,74071.5,72891.1,73696.4,205.46076478
XXBTZUSD,60,20260529,190000,73696.5,73987.6,73456.7,73941.5,131.95832242
XXBTZUSD,60,20260529,200000,73941.5,74200,73812.5,73866.9,165.36582664
XXBTZUSD,60,20260529,210000,73867,73953.1,73099.1,73272.5,57.66875655
XXBTZUSD,60,20260529,220000,73272.6,73625,73139.6,73418,81.42653548
XXBTZUSD,60,20260529,230000,73413.5,73658.8,73413.5,73582.6,21.61336848
XXBTZUSD,60,20260530,000000,73582.6,73729.6,73318.4,73318.5,40.9518518
XXBTZUSD,60,20260530,010000,73318.5,73474,73279.8,73391.6,17.99062688
XXBTZUSD,60,20260530,020000,73391.6,73411.9,73227.4,73370.7,20.21623339
XXBTZUSD,60,20260530,030000,73370.7,73478.9,73312.9,73409.7,28.09847886
XXBTZUSD,60,20260530,040000,73400.8,73571,73368.4,73562.9,22.32687705
XXBTZUSD,60,20260530,050000,73563,73693.9,73510.8,73689.7,43.40286108
XXBTZUSD,60,20260530,060000,73689.7,73703.5,73425.2,73430.2,48.53864584
XXBTZUSD,60,20260530,070000,73429.3,73482.7,73131,73298.8,29.02055117
XXBTZUSD,60,20260530,080000,73299.1,73538.2,73248.2,73514.2,65.69536884
XXBTZUSD,60,20260530,090000,73506.1,73605.8,73425.5,73489.6,13.15613617
XXBTZUSD,60,20260530,100000,73489.6,73499.7,73383.2,73443.1,5.15332186
XXBTZUSD,60,20260530,110000,73443.2,73468.1,73398.8,73422.7,31.62255008
XXBTZUSD,60,20260530,120000,73422.7,73515.3,73402.4,73506.2,4.78218439
XXBTZUSD,60,20260530,130000,73506.3,73578.2,73484.3,73545.5,3.08648636
XXBTZUSD,60,20260530,140000,73550.8,73551.3,73456.5,73494.5,4.42254755
XXBTZUSD,60,20260530,150000,73494.6,73598.3,73486,73592.8,23.92899668
XXBTZUSD,60,20260530,160000,73588.1,73729.5,73587.4,73723.3,14.1988803
XXBTZUSD,60,20260530,170000,73723.4,73968.8,73705.2,73823.7,23.97754439
XXBTZUSD,60,20260530,180000,73823.7,73927.6,73742.5,73811.4,48.38608769
XXBTZUSD,60,20260530,190000,73811.4,73869.1,73770,73824.6,9.24712856
XXBTZUSD,60,20260530,200000,73824.6,73912.4,73705,73910.4,21.902953
XXBTZUSD,60,20260530,210000,73912.8,74004.4,73851,73934.6,58.90354434
XXBTZUSD,60,20260530,220000,73934.6,73964.9,73860.9,73901.1,34.60052747
XXBTZUSD,60,20260530,230000,73901.1,73907.4,73813.2,73857.5,15.03548252
XXBTZUSD,60,20260531,000000,73858.3,73950.6,73825.1,73853,25.14745786
XXBTZUSD,60,20260531,010000,73868.9,73868.9,73700,73780,19.46123752
XXBTZUSD,60,20260531,020000,73780,73881.8,73686.9,73753.7,11.9923955
XXBTZUSD,60,20260531,030000,73778.8,73926.6,73751.6,73919.7,5.86541874
XXBTZUSD,60,20260531,040000,73919.8,74161,73919.7,73945.5,25.88640095
XXBTZUSD,60,20260531,050000,73945.6,74128.2,73779.1,73972,24.21109036
XXBTZUSD,60,20260531,060000,73972.1,74100.4,73966.2,74037.6,13.30688019
XXBTZUSD,60,20260531,070000,74037.6,74109.3,73995.3,74082,8.88664842
XXBTZUSD,60,20260531,080000,74079.8,74093,73952,73952.8,3.56256987
XXBTZUSD,60,20260531,090000,73952.1,73990.9,73883,73946.6,4.32560653
XXBTZUSD,60,20260531,100000,73946.6,73946.6,73734.5,73767.6,9.21374431
XXBTZUSD,60,20260531,110000,73767.6,73872.4,73727,73833,17.82031551
XXBTZUSD,60,20260531,120000,73833.1,73915.8,73712.1,73736.6,3.86251353
XXBTZUSD,60,20260531,130000,73736.6,73783.1,73617.8,73783.1,21.83350116
XXBTZUSD,60,20260531,140000,73783.1,73855.6,73775.5,73838.3,5.87313367
XXBTZUSD,60,20260531,150000,73838.4,73869.8,73769.6,73807.2,17.1887056
XXBTZUSD,60,20260531,160000,73807.2,73901.1,73713.1,73750.7,5.36236732
XXBTZUSD,60,20260531,170000,73750.7,73750.7,73405.6,73484.1,46.20174807
XXBTZUSD,60,20260531,180000,73484.1,73660,73484.1,73545.1,24.22984667
XXBTZUSD,60,20260531,190000,73545.1,73617.8,73272.9,73425.9,37.33074311
XXBTZUSD,60,20260531,200000,73425.9,73631.3,73361.8,73587.6,36.94145436
XXBTZUSD,60,20260531,210000,73587.6,73609.4,73459.7,73506.1,10.49585601
XXBTZUSD,60,20260531,220000,73503.2,73549.9,73347.4,73451.2,9.31012647
XXBTZUSD,60,20260531,230000,73451.1,73650,73451.1,73628.6,8.33901585
XXBTZUSD,60,20260601,000000,73628.7,73799.9,73516.6,73785,31.72407715
XXBTZUSD,60,20260601,010000,73785,73888,73578.3,73837.7,37.87345798
XXBTZUSD,60,20260601,020000,73837.7,74070,73363.6,73570,28.87501283
XXBTZUSD,60,20260601,030000,73569.9,73960,73550.1,73777.8,28.8570524
XXBTZUSD,60,20260601,040000,73777.8,73802.7,73173,73193.4,38.88540186
XXBTZUSD,60,20260601,050000,73194.6,73765.7,73155,73681.8,51.00025786
XXBTZUSD,60,20260601,060000,73680.4,73889.1,73640.8,73673.1,12.54946947
XXBTZUSD,60,20260601,070000,73673,73745.9,73260.5,73429.8,15.42807506
XXBTZUSD,60,20260601,080000,73429.8,73434.3,73218.4,73256.2,25.01180135
XXBTZUSD,60,20260601,090000,73256.6,73270,72867.8,73041.7,50.18040824
XXBTZUSD,60,20260601,100000,73042,73100,72613.7,72719.8,64.65090393
XXBTZUSD,60,20260601,110000,72719.8,72835.3,72523.5,72799.8,53.80533108
XXBTZUSD,60,20260601,120000,72799.9,72999.9,72732.7,72789.6,89.74172298
XXBTZUSD,60,20260601,130000,72789.7,72817.3,72508.6,72659.2,39.27714073
XXBTZUSD,60,20260601,140000,72659.2,72683.5,72200,72384.3,116.61587946
XXBTZUSD,60,20260601,150000,72391.6,72529.3,71844,72130,186.82815353
XXBTZUSD,60,20260601,160000,72127.3,72143.2,71275,71614.2,279.37687143
XXBTZUSD,60,20260601,170000,71614.1,71774.4,71285,71419.8,136.76405361
XXBTZUSD,60,20260601,180000,71432.3,71549.9,70964.6,71000,167.8369122
XXBTZUSD,60,20260601,190000,71000,71488.9,70581.5,71455.2,224.16350958
XXBTZUSD,60,20260601,200000,71455.2,71679.6,71373,71551.4,189.80965875
XXBTZUSD,60,20260601,210000,71550.1,71592.5,71284.9,71415,69.25561439
XXBTZUSD,60,20260601,220000,71415.1,71578.5,71294.5,71493.2,54.54424904
XXBTZUSD,60,20260601,230000,71495,71595,71321.5,71354.5,61.36641477
XXBTZUSD,60,20260602,000000,71354.1,71365.5,70850.6,70950.1,79.98325724
XXBTZUSD,60,20260602,010000,70950,71336.4,70750,71310,228.05534521
XXBTZUSD,60,20260602,020000,71310.1,71464.9,71130.1,71317.5,43.83725116
XXBTZUSD,60,20260602,030000,71315.5,71315.5,71010,71177.7,30.99962985
XXBTZUSD,60,20260602,040000,71177.7,71276.5,70524.8,70539.4,62.94176528
XXBTZUSD,60,20260602,050000,70539.4,70765.2,70000,70736.2,114.77964644
XXBTZUSD,60,20260602,060000,70740,70918.2,70710,70846.2,45.72048916
XXBTZUSD,60,20260602,070000,70846.2,70928.6,70605.6,70695,81.39502827
XXBTZUSD,60,20260602,080000,70695,70700,70156.7,70158.4,139.36840945
XXBTZUSD,60,20260602,090000,70156.6,70333.6,69840,69989,174.14148053
XXBTZUSD,60,20260602,100000,69989.9,70155,69647.8,70022.1,166.21358076
XXBTZUSD,60,20260602,110000,70020.1,70065,69605.8,69705.1,89.77518597
XXBTZUSD,60,20260602,120000,69705.1,69754.1,69236.5,69300.2,117.97387901
XXBTZUSD,60,20260602,130000,69300.2,69645,69244.2,69542.6,292.66534282
XXBTZUSD,60,20260602,140000,69533.7,69540,69316.3,69362.5,95.51788504
XXBTZUSD,60,20260602,150000,69360.1,69434.9,68925.3,68925.4,191.84823227
XXBTZUSD,60,20260602,160000,68925.4,69081.2,68650,68691,266.0105028
XXBTZUSD,60,20260602,170000,68691,68715,67530.1,67874.9,560.70940233
XXBTZUSD,60,20260602,180000,67875,67942.7,66964.6,67197.7,426.86502769
XXBTZUSD,60,20260602,190000,67197.7,68001.5,67125.1,67303.4,351.66303055
XXBTZUSD,60,20260602,200000,67303.4,67725,67279.2,67380.1,139.87423526
XXBTZUSD,60,20260602,210000,67380.1,67545,67029.5,67231.4,172.42166947
XXBTZUSD,60,20260602,220000,67234.2,67366.5,66327.3,67209.9,444.90801655
XXBTZUSD,60,20260602,230000,67206.9,67590.6,66820.6,67488.2,140.10546017
XXBTZUSD,60,20260603,000000,67490.1,67802.8,67317.7,67467.3,86.75544661
XXBTZUSD,60,20260603,010000,67467.2,67467.2,66170,66278.4,360.96923995
XXBTZUSD,60,20260603,020000,66285,66772.4,66111.8,66669.7,174.6321663
XXBTZUSD,60,20260603,030000,66669.7,67083.3,66569.5,66841.4,221.5913661
XXBTZUSD,60,20260603,040000,66841.5,66963,66384.8,66840,160.56834306
XXBTZUSD,60,20260603,050000,66840,66840,66510.1,66526,38.33369116
XXBTZUSD,60,20260603,060000,66525.2,66569.9,65379.8,65770.5,285.91952506
XXBTZUSD,60,20260603,070000,65770.5,66526.8,65754.7,66379.3,92.53566663
XXBTZUSD,60,20260603,080000,66379.3,67306.7,66379.3,67237.1,155.13785104
XXBTZUSD,60,20260603,090000,67235.9,67420,66873.9,66877.6,69.16863548
XXBTZUSD,60,20260603,100000,66877.6,67226,66786.3,67130.6,40.80373276
XXBTZUSD,60,20260603,110000,67129.3,67155,66883,66930.1,41.79838895
XXBTZUSD,60,20260603,120000,66930.2,67212.1,66556.6,66977.7,91.42998158
XXBTZUSD,60,20260603,130000,66975.9,67374.9,66969.7,67195.5,117.13031804
XXBTZUSD,60,20260603,140000,67200,67262.4,66969.7,66985,63.90214397
XXBTZUSD,60,20260603,150000,66985,67060.1,66705.1,66985.1,63.29096051
XXBTZUSD,60,20260603,160000,66988.8,67140,66533,66789.1,142.55631272
XXBTZUSD,60,20260603,170000,66798.5,66893.8,66544.1,66766.3,98.43926892
XXBTZUSD,60,20260603,180000,66766.1,66780,66000,66000,264.34145784
XXBTZUSD,60,20260603,190000,66000.1,66250,65480.1,65976.2,263.58015608
XXBTZUSD,60,20260603,200000,65979,66090,65620.8,65872.8,154.12378558
XXBTZUSD,60,20260603,210000,65872.2,66059.9,65669.9,65965.9,130.50752945
XXBTZUSD,60,20260603,220000,65964.1,65976.6,65187.4,65376.1,227.61927479
XXBTZUSD,60,20260603,230000,65375.9,65521.6,64688,64903.1,288.57523724
XXBTZUSD,60,20260604,000000,64903.2,65761.5,64869,65672.1,210.36472341
XXBTZUSD,60,20260604,010000,65684.5,65730,64688,64810.1,199.73223705
XXBTZUSD,60,20260604,020000,64810,64883.7,64000,64035.8,356.35596964
XXBTZUSD,60,20260604,030000,64036.1,64320,62920.5,63245,569.33054856
XXBTZUSD,60,20260604,040000,63244.3,63399.3,62038.6,62099.9,549.66907489
XXBTZUSD,60,20260604,050000,62100,63553.4,61255.9,63153,918.1165377
XXBTZUSD,60,20260604,060000,63153,64444,63153,64290,411.06212411
XXBTZUSD,60,20260604,070000,64290,64686.1,64214.7,64327.7,162.78231898
XXBTZUSD,60,20260604,080000,64327.7,64327.7,63605.2,63898.8,435.38989632
XXBTZUSD,60,20260604,090000,63898.3,64403.8,63825,63979.6,154.0895371
XXBTZUSD,60,20260604,100000,63979.6,63996,63351.3,63525.1,222.6770308
XXBTZUSD,60,20260604,110000,63543,63826.8,63197,63562,226.37662334
XXBTZUSD,60,20260604,120000,63467.4,63477.8,62650,63179.1,127.15385712
XXBTZUSD,60,20260604,130000,63179.1,63179.4,62238.6,62353,231.6634134
XXBTZUSD,60,20260604,140000,62352.9,62755,62038.8,62476.1,484.67838365
XXBTZUSD,60,20260604,150000,62479.2,63915.9,62312.4,63706.9,188.82464066
XXBTZUSD,60,20260604,160000,63707,64203.3,63016.3,64150,519.05571079
XXBTZUSD,60,20260604,170000,64157,64434.8,63750,63897.1,283.23914782
XXBTZUSD,60,20260604,180000,63897.2,64326.6,63628.1,63826.7,192.27948121
XXBTZUSD,60,20260604,190000,63826.8,63858,63384.2,63485.7,98.6837446
XXBTZUSD,60,20260604,200000,63485.8,63645.8,62897,63460.1,174.57905208
XXBTZUSD,60,20260604,210000,63460,64032.4,63052,63746.1,155.66644242
XXBTZUSD,60,20260604,220000,63742.4,64072,63455.1,63547.7,221.04091109
XXBTZUSD,60,20260604,230000,63538.5,63596.9,63118.5,63575.7,77.84482407
XXBTZUSD,60,20260605,000000,63570.3,63797.5,63057.2,63233,201.28279831
XXBTZUSD,60,20260605,010000,63233,63695.5,63150.3,63677.4,75.26013371
XXBTZUSD,60,20260605,020000,63674.1,63850,63317.7,63814,60.97581968
XXBTZUSD,60,20260605,030000,63811.1,63905.3,63339.4,63366.7,108.73728263
XXBTZUSD,60,20260605,040000,63366.7,63475.4,62962.6,63305.4,117.29376438
XXBTZUSD,60,20260605,050000,63296.2,63374.5,62530,62544.2,238.75454548
XXBTZUSD,60,20260605,060000,62549.7,62814,62283.4,62648.3,245.03214439
XXBTZUSD,60,20260605,070000,62665.3,63568.7,62443.6,63521.2,123.94326082
XXBTZUSD,60,20260605,080000,63529.6,63614.6,62220,62272.7,122.09869474
XXBTZUSD,60,20260605,090000,62271.1,62560.4,61100,61894.4,492.10530313
XXBTZUSD,60,20260605,100000,61891,63043.1,61319.7,63043.1,183.82662839
XXBTZUSD,60,20260605,110000,63049.8,63049.8,62246.1,62397.3,213.55088285
XXBTZUSD,60,20260605,120000,62407.5,63194.8,62398.1,62813.4,142.75084049
XXBTZUSD,60,20260605,130000,62813.4,62887.9,62330.1,62496.6,89.16953312
XXBTZUSD,60,20260605,140000,62496.6,62577,61920,61920,95.98045019
XXBTZUSD,60,20260605,150000,61918.4,62388.1,61561.8,61918.3,308.47794894
XXBTZUSD,60,20260605,160000,61918.4,62268.4,60700,60700.1,745.70203031
XXBTZUSD,60,20260605,170000,60700.1,61179.7,60331,60838.6,1131.75567252
XXBTZUSD,60,20260605,180000,60844.8,61074.1,60000,60400.1,980.89345075
XXBTZUSD,60,20260605,190000,60400.1,61517.2,59764,61368.8,665.41191713
XXBTZUSD,60,20260605,200000,61368.7,61459.3,60612.4,60746.9,222.33264705
XXBTZUSD,60,20260605,210000,60747,60910,59107.5,59344.3,633.70434604
XXBTZUSD,60,20260605,220000,59356.4,60426,59070.6,60287.6,554.38817121
XXBTZUSD,60,20260605,230000,60260.4,61741.1,59922.8,61608.7,605.87873705
XXBTZUSD,60,20260606,000000,61604.4,61957.6,61424.6,61662.2,353.28702871
XXBTZUSD,60,20260606,010000,61657.1,61940.6,61117.8,61566.8,222.6963386
XXBTZUSD,60,20260606,020000,61573.4,61738.5,60508.1,61037.9,149.86255556
XXBTZUSD,60,20260606,030000,61038.3,61496.2,61038.2,61248.4,95.68357662
XXBTZUSD,60,20260606,040000,61248.4,61355,60929.6,61030,124.48424291
XXBTZUSD,60,20260606,050000,61031.1,61150,60654.6,60942.1,38.37332952
XXBTZUSD,60,20260606,060000,60927.1,60927.4,60522.7,60671.7,94.0533403
XXBTZUSD,60,20260606,070000,60671.7,60851,59493.5,60080.3,279.75226601
XXBTZUSD,60,20260606,080000,60080.3,61010.4,59614.4,60911.8,158.00121637
XXBTZUSD,60,20260606,090000,60911.8,61226.4,60671.9,60743.1,72.57426909
XXBTZUSD,60,20260606,100000,60743.1,61199,60709.3,60974,155.80354002
XXBTZUSD,60,20260606,110000,60974.2,61462.5,60853.3,61223.5,32.72197352
XXBTZUSD,60,20260606,120000,61237.2,61299,60872.9,60944.8,47.68807756
XXBTZUSD,60,20260606,130000,60951.3,60951.3,60196.7,60579.8,101.02385916
XXBTZUSD,60,20260606,140000,60579.7,60923.3,60518,60761.9,37.54839716
XXBTZUSD,60,20260606,150000,60761.9,61154.1,60624.4,60988.9,39.27516576
XXBTZUSD,60,20260606,160000,60995.3,61075.2,60682.6,60775.9,24.79155687
XXBTZUSD,60,20260606,170000,60784,60985.7,60747.8,60769.1,47.39616438
XXBTZUSD,60,20260606,180000,60768.3,60879.5,60384.9,60746.3,78.85620847
XXBTZUSD,60,20260606,190000,60746.3,60920.6,60466.8,60758.3,32.72637453
XXBTZUSD,60,20260606,200000,60759.5,60814.5,60495,60558.3,38.74949668
XXBTZUSD,60,20260606,210000,60558.3,60716.8,60377.5,60606.1,28.61115964
XXBTZUSD,60,20260606,220000,60609.3,60748.1,60485.1,60575.3,168.09094434
XXBTZUSD,60,20260606,230000,60574.1,60719.7,60500,60682.6,56.56230748
XXBTZUSD,60,20260607,000000,60681.1,60959.9,60680.7,60725.2,32.64720505
XXBTZUSD,60,20260607,010000,60725.2,60786.6,60413.1,60529.6,35.93510445
XXBTZUSD,60,20260607,020000,60525.1,60894.1,60515.4,60855.7,20.52226949
XXBTZUSD,60,20260607,030000,60858,60937.9,60714.4,60757.4,17.69007251
XXBTZUSD,60,20260607,040000,60757.4,61603.5,60734.9,61455.8,174.11310308
XXBTZUSD,60,20260607,050000,61455.8,61538.7,61172.4,61488.3,43.33725264
XXBTZUSD,60,20260607,060000,61488.3,61725.4,61396.5,61678.4,79.07027835
XXBTZUSD,60,20260607,070000,61678.4,61868.3,61469.1,61863.1,39.04200076
XXBTZUSD,60,20260607,080000,61863.1,62301.1,61629.7,61734.8,147.00001903
XXBTZUSD,60,20260607,090000,61731.5,62248.7,61607,62082.8,89.25746539
XXBTZUSD,60,20260607,100000,62079.6,62395.6,61991.4,62381.1,90.82949157
XXBTZUSD,60,20260607,110000,62384,62914.4,62246.4,62829.5,144.51688001
XXBTZUSD,60,20260607,120000,62829.5,62875.3,62388.1,62510.3,60.79377396
XXBTZUSD,60,20260607,130000,62514.9,62545,62298.4,62361.8,56.12214474
XXBTZUSD,60,20260607,140000,62359,62725.9,62345.3,62615,59.79877453
XXBTZUSD,60,20260607,150000,62615.1,62621,61576,61870.6,198.44352439
XXBTZUSD,60,20260607,160000,61887,61887,61634.3,61700.1,37.1719334
XXBTZUSD,60,20260607,170000,61700.1,62278.5,61686.2,61891.1,113.24341177
XXBTZUSD,60,20260607,180000,61883.6,62178.9,61666.2,62067.1,126.42016822
XXBTZUSD,60,20260607,190000,62067.2,62287.1,61926.9,62050.2,70.50551929
XXBTZUSD,60,20260607,200000,62060.9,62292.2,62027.1,62134.1,39.12243551
XXBTZUSD,60,20260607,210000,62135.9,62274.3,62000,62008.1,77.89172768
XXBTZUSD,60,20260607,220000,62009,62009,61135.7,61305.5,215.67421135
XXBTZUSD,60,20260607,230000,61305.5,61925.7,61200.2,61867.4,62.66600392
XXBTZUSD,60,20260608,000000,61845.7,61966.5,61621.4,61746.6,33.57585979
XXBTZUSD,60,20260608,010000,61749.5,64613,61698.2,62845.3,706.01536226
XXBTZUSD,60,20260608,020000,62839.7,63400,62786.3,63307.6,99.27221459
XXBTZUSD,60,20260608,030000,63305.6,63821.5,63133.6,63615.3,115.15685137
XXBTZUSD,60,20260608,040000,63615.3,63615.3,62687,63166.3,70.55506409
XXBTZUSD,60,20260608,050000,63179.5,63229.6,62900,63104.5,27.49769831
XXBTZUSD,60,20260608,060000,63104.6,63429.8,62961,63078.2,13.26390299
XXBTZUSD,60,20260608,070000,63078.2,63144.7,62635.7,62674.9,34.05854183
XXBTZUSD,60,20260608,080000,62662.3,62788,62388.2,62712.6,28.12543809
XXBTZUSD,60,20260608,090000,62715.3,63100.7,62701.4,62961.7,25.76413497
XXBTZUSD,60,20260608,100000,62961.7,63304.6,62787.6,63230.4,33.76935873
XXBTZUSD,60,20260608,110000,63230.5,63230.5,62946.6,63094.7,168.46573533
XXBTZUSD,60,20260608,120000,63095.2,63546.2,63079.9,63451.5,33.16425835
XXBTZUSD,60,20260608,130000,63451.6,63483.1,63065.1,63099.9,47.66501892
XXBTZUSD,60,20260608,140000,63100,63811.3,63020.1,63438,82.8509056
XXBTZUSD,60,20260608,150000,63444.8,63880,62690.5,63788.3,115.06556312
XXBTZUSD,60,20260608,160000,63793.7,63899.9,63329.4,63711.8,119.97247021
XXBTZUSD,60,20260608,170000,63719.7,64057,63545.5,63926.5,153.35826429
XXBTZUSD,60,20260608,180000,63947.1,64189,63689.1,63745.4,258.67154535
XXBTZUSD,60,20260608,190000,63751.7,64025.3,63442.6,63504.1,63.47916959
XXBTZUSD,60,20260608,200000,63500.2,63612.1,63261,63517.6,49.14980209
XXBTZUSD,60,20260608,210000,63517.6,63666.1,63317.4,63445.7,106.18828547
XXBTZUSD,60,20260608,220000,63445.9,63561.6,63344.8,63344.8,47.62503823
XXBTZUSD,60,20260608,230000,63351.1,63468.1,63154.6,63467,74.11636139
XXBTZUSD,60,20260609,000000,63469.7,63826.8,63459.5,63718.8,47.04356969
XXBTZUSD,60,20260609,010000,63718.9,63718.9,63201.9,63433.7,26.71642539
XXBTZUSD,60,20260609,020000,63428.5,63577.8,62974.9,63076.4,96.11955423
XXBTZUSD,60,20260609,030000,63068.5,63148.6,62383.9,62546.4,117.88196201
XXBTZUSD,60,20260609,040000,62542.8,62863.8,62528.1,62760.2,186.51080057
XXBTZUSD,60,20260609,050000,62755.9,62852.3,62530.7,62843.6,29.5200816
XXBTZUSD,60,20260609,060000,62843.6,62944.6,62684.9,62851.4,19.38536859
XXBTZUSD,60,20260609,070000,62851.4,63384.2,62717.5,63203.8,54.44961138
XXBTZUSD,60,20260609,080000,63203.6,63467.9,63099.5,63317.5,20.33119902
XXBTZUSD,60,20260609,090000,63317.6,63453.1,63190.1,63257.7,24.01033675
XXBTZUSD,60,20260609,100000,63257.7,63405.5,62969.5,63158.5,47.91668237
XXBTZUSD,60,20260609,110000,63158.5,63167.5,62737.1,62817.5,40.71025916
XXBTZUSD,60,20260609,120000,62817.5,62911,62575.6,62677.5,24.63701884
XXBTZUSD,60,20260609,130000,62681.2,62784.7,62581.2,62762.2,35.7048792
XXBTZUSD,60,20260609,140000,62762.2,62775.6,62464.8,62680.2,75.51267703
XXBTZUSD,60,20260609,150000,62674.9,62870.4,62410.6,62619.4,57.00513881
XXBTZUSD,60,20260609,160000,62608.9,62692.6,62132.1,62240.1,245.54071583
XXBTZUSD,60,20260609,170000,62239.7,62361.9,61120,61493.8,650.57662424
XXBTZUSD,60,20260609,180000,61494.5,61655.2,61000,61087.9,381.48073491
XXBTZUSD,60,20260609,190000,61087.9,61421.9,60740.9,61346.5,509.74906822
XXBTZUSD,60,20260609,200000,61355.5,61830.7,61344.7,61643.5,169.20047941
XXBTZUSD,60,20260609,210000,61651.2,61916.6,61554.2,61742.3,99.2769783
XXBTZUSD,60,20260609,220000,61738.3,62050,61674.1,62050,138.40581525
XXBTZUSD,60,20260609,230000,62050,62208.7,61912.4,62118.5,116.09112955
XXBTZUSD,60,20260610,000000,62118.1,62146.1,61646.5,61718.8,118.97227929
XXBTZUSD,60,20260610,010000,61715.2,61919.5,61623.3,61681.6,81.39055032
XXBTZUSD,60,20260610,020000,61681.7,61827.8,61529.9,61690.4,50.31374651
XXBTZUSD,60,20260610,030000,61688.1,61873.7,61420,61873.6,83.60487952
XXBTZUSD,60,20260610,040000,61873.7,61918.3,61562.7,61670.6,27.19255001
XXBTZUSD,60,20260610,050000,61670.6,61797.2,61204.7,61265.9,155.92669498
XXBTZUSD,60,20260610,060000,61266,61542.9,61248.3,61500,60.12265109
XXBTZUSD,60,20260610,070000,61500,61500,61165.1,61256.5,34.59063217
XXBTZUSD,60,20260610,080000,61256.5,61354.2,61037.7,61300.2,44.83673712
XXBTZUSD,60,20260610,090000,61312.4,61466.7,61113.5,61426.7,82.93495537
XXBTZUSD,60,20260610,100000,61428.9,61759.9,61407.7,61640,75.5425211
XXBTZUSD,60,20260610,110000,61640,61676,61128.5,61214.6,49.15799139
XXBTZUSD,60,20260610,120000,61204.5,61363.6,60746.8,61280.8,142.36463277
XXBTZUSD,60,20260610,130000,61280.7,61393,61120.7,61344.3,63.32545602
XXBTZUSD,60,20260610,140000,61344.3,61401.7,60836,60981.8,64.77481371
XXBTZUSD,60,20260610,150000,60990.8,61871.7,60909.1,61540.2,219.42142073
XXBTZUSD,60,20260610,160000,61526.2,62395.6,61390.9,62077,384.672522
XXBTZUSD,60,20260610,170000,62094,62197.7,61769,62131.3,90.62757018
XXBTZUSD,60,20260610,180000,62141.6,62800,61813,62589.2,252.9461054
XXBTZUSD,60,20260610,190000,62589.2,62600.2,61879.1,62162.1,229.91223137
XXBTZUSD,60,20260610,200000,62162.2,62305.1,61597.9,61903.5,220.18719061
XXBTZUSD,60,20260610,210000,61920.1,62095.1,61555,61855.4,152.13801254
XXBTZUSD,60,20260610,220000,61809.7,62013.4,61613.4,61894.8,76.27053286
XXBTZUSD,60,20260610,230000,61881,61884.9,61636.6,61724.9,63.68012099
XXBTZUSD,60,20260611,000000,61725,61725,61131.3,61291.3,183.9945022
XXBTZUSD,60,20260611,010000,61291.4,61525.3,61042.6,61328.4,65.01317581
XXBTZUSD,60,20260611,020000,61326.7,61550.4,61121,61464.4,40.17559852
XXBTZUSD,60,20260611,030000,61459.1,61922.2,61459,61758.4,40.44724751
XXBTZUSD,60,20260611,040000,61758.4,62307.6,61758.3,62153.6,49.37262419
XXBTZUSD,60,20260611,050000,62153.6,62234.8,61888,62074.3,64.33129456
XXBTZUSD,60,20260611,060000,62073.7,62719.2,61955,62610.9,101.48720785
XXBTZUSD,60,20260611,070000,62601.3,62797.7,62471.2,62643.9,180.16465942
XXBTZUSD,60,20260611,080000,62643.9,62651.2,62497.5,62534,30.45758497
XXBTZUSD,60,20260611,090000,62534.1,62918.5,62473.3,62702,38.97962004
XXBTZUSD,60,20260611,100000,62702,62765.3,62538.6,62646,32.34453153
XXBTZUSD,60,20260611,110000,62639.6,62958,62639.5,62866.1,30.08525316
XXBTZUSD,60,20260611,120000,62866.2,62906.9,62699.3,62860,69.02309751
XXBTZUSD,60,20260611,130000,62842.4,63122.1,62734.9,63088.7,101.25845124
XXBTZUSD,60,20260611,140000,63088.7,63205.4,62988.3,63047.7,29.14502422
XXBTZUSD,60,20260611,150000,63047.7,63121.8,62459.4,62948,84.9164737
XXBTZUSD,60,20260611,160000,62948,63171.5,62619,63006.9,73.76580059
XXBTZUSD,60,20260611,170000,63006.9,63017.1,62665.7,62668.9,67.08879462
XXBTZUSD,60,20260611,180000,62669,62802.8,62453.5,62669.6,65.32360432
XXBTZUSD,60,20260611,190000,62670.5,62758.3,62495.7,62515.8,45.06394494
XXBTZUSD,60,20260611,200000,62515.9,63557.2,62268.5,63555.1,210.26066113
XXBTZUSD,60,20260611,210000,63558,63695,63262.6,63387,145.95190865
XXBTZUSD,60,20260611,220000,63389,63845.9,63323.5,63557.2,140.82801962
XXBTZUSD,60,20260611,230000,63553.9,63580,63217.1,63334.3,36.14684558
XXBTZUSD,60,20260612,000000,63334.4,63525.2,63334.3,63445.1,58.9890339
XXBTZUSD,60,20260612,010000,63445.2,63600.2,63407.3,63450,26.19948937
XXBTZUSD,60,20260612,020000,63443.1,63625.2,63300.2,63552.3,80.33881995
XXBTZUSD,60,20260612,030000,63553.7,63712.1,63468.8,63574.1,70.56819282
XXBTZUSD,60,20260612,040000,63574.1,63574.1,63242.7,63337.5,47.56578749
XXBTZUSD,60,20260612,050000,63337.5,63681.5,63337.5,63540,48.64775902
XXBTZUSD,60,20260612,060000,63540,63568.6,63285.5,63430.6,22.24078165
XXBTZUSD,60,20260612,070000,63430.6,63775.1,63354.4,63618.9,29.63334209
XXBTZUSD,60,20260612,080000,63619,63640.1,63239.8,63266.4,23.47529123
XXBTZUSD,60,20260612,090000,63271,63329.1,62765.3,62913.2,56.00236035
XXBTZUSD,60,20260612,100000,62900.2,63147.2,62879.7,63013.3,25.26105161
XXBTZUSD,60,20260612,110000,63013.3,63527.6,63013.2,63400.8,51.17633842
XXBTZUSD,60,20260612,120000,63400.8,63865.1,63359.6,63679,33.77589986
XXBTZUSD,60,20260612,130000,63679,63770.7,63530,63640.1,37.35241162
XXBTZUSD,60,20260612,140000,63640.2,63802.8,63624,63705,25.12581801
XXBTZUSD,60,20260612,150000,63705,63705,63323.4,63406.6,54.7982311
XXBTZUSD,60,20260612,160000,63406.7,63451.1,62997.5,63141.8,63.58226759
XXBTZUSD,60,20260612,170000,63141.8,63934.9,63114.6,63934.9,78.76306644
XXBTZUSD,60,20260612,180000,63934.9,64333,63508.2,63551.7,300.43723503
XXBTZUSD,60,20260612,190000,63554.2,63951.5,63493.5,63943.4,144.50946109
XXBTZUSD,60,20260612,200000,63941.7,64069.8,63706,63816.9,47.26032743
XXBTZUSD,60,20260612,210000,63816.9,63890.1,63641.3,63651.4,56.48062875
XXBTZUSD,60,20260612,220000,63652.7,63783.3,63567,63567.1,31.83699196
XXBTZUSD,60,20260612,230000,63567.1,63664.2,63372.2,63423.1,124.5707122
XXBTZUSD,60,20260613,000000,63423,63596.1,63390.7,63438.5,112.52479141
XXBTZUSD,60,20260613,010000,63438.2,63614.7,63433.5,63462.1,49.13252298
XXBTZUSD,60,20260613,020000,63462.1,63543.6,63385.4,63543.2,42.67332681
XXBTZUSD,60,20260613,030000,63543.3,63597.4,63488,63573.8,14.19189773
XXBTZUSD,60,20260613,040000,63573.8,63793.2,63573.7,63783.1,16.7523937
XXBTZUSD,60,20260613,050000,63783,63793.2,63525.7,63624.4,15.60008096
XXBTZUSD,60,20260613,060000,63622,63672.6,63418.5,63494.3,11.36617562
XXBTZUSD,60,20260613,070000,63494.3,63604.5,63450.1,63487,9.41502522
XXBTZUSD,60,20260613,080000,63487.1,63551.6,63474.3,63527.8,19.29921989
XXBTZUSD,60,20260613,090000,63534.7,63687.4,63527.8,63687.4,6.73477954
XXBTZUSD,60,20260613,100000,63687.4,63826.8,63642.7,63783.9,16.22905272
XXBTZUSD,60,20260613,110000,63795.2,63865.1,63736.1,63774,12.40231448
XXBTZUSD,60,20260613,120000,63774,63817.3,63712.8,63712.8,5.7444144
XXBTZUSD,60,20260613,130000,63712.9,63865.2,63703.3,63791,9.44839446
XXBTZUSD,60,20260613,140000,63791.1,63922.3,63791,63920.7,12.00676501
XXBTZUSD,60,20260613,150000,63920.7,64164.7,63877.4,64100,23.91681932
XXBTZUSD,60,20260613,160000,64100.1,64211.3,64019.2,64068.9,38.78211905
XXBTZUSD,60,20260613,170000,64069,64192.8,64046.4,64188.1,68.52448458
XXBTZUSD,60,20260613,180000,64188.1,64294,64139.3,64253.4,58.53697109
XXBTZUSD,60,20260613,190000,64258.3,64263.4,63893.2,63988.5,108.99693743
XXBTZUSD,60,20260613,200000,63988.5,64087.9,63915,63944.3,40.97228759
XXBTZUSD,60,20260613,210000,63944.4,64247.8,63944.3,64129.6,34.31804286
XXBTZUSD,60,20260613,220000,64129.6,64294,64120.4,64281.7,84.13741292
XXBTZUSD,60,20260613,230000,64281.8,64281.8,64206.4,64253.2,29.97026742
XXBTZUSD,60,20260614,000000,64257.2,64750,64200.7,64442.9,79.27035847
XXBTZUSD,60,20260614,010000,64442.9,64531.8,64360.3,64437.2,25.49900791
XXBTZUSD,60,20260614,020000,64437.2,64562.6,64366.2,64404,40.19924199
XXBTZUSD,60,20260614,030000,64415.6,64544.7,64367.1,64535.2,69.12970427
XXBTZUSD,60,20260614,040000,64534.6,64670.1,64500,64560.9,19.56920432
XXBTZUSD,60,20260614,050000,64559.5,64606.8,64452.1,64473.9,9.96787083
XXBTZUSD,60,20260614,060000,64474,64512.8,64442.7,64512.8,12.98110822
XXBTZUSD,60,20260614,070000,64512.8,64519.1,64320.1,64320.2,21.40590589
XXBTZUSD,60,20260614,080000,64320.2,64382.3,64280.3,64331.7,16.59356425
XXBTZUSD,60,20260614,090000,64331.7,64445.1,64234,64257.5,30.1046267
XXBTZUSD,60,20260614,100000,64257.5,64411.8,64205.2,64409.8,14.26506383
XXBTZUSD,60,20260614,110000,64409.8,64470.1,64365.9,64430.3,12.010108
XXBTZUSD,60,20260614,120000,64430.4,64570.1,64300,64570,16.1993329
XXBTZUSD,60,20260614,130000,64570.1,64620,64470.2,64500.1,9.16269318
XXBTZUSD,60,20260614,140000,64500.1,64600.4,64420.1,64521.5,15.83227581
XXBTZUSD,60,20260614,150000,64521.5,64528.8,64270.1,64282.9,18.395013
XXBTZUSD,60,20260614,160000,64283,64358.8,64218.6,64272.8,39.75505624
XXBTZUSD,60,20260614,170000,64272.8,64302.7,63850.7,63941.5,96.60158663
XXBTZUSD,60,20260614,180000,63942.3,64106.8,63942.2,63982.4,44.37112616
XXBTZUSD,60,20260614,190000,63983.9,64170.7,63900,63915.4,53.23907326
XXBTZUSD,60,20260614,200000,63915.4,63988.2,63665,63702.2,46.87983307
XXBTZUSD,60,20260614,210000,63702.3,63782.2,63643.3,63777.3,42.56951986
XXBTZUSD,60,20260614,220000,63777.3,63816.8,63712,63750,62.07976712
XXBTZUSD,60,20260614,230000,63750,64077.7,63749.9,63975.3,31.30646882
XXBTZUSD,60,20260615,000000,63975.3,65632.9,63975.3,65273.3,413.11427852
XXBTZUSD,60,20260615,010000,65273.4,65483.1,64923.7,65380.6,192.33927753
XXBTZUSD,60,20260615,020000,65380.5,65750,65221.9,65715.1,159.86959193
XXBTZUSD,60,20260615,030000,65715.1,65847,65467.8,65580.2,96.27831586
XXBTZUSD,60,20260615,040000,65580.2,65696.5,65321.7,65461.9,38.41075932
XXBTZUSD,60,20260615,050000,65461.9,65715.3,65402,65420.2,35.13640237
XXBTZUSD,60,20260615,060000,65420.2,65943,65410.2,65890,126.96136886
XXBTZUSD,60,20260615,070000,65890.1,65890.1,65610.6,65610.7,103.72399041
XXBTZUSD,60,20260615,080000,65610.7,65820.1,65600,65820.1,28.84197981
XXBTZUSD,60,20260615,090000,65820.1,65924.3,65738.6,65778.1,42.84746664
XXBTZUSD,60,20260615,100000,65778.1,65950,65602.1,65622.4,64.00003967
XXBTZUSD,60,20260615,110000,65622.3,65738.6,65570.8,65625.2,89.10577747
XXBTZUSD,60,20260615,120000,65623.8,65738.5,65463.6,65550.7,13.7004017
XXBTZUSD,60,20260615,130000,65550.8,65904.8,65539.4,65870.8,91.45664197
XXBTZUSD,60,20260615,140000,65874.1,66330.4,65818.9,66197.5,212.1708401
XXBTZUSD,60,20260615,150000,66197.5,66578.1,66071.5,66535.5,149.9726467
XXBTZUSD,60,20260615,160000,66535.6,66900,66366.4,66412.4,362.04340156
XXBTZUSD,60,20260615,170000,66405.5,66627.1,66249.6,66551.2,138.08156752
XXBTZUSD,60,20260615,180000,66551.5,67244.4,66534.9,67243.2,209.97456915
XXBTZUSD,60,20260615,190000,67243.1,67263.5,67060.1,67145.1,137.23771128
XXBTZUSD,60,20260615,200000,67145.1,67145.1,66660.5,66816.4,115.63653455
XXBTZUSD,60,20260615,210000,66821.7,66894.4,66700,66738.8,60.74491313
XXBTZUSD,60,20260615,220000,66738.7,66866.7,66338.6,66555,76.38199604
XXBTZUSD,60,20260615,230000,66562.9,66649.3,66464.2,66477.2,151.57233537
XXBTZUSD,60,20260616,000000,66490.5,66534.6,66300.1,66331.7,115.18216653
XXBTZUSD,60,20260616,010000,66331.7,66431.7,66066.1,66165,83.23436733
XXBTZUSD,60,20260616,020000,66165,66318.1,66092.7,66284.3,28.67338352
XXBTZUSD,60,20260616,030000,66284.3,66422.4,66204.2,66215.2,98.30596529
XXBTZUSD,60,20260616,040000,66213.4,66381.5,66209.2,66305.4,49.52638065
XXBTZUSD,60,20260616,050000,66305.4,66332.2,65644.4,65702.5,92.70937449
XXBTZUSD,60,20260616,060000,65702.5,66110,65628.5,66109.9,60.07409272
XXBTZUSD,60,20260616,070000,66110,66239.6,65778.5,65818.6,36.83282886
XXBTZUSD,60,20260616,080000,65818.6,66096.3,65818.5,66034.1,45.37136544
XXBTZUSD,60,20260616,090000,66034.1,66508.6,66034,66410.5,78.14710371
XXBTZUSD,60,20260616,100000,66410.5,66491,66281.8,66336.4,66.99723087
XXBTZUSD,60,20260616,110000,66336.5,66922.4,66321.4,66844.8,67.11440653
XXBTZUSD,60,20260616,120000,66844.8,66860.2,66440.3,66470.3,37.59950115
XXBTZUSD,60,20260616,130000,66470.3,66716.8,66450,66473.5,30.38120031
XXBTZUSD,60,20260616,140000,66473.5,66584.9,66334.5,66434.4,25.87030871
XXBTZUSD,60,20260616,150000,66434.4,66748.4,66313.8,66379.3,57.01942174
XXBTZUSD,60,20260616,160000,66379.3,66413.4,65876.5,66000,95.83749746
XXBTZUSD,60,20260616,170000,66000.1,66207.2,65289.8,65591.7,468.19388024
XXBTZUSD,60,20260616,180000,65591.8,65952.2,65573,65816.4,89.00038857
XXBTZUSD,60,20260616,190000,65816.4,65898.7,65642.1,65700.7,80.11106092
XXBTZUSD,60,20260616,200000,65703.1,65952.3,65654.2,65920.5,40.21060705
XXBTZUSD,60,20260616,210000,65920.5,66753.2,65749.5,65771.8,194.30375484
XXBTZUSD,60,20260616,220000,65771.9,65771.9,65500.1,65603.8,68.04075881
XXBTZUSD,60,20260616,230000,65613,65811.7,65526.1,65790.9,34.05967014
XXBTZUSD,60,20260617,000000,65790.9,65859.9,65589.9,65715.8,36.32518758
XXBTZUSD,60,20260617,010000,65715.9,65823.1,65621.2,65714.7,43.62876271
XXBTZUSD,60,20260617,020000,65714.7,65766.9,65575.4,65609.5,14.677387
XXBTZUSD,60,20260617,030000,65609.6,65788.6,65609.5,65655.5,29.92227393
XXBTZUSD,60,20260617,040000,65655.5,65896.9,65433.3,65885.6,40.36906738
XXBTZUSD,60,20260617,050000,65885.6,66080.2,65738.7,65846.3,36.56943045
XXBTZUSD,60,20260617,060000,65846.3,65846.3,65668,65781.5,13.09982526
XXBTZUSD,60,20260617,070000,65781.5,65980.1,65746.8,65838.6,14.25760822
XXBTZUSD,60,20260617,080000,65838.7,65920.2,65691.9,65782.1,9.94558399
XXBTZUSD,60,20260617,090000,65777.2,65829.4,65511.4,65555.2,14.38577386
XXBTZUSD,60,20260617,100000,65558.3,65632.2,65150,65472.2,69.58568636
XXBTZUSD,60,20260617,110000,65472.2,65497.3,64791.4,64871.6,151.48297126
XXBTZUSD,60,20260617,120000,64871.6,65000,64781.3,64844.8,53.24594308
XXBTZUSD,60,20260617,130000,64844.8,64924.1,64721.5,64736.4,31.71997316
XXBTZUSD,60,20260617,140000,64736.4,64818.2,64507.6,64752,108.8738065
XXBTZUSD,60,20260617,150000,64752.5,65038.6,64552,64995.8,146.28280492
XXBTZUSD,60,20260617,160000,64995.8,65306.5,64787,65232.1,121.44797367
XXBTZUSD,60,20260617,170000,65232.2,65388.6,64733.4,65064.8,95.36498817
XXBTZUSD,60,20260617,180000,65056.9,65800,64938.7,65703.5,88.83269116
XXBTZUSD,60,20260617,190000,65703.5,66370.9,65664.7,65814.2,152.01250018
XXBTZUSD,60,20260617,200000,65814.3,66134.6,65747.5,66039.8,159.2462659
XXBTZUSD,60,20260617,210000,66051.9,66053.7,64787,65480.7,481.28070137
XXBTZUSD,60,20260617,220000,65468.6,65621.5,64001,64250,346.00857002
XXBTZUSD,60,20260617,230000,64250,64434.1,64141.2,64381.2,119.87332704
XXBTZUSD,60,20260618,000000,64381.4,64401.8,64088.5,64193.5,66.49106838
XXBTZUSD,60,20260618,010000,64193.5,64365.2,63866.5,64243.4,75.49332232
XXBTZUSD,60,20260618,020000,64243.4,64477.5,64198.6,64454.8,59.24580943
XXBTZUSD,60,20260618,030000,64452,64636.1,64405.5,64412.7,42.07355532
XXBTZUSD,60,20260618,040000,64412.7,64740.9,64412.6,64496.8,78.82778854
XXBTZUSD,60,20260618,050000,64496.7,64707,64434.6,64634.6,40.56714842
XXBTZUSD,60,20260618,060000,64631.4,64631.4,64198.5,64203.8,43.38673377
XXBTZUSD,60,20260618,070000,64203.9,64266,63762.3,63832.7,69.75355853
XXBTZUSD,60,20260618,080000,63815.7,63940.9,63643.4,63923.8,46.60230243
XXBTZUSD,60,20260618,090000,63923.8,64049.3,63778.7,64019.6,27.43638604
XXBTZUSD,60,20260618,100000,64019.7,64434.8,63957.2,64434.8,28.39424022
XXBTZUSD,60,20260618,110000,64434.8,64563.9,64318.1,64326.4,46.75899233
XXBTZUSD,60,20260618,120000,64326.4,64423.9,64157,64157,25.58896799
XXBTZUSD,60,20260618,130000,64157.1,64159.8,63872.8,64025.1,53.75995223
XXBTZUSD,60,20260618,140000,64018.9,64140.9,63819.3,63910.1,36.38528863
XXBTZUSD,60,20260618,150000,63910.1,64318.9,63870.6,64307.1,47.2525151
XXBTZUSD,60,20260618,160000,64308,64365.2,63732.5,63906.5,107.09811298
XXBTZUSD,60,20260618,170000,63907.6,64115.7,63500.2,63753.3,128.29861
XXBTZUSD,60,20260618,180000,63741.2,63741.2,62228.8,62297.9,449.91931258
XXBTZUSD,60,20260618,190000,62296.5,62725.7,62274.8,62610.5,163.49862046
XXBTZUSD,60,20260618,200000,62616.8,62676.5,62187,62534,216.63865424
XXBTZUSD,60,20260618,210000,62534,62882.5,62506.4,62627.7,128.52306637
XXBTZUSD,60,20260618,220000,62626.8,62931.7,62554,62866.4,74.72311331
XXBTZUSD,60,20260618,230000,62876,63190.9,62876,63016.3,87.79885984
XXBTZUSD,60,20260619,000000,63016,63055.2,62798.6,62904.7,55.32265533
XXBTZUSD,60,20260619,010000,62904.7,62917.7,62688.3,62813.7,81.07785882
XXBTZUSD,60,20260619,020000,62813.7,62917.7,62694.6,62885.6,67.79803346
XXBTZUSD,60,20260619,030000,62885.7,63016.6,62785,62946.9,33.06886671
XXBTZUSD,60,20260619,040000,62946.9,63033.4,62796,62952.3,22.4003274
XXBTZUSD,60,20260619,050000,62956.5,63040.5,62840.9,62944.2,25.97795
XXBTZUSD,60,20260619,060000,62944.2,62963.4,62335.7,62695.3,187.41952151
XXBTZUSD,60,20260619,070000,62695.3,62840.9,62349.9,62387,89.47593457
XXBTZUSD,60,20260619,080000,62386.6,62674.2,62386.5,62667,13.94091696
XXBTZUSD,60,20260619,090000,62667,62846.5,62666.9,62830.7,24.88494158
XXBTZUSD,60,20260619,100000,62830.8,62846.5,62448,62555.2,12.97802197
XXBTZUSD,60,20260619,110000,62555.2,62699.9,62500.1,62528.4,17.21153736
XXBTZUSD,60,20260619,120000,62534.2,62591.4,62268.5,62333.8,35.57350917
XXBTZUSD,60,20260619,130000,62333.8,62530.6,62322,62471.5,23.91892521
XXBTZUSD,60,20260619,140000,62471.5,62626.9,62401.3,62574,151.10870006
XXBTZUSD,60,20260619,150000,62574,62790.9,62236.1,62771.2,256.07982906
XXBTZUSD,60,20260619,160000,62771.2,63344.5,62618.5,63148.2,155.878341
XXBTZUSD,60,20260619,170000,63152.9,63345.6,62958.1,63150,103.97105263
XXBTZUSD,60,20260619,180000,63150.1,63220.3,62970,63151.9,125.16463557
XXBTZUSD,60,20260619,190000,63155,63327.5,62884.2,62915.4,69.17086687
XXBTZUSD,60,20260619,200000,62915.4,63166.1,62823.4,63155,60.97519789
XXBTZUSD,60,20260619,210000,63155.1,63155.1,62940.9,63061.6,44.15014437
XXBTZUSD,60,20260619,220000,63061.6,63065.8,62890.9,62973.4,23.18458947
XXBTZUSD,60,20260619,230000,62973.3,63201.9,62902.2,63185.1,31.88460671
XXBTZUSD,60,20260620,000000,63186.4,63201.9,62995.7,63013.3,13.62266977
XXBTZUSD,60,20260620,010000,63013.4,63300.5,62991.9,63250,52.26027444
XXBTZUSD,60,20260620,020000,63250,63590.9,63219.8,63486.4,73.48974854
XXBTZUSD,60,20260620,030000,63486.3,63719.6,63412,63474.4,101.65485563
XXBTZUSD,60,20260620,040000,63474.4,63560,63346.8,63512.2,22.64418897
XXBTZUSD,60,20260620,050000,63512.1,63512.1,63290.9,63291,33.30781457
XXBTZUSD,60,20260620,060000,63291,63453.7,63280,63410.9,9.40861539
XXBTZUSD,60,20260620,070000,63410.9,63540.9,63356.2,63510.4,18.29700324
XXBTZUSD,60,20260620,080000,63512.8,63824.3,63482.4,63622.6,89.17529573
XXBTZUSD,60,20260620,090000,63622.6,63690,63587,63668.6,4.60071876
XXBTZUSD,60,20260620,100000,63668.7,63729.1,63541,63599.4,6.43121754
XXBTZUSD,60,20260620,110000,63599.4,63599.4,63340.9,63360.6,10.83839579
XXBTZUSD,60,20260620,120000,63360.7,63715.8,63360.1,63673,20.19599859
XXBTZUSD,60,20260620,130000,63673.4,63708.7,63540.9,63603.1,9.92841015
XXBTZUSD,60,20260620,140000,63603.1,63727.3,63555.3,63629.6,10.29015405
XXBTZUSD,60,20260620,150000,63629.7,63720.4,63500,63593.7,40.37012349
XXBTZUSD,60,20260620,160000,63593.7,63593.7,63226.9,63348.1,40.59460026
XXBTZUSD,60,20260620,170000,63345.1,64141.1,63141.3,63892.7,149.06405171
XXBTZUSD,60,20260620,180000,63892.7,64336.4,63790.9,64074.1,98.02237393
XXBTZUSD,60,20260620,190000,64075,64103.3,63849.8,63951.9,24.3271383
XXBTZUSD,60,20260620,200000,63960.6,63960.6,63690.9,63781.4,29.90941545
XXBTZUSD,60,20260620,210000,63771.6,63840.9,63714.5,63725.6,14.163893
XXBTZUSD,60,20260620,220000,63725.6,63888,63725.5,63867.6,14.51048768
XXBTZUSD,60,20260620,230000,63867.4,63888,63799.9,63839.6,12.2025223
XXBTZUSD,60,20260621,000000,63839.7,64026,63839.6,63935.5,14.93408039
XXBTZUSD,60,20260621,010000,63935.5,64264.9,63914.7,64205.2,36.01618178
XXBTZUSD,60,20260621,020000,64205.2,64255.2,64177.5,64250.1,36.41492189
XXBTZUSD,60,20260621,030000,64250.1,64250.1,64161.5,64216.9,43.63601237
XXBTZUSD,60,20260621,040000,64216.9,64240,64132.1,64188.3,6.2130181
XXBTZUSD,60,20260621,050000,64187.2,64193.5,64139.8,64185.9,4.80097813
XXBTZUSD,60,20260621,060000,64185.9,64400,64162.7,64356.7,27.25271442
XXBTZUSD,60,20260621,070000,64356.7,64493.6,64198,64199.9,22.9767349
XXBTZUSD,60,20260621,080000,64200,64280.5,64156.4,64172.7,10.78122002
XXBTZUSD,60,20260621,090000,64172.7,64240.9,64118.3,64214.9,7.89474906
XXBTZUSD,60,20260621,100000,64214.9,64214.9,64103.1,64120.3,11.59927996
XXBTZUSD,60,20260621,110000,64120.3,64136.9,63840.9,63924.5,78.01679409
XXBTZUSD,60,20260621,120000,63924.5,64140.9,63886.3,64136.6,18.58505424
XXBTZUSD,60,20260621,130000,64131.1,64329,64130,64280.6,26.8548095
XXBTZUSD,60,20260621,140000,64280.7,64376,64047.9,64070.3,30.71886168
XXBTZUSD,60,20260621,150000,64086.5,64157.7,63900,64117.5,11.37966358
XXBTZUSD,60,20260621,160000,64117.4,64117.4,63954.7,64063.2,13.26745125
XXBTZUSD,60,20260621,170000,64063.2,64064.9,63940.9,64050.7,17.90542707
XXBTZUSD,60,20260621,180000,64050.7,64261.2,64030,64150.1,28.97951811
XXBTZUSD,60,20260621,190000,64150,64172.3,63969.2,64059,10.26979138
XXBTZUSD,60,20260621,200000,64059,64140.7,63952.2,64061.2,162.35213999
XXBTZUSD,60,20260621,210000,64059.4,64140.9,63880.5,64114.3,61.30764185
XXBTZUSD,60,20260621,220000,64114.9,64207.7,64100,64136.6,36.9629383
XXBTZUSD,60,20260621,230000,64136.6,64187.4,63617.1,63758.1,46.43133292
XXBTZUSD,60,20260622,000000,63758.1,63872.8,63440.9,63729.4,55.09664834
XXBTZUSD,60,20260622,010000,63729.7,63868.1,63506.6,63725.1,183.27072701
XXBTZUSD,60,20260622,020000,63725.1,63725.1,63214,63234,170.38627157
XXBTZUSD,60,20260622,030000,63234,64000,63234,63822.6,40.41579964
XXBTZUSD,60,20260622,040000,63822.6,64704.1,63785.3,64540,335.9737833
XXBTZUSD,60,20260622,050000,64535.1,64574.7,64173.4,64173.4,44.93227374
XXBTZUSD,60,20260622,060000,64182.1,64357.4,63840.9,63895.2,41.35240981
XXBTZUSD,60,20260622,070000,63895.2,64022,63796.2,64022,13.05527985
XXBTZUSD,60,20260622,080000,64022,64240.9,64009.4,64158.4,40.24972437
XXBTZUSD,60,20260622,090000,64158.4,64238.2,63890.9,63922.6,11.50055599
XXBTZUSD,60,20260622,100000,63922.7,64290.9,63891,64120,19.86323985
XXBTZUSD,60,20260622,110000,64120,64268.7,63981.9,64089.8,13.66090399
XXBTZUSD,60,20260622,120000,64089.8,64184.2,63990.9,64064.1,27.82789379
XXBTZUSD,60,20260622,130000,64066.1,64191.4,64025.4,64049.9,20.90391502
XXBTZUSD,60,20260622,140000,64050,64698.2,64034.8,64590.8,118.02287588
XXBTZUSD,60,20260622,150000,64590.9,65294.9,64527.5,65100.1,344.09183948
XXBTZUSD,60,20260622,160000,65100.1,65517.5,64872.6,65502,136.04267315
XXBTZUSD,60,20260622,170000,65503.6,65542.1,64776,64909.5,109.8835436
XXBTZUSD,60,20260622,180000,64909.5,65062.6,64695.3,64762.4,102.3032942
XXBTZUSD,60,20260622,190000,64768,64784.4,64441.8,64658.6,118.50942471
XXBTZUSD,60,20260622,200000,64658.6,64714.9,64326.6,64539.9,110.20654869
XXBTZUSD,60,20260622,210000,64542.5,64646.6,64255,64266.5,90.479711
XXBTZUSD,60,20260622,220000,64266.5,64433.1,64215,64426.9,112.69626054
XXBTZUSD,60,20260622,230000,64415.5,64590.9,64291,64364.9,68.77900337
XXBTZUSD,60,20260623,000000,64360.1,64410.2,64085.9,64240.9,34.11042065
XXBTZUSD,60,20260623,010000,64240.8,64318.3,63742.6,63891.8,82.49247529
XXBTZUSD,60,20260623,020000,63897.4,63987.4,63826.9,63953.6,61.32886658
XXBTZUSD,60,20260623,030000,63953.6,64075.4,63756.3,64075.3,81.42156089
XXBTZUSD,60,20260623,040000,64075.3,64200,63842.8,64090.8,24.4511104
XXBTZUSD,60,20260623,050000,64090.9,64187.8,63978.1,64130.2,20.67922055
XXBTZUSD,60,20260623,060000,64130.2,64130.2,63890.9,63989,25.48744713
XXBTZUSD,60,20260623,070000,63989,64018.7,63544.3,63556,26.99256639
XXBTZUSD,60,20260623,080000,63556,63655.6,63280.4,63312.1,110.68541098
XXBTZUSD,60,20260623,090000,63324,63325.1,62510,62867.3,139.38732388
XXBTZUSD,60,20260623,100000,62864.3,63005,62799.7,62799.7,62.29134501
XXBTZUSD,60,20260623,110000,62799.8,62857.8,61881.1,62303.3,253.22636339
XXBTZUSD,60,20260623,120000,62303.3,62440.3,62280,62301.5,164.65678241
XXBTZUSD,60,20260623,130000,62306.7,62501.6,62170.9,62240.2,194.08706678
XXBTZUSD,60,20260623,140000,62240.2,62551,62238.9,62438.1,159.22954725
XXBTZUSD,60,20260623,150000,62438.1,62479.1,62142.1,62191.9,95.89359948
XXBTZUSD,60,20260623,160000,62191.9,62464.2,61885,62403.8,139.14732224
XXBTZUSD,60,20260623,170000,62404,62768.1,62356.4,62412.2,277.29626895
XXBTZUSD,60,20260623,180000,62415.5,62437.4,62131,62393.7,72.69152812
XXBTZUSD,60,20260623,190000,62396,62740,62350.6,62487.7,89.75157876
XXBTZUSD,60,20260623,200000,62487.6,62607,62262.6,62278.2,114.38630262
XXBTZUSD,60,20260623,210000,62281.9,62374,62037.4,62166.6,51.0662401
XXBTZUSD,60,20260623,220000,62162.2,62390.1,62131,62320.2,160.2448825
XXBTZUSD,60,20260623,230000,62320.2,62451.4,62307.7,62389.3,39.64625085
XXBTZUSD,60,20260624,000000,62390.4,62584.5,62390.4,62524.8,51.37733362
XXBTZUSD,60,20260624,010000,62525.5,62695.8,62452.2,62514.4,63.81855856
XXBTZUSD,60,20260624,020000,62513.8,62700,62438.5,62650.3,113.2299463
XXBTZUSD,60,20260624,030000,62650.3,62929.5,62650.2,62928,123.29019666
XXBTZUSD,60,20260624,040000,62928.4,63040,62712,62856.6,29.84595616
XXBTZUSD,60,20260624,050000,62856.5,62928.8,62545,62560.8,26.85397198
XXBTZUSD,60,20260624,060000,62560.8,62734.3,62390.6,62659.1,20.1777327
XXBTZUSD,60,20260624,070000,62659.2,62704.1,62445.8,62672.5,35.3574014
XXBTZUSD,60,20260624,080000,62678.4,62982.3,62632.5,62807.2,16.38933025
XXBTZUSD,60,20260624,090000,62807.3,62834.1,62650,62701.7,6.78084608
XXBTZUSD,60,20260624,100000,62698.4,62757.9,62538.1,62559.6,21.58821928
XXBTZUSD,60,20260624,110000,62559.6,62719.1,62524.8,62719,9.14597438
XXBTZUSD,60,20260624,120000,62719.1,62719.1,62569.9,62617.5,12.6715048
XXBTZUSD,60,20260624,130000,62611,62611,62336,62376,53.29310705
XXBTZUSD,60,20260624,140000,62371,63138.7,62246.1,62839,59.99684842
XXBTZUSD,60,20260624,150000,62830.7,63091.9,62505.3,62529.1,108.55721821
XXBTZUSD,60,20260624,160000,62531.3,62549.4,61182.3,61241.4,697.71135046
XXBTZUSD,60,20260624,170000,61244,61365,60809.1,61019,494.87212261
XXBTZUSD,60,20260624,180000,61019,61050.4,60179,60179.1,408.75781097
XXBTZUSD,60,20260624,190000,60179.1,60573.5,59546.6,59774.1,721.26525431
XXBTZUSD,60,20260624,200000,59774.2,59972.7,59001,59329.8,444.90409911
XXBTZUSD,60,20260624,210000,59324.9,59843.8,59248.1,59511.9,247.82893442
XXBTZUSD,60,20260624,220000,59523.8,59898.3,59444.5,59868.8,118.72547287
XXBTZUSD,60,20260624,230000,59881.5,61100,59763.2,60873,470.28993308
XXBTZUSD,60,20260625,000000,60882,61050.8,60588,61013.5,123.55942028
XXBTZUSD,60,20260625,010000,61013.6,61157,60720.1,60781.3,111.69398251
XXBTZUSD,60,20260625,020000,60781.3,61005.3,60738.4,60980.8,58.83196588
XXBTZUSD,60,20260625,030000,60984.3,61060.9,60653.5,60725.8,98.76833684
XXBTZUSD,60,20260625,040000,60725.9,60896.2,60645,60831.5,52.95774303
XXBTZUSD,60,20260625,050000,60831.4,60859.1,60589.3,60701.7,46.54623126
XXBTZUSD,60,20260625,060000,60701.8,60799.2,60600.1,60795.1,16.23979882
XXBTZUSD,60,20260625,070000,60795.1,61333.1,60690.8,61263.2,138.32195192
XXBTZUSD,60,20260625,080000,61263.2,61700,61189.2,61518.5,241.86243617
XXBTZUSD,60,20260625,090000,61518.5,61757.3,61509,61625.9,39.89814919
XXBTZUSD,60,20260625,100000,61625.9,61858.8,61565.7,61817.5,55.65548897
XXBTZUSD,60,20260625,110000,61818.8,61822,61599.9,61600,40.17047858
XXBTZUSD,60,20260625,120000,61600,61695.7,61515.8,61651.7,30.52883565
XXBTZUSD,60,20260625,130000,61650.1,61656.5,61176,61186,65.6872276
XXBTZUSD,60,20260625,140000,61181.6,61328.9,60991.7,61190.8,72.36041305
XXBTZUSD,60,20260625,150000,61190.9,61632.1,60985.5,61146.6,95.27988554
XXBTZUSD,60,20260625,160000,61146.6,61255.5,58033,58218.9,816.9160834
XXBTZUSD,60,20260625,170000,58224.5,60410.2,58224.5,59384.3,924.07387524
XXBTZUSD,60,20260625,180000,59386,59581.5,58786,59469.4,222.23730322
XXBTZUSD,60,20260625,190000,59470.2,59974.2,59084.9,59224.7,287.51339974
XXBTZUSD,60,20260625,200000,59223.4,59628.7,59033.3,59589.4,266.27177025
XXBTZUSD,60,20260625,210000,59589.4,59685.3,59279.2,59407.3,73.57866271
XXBTZUSD,60,20260625,220000,59413.2,59428.9,59081.9,59199.1,73.89566789
XXBTZUSD,60,20260625,230000,59238.8,59645.2,59229.4,59363.8,117.30820313
XXBTZUSD,60,20260626,000000,59362.1,60142.1,59362.1,60119.6,132.0912267
XXBTZUSD,60,20260626,010000,60116.9,60116.9,59653.4,59757.5,120.07432265
XXBTZUSD,60,20260626,020000,59757.9,60091,59664.6,59707.1,40.69638476
XXBTZUSD,60,20260626,030000,59721.1,59808.5,59557.2,59589.5,33.57086622
XXBTZUSD,60,20260626,040000,59589.5,59690.5,59150,59328.9,135.64616583
XXBTZUSD,60,20260626,050000,59329.4,59367.4,58280.5,58465.4,417.75115018
XXBTZUSD,60,20260626,060000,58477,60043.2,58265,59948.4,226.81250643
XXBTZUSD,60,20260626,070000,59950.1,60122.9,59758.1,59825.4,105.70390325
XXBTZUSD,60,20260626,080000,59831.2,59950,59650.2,59862.6,72.36719786
XXBTZUSD,60,20260626,090000,59862.7,60348.6,59628.7,60235,135.7664033
XXBTZUSD,60,20260626,100000,60235,60666,60206,60456.8,127.05226848
XXBTZUSD,60,20260626,110000,60456.9,60474,60068.6,60146.6,129.7331536
XXBTZUSD,60,20260626,120000,60154.1,60162,59501.2,59645.1,45.48622314
XXBTZUSD,60,20260626,130000,59645.1,59762.1,59163,59219.1,64.37702115
XXBTZUSD,60,20260626,140000,59219.2,59482,59174.4,59332.1,44.37331249
XXBTZUSD,60,20260626,150000,59332.1,59901.2,58901,59103.5,122.17331239
XXBTZUSD,60,20260626,160000,59103.5,60083.7,58406.4,60083.7,351.33323206
XXBTZUSD,60,20260626,170000,60083.7,60183,59303.3,59502.9,430.11952416
XXBTZUSD,60,20260626,180000,59502.9,60417.9,59502.9,60245.5,340.86903105
XXBTZUSD,60,20260626,190000,60241.2,60470.2,59881.7,59958,146.49820484
XXBTZUSD,60,20260626,200000,59947.5,60194.5,59839.2,59933.3,45.24013507
XXBTZUSD,60,20260626,210000,59934.5,60062.2,59493.1,59577.2,59.8551674
XXBTZUSD,60,20260626,220000,59576.5,59994.3,59536.2,59664.8,82.42957294
XXBTZUSD,60,20260626,230000,59664.9,59891,59495.4,59627.3,115.72040426
XXBTZUSD,60,20260627,000000,59627.4,59958.6,59591.2,59830.5,52.46710847
XXBTZUSD,60,20260627,010000,59834.9,59991,59670,59966.3,148.51695173
XXBTZUSD,60,20260627,020000,59958.3,60023.6,59859.9,60009.2,29.71385743
XXBTZUSD,60,20260627,030000,60013.1,60095.6,59800.1,59973.4,21.64726555
XXBTZUSD,60,20260627,040000,59977,59981.6,59839.5,59859.8,18.81015248
XXBTZUSD,60,20260627,050000,59859.8,60260.4,59845,60203.7,69.93039943
XXBTZUSD,60,20260627,060000,60203.7,60318.3,60077.8,60231.1,144.64205515
XXBTZUSD,60,20260627,070000,60227.4,60384.8,60135.3,60135.4,25.98099877
XXBTZUSD,60,20260627,080000,60135.5,60220,60050.8,60156.9,12.35959173
XXBTZUSD,60,20260627,090000,60156.9,60391.2,60025.8,60278.9,14.3471145
XXBTZUSD,60,20260627,100000,60278.9,60471.8,60207.8,60447.6,28.2838341
XXBTZUSD,60,20260627,110000,60447.6,60458.3,60275.6,60358.7,9.22618119
XXBTZUSD,60,20260627,120000,60358.7,60402.6,60204,60331.3,14.80761926
XXBTZUSD,60,20260627,130000,60331.3,60388.2,60277.3,60318,14.61890036
XXBTZUSD,60,20260627,140000,60323,60356.3,60110.1,60267.7,11.58854019
XXBTZUSD,60,20260627,150000,60267.8,60325,60176.9,60308.9,9.48292026
XXBTZUSD,60,20260627,160000,60321.9,60563,60304,60504.4,91.75541605
XXBTZUSD,60,20260627,170000,60491,60619.1,60402.1,60515.8,22.21219815
XXBTZUSD,60,20260627,180000,60515.8,60856.3,60468.6,60739.9,152.10901709
XXBTZUSD,60,20260627,190000,60740,60741.3,60578.6,60716,26.5144675
XXBTZUSD,60,20260627,200000,60716,60716,60346.4,60436.8,46.93148277
XXBTZUSD,60,20260627,210000,60436.9,60470.8,60357,60447.4,20.35729449
XXBTZUSD,60,20260627,220000,60471.5,60513,60000,60083.4,103.23701717
XXBTZUSD,60,20260627,230000,60083,60208.3,60083,60195.2,16.75744128
XXBTZUSD,60,20260628,000000,60206.9,60377.5,60049.7,60106.3,31.27354437
XXBTZUSD,60,20260628,010000,60099.4,60153.4,59763.1,60135.7,66.60021494
XXBTZUSD,60,20260628,020000,60135.7,60211.1,59868.5,59941.5,41.99884241
XXBTZUSD,60,20260628,030000,59941.5,60097.6,59924.1,60071.5,22.01513214
XXBTZUSD,60,20260628,040000,60054.4,60179.9,59894.3,60119.6,17.23799296
XXBTZUSD,60,20260628,050000,60119.7,60239.9,59971.2,60082.6,34.27189961
XXBTZUSD,60,20260628,060000,60074.6,60189.3,60070.3,60122.6,15.08050781
XXBTZUSD,60,20260628,070000,60122.7,60146.6,60005,60038.6,36.12457023
XXBTZUSD,60,20260628,080000,60038.7,60051,59675.4,59891.1,43.32661437
XXBTZUSD,60,20260628,090000,59891.2,59937.8,59728.8,59914.9,14.82042737
XXBTZUSD,60,20260628,100000,59915,60160,59914.9,60128.6,12.86885254
XXBTZUSD,60,20260628,110000,60132.6,60441.1,60068.5,60289.9,15.2934803
XXBTZUSD,60,20260628,120000,60289.9,60363.3,60163.9,60185.8,8.21374636
XXBTZUSD,60,20260628,130000,60188.7,60207,59999,60090.4,6.14451837
XXBTZUSD,60,20260628,140000,60090.4,60287.5,60033.5,60250.7,17.33274473
XXBTZUSD,60,20260628,150000,60250.8,60348.7,60102.8,60209.7,19.30902543
XXBTZUSD,60,20260628,160000,60209.8,60209.8,59900,59993.9,32.17400518
XXBTZUSD,60,20260628,170000,59994,60161,59928,59948.4,23.17750603
XXBTZUSD,60,20260628,180000,59948.4,60031.1,59750,59798.5,45.39545097
XXBTZUSD,60,20260628,190000,59798.6,59851.6,59514.4,59603.6,101.4990517
XXBTZUSD,60,20260628,200000,59603.1,59738.5,59325.3,59498.4,72.26359639
XXBTZUSD,60,20260628,210000,59498.4,59612.1,59420.1,59536.5,21.20022276
XXBTZUSD,60,20260628,220000,59522.9,59583.1,59193.2,59398.4,76.9261966
XXBTZUSD,60,20260628,230000,59398.5,59664.5,59398.4,59565.2,95.84751083
XXBTZUSD,60,20260629,000000,59565.6,59682.9,59250.7,59330.9,73.00505364
XXBTZUSD,60,20260629,010000,59340,59814.5,58832.8,58993,162.29569885
XXBTZUSD,60,20260629,020000,58992.9,59763.3,58924.4,59489.5,60.14896946
XXBTZUSD,60,20260629,030000,59488.9,59593,58911.4,59585.4,115.84106378
XXBTZUSD,60,20260629,040000,59573.5,59585.8,59125.3,59356.9,58.84111937
XXBTZUSD,60,20260629,050000,59356.8,59698,58818.6,59659.1,110.7198769
XXBTZUSD,60,20260629,060000,59659.1,60107.4,59659,59948.1,94.80136994
XXBTZUSD,60,20260629,070000,59950.2,59957,59660.5,59746.2,13.2484486
XXBTZUSD,60,20260629,080000,59746.2,59986.3,59303.9,59986.3,32.14346263
XXBTZUSD,60,20260629,090000,59987.6,60224.4,59958.8,59992.4,77.93449605
XXBTZUSD,60,20260629,100000,59992.4,60081.4,59858.1,59944.6,20.26494384
XXBTZUSD,60,20260629,110000,59944.6,59985.7,59657.5,59762.4,34.41571739
XXBTZUSD,60,20260629,120000,59762.5,59999.9,59704,59970.5,34.55203345
XXBTZUSD,60,20260629,130000,59970.5,60223,59970.5,59996.3,35.50586004
XXBTZUSD,60,20260629,140000,59996.3,60126.3,59717.8,59869.2,65.16788592
XXBTZUSD,60,20260629,150000,59873.8,60687,59525,59868.6,204.80407723
XXBTZUSD,60,20260629,160000,59869.7,60232.8,59229.4,59452.1,166.11927734
XXBTZUSD,60,20260629,170000,59458.7,59596.8,58918.9,59358.6,277.55623373
XXBTZUSD,60,20260629,180000,59358.6,59848.7,59000,59707.5,196.90749467
XXBTZUSD,60,20260629,190000,59707.5,59888,59476.1,59796.2,83.56387433
XXBTZUSD,60,20260629,200000,59793,60566.4,59790.3,60321.7,283.2317624
XXBTZUSD,60,20260629,210000,60330.6,60434.2,60110.2,60198.7,122.2652037
XXBTZUSD,60,20260629,220000,60200,60464.5,60068,60343,107.21876342
XXBTZUSD,60,20260629,230000,60344.4,60459.9,60198.6,60208.5,69.20771979
XXBTZUSD,60,20260630,000000,60208.3,60499.2,60182.2,60399.5,55.62143698
XXBTZUSD,60,20260630,010000,60399.5,60425,60258.6,60265.1,29.47806843
XXBTZUSD,60,20260630,020000,60266.8,60292.2,60117.3,60157.3,27.85611015
XXBTZUSD,60,20260630,030000,60169.7,60172.5,59612.1,59752.5,87.21403145
XXBTZUSD,60,20260630,040000,59752.6,59962.7,59695.4,59854.6,58.30855638
XXBTZUSD,60,20260630,050000,59853.5,59950,59663.3,59855.8,36.06862058
XXBTZUSD,60,20260630,060000,59855.8,59926.2,59510.1,59545.1,60.80297834
XXBTZUSD,60,20260630,070000,59521.9,59596.5,59337.8,59400.2,144.94335143
XXBTZUSD,60,20260630,080000,59400.2,59549.9,59279.2,59549.8,95.643069
XXBTZUSD,60,20260630,090000,59549.9,59620.9,59429.6,59500,15.4900078
XXBTZUSD,60,20260630,100000,59500.1,59531.3,59365.3,59430,28.7938426
XXBTZUSD,60,20260630,110000,59430,59450,59108.8,59222.9,163.82696125
XXBTZUSD,60,20260630,120000,59222.9,59320.8,59156.3,59288.1,83.5117606
XXBTZUSD,60,20260630,130000,59288.2,59326.1,59204,59271,65.69377135
XXBTZUSD,60,20260630,140000,59247.1,59315.4,59027.4,59088.1,150.32153735
XXBTZUSD,60,20260630,150000,59088.1,59094.3,58282.5,58306.4,309.57887192
XXBTZUSD,60,20260630,160000,58310.9,58699.2,58122.1,58626.3,640.2488157
XXBTZUSD,60,20260630,170000,58632.8,59176.5,58333.6,58377.4,374.7399198
XXBTZUSD,60,20260630,180000,58374.7,58708.3,58100,58273.1,368.06602471
XXBTZUSD,60,20260630,190000,58282.8,58544.2,58170.6,58403.8,241.57759437
XXBTZUSD,60,20260630,200000,58404.6,58520,58221.3,58332.9,133.25418983
XXBTZUSD,60,20260630,210000,58332.9,58625.3,58271.8,58585,70.34039978
XXBTZUSD,60,20260630,220000,58580.5,58743.4,58500,58729.8,123.5197338
XXBTZUSD,60,20260630,230000,58725.7,58789.1,58562.8,58645.8,57.03869388
XXBTZUSD,60,20260701,000000,58645.8,58677.5,58431.8,58549.1,70.55915309
XXBTZUSD,60,20260701,010000,58553.9,58700,58434.3,58520.1,93.9738498
XXBTZUSD,60,20260701,020000,58520.1,58574.5,58470.9,58531.9,32.80335775
XXBTZUSD,60,20260701,030000,58531.9,58653.5,58222.7,58483.6,36.26945415
XXBTZUSD,60,20260701,040000,58483.6,58901.7,57740,58690.3,333.83526984
XXBTZUSD,60,20260701,050000,58674.7,59078,58581.5,58991.8,94.09576841
XXBTZUSD,60,20260701,060000,58993.5,59199,58755.8,59100,207.19944655
XXBTZUSD,60,20260701,070000,59100,59357.4,58972.7,59239.3,116.49269121
XXBTZUSD,60,20260701,080000,59239.3,59286.1,59035.6,59062.9,85.83965472
XXBTZUSD,60,20260701,090000,59063.1,59067.7,58459.9,58670.6,102.30644724
XXBTZUSD,60,20260701,100000,58670.6,58725.3,58516.2,58693.3,43.04076302
XXBTZUSD,60,20260701,110000,58693.4,58908.3,58431.7,58891.4,88.59625877
XXBTZUSD,60,20260701,120000,58903.9,59026.7,58766.9,58877.9,67.95726581
XXBTZUSD,60,20260701,130000,58870.2,58873,58551.1,58586.7,46.21369518
XXBTZUSD,60,20260701,140000,58586.7,58708.9,58483.9,58545.6,166.48239157
XXBTZUSD,60,20260701,150000,58545.7,58595.3,58268.7,58462.4,189.65545845
XXBTZUSD,60,20260701,160000,58462.4,59445.3,58457.3,59441,256.2227031
XXBTZUSD,60,20260701,170000,59426.9,60027.2,59212.8,59464.9,357.59410085
XXBTZUSD,60,20260701,180000,59464.9,60449.9,59456.4,60097,287.68122283
XXBTZUSD,60,20260701,190000,60097,60183.5,59804.7,59858.3,102.85350189
XXBTZUSD,60,20260701,200000,59858.3,60181.6,59720.8,60127.1,124.7480384
XXBTZUSD,60,20260701,210000,60127.1,60237.4,59955.7,60103.1,88.77462314
XXBTZUSD,60,20260701,220000,60108.2,60290.6,59938,59965.5,115.31028217
XXBTZUSD,60,20260701,230000,59965.6,60127.5,59823.3,60073.1,90.4310198
XXBTZUSD,60,20260702,000000,60072.6,60776.2,60068.8,60751.8,165.96543032
XXBTZUSD,60,20260702,010000,60753.7,61270,60280.6,60424.6,295.0213991
XXBTZUSD,60,20260702,020000,60424.6,60424.6,59915.4,59959.4,72.53250032
XXBTZUSD,60,20260702,030000,59964.3,59966.7,59529.6,59679.9,137.56456486
XXBTZUSD,60,20260702,040000,59680,60240,59657.2,60113.4,71.08006127
XXBTZUSD,60,20260702,050000,60115.1,60421,59958,60375,43.04717602
XXBTZUSD,60,20260702,060000,60359.7,61033.1,60245.8,60986,155.07327527
XXBTZUSD,60,20260702,070000,60986,60986,60671,60722.7,37.0000014
XXBTZUSD,60,20260702,080000,60722.7,60794.6,60423.3,60432.2,30.83905848
XXBTZUSD,60,20260702,090000,60432.2,60569.1,60182.2,60212,86.4381241
XXBTZUSD,60,20260702,100000,60212,60218.5,60040.3,60063.3,52.24765806
XXBTZUSD,60,20260702,110000,60069.2,60471.8,60053.3,60431.2,65.3659177
XXBTZUSD,60,20260702,120000,60431.6,61365.7,60309.9,61095.5,198.42743199
XXBTZUSD,60,20260702,130000,61101.8,61256,60974.5,61180.5,151.79736278
XXBTZUSD,60,20260702,140000,61189.2,61289.7,61054.1,61286.6,67.44468865
XXBTZUSD,60,20260702,150000,61286.5,61522.6,61080.8,61466.7,275.89830676
XXBTZUSD,60,20260702,160000,61471.8,61969.4,61448,61857.4,367.60084984
XXBTZUSD,60,20260702,170000,61866.5,62137.2,61338.9,61615.3,184.29130782
XXBTZUSD,60,20260702,180000,61616.4,61762.5,61361.2,61550,208.01321496
XXBTZUSD,60,20260702,190000,61551.6,61703.2,61091.8,61619.7,163.21158466
XXBTZUSD,60,20260702,200000,61619.8,61883.2,61572.3,61608.7,101.86777266
XXBTZUSD,60,20260702,210000,61609.4,61800,61609.3,61699,32.48570853
XXBTZUSD,60,20260702,220000,61699.7,61699.7,61374.3,61399.8,118.32056198
XXBTZUSD,60,20260702,230000,61418,61532.9,61273.9,61518.6,200.93295286
XXBTZUSD,60,20260703,000000,61518.7,61590.7,61447.1,61526,75.89736814
XXBTZUSD,60,20260703,010000,61520.9,61520.9,61343.6,61391.4,28.35305993
XXBTZUSD,60,20260703,020000,61391.5,61526,61277.9,61484.4,37.47546427
XXBTZUSD,60,20260703,030000,61484.5,61496.3,61173.9,61233.4,36.85964875
XXBTZUSD,60,20260703,040000,61233.4,61647.8,61217,61507.2,28.19316943
XXBTZUSD,60,20260703,050000,61507.5,61588.1,61191.6,61353.6,56.00325645
XXBTZUSD,60,20260703,060000,61355.4,61493.6,61253.6,61360.8,103.64151609
XXBTZUSD,60,20260703,070000,61360.8,61444.2,61263.7,61378.7,75.54369123
XXBTZUSD,60,20260703,080000,61378.7,61710.6,61361.1,61624.9,76.41878365
XXBTZUSD,60,20260703,090000,61624.9,61772.6,61538.2,61648.6,37.99485413
XXBTZUSD,60,20260703,100000,61648.7,61795.2,61592.3,61680.1,23.28047482
XXBTZUSD,60,20260703,110000,61680.1,61814.4,61499.5,61508.3,24.19037301
XXBTZUSD,60,20260703,120000,61508.4,61712.5,61450,61651.3,24.40862258
XXBTZUSD,60,20260703,130000,61650.1,61956,61600.1,61841.8,50.10809847
XXBTZUSD,60,20260703,140000,61841.9,62007.5,61776.8,61955.8,64.33569398
XXBTZUSD,60,20260703,150000,61955.9,62110.6,61811.2,61909.9,66.62577597
XXBTZUSD,60,20260703,160000,61909.9,62201.2,61871.4,62050.1,80.78486819
XXBTZUSD,60,20260703,170000,62050.1,62200,61651.5,62098.6,129.37413901
XXBTZUSD,60,20260703,180000,62098.3,62359,61777.3,61866.9,110.09175818
XXBTZUSD,60,20260703,190000,61864.1,62064.9,61857.4,62044.7,89.61848779
XXBTZUSD,60,20260703,200000,62050.8,62223.7,62029.6,62129.4,39.59312247
XXBTZUSD,60,20260703,210000,62129.5,62186.2,62063.5,62154.8,47.22873958
XXBTZUSD,60,20260703,220000,62152.6,62238.6,62100.1,62159.4,36.23739729
XXBTZUSD,60,20260703,230000,62159.4,62835,62132.4,62708.6,361.82580653
XXBTZUSD,60,20260704,000000,62710.1,62881.7,62470.5,62665.7,164.98525794
XXBTZUSD,60,20260704,010000,62664.9,62686.6,62474.1,62516.1,44.58011164
XXBTZUSD,60,20260704,020000,62516.1,62645.8,62468.6,62546.8,15.92581894
XXBTZUSD,60,20260704,030000,62539,62874.6,62527.8,62710,134.18991854
XXBTZUSD,60,20260704,040000,62710.1,62710.1,62359.2,62428.2,38.48972408
XXBTZUSD,60,20260704,050000,62428.2,62520.1,62374.6,62480,47.61785886
XXBTZUSD,60,20260704,060000,62480.1,62700,62430.9,62574.9,45.03677717
XXBTZUSD,60,20260704,070000,62575,62689,62531.3,62634.3,37.29699961
XXBTZUSD,60,20260704,080000,62634.4,62634.4,62381.2,62392.2,49.41445602
XXBTZUSD,60,20260704,090000,62392.3,62501,62290.9,62440.1,12.71175016
XXBTZUSD,60,20260704,100000,62440.1,62560,62398.6,62530,24.60645178
XXBTZUSD,60,20260704,110000,62521.1,62590,62455.6,62506.8,24.52252588
XXBTZUSD,60,20260704,120000,62506.9,62530.4,62362.4,62450,12.81905655
XXBTZUSD,60,20260704,130000,62450,62490.2,62387.9,62471.1,23.39290048
XXBTZUSD,60,20260704,140000,62460.9,62504.5,62420,62436.6,9.19811336
XXBTZUSD,60,20260704,150000,62436.7,62630.3,62407.8,62619.2,42.30126451
XXBTZUSD,60,20260704,160000,62619.2,62701.8,62494.4,62536.9,14.64245838
XXBTZUSD,60,20260704,170000,62536.9,62675.2,62536.8,62644.2,20.0972923
XXBTZUSD,60,20260704,180000,62644.3,63019.8,62644.2,62883.2,90.19820275
XXBTZUSD,60,20260704,190000,62883.4,62911.3,62739.1,62866.9,78.84700702
XXBTZUSD,60,20260704,200000,62867,63443.4,62765.3,63228.6,133.63925273
XXBTZUSD,60,20260704,210000,63225.3,63285.4,63046.1,63123.7,201.02225857
XXBTZUSD,60,20260704,220000,63123.7,63410.1,63076.2,63246.6,128.68802281
XXBTZUSD,60,20260704,230000,63246.6,63336.6,63121.5,63180,27.69370117
XXBTZUSD,60,20260705,000000,63180.1,63398.5,63153.4,63260,13.87443823
XXBTZUSD,60,20260705,010000,63260.1,63260.1,63121,63136.2,10.81255558
XXBTZUSD,60,20260705,020000,63137,63175.6,62900,63085.8,96.0464278
XXBTZUSD,60,20260705,030000,63085.4,63085.4,62845,62920.5,29.73972583
XXBTZUSD,60,20260705,040000,62920.5,62978.7,62738.8,62829.3,47.25463765
XXBTZUSD,60,20260705,050000,62829.4,62855.7,62553.7,62636.7,19.13403745
XXBTZUSD,60,20260705,060000,62636.7,62733,62603.6,62710.1,24.47110825
XXBTZUSD,60,20260705,070000,62710.1,62882.2,62654.2,62778.1,22.3348084
XXBTZUSD,60,20260705,080000,62766.8,62766.8,62603.7,62700.7,19.41695318
XXBTZUSD,60,20260705,090000,62700.8,62755.6,62618.4,62724.1,28.0149206
XXBTZUSD,60,20260705,100000,62724.1,62980,62665.8,62974.8,45.48180313
XXBTZUSD,60,20260705,110000,62974.8,63038.2,62848.8,62881.4,6.33357225
XXBTZUSD,60,20260705,120000,62875.3,62875.3,62393.3,62562.9,51.94953053
XXBTZUSD,60,20260705,130000,62563.9,62695.3,62483.9,62691.8,26.88921899
XXBTZUSD,60,20260705,140000,62691.9,62758.2,62556.1,62590.3,17.50741414
XXBTZUSD,60,20260705,150000,62581.5,62707.9,62510.7,62674.5,33.90362184
XXBTZUSD,60,20260705,160000,62674.5,62762.7,62600.8,62737.8,23.01551513
XXBTZUSD,60,20260705,170000,62737.8,62747.8,62609.4,62742.3,22.49217119
XXBTZUSD,60,20260705,180000,62742.2,62890,62627,62682.9,10.99299065
XXBTZUSD,60,20260705,190000,62682.9,62715.2,62550,62581.3,40.95282961
XXBTZUSD,60,20260705,200000,62577.7,62740.1,62535.9,62575.5,18.60032343
XXBTZUSD,60,20260705,210000,62574.5,62809,62570.3,62759.9,14.27214464
XXBTZUSD,60,20260705,220000,62760,62824.6,62682,62722.7,36.4498324
XXBTZUSD,60,20260705,230000,62718.3,62781,62649.6,62681.4,10.87732024
XXBTZUSD,60,20260706,000000,62681.4,63200,62564.9,63039.8,81.9356819
XXBTZUSD,60,20260706,010000,63031.5,63887.4,62947,63671.6,222.5402238
XXBTZUSD,60,20260706,020000,63671,63925.9,63514.4,63593,75.69438096
XXBTZUSD,60,20260706,030000,63593,63689.1,63308,63689.1,62.3867238
XXBTZUSD,60,20260706,040000,63689.1,63840.9,63499.1,63510.1,31.54815337
XXBTZUSD,60,20260706,050000,63510.1,63597.9,63325,63414.5,23.32289839
XXBTZUSD,60,20260706,060000,63396.9,63428.8,63088.2,63241.6,39.00345574
XXBTZUSD,60,20260706,070000,63229.9,63319.5,63121.5,63201.7,46.00119333
XXBTZUSD,60,20260706,080000,63201.8,63201.8,62900.1,63059.2,70.07748984
XXBTZUSD,60,20260706,090000,63059.2,63085.1,62907.8,62920.7,58.34230685
XXBTZUSD,60,20260706,100000,62920.8,63050.4,62823.8,63023.2,28.18722743
XXBTZUSD,60,20260706,110000,63023.2,63162.5,62769.1,62840,35.56652861
XXBTZUSD,60,20260706,120000,62840,62847.4,62575,62603.6,27.87584107
XXBTZUSD,60,20260706,130000,62604.1,62956.9,62600.9,62757,62.36925896
XXBTZUSD,60,20260706,140000,62757.1,62932,62455.5,62455.5,166.87147401
XXBTZUSD,60,20260706,150000,62450,62450,61612.4,61694.2,559.13277862
XXBTZUSD,60,20260706,160000,61696,61990,61271.2,61719.1,344.36869984
XXBTZUSD,60,20260706,170000,61719.2,62349.9,61671,61996.8,189.67907924
XXBTZUSD,60,20260706,180000,61998.2,63490.7,61998.2,63490.6,422.48279357
XXBTZUSD,60,20260706,190000,63490.7,63827.4,63330.6,63679.4,369.80649132
XXBTZUSD,60,20260706,200000,63679.5,63900,63521.7,63534.6,142.39961206
XXBTZUSD,60,20260706,210000,63534.6,63830.1,63503.7,63648.8,71.54432219
XXBTZUSD,60,20260706,220000,63652.5,63840.9,63610.8,63696.6,64.59256784
XXBTZUSD,60,20260706,230000,63698.2,63853.4,63529.9,63783.3,60.45803488
XXBTZUSD,60,20260707,000000,63783.2,64479.1,63762,64349.7,131.63253744
