1 -- Date/time;
2 -- Bulk speed;
3 -- SW speed (by SDO 193A);
4 -- SW presure (by SDO 193A);
5 -- Proton density;
6 -- Ion tempeture;
7 -- SW temperature (by SDO 193A);
          1                    2             3             4             5             6             7      
2025-07-07 18:00:00.000   ,      N/A    ,    420.17513,    1.1705372,      N/A    ,      N/A    ,    73660.974
2025-07-07 18:42:04.468   ,      N/A    ,      N/A    ,      N/A    ,      N/A    ,      N/A    ,      N/A    
2025-07-07 19:00:00.000   ,    567.48750,    422.98100,    1.1261462,    2.2820513,  2.808750e+5,    75825.270
2025-07-07 20:00:00.000   ,    573.81034,    424.36803,    1.1047037,    2.3966667,  2.593638e+5,    76903.408
2025-07-07 21:00:00.000   ,    559.32807,    425.74482,    1.0837386,    2.0500000,  2.392123e+5,    77978.994
2025-07-07 22:00:00.000   ,    558.34364,    432.48395,   0.98550250,    2.3593750,  2.613273e+5,    83321.439
2025-07-07 23:00:00.000   ,    553.20877,    430.23757,    1.0174615,    2.6628571,  2.715789e+5,    81526.291
2025-07-08 00:00:00.000   ,    546.85593,    427.99120,    1.0501984,    2.4600000,  2.202051e+5,    79745.476
2025-07-08 01:00:00.000   ,    538.68667,    425.74482,    1.0837386,    2.3838710,  2.284417e+5,    77978.994
2025-07-08 02:00:00.000   ,    526.26667,    431.15466,    1.0043217,    2.6956522,  2.174333e+5,    82257.430
2025-07-08 03:00:00.000   ,    528.70500,    435.11623,   0.94901015,    2.8441176,  2.062300e+5,    85443.216
2025-07-08 04:00:00.000   ,    527.39667,    442.81632,   0.84785296,    2.4021277,  1.877283e+5,    91762.935
2025-07-08 05:00:00.000   ,    516.56667,    444.07279,   0.83209633,    1.9340000,  1.422683e+5,    92810.137
2025-07-08 06:00:00.000   ,    502.92456,    447.79917,   0.78653285,    3.3189189,  1.442649e+5,    95942.268
2025-07-08 07:00:00.000   ,    514.23704,    447.79917,   0.78653285,    3.3325000,  2.138685e+5,    95942.268
2025-07-08 08:00:00.000   ,    525.44407,    449.02743,   0.77188657,    2.4068966,  1.394136e+5,    96983.298
2025-07-08 09:00:00.000   ,    520.32712,    447.79917,   0.78653285,    1.9980000,  1.412220e+5,    95942.268
2025-07-08 10:00:00.000   ,    526.53778,    449.02743,   0.77188657,    2.1305556,  1.527044e+5,    96983.298
2025-07-08 11:00:00.000   ,    535.27805,    463.97263,   0.60721655,    2.0133333,  2.673585e+5,  1.099936e+5
2025-07-08 12:00:00.000   ,    547.15690,    478.91783,   0.46447900,    1.7043478,  2.839310e+5,  1.236383e+5
2025-07-08 13:00:00.000   ,    554.20508,    480.00000,   0.45488981,    1.6212766,  2.964000e+5,  1.246509e+5
2025-07-08 14:00:00.000   ,    549.86964,    484.28607,   0.41782106,    1.8354839,  3.190839e+5,  1.286942e+5
2025-07-08 15:00:00.000   ,    550.36000,    486.40434,   0.40002179,    1.6760870,  2.516000e+5,  1.307118e+5
2025-07-08 16:00:00.000   ,    556.48103,    486.40434,   0.40002179,    1.5857143,  2.031379e+5,  1.307118e+5
2025-07-08 17:00:00.000   ,    555.26441,    484.28607,   0.41782106,    1.3046512,  1.920254e+5,  1.286942e+5
2025-07-08 18:00:00.000   ,    571.36786,    485.34722,   0.40886231,    1.5740741,  2.140321e+5,  1.297033e+5
2025-07-08 19:00:00.000   ,    551.51379,    489.55201,   0.37418549,    1.5285714,  2.112224e+5,  1.337334e+5
2025-07-08 20:00:00.000   ,    547.46250,    488.50475,   0.38270157,    1.4741935,  2.097857e+5,  1.327249e+5
2025-07-08 21:00:00.000   ,    537.60893,    487.45748,   0.39129706,    1.3522727,  1.664929e+5,  1.317196e+5
2025-07-08 22:00:00.000   ,    532.71250,    485.34722,   0.40886231,    1.3682927,  1.711964e+5,  1.297033e+5
2025-07-08 23:00:00.000   ,    532.75439,    485.34722,   0.40886231,    1.2829268,  2.103333e+5,  1.297033e+5
2025-07-09 00:00:00.000   ,    518.03214,    488.50669,   0.38268572,    1.4333333,  1.765911e+5,  1.327268e+5
2025-07-09 01:00:00.000   ,    509.18983,    488.50669,   0.38268572,    1.1559322,  1.818746e+5,  1.327268e+5
2025-07-09 02:00:00.000   ,    506.42833,    488.50669,   0.38268572,    1.1275862,  1.494917e+5,  1.327268e+5
2025-07-09 03:00:00.000   ,    488.31754,    488.50669,   0.38268572,    1.2764706,  1.358228e+5,  1.327268e+5
2025-07-09 04:00:00.000   ,    475.24444,    483.71226,   0.42270108,    1.5921569,  1.356741e+5,  1.281499e+5
2025-07-09 05:00:00.000   ,    475.30500,    478.91783,   0.46447900,    1.4763636,  1.226750e+5,  1.236383e+5
2025-07-09 06:00:00.000   ,    460.78500,    477.28130,   0.47916147,    1.5283019,  1.096617e+5,  1.221132e+5
2025-07-09 07:00:00.000   ,    455.72667,    475.64478,   0.49406586,    1.3921053,  1.371583e+5,  1.205958e+5
2025-07-09 08:00:00.000   ,    454.59655,    474.54238,   0.50423312,   0.99807692,  1.380483e+5,  1.195779e+5
2025-07-09 09:00:00.000   ,    431.23966,    473.43998,   0.51450453,    1.6408163,    76577.586,  1.185634e+5
2025-07-09 10:00:00.000   ,    426.39767,    471.20663,   0.53563849,    1.3857143,    95779.070,  1.165189e+5
2025-07-09 11:00:00.000   ,    420.79302,    468.97327,   0.55721794,    1.6500000,  1.066442e+5,  1.144884e+5
2025-07-09 12:00:00.000   ,    427.05714,    470.09727,   0.54630102,    1.1861111,  1.019589e+5,  1.155085e+5
2025-07-09 13:00:00.000   ,    436.45345,    467.84427,   0.56830028,    1.2163636,  1.195121e+5,  1.134674e+5
2025-07-09 14:00:00.000   ,    431.84333,    472.33055,   0.52494803,    1.5714286,    86381.667,  1.175460e+5
2025-07-09 15:00:00.000   ,    426.13455,    472.33055,   0.52494803,    1.4971429,  1.083509e+5,  1.175460e+5
2025-07-09 16:00:00.000   ,    416.47368,    477.24099,   0.47952590,    1.5750000,  1.311947e+5,  1.220757e+5
2025-07-09 17:00:00.000   ,    414.15690,    482.15144,   0.43610337,    1.4000000,  1.296603e+5,  1.266740e+5
2025-07-09 18:00:00.000   ,    413.25345,    481.07572,   0.44545081,    1.3071429,  1.236224e+5,  1.256608e+5
2025-07-09 19:00:00.000   ,    409.60690,    480.00000,   0.45488981,    1.4160000,  1.101224e+5,  1.246509e+5
2025-07-09 20:00:00.000   ,    411.53684,    477.83128,   0.47420271,    1.1828571,  1.281895e+5,  1.226249e+5
2025-07-09 21:00:00.000   ,    407.89492,    474.07727,   0.50855396,    1.1957447,  1.071932e+5,  1.191495e+5
2025-07-09 22:00:00.000   ,    396.31667,    470.32325,   0.54412001,    1.4480000,  1.048217e+5,  1.157141e+5
2025-07-09 23:00:00.000   ,    403.42414,    466.56924,   0.58095882,    1.2259259,    93155.172,  1.123187e+5
2025-07-10 00:00:00.000   ,    400.62931,    462.81523,   0.61913185,    1.2565217,    95072.414,  1.089634e+5
2025-07-10 01:00:00.000   ,    394.48929,    459.06121,   0.65870431,    1.2553571,    66173.214,  1.056480e+5
2025-07-10 02:00:00.000   ,    395.88667,    455.30720,   0.69974546,    1.1152542,    65085.000,  1.023728e+5
2025-07-10 03:00:00.000   ,    394.89667,    451.55319,   0.74232889,    1.2050000,    49321.667,    99137.501
2025-07-10 04:00:00.000   ,    394.93167,    447.79917,   0.78653285,    1.3050000,    43686.667,    95942.268
2025-07-10 05:00:00.000   ,    395.65333,    449.63156,   0.76474871,    2.3258621,    39311.667,    97496.905
2025-07-10 06:00:00.000   ,    395.36000,    451.46394,   0.74336060,    2.0000000,    35441.667,    99061.079
2025-07-10 07:00:00.000   ,    390.93333,    453.87460,   0.71580993,    1.5152542,    34728.333,  1.011334e+5
2025-07-10 08:00:00.000   ,    387.11833,    452.06179,   0.73646644,    1.3950000,    33123.729,    99573.480
2025-07-10 09:00:00.000   ,    384.55172,    450.24898,   0.75749822,    1.0741379,    28622.414,    98022.889
2025-07-10 10:00:00.000   ,    384.70000,    445.94140,   0.80903313,    1.3471698,    33250.000,    94375.831
2025-07-10 11:00:00.000   ,    381.61607,    441.63383,   0.86286845,    2.1946429,    24535.714,    90781.475
2025-07-10 12:00:00.000   ,    377.26786,    437.32625,   0.91914317,    2.7446429,    26050.000,    87239.820
2025-07-10 13:00:00.000   ,    377.48393,    433.01867,   0.97800691,    3.0535714,    18973.214,    83750.866
2025-07-10 14:00:00.000   ,    382.97586,    428.71109,    1.0396210,    2.3413793,    24696.552,    80314.614
2025-07-10 15:00:00.000   ,    376.78727,    424.40352,    1.1041594,    1.2927273,    33287.273,    76931.062
2025-07-10 16:00:00.000   ,    362.20167,    420.09594,    1.1718102,    1.1754386,    42776.667,    73600.212
2025-07-10 17:00:00.000   ,    357.51296,    415.78836,    1.2427768,    1.3791667,    41861.111,    70322.063
2025-07-10 18:00:00.000   ,    354.26667,    411.48078,    1.3172795,    1.3560000,    43322.807,    67096.616
2025-07-10 19:00:00.000   ,    345.19167,    414.60150,    1.2629418,    1.1023256,    51491.667,    69428.100
2025-07-10 20:00:00.000   ,    343.81864,    417.72222,    1.2104931,   0.79230769,    48279.661,    71787.244
2025-07-10 21:00:00.000   ,    342.52931,    420.84293,    1.1598469,    1.2783784,    49934.483,    74174.050
2025-07-10 22:00:00.000   ,    338.83103,    417.75384,    1.2099709,    1.5622222,    50198.246,    71811.294
2025-07-10 23:00:00.000   ,    340.27333,    414.66475,    1.2618603,    1.9697674,    45636.667,    69475.642
2025-07-11 00:00:00.000   ,    347.53500,    411.57566,    1.3155988,    2.4111111,    54293.333,    67167.092
2025-07-11 01:00:00.000   ,    352.10667,    408.48657,    1.3712754,    1.6944444,    58568.333,    64885.645
2025-07-11 02:00:00.000   ,    353.79483,    405.39748,    1.4289845,    1.3056604,    63487.931,    62631.301
2025-07-11 03:00:00.000   ,    342.54833,    402.30839,    1.4888263,    1.4320000,    44650.000,    60404.060
2025-07-11 04:00:00.000   ,    351.76500,    402.30839,    1.4888263,    1.8407407,    63646.667,    60404.060
2025-07-11 05:00:00.000   ,    401.82667,    402.30839,    1.4888263,    2.1982759,  1.193000e+5,    60404.060
2025-07-11 06:00:00.000   ,    415.66167,    408.48097,    1.3713782,    3.4950000,  1.384067e+5,    64881.535
2025-07-11 07:00:00.000   ,    418.14500,    414.74195,    1.2605413,    3.1884615,  1.551000e+5,    69533.683
2025-07-11 08:00:00.000   ,    424.68333,    421.00293,    1.1572973,    1.2697674,  1.456067e+5,    74297.167
2025-07-11 09:00:00.000   ,    448.44151,    424.16988,    1.1077470,    2.3000000,  1.550113e+5,    76749.052
2025-07-11 10:00:00.000   ,    466.77879,    427.33683,    1.0598845,    3.2272727,  1.624242e+5,    79229.424
2025-07-11 11:00:00.000   ,    449.81778,    430.50379,    1.0136340,    2.9666667,  1.769956e+5,    81738.282
2025-07-11 12:00:00.000   ,    454.41552,    433.67074,   0.96892380,    3.3744186,  1.567155e+5,    84275.626
2025-07-11 13:00:00.000   ,    457.91034,    436.83769,   0.92568636,    4.0333333,  1.307638e+5,    86841.457
2025-07-11 14:00:00.000   ,    453.46607,    440.00464,   0.88385768,    3.4530612,  1.819125e+5,    89435.774
2025-07-11 15:00:00.000   ,    463.40000,    443.17159,   0.84337721,    4.8608696,  1.817911e+5,    92058.577
2025-07-11 16:00:00.000   ,    469.88036,    446.33854,   0.80418763,    4.5384615,  2.765375e+5,    94709.867
2025-07-11 17:00:00.000   ,    463.44576,    449.50549,   0.76623463,    5.0434783,  2.602475e+5,    97389.644
2025-07-11 18:00:00.000   ,    467.57119,    452.67244,   0.72946673,    4.3181818,  2.557932e+5,  1.000979e+5
2025-07-11 19:00:00.000   ,    459.87895,    453.87460,   0.71580993,    4.3055556,  2.417947e+5,  1.011334e+5
2025-07-11 20:00:00.000   ,    456.22241,    457.44414,   0.67619888,    7.1458333,  2.242586e+5,  1.042323e+5
2025-07-11 21:00:00.000   ,    474.78772,    458.62203,   0.66342843,    4.0431818,  1.829544e+5,  1.052628e+5
2025-07-11 22:00:00.000   ,    465.67414,    458.62203,   0.66342843,    5.2814815,  1.646466e+5,  1.052628e+5
2025-07-11 23:00:00.000   ,    461.67241,    457.44414,   0.67619888,    5.9543478,  1.574310e+5,  1.042323e+5
2025-07-12 00:00:00.000   ,    460.66667,    455.45074,   0.69814830,    7.0029412,  1.754333e+5,  1.024973e+5
2025-07-12 01:00:00.000   ,    463.05000,    453.45734,   0.72053171,    6.1000000,  1.544333e+5,  1.007735e+5
2025-07-12 02:00:00.000   ,    459.90847,    451.46394,   0.74336060,    6.3250000,  2.018593e+5,    99061.079
2025-07-12 03:00:00.000   ,    463.09492,    451.46394,   0.74336060,    5.5062500,  2.156153e+5,    99061.079
2025-07-12 04:00:00.000   ,    455.37500,    447.19530,   0.79380031,    3.0527273,  1.942350e+5,    95432.022
2025-07-12 05:00:00.000   ,    441.60000,    442.92666,   0.84646113,    4.0452381,  1.455833e+5,    91854.718
2025-07-12 06:00:00.000   ,    451.23729,    438.65802,   0.90147540,    3.7644444,  1.363814e+5,    88329.167
2025-07-12 07:00:00.000   ,    463.00536,    434.38938,   0.95898549,    4.5745098,  1.170589e+5,    84855.368
2025-07-12 08:00:00.000   ,    465.22241,    430.12074,    1.0191447,    4.2720000,  1.174121e+5,    81433.322
2025-07-12 09:00:00.000   ,    459.65172,    425.85210,    1.0821182,    2.4800000,  1.388276e+5,    78063.029
2025-07-12 10:00:00.000   ,    459.82000,    421.58346,    1.1480844,    1.1888889,  1.703686e+5,    74744.489
2025-07-12 11:00:00.000   ,    456.54375,    429.81632,    1.0235405,    1.3411765,  2.196146e+5,    81191.253
2025-07-12 12:00:00.000   ,    462.77931,    432.48395,   0.98550250,    1.4805556,  2.642621e+5,    83321.439
2025-07-12 13:00:00.000   ,    458.19322,    433.80440,   0.96706958,   0.81818182,  1.873780e+5,    84383.346
2025-07-12 14:00:00.000   ,    477.78000,    436.41962,   0.93131206,    2.3894737,  1.722133e+5,    86501.110
2025-07-12 15:00:00.000   ,    489.55273,    437.71476,   0.91396370,    1.5041667,  1.787945e+5,    87557.088
2025-07-12 16:00:00.000   ,    499.02407,    442.81632,   0.84785296,    2.7800000,  1.713481e+5,    91762.935
2025-07-12 17:00:00.000   ,    496.23103,    444.07279,   0.83209633,    2.4771429,  1.642724e+5,    92810.137
2025-07-12 18:00:00.000   ,    504.15517,    445.32199,   0.81662972,    2.7968750,  1.993103e+5,    93855.730
2025-07-12 19:00:00.000   ,    495.40357,    447.79917,   0.78653285,    2.6615385,  1.948214e+5,    95942.268
2025-07-12 20:00:00.000   ,    510.54407,    596.69430,  -0.20596956,    3.4850000,  2.461525e+5,  2.533644e+5
2025-07-12 21:00:00.000   ,    563.13966,    608.91114,  -0.24768316,    6.4673469,  2.434931e+5,  2.690761e+5
2025-07-12 22:00:00.000   ,    558.95000,    615.64333,  -0.26927963,    3.5924528,  2.431017e+5,  2.779153e+5
2025-07-12 23:00:00.000   ,    549.37414,    614.90005,  -0.26694124,    2.6243243,  2.678069e+5,  2.769331e+5
2025-07-13 00:00:00.000   ,    558.07500,    614.15561,  -0.26458789,    1.8256410,  2.741983e+5,  2.759509e+5
2025-07-13 01:00:00.000   ,    552.09667,    624.47352,  -0.29622470,    1.8270270,  2.520350e+5,  2.897043e+5
2025-07-13 02:00:00.000   ,    570.57500,    635.29106,  -0.32725047,    1.1346939,  2.732350e+5,  3.044484e+5
2025-07-13 03:00:00.000   ,    599.28475,    633.86226,  -0.32327147,    3.0750000,  2.564322e+5,  3.024819e+5
2025-07-13 04:00:00.000   ,    635.36441,    633.14633,  -0.32126441,    3.6641509,  2.990373e+5,  3.014988e+5
2025-07-13 05:00:00.000   ,    630.55000,    636.00394,  -0.32922262,    2.3111111,  3.645667e+5,  3.054317e+5
2025-07-13 06:00:00.000   ,    643.43667,    653.51100,  -0.37505751,    2.3884615,  3.394000e+5,  3.300331e+5
2025-07-13 07:00:00.000   ,    683.06552,    677.75269,  -0.43115092,    2.2796296,  2.831224e+5,  3.655355e+5
2025-07-13 08:00:00.000   ,    651.33036,    680.38208,  -0.43677711,    1.7666667,  3.645536e+5,  3.694866e+5
2025-07-13 09:00:00.000   ,    640.72632,    679.72587,  -0.43538084,    1.7950000,  2.924123e+5,  3.684987e+5
2025-07-13 10:00:00.000   ,    651.32632,    692.71017,  -0.46207458,   0.45555556,  3.456316e+5,  3.882736e+5
2025-07-13 11:00:00.000   ,    617.89565,    688.50689,  -0.45364433,   0.52500000,  3.014022e+5,  3.818196e+5
2025-07-13 12:00:00.000   ,    603.10339,    684.30361,  -0.44501433,    1.7600000,  2.081932e+5,  3.754159e+5
2025-07-13 13:00:00.000   ,    601.10345,    694.63313,  -0.46586643,   0.87272727,  2.232052e+5,  3.912429e+5
2025-07-13 14:00:00.000   ,    598.06897,    705.41432,  -0.48640139,    2.3215686,  1.335086e+5,  4.080853e+5
2025-07-13 15:00:00.000   ,    602.03966,    709.79838,  -0.49441439,    1.3075000,  1.663017e+5,  4.150285e+5
2025-07-13 16:00:00.000   ,    606.02037,    709.79838,  -0.49441439,   0.73023256,  1.743426e+5,  4.150285e+5
2025-07-13 17:00:00.000   ,    608.17931,    706.03089,  -0.48753980,   0.89400000,  1.601034e+5,  4.090585e+5
2025-07-13 18:00:00.000   ,    596.09107,    702.26340,  -0.48052404,   0.90196078,  1.764714e+5,  4.031288e+5
2025-07-13 19:00:00.000   ,    580.99833,    698.46044,  -0.47329509,    1.1694444,  1.827750e+5,  3.971842e+5
2025-07-13 20:00:00.000   ,    580.76071,    700.36493,  -0.47693402,    1.0000000,  1.661214e+5,  4.001561e+5
2025-07-13 21:00:00.000   ,    592.58966,    700.99842,  -0.47813608,    1.5837209,  1.571621e+5,  4.011469e+5
2025-07-13 22:00:00.000   ,    588.45593,    706.67012,  -0.48871605,    2.0442308,  1.253780e+5,  4.100686e+5
2025-07-13 23:00:00.000   ,    565.02833,    711.95611,  -0.49828951,    1.1285714,  1.302600e+5,  4.184658e+5
2025-07-14 00:00:00.000   ,    564.53000,    717.24210,  -0.50759658,   0.32820513,  1.585750e+5,  4.269424e+5
2025-07-14 01:00:00.000   ,    562.69333,    712.26958,  -0.49884876,   0.80000000,  1.135567e+5,  4.189663e+5
2025-07-14 02:00:00.000   ,    562.00333,    707.29705,  -0.48986575,   0.41896552,  1.342000e+5,  4.110604e+5
2025-07-14 03:00:00.000   ,    534.24167,    706.67012,  -0.48871605,    1.6163265,  1.021267e+5,  4.100686e+5
2025-07-14 04:00:00.000   ,    537.42034,    709.79838,  -0.49441439,    2.5019231,    83094.828,  4.150285e+5
2025-07-14 05:00:00.000   ,    515.99661,    712.91080,  -0.49998985,   0.43947368,  1.103000e+5,  4.199909e+5
2025-07-14 06:00:00.000   ,    532.85333,    719.70372,  -0.51184261,    1.5428571,  1.031517e+5,  4.309169e+5
2025-07-14 07:00:00.000   ,    523.06833,    722.76728,  -0.51705065,    1.6637931,    59686.667,  4.358874e+5
2025-07-14 08:00:00.000   ,    516.43000,    722.76728,  -0.51705065,    1.6508475,    57870.000,  4.358874e+5
2025-07-14 09:00:00.000   ,    520.45345,    718.47412,  -0.50972857,    2.1438596,    63386.207,  4.289295e+5
2025-07-14 10:00:00.000   ,    509.17576,    716.00276,  -0.50543785,    1.5483871,    56948.485,  4.249479e+5
2025-07-14 11:00:00.000   ,    528.80417,    713.53141,  -0.50109055,   0.33250000,  1.264813e+5,  4.209836e+5
2025-07-14 12:00:00.000   ,    528.73729,    711.04523,  -0.49665909,   0.83400000,  1.132780e+5,  4.170131e+5
2025-07-14 13:00:00.000   ,    521.45862,    706.04254,  -0.48756128,    1.0520833,  1.152276e+5,  4.090769e+5
2025-07-14 14:00:00.000   ,    517.14906,    700.65764,  -0.47748995,    2.2361702,    63713.208,  4.006137e+5
2025-07-14 15:00:00.000   ,    499.88596,    695.27273,  -0.46711876,    1.7738095,    90801.754,  3.922329e+5
2025-07-14 16:00:00.000   ,    511.94074,    703.52574,  -0.48289071,   0.98529412,  1.010755e+5,  4.051111e+5
2025-07-14 17:00:00.000   ,    483.45439,    700.36493,  -0.47693402,    1.6551020,    60110.526,  4.001561e+5
2025-07-14 18:00:00.000   ,    518.54464,    698.46044,  -0.47329509,   0.62000000,  1.206625e+5,  3.971842e+5
2025-07-14 19:00:00.000   ,    508.22807,    692.71017,  -0.46207458,    2.4387097,  1.049789e+5,  3.882736e+5
2025-07-14 20:00:00.000   ,    496.84915,    700.36493,  -0.47693402,    2.6735294,  1.356678e+5,  4.001561e+5
2025-07-14 21:00:00.000   ,    525.66724,    693.92247,  -0.46446978,    3.6750000,  1.512569e+5,  3.901444e+5
2025-07-14 22:00:00.000   ,    508.30517,    687.48000,  -0.45155465,    2.2551724,  1.790241e+5,  3.802505e+5
2025-07-14 23:00:00.000   ,    517.46167,    681.03754,  -0.43816662,   0.84571429,  1.940483e+5,  3.704746e+5
2025-07-15 00:00:00.000   ,    556.51667,    671.37459,  -0.41714805,    1.0405405,  3.098367e+5,  3.560328e+5
2025-07-15 01:00:00.000   ,    560.82500,    661.71165,  -0.39492755,    1.8622642,  2.730033e+5,  3.418563e+5
2025-07-15 02:00:00.000   ,    676.52167,    656.89988,  -0.38338569,    1.0634615,  4.695667e+5,  3.348958e+5
2025-07-15 03:00:00.000   ,    655.17000,    652.08812,  -0.37151041,   0.73333333,  5.148567e+5,  3.280012e+5
2025-07-15 04:00:00.000   ,    666.83636,    647.27636,  -0.35928874,   0.70975610,  5.861455e+5,  3.211722e+5
2025-07-15 05:00:00.000   ,    695.47321,    640.64472,  -0.34185178,   0.62777778,  5.456750e+5,  3.118683e+5
2025-07-15 06:00:00.000   ,    703.19643,    634.01309,  -0.32369319,   0.27586207,  6.177196e+5,  3.026892e+5
2025-07-15 07:00:00.000   ,    687.65167,    627.38146,  -0.30477259,   0.40526316,  4.571917e+5,  2.936351e+5
2025-07-15 08:00:00.000   ,    687.59000,    623.36190,  -0.29291540,   0.44888889,  3.949333e+5,  2.882080e+5
2025-07-15 09:00:00.000   ,    658.95172,    619.34235,  -0.28075227,   0.53913043,  3.598276e+5,  2.828268e+5
2025-07-15 10:00:00.000   ,    649.43226,    617.86389,  -0.27619943,   0.87142857,  2.788613e+5,  2.808591e+5
2025-07-15 11:00:00.000   ,    639.30784,    616.38544,  -0.27160322,   0.55121951,  2.682078e+5,  2.788976e+5
2025-07-15 12:00:00.000   ,    619.30339,    610.75695,  -0.25369872,   0.56285714,  2.091576e+5,  2.714868e+5
2025-07-15 13:00:00.000   ,    611.83276,    605.12847,  -0.23512586,   0.62142857,  2.239966e+5,  2.641660e+5
2025-07-15 14:00:00.000   ,    650.69333,    605.88750,  -0.23767069,   0.73488372,  2.816283e+5,  2.651480e+5
2025-07-15 15:00:00.000   ,    646.95965,    603.60089,  -0.22996548,    1.0108696,  2.400368e+5,  2.621947e+5
2025-07-15 16:00:00.000   ,    641.13966,    601.31427,  -0.22214286,    1.3673469,  2.080379e+5,  2.592562e+5
2025-07-15 17:00:00.000   ,    616.19492,    594.70572,  -0.19885236,    1.1565217,  1.775424e+5,  2.508471e+5
2025-07-15 18:00:00.000   ,    615.48036,    588.09716,  -0.17449994,   0.65454545,  2.163464e+5,  2.425621e+5
2025-07-15 19:00:00.000   ,    607.91333,    585.71609,  -0.16545304,   0.62291667,  2.479750e+5,  2.396074e+5
2025-07-15 20:00:00.000   ,    618.93750,    583.33503,  -0.15625660,   0.38333333,  2.928304e+5,  2.366688e+5
2025-07-15 21:00:00.000   ,    597.85965,    578.51893,  -0.13718445,   0.39777778,  2.839561e+5,  2.307742e+5
2025-07-15 22:00:00.000   ,    604.95862,    576.49081,  -0.12895895,   0.65333333,  2.216431e+5,  2.283116e+5
2025-07-15 23:00:00.000   ,    596.74833,    574.46270,  -0.12061527,   0.56734694,  1.866417e+5,  2.258607e+5
2025-07-16 00:00:00.000   ,    571.00333,    573.64665,  -0.11722419,   0.42903226,  1.450800e+5,  2.248778e+5
2025-07-16 01:00:00.000   ,    600.07333,    584.92830,  -0.16242703,   0.57916667,  2.027117e+5,  2.386333e+5
2025-07-16 02:00:00.000   ,    566.79167,    586.51565,  -0.16850748,   0.60217391,  1.147717e+5,  2.405977e+5
2025-07-16 03:00:00.000   ,    553.58667,    587.30713,  -0.17151458,   0.18750000,  1.615667e+5,  2.415799e+5
2025-07-16 04:00:00.000   ,    552.56167,    589.67290,  -0.18040635,   0.34814815,  1.439550e+5,  2.445263e+5
2025-07-16 05:00:00.000   ,    568.30862,    587.30713,  -0.17151458,   0.41621622,  1.604793e+5,  2.415799e+5
2025-07-16 06:00:00.000   ,    580.82373,    583.71878,  -0.15774900,   0.95609756,  1.613322e+5,  2.371413e+5
2025-07-16 07:00:00.000   ,    570.36500,    580.13042,  -0.14363747,   0.95909091,  1.584617e+5,  2.327392e+5
2025-07-16 08:00:00.000   ,    563.96429,    575.77321,  -0.12602038,   0.22105263,  2.250750e+5,  2.274431e+5
2025-07-16 09:00:00.000   ,    545.27455,    571.41601,  -0.10785401,   0.34838710,  1.770618e+5,  2.222009e+5
2025-07-16 10:00:00.000   ,    542.89298,    567.05880,  -0.08911530,   0.64468085,  1.005877e+5,  2.170126e+5
2025-07-16 11:00:00.000   ,    550.63559,    563.72396,  -0.07437167,   0.78823529,    95589.831,  2.130781e+5
2025-07-16 12:00:00.000   ,    558.57931,    559.49244,  -0.05514273,   0.71041667,  1.183052e+5,  2.081312e+5
2025-07-16 13:00:00.000   ,    560.31053,    555.26092,  -0.03530831,   0.87333333,  1.223982e+5,  2.032351e+5
2025-07-16 14:00:00.000   ,    547.22931,    550.43214,  -0.01190178,   0.60188679,    98668.966,  1.977102e+5
2025-07-16 15:00:00.000   ,    534.57797,    545.60337,   0.01236708,   0.23000000,  1.075559e+5,  1.922514e+5
2025-07-16 16:00:00.000   ,    538.43636,    540.77460,   0.03754115,   0.21219512,  1.123545e+5,  1.868589e+5
2025-07-16 17:00:00.000   ,    530.92000,    535.94582,   0.06366602,   0.10000000,  1.332500e+5,  1.815326e+5
2025-07-16 18:00:00.000   ,    570.18750,    535.94582,   0.06366602,   0.24642857,  1.688107e+5,  1.815326e+5
2025-07-16 19:00:00.000   ,    558.42586,    542.20261,   0.02999953,   0.31777778,  1.784690e+5,  1.884467e+5
2025-07-16 20:00:00.000   ,    573.83860,    545.72994,   0.01171960,   0.24516129,  2.231982e+5,  1.923936e+5
2025-07-16 21:00:00.000   ,    585.87544,    544.85129,   0.01622733,   0.36250000,  2.999667e+5,  1.914072e+5
2025-07-16 22:00:00.000   ,    586.98621,    546.60650,   0.00725241,   0.53255814,  2.055690e+5,  1.933800e+5
2025-07-16 23:00:00.000   ,    591.57167,    550.95858,  -0.01449473,   0.10000000,  2.945917e+5,  1.983093e+5
2025-07-17 00:00:00.000   ,    617.92167,    551.82297,  -0.01873011,   0.15384615,  3.163550e+5,  1.992947e+5
2025-07-17 01:00:00.000   ,    643.53333,    549.65198,  -0.00804027,   0.20303030,  3.540467e+5,  1.968237e+5
2025-07-17 02:00:00.000   ,    648.27500,    547.48100,   0.00282520,   0.58205128,  3.135433e+5,  1.943661e+5
2025-07-17 03:00:00.000   ,    644.81500,    555.26092,  -0.03530831,   0.49705882,  2.987783e+5,  2.032351e+5
2025-07-17 04:00:00.000   ,    655.48667,    558.66827,  -0.05132787,   0.49024390,  2.914917e+5,  2.071736e+5
2025-07-17 05:00:00.000   ,    673.10339,    557.81925,  -0.04737376,   0.43902439,  3.650695e+5,  2.061892e+5
2025-07-17 06:00:00.000   ,    664.92407,    561.20427,  -0.06299318,   0.71515152,  3.883259e+5,  2.101263e+5
2025-07-17 07:00:00.000   ,    665.82456,    561.20427,  -0.06299318,   0.39210526,  3.124947e+5,  2.101263e+5
2025-07-17 08:00:00.000   ,    647.51053,    572.82898,  -0.11380665,   0.48387097,  3.556000e+5,  2.238949e+5
2025-07-17 09:00:00.000   ,    666.90545,    573.64665,  -0.11722419,   0.59024390,  2.513673e+5,  2.248778e+5
2025-07-17 10:00:00.000   ,    684.25200,    577.71084,  -0.13392110,   0.18181818,  2.646240e+5,  2.297916e+5
2025-07-17 11:00:00.000   ,    638.39074,    578.92063,  -0.13879984,   0.42758621,  2.507593e+5,  2.312633e+5
2025-07-17 12:00:00.000   ,    661.38214,    580.13042,  -0.14363747,   0.49200000,  2.513745e+5,  2.327392e+5
2025-07-17 13:00:00.000   ,    626.96500,    579.32545,  -0.14042314,   0.54418605,  1.950900e+5,  2.317567e+5
2025-07-17 14:00:00.000   ,    709.59107,    580.93386,  -0.14682770,   0.18000000,  2.339661e+5,  2.337216e+5
2025-07-17 15:00:00.000   ,    641.76724,    580.93386,  -0.14682770,   0.75714286,  1.913672e+5,  2.337216e+5
2025-07-17 16:00:00.000   ,    633.46071,    579.32545,  -0.14042314,   0.50384615,  1.781321e+5,  2.317567e+5
2025-07-17 17:00:00.000   ,    600.54483,    580.93386,  -0.14682770,   0.32222222,  1.792741e+5,  2.337216e+5
2025-07-17 18:00:00.000   ,    589.76552,    584.13241,  -0.15935319,   0.31034483,  1.621500e+5,  2.376510e+5
2025-07-17 19:00:00.000   ,    598.15000,    583.33503,  -0.15625660,   0.25882353,  1.867482e+5,  2.366688e+5
2025-07-17 20:00:00.000   ,    570.12069,    582.53615,  -0.15313699,   0.31000000,  1.352052e+5,  2.356864e+5
2025-07-17 21:00:00.000   ,    572.44915,    580.93386,  -0.14682770,   0.26363636,  1.410966e+5,  2.337216e+5
2025-07-17 22:00:00.000   ,    588.45179,    580.13042,  -0.14363747,   0.62647059,  1.462911e+5,  2.327392e+5
2025-07-17 23:00:00.000   ,    592.13220,    577.71084,  -0.13392110,   0.31304348,  1.451729e+5,  2.297916e+5
2025-07-18 00:00:00.000   ,    593.77167,    575.67875,  -0.12563242,   0.14666667,  1.738283e+5,  2.273288e+5
2025-07-18 01:00:00.000   ,    580.73000,    573.64665,  -0.11722419,   0.49130435,  1.318333e+5,  2.248778e+5
2025-07-18 02:00:00.000   ,    574.30333,    572.82898,  -0.11380665,   0.47407407,  1.288733e+5,  2.238949e+5
2025-07-18 03:00:00.000   ,    581.59833,    571.18872,  -0.10689089,   0.72051282,  1.603483e+5,  2.219289e+5
2025-07-18 04:00:00.000   ,    586.88500,    575.65957,  -0.12555364,   0.50303030,  1.499817e+5,  2.273057e+5
2025-07-18 05:00:00.000   ,    557.34833,    580.13042,  -0.14363747,   0.58260870,  1.185283e+5,  2.327392e+5
2025-07-18 06:00:00.000   ,    563.31724,    575.49801,  -0.12488946,    1.9119048,  1.525897e+5,  2.271104e+5
2025-07-18 07:00:00.000   ,    558.19464,    570.86560,  -0.10551898,   0.40588235,  1.565509e+5,  2.215425e+5
2025-07-18 08:00:00.000   ,    572.73036,    566.23318,  -0.08549817,   0.33421053,  2.203286e+5,  2.160356e+5
2025-07-18 09:00:00.000   ,    571.70727,    561.60077,  -0.06479758,   0.32903226,  2.302491e+5,  2.105896e+5
2025-07-18 10:00:00.000   ,    545.30541,    556.96836,  -0.04338609,   0.24347826,  2.131514e+5,  2.052046e+5
2025-07-18 11:00:00.000   ,    542.43333,    557.81925,  -0.04737376,   0.69393939,  1.644542e+5,  2.061892e+5
2025-07-18 12:00:00.000   ,    538.94310,    555.68254,  -0.03731245,   0.37837838,  1.852793e+5,  2.037207e+5
2025-07-18 13:00:00.000   ,    546.54655,    553.54583,  -0.02709091,   0.63125000,  1.372966e+5,  2.012652e+5
2025-07-18 14:00:00.000   ,    535.71356,    550.09221,  -0.01022202,   0.56538462,  1.688051e+5,  1.973237e+5
2025-07-18 15:00:00.000   ,    547.92500,    547.91108,   0.00065859,   0.53684211,  1.452607e+5,  1.948519e+5
2025-07-18 16:00:00.000   ,    553.92833,    545.72994,   0.01171960,   0.50588235,  1.569250e+5,  1.923936e+5
2025-07-18 17:00:00.000   ,    530.66207,    542.63221,   0.02774681,   0.28857143,  1.405259e+5,  1.889255e+5
2025-07-18 18:00:00.000   ,    542.35000,    539.53448,   0.04415790,   0.48510638,  1.260500e+5,  1.854847e+5
2025-07-18 19:00:00.000   ,    532.71379,    534.13779,   0.07370235,   0.60600000,  1.246190e+5,  1.795553e+5
2025-07-18 20:00:00.000   ,    526.37931,    529.25293,   0.10153954,   0.48378378,  1.247448e+5,  1.742596e+5
2025-07-18 21:00:00.000   ,    525.83158,    524.36807,   0.13047351,   0.41904762,  1.420807e+5,  1.690316e+5
2025-07-18 22:00:00.000   ,    537.55862,    519.48320,   0.16056264,   0.45882353,  1.190517e+5,  1.638715e+5
2025-07-18 23:00:00.000   ,    533.25789,    514.59834,   0.19186925,   0.46956522,  1.269228e+5,  1.587791e+5
2025-07-19 00:00:00.000   ,    529.85345,    509.71347,   0.22445992,   0.53333333,  1.259807e+5,  1.537545e+5
2025-07-19 01:00:00.000   ,    520.38833,    509.71347,   0.22445992,   0.61020408,  1.275067e+5,  1.537545e+5
2025-07-19 02:00:00.000   ,    525.21333,    508.24348,   0.23452930,   0.27142857,  1.540033e+5,  1.522557e+5
2025-07-19 03:00:00.000   ,    515.82500,    506.77348,   0.24472341,   0.15526316,  1.256867e+5,  1.507631e+5
2025-07-19 04:00:00.000   ,    534.75833,    505.78088,   0.25167844,   0.43636364,  1.588850e+5,  1.497586e+5
2025-07-19 05:00:00.000   ,    543.17667,    504.78828,   0.25869193,   0.54385965,  1.723550e+5,  1.487570e+5
2025-07-19 06:00:00.000   ,    540.87931,    503.79568,   0.26576454,   0.88627451,  1.930759e+5,  1.477582e+5
2025-07-19 07:00:00.000   ,    521.16667,    502.80308,   0.27289692,   0.70000000,  1.503370e+5,  1.467622e+5
2025-07-19 08:00:00.000   ,    523.93276,    501.81049,   0.28008976,   0.23111111,  1.485345e+5,  1.457689e+5
2025-07-19 09:00:00.000   ,    525.74727,    500.80811,   0.28741548,   0.13658537,  1.509327e+5,  1.447688e+5
2025-07-19 10:00:00.000   ,    520.13148,    499.29443,   0.29859778,   0.11333333,  1.480204e+5,  1.432638e+5
2025-07-19 11:00:00.000   ,    515.13051,    497.78075,   0.30992641,   0.41276596,  1.136949e+5,  1.417654e+5
2025-07-19 12:00:00.000   ,    508.59000,    495.22298,   0.32940888,   0.35250000,  1.239817e+5,  1.392482e+5
2025-07-19 13:00:00.000   ,    507.80345,    492.66522,   0.34932924,   0.16744186,  1.397862e+5,  1.367495e+5
2025-07-19 14:00:00.000   ,    471.79643,    490.59351,   0.36579411,   0.10000000,  1.022286e+5,  1.347393e+5
2025-07-19 15:00:00.000   ,    454.80877,    488.49893,   0.38274911,   0.10000000,    96671.930,  1.327193e+5
2025-07-19 16:00:00.000   ,    458.83158,    486.40434,   0.40002179,   0.10000000,  1.062456e+5,  1.307118e+5
2025-07-19 17:00:00.000   ,    452.49322,    484.27789,   0.41789044,   0.10000000,    63264.407,  1.286864e+5
2025-07-19 18:00:00.000   ,    450.14167,    482.15144,   0.43610337,   0.10714286,    64195.000,  1.266740e+5
2025-07-19 19:00:00.000   ,    450.97333,    478.91783,   0.46447900,   0.10000000,    63160.000,  1.236383e+5
2025-07-19 20:00:00.000   ,    442.57414,    476.73127,   0.48414588,   0.23269231,    59715.517,  1.216023e+5
2025-07-19 21:00:00.000   ,    445.04068,    474.54470,   0.50421161,   0.58333333,    53688.136,  1.195800e+5
2025-07-19 22:00:00.000   ,    442.55000,    471.75899,   0.53037059,   0.29090909,    65173.333,  1.170232e+5
2025-07-19 23:00:00.000   ,    439.93729,    468.97327,   0.55721794,   0.13095238,    75745.763,  1.144884e+5
2025-07-20 00:00:00.000   ,    433.22373,    467.84427,   0.56830028,   0.11363636,    78008.475,  1.134674e+5
2025-07-20 01:00:00.000   ,    425.73966,    464.98278,   0.59692437,   0.10000000,    79893.103,  1.108958e+5
2025-07-20 02:00:00.000   ,    427.40000,    462.12130,   0.62633934,   0.10222222,    84970.000,  1.083475e+5
2025-07-20 03:00:00.000   ,    428.16500,    460.16765,   0.64689152,   0.10909091,  1.142383e+5,  1.066210e+5
2025-07-20 04:00:00.000   ,    413.06667,    458.21399,   0.66783575,   0.27288136,    54563.333,  1.049054e+5
2025-07-20 05:00:00.000   ,    410.58833,    456.26034,   0.68918208,   0.10000000,  1.040450e+5,  1.032006e+5
2025-07-20 06:00:00.000   ,    398.68235,    452.67244,   0.72946673,   0.44054054,    82844.898,  1.000979e+5
2025-07-20 07:00:00.000   ,    401.73148,    450.23581,   0.75765245,   0.74482759,    67696.296,    98011.656
2025-07-20 08:00:00.000   ,    418.41034,    447.79917,   0.78653285,   0.53035714,    47829.310,    95942.268
2025-07-20 09:00:00.000   ,    411.27414,    445.71693,   0.81178058,   0.24146341,    60021.053,    94187.224
2025-07-20 10:00:00.000   ,    424.11333,    443.63469,   0.83756731,   0.57777778,  1.613933e+5,    92444.494
2025-07-20 11:00:00.000   ,    412.20182,    441.55245,   0.86390852,   0.72452830,    48129.091,    90714.079
2025-07-20 12:00:00.000   ,    402.70893,    438.33434,   0.90574700,   0.33529412,    58842.857,    88063.940
2025-07-20 13:00:00.000   ,    410.56833,    435.11623,   0.94901015,   0.48947368,    53311.667,    85443.216
2025-07-20 14:00:00.000   ,    391.68500,    432.46628,   0.98575092,   0.25581395,    64091.667,    83307.262
2025-07-20 15:00:00.000   ,    406.16182,    429.81632,    1.0235405,   0.32121212,    61185.455,    81191.253
2025-07-20 16:00:00.000   ,    410.20536,    427.53788,    1.0569012,   0.25094340,    51887.500,    79387.848
2025-07-20 17:00:00.000   ,    399.34107,    425.25944,    1.0910939,   0.34000000,    55532.143,    77599.186
2025-07-20 18:00:00.000   ,    391.68772,    422.98100,    1.1261462,   0.41458333,    53610.526,    75825.270
2025-07-20 19:00:00.000   ,    385.64912,    420.17513,    1.1705372,   0.19743590,    67922.807,    73660.974
2025-07-20 20:00:00.000   ,    399.17241,    418.02874,    1.2054401,   0.12000000,  1.133965e+5,    72020.454
2025-07-20 21:00:00.000   ,    376.56429,    415.88234,    1.2411917,   0.13333333,    66689.091,    70393.019
2025-07-20 22:00:00.000   ,    403.22069,    413.68156,    1.2787593,   0.14489796,  1.355500e+5,    68737.939
2025-07-20 23:00:00.000   ,    404.91724,    411.48078,    1.3172795,   0.23725490,  1.126483e+5,    67096.616
2025-07-21 00:00:00.000   ,    408.06441,    409.46213,    1.3534774,   0.19607843,    85532.203,    65603.211
2025-07-21 01:00:00.000   ,    386.04483,    407.44347,    1.3905302,   0.32608696,    68915.517,    64121.380
2025-07-21 02:00:00.000   ,    389.20333,    405.42481,    1.4284649,   0.14500000,    69795.000,    62651.123
2025-07-21 03:00:00.000   ,    383.47000,    403.07553,    1.4737606,   0.21891892,    62425.000,    60954.637
2025-07-21 04:00:00.000   ,    389.15500,    400.72625,    1.5203356,   0.27241379,    65781.667,    59273.826
2025-07-21 05:00:00.000   ,    382.62167,    398.30150,    1.5697998,   0.54339623,    57203.333,    57555.460
2025-07-21 06:00:00.000   ,    388.08776,    395.87676,    1.6207345,   0.47777778,    79961.224,    55853.793
2025-07-21 07:00:00.000   ,    383.89020,    394.21385,    1.6565463,   0.89736842,  1.307882e+5,    54696.434
2025-07-21 08:00:00.000   ,    375.50167,    392.55095,    1.6930972,   0.48085106,    71705.000,    53546.928
2025-07-21 09:00:00.000   ,    362.28929,    390.84721,    1.7313336,   0.68297872,    54403.636,    52377.340
2025-07-21 10:00:00.000   ,    409.07692,    389.14347,    1.7703902,   0.68888889,  4.061500e+5,    51215.997
2025-07-21 11:00:00.000   ,    370.21296,    388.27514,    1.7906189,   0.43777778,  1.164611e+5,    50627.277
2025-07-21 12:00:00.000   ,    365.42456,    387.40681,    1.8110699,   0.88113208,    81657.895,    50040.699
2025-07-21 13:00:00.000   ,    360.51964,    384.72955,    1.8755600,    1.1272727,    59085.714,    48245.629
2025-07-21 14:00:00.000   ,    362.57719,    382.05230,    1.9422951,    1.4446429,    47857.895,    46470.916
2025-07-21 15:00:00.000   ,    359.90000,    393.74793,    1.6667119,    1.2655172,    53477.193,    54373.568
2025-07-21 16:00:00.000   ,    357.86154,    391.26960,    1.7217785,    1.7490566,    45309.615,    52666.536
2025-07-21 17:00:00.000   ,    358.33953,    388.79126,    1.7785685,    2.1674419,    47995.349,    50976.949
2025-07-21 18:00:00.000   ,    362.66667,    386.31293,    1.8371546,    2.9500000,    34225.641,    49304.807
2025-07-21 19:00:00.000   ,    357.70508,    384.62543,    1.8781128,    2.5310345,    50661.017,    48176.227
2025-07-21 20:00:00.000   ,    358.88333,    382.93793,    1.9199644,    3.2592593,    54463.333,    47055.735
2025-07-21 21:00:00.000   ,    356.95965,    514.64418,   0.19156958,    3.1962264,    55624.561,  1.588266e+5
2025-07-21 22:00:00.000   ,    352.47241,    517.74186,   0.17157969,    3.2660377,    46124.138,  1.620484e+5
2025-07-21 23:00:00.000   ,    351.18833,    520.83955,   0.15208864,    3.6618182,    50105.000,  1.652975e+5
2025-07-22 00:00:00.000   ,    352.99322,    523.93723,   0.13307997,    4.6000000,    47315.254,  1.685738e+5
2025-07-22 01:00:00.000   ,    345.75345,    527.03492,   0.11453790,    4.1181818,    43024.138,  1.718774e+5
2025-07-22 02:00:00.000   ,    346.92833,    530.13260,   0.09644727,    4.1166667,    48003.333,  1.752082e+5
2025-07-22 03:00:00.000   ,    342.67333,    533.23028,   0.07879356,    2.7472727,    40698.333,  1.785663e+5
2025-07-22 04:00:00.000   ,    338.10333,    543.97052,   0.02077617,   0.72333333,    20864.000,  1.904205e+5
2025-07-22 05:00:00.000   ,    338.49333,    552.68537,  -0.02292867,   0.77021277,    25408.621,  2.002800e+5
2025-07-22 06:00:00.000   ,    340.56122,    578.51893,  -0.13718445,    1.1548387,    44512.245,  2.307742e+5
2025-07-22 07:00:00.000   ,    357.97736,    578.51893,  -0.13718445,    1.2295455,    92223.529,  2.307742e+5
2025-07-22 08:00:00.000   ,    332.81525,    578.51893,  -0.13718445,    3.2535714,    38200.000,  2.307742e+5
2025-07-22 09:00:00.000   ,    340.31964,    585.72271,  -0.16547837,    6.3943396,    56567.857,  2.396155e+5
2025-07-22 10:00:00.000   ,    346.16786,    586.51492,  -0.16850470,    10.005357,    45000.000,  2.405968e+5
2025-07-22 11:00:00.000   ,    351.50847,    587.30713,  -0.17151458,    5.6017857,    47767.797,  2.415799e+5
2025-07-22 12:00:00.000   ,    385.20339,    584.92164,  -0.16240139,    10.091525,    54718.644,  2.386251e+5
2025-07-22 13:00:00.000   ,    392.56429,    582.53615,  -0.15313699,    12.827273,    47833.929,  2.356864e+5
2025-07-22 14:00:00.000   ,    395.94464,    578.51893,  -0.13718445,    10.465455,    50994.643,  2.307742e+5
2025-07-22 15:00:00.000   ,    391.01579,    580.13042,  -0.14363747,    12.329825,    55429.825,  2.327392e+5
2025-07-22 16:00:00.000   ,    394.53036,    595.14363,  -0.20042785,    13.054000,  1.211000e+5,  2.514005e+5
2025-07-22 17:00:00.000   ,    409.10175,    602.84379,  -0.22738855,    10.119643,  1.389175e+5,  2.612201e+5
2025-07-22 18:00:00.000   ,    438.83966,    604.36818,  -0.23256402,    7.9083333,  2.466552e+5,  2.631841e+5
2025-07-22 19:00:00.000   ,    434.09667,    605.12784,  -0.23512374,    5.2738095,  2.994283e+5,  2.641652e+5
2025-07-22 20:00:00.000   ,    476.90690,    605.88750,  -0.23767069,    3.9787234,  4.212414e+5,  2.651480e+5
2025-07-22 21:00:00.000   ,    469.92241,    628.82899,  -0.30896966,    4.3090909,  4.203017e+5,  2.956008e+5
2025-07-22 22:00:00.000   ,    480.66167,    632.42937,  -0.31924552,    5.6193548,  3.949833e+5,  3.005156e+5
2025-07-22 23:00:00.000   ,    491.80517,    645.18152,  -0.35385628,    4.7243902,  3.967069e+5,  3.182197e+5
2025-07-23 00:00:00.000   ,    465.14500,    639.55333,  -0.33891400,    7.0666667,  2.373167e+5,  3.103491e+5
2025-07-23 01:00:00.000   ,    506.15690,    640.26025,  -0.34081909,    7.0195652,  2.978293e+5,  3.113327e+5
2025-07-23 02:00:00.000   ,    525.39322,    640.26025,  -0.34081909,    4.0382979,  4.275746e+5,  3.113327e+5
2025-07-23 03:00:00.000   ,    540.40000,    639.55284,  -0.33891268,    4.5725000,  4.606250e+5,  3.103484e+5
2025-07-23 04:00:00.000   ,    532.01356,    638.84544,  -0.33699799,    4.3395349,  3.660712e+5,  3.093655e+5
2025-07-23 05:00:00.000   ,    545.22909,    638.13656,  -0.33507094,    3.7743590,  3.061255e+5,  3.083820e+5
2025-07-23 06:00:00.000   ,    590.66250,    636.00394,  -0.32922262,    3.3652174,  3.737232e+5,  3.054317e+5
2025-07-23 07:00:00.000   ,    620.80800,    636.00394,  -0.32922262,    3.0113636,  3.604600e+5,  3.054317e+5
2025-07-23 08:00:00.000   ,    637.16304,    636.71581,  -0.33118336,    3.8193548,  3.454196e+5,  3.064151e+5
2025-07-23 09:00:00.000   ,    637.70588,    643.07816,  -0.34833193,    3.2076923,  3.118471e+5,  3.152678e+5
2025-07-23 10:00:00.000   ,    650.59756,    642.37513,  -0.34646966,    2.5421053,  2.895610e+5,  3.142839e+5
2025-07-23 11:00:00.000   ,    625.98276,    658.99199,  -0.38844420,    2.4275862,  2.933810e+5,  3.379141e+5
2025-07-23 12:00:00.000   ,    645.92321,    658.30992,  -0.38680190,    2.4207547,  2.282321e+5,  3.369287e+5
2025-07-23 13:00:00.000   ,    621.70714,    656.94320,  -0.38349105,    2.1472222,  2.815179e+5,  3.349582e+5
2025-07-23 14:00:00.000   ,    639.21034,    654.19921,  -0.37676239,    1.5918367,  2.805690e+5,  3.310180e+5
2025-07-23 15:00:00.000   ,    630.28070,    650.05645,  -0.36639307,    2.1121951,  2.895140e+5,  3.251098e+5
2025-07-23 16:00:00.000   ,    636.47167,    649.01461,  -0.36374463,    1.4792453,  2.681533e+5,  3.236316e+5
2025-07-23 17:00:00.000   ,    675.45763,    647.97277,  -0.36107954,    1.1441860,  4.178441e+5,  3.221565e+5
2025-07-23 18:00:00.000   ,    724.03929,    640.13969,  -0.34049477,    1.0410256,  4.022857e+5,  3.111648e+5
2025-07-23 19:00:00.000   ,    735.28065,    632.30660,  -0.31889893,   0.91818182,  3.999677e+5,  3.003474e+5
2025-07-23 20:00:00.000   ,    722.28621,    624.47352,  -0.29622470,   0.79302326,  4.070000e+5,  2.897043e+5
2025-07-23 21:00:00.000   ,    719.07241,    620.81398,  -0.28524157,   0.90000000,  3.974879e+5,  2.847917e+5
2025-07-23 22:00:00.000   ,    687.39483,    617.11198,  -0.27386735,    1.0484848,  4.551810e+5,  2.798607e+5
2025-07-23 23:00:00.000   ,    679.82500,    613.40999,  -0.26221944,    1.2725000,  3.559500e+5,  2.749687e+5
2025-07-24 00:00:00.000   ,    662.52833,    614.89771,  -0.26693385,   0.99545455,  3.304700e+5,  2.769300e+5
2025-07-24 01:00:00.000   ,    659.52833,    616.38544,  -0.27160322,    1.7969697,  3.379000e+5,  2.788976e+5
2025-07-24 02:00:00.000   ,    662.16034,    610.49092,  -0.25283618,    1.7265306,  2.548621e+5,  2.711388e+5
2025-07-24 03:00:00.000   ,    654.74483,    604.59641,  -0.23333439,    1.7428571,  2.528448e+5,  2.634787e+5
2025-07-24 04:00:00.000   ,    626.48167,    598.70189,  -0.21305899,    1.5027027,  2.569167e+5,  2.559172e+5
2025-07-24 05:00:00.000   ,    624.59333,    592.80738,  -0.19196851,    1.3678571,  2.820217e+5,  2.484545e+5
2025-07-24 06:00:00.000   ,    654.68136,    592.80738,  -0.19196851,    1.2018868,  2.603051e+5,  2.484545e+5
2025-07-24 07:00:00.000   ,    665.69615,    589.67290,  -0.18040635,    3.2179487,  3.583365e+5,  2.445263e+5
2025-07-24 08:00:00.000   ,    623.49153,    590.06577,  -0.18186908,    1.6964286,  2.547763e+5,  2.450171e+5
2025-07-24 09:00:00.000   ,    637.67037,    590.45863,  -0.18332789,    1.5200000,  2.261204e+5,  2.455084e+5
2025-07-24 10:00:00.000   ,    618.92593,    590.45863,  -0.18332789,    1.1050000,  2.573148e+5,  2.455084e+5
2025-07-24 11:00:00.000   ,    619.96071,    587.29552,  -0.17147060,    1.4692308,  2.116429e+5,  2.415655e+5
2025-07-24 12:00:00.000   ,    623.07759,    584.13241,  -0.15935319,   0.95277778,  2.194690e+5,  2.376510e+5
2025-07-24 13:00:00.000   ,    607.06271,    578.51893,  -0.13718445,    1.6552632,  1.715763e+5,  2.307742e+5
2025-07-24 14:00:00.000   ,    612.48929,    575.25123,  -0.12387349,    1.4390244,  1.589089e+5,  2.268122e+5
2025-07-24 15:00:00.000   ,    600.51695,    571.98354,  -0.11025211,    1.4321429,  1.629169e+5,  2.228806e+5
2025-07-24 16:00:00.000   ,    612.64464,    568.71584,  -0.09631059,    1.6257143,  1.594107e+5,  2.189793e+5
2025-07-24 17:00:00.000   ,    614.53103,    563.69206,  -0.07422890,    1.3394737,  1.669534e+5,  2.130406e+5
2025-07-24 18:00:00.000   ,    602.56724,    558.66827,  -0.05132787,    1.0750000,  1.621034e+5,  2.071736e+5
2025-07-24 19:00:00.000   ,    614.23929,    554.40433,  -0.03121729,   0.53529412,  1.880018e+5,  2.022502e+5
2025-07-24 20:00:00.000   ,    616.47667,    553.54485,  -0.02708622,   0.64750000,  1.748050e+5,  2.012641e+5
2025-07-24 21:00:00.000   ,    596.74310,    552.68537,  -0.02292867,   0.66111111,  1.741121e+5,  2.002800e+5
2025-07-24 22:00:00.000   ,    584.75167,    548.32795,  -0.00143481,   0.77428571,  1.809550e+5,  1.953233e+5
2025-07-24 23:00:00.000   ,    588.35833,    543.97052,   0.02077617,    1.1951220,  1.815783e+5,  1.904205e+5
2025-07-25 00:00:00.000   ,    599.19000,    541.30561,   0.03472714,   0.56511628,  1.942000e+5,  1.874486e+5
2025-07-25 01:00:00.000   ,    597.96833,    538.64069,   0.04896608,   0.86923077,  1.478683e+5,  1.844969e+5
2025-07-25 02:00:00.000   ,    590.95424,    534.56709,   0.07130651,    1.1565217,  1.704136e+5,  1.800239e+5
2025-07-25 03:00:00.000   ,    579.47069,    530.49350,   0.09436831,    1.2840909,  1.874793e+5,  1.755981e+5
2025-07-25 04:00:00.000   ,    567.62833,    529.57641,   0.09966285,    1.9181818,  1.712000e+5,  1.746082e+5
2025-07-25 05:00:00.000   ,    575.04500,    525.86300,   0.12149885,    1.5490196,  1.710167e+5,  1.706244e+5
2025-07-25 06:00:00.000   ,    564.66078,    522.14959,   0.14399176,    1.5620690,  2.054471e+5,  1.666797e+5
2025-07-25 07:00:00.000   ,    571.91964,    520.73559,   0.15273485,    1.3660714,  1.306946e+5,  1.651880e+5
2025-07-25 08:00:00.000   ,    562.38103,    519.32159,   0.16157856,    1.2973684,  1.552241e+5,  1.637019e+5
2025-07-25 09:00:00.000   ,    549.60426,    517.42268,   0.17361610,    1.7777778,  1.488298e+5,  1.617152e+5
2025-07-25 10:00:00.000   ,    555.68485,    515.51265,   0.18591390,   0.80833333,  1.887576e+5,  1.597271e+5
2025-07-25 11:00:00.000   ,    553.98246,    516.46907,   0.17973192,    1.3690476,  1.611509e+5,  1.607213e+5
2025-07-25 12:00:00.000   ,    547.64655,    518.37351,   0.16756534,    1.3650000,  1.594948e+5,  1.627087e+5
2025-07-25 13:00:00.000   ,    540.05345,    519.32159,   0.16157856,    2.3700000,  1.392948e+5,  1.637019e+5
2025-07-25 14:00:00.000   ,    544.71167,    514.51753,   0.19239773,    1.6682927,  1.469933e+5,  1.586954e+5
2025-07-25 15:00:00.000   ,    549.67018,    509.71347,   0.22445992,    2.0046512,  1.711596e+5,  1.537545e+5
2025-07-25 16:00:00.000   ,    534.71071,    512.13343,   0.20814967,    1.7800000,  1.699929e+5,  1.562352e+5
2025-07-25 17:00:00.000   ,    527.48036,    514.55339,   0.19216315,    1.9000000,  1.457821e+5,  1.587326e+5
2025-07-25 18:00:00.000   ,    520.88833,    518.37351,   0.16756534,    1.9155556,  1.257267e+5,  1.627087e+5
2025-07-25 19:00:00.000   ,    536.07544,    515.49988,   0.18599678,    2.0173913,  1.386825e+5,  1.597138e+5
2025-07-25 20:00:00.000   ,    538.96552,    512.62624,   0.20486814,    1.8928571,  1.624345e+5,  1.567424e+5
2025-07-25 21:00:00.000   ,    569.91379,    509.69986,   0.22455260,    1.5732143,  1.612621e+5,  1.537406e+5
2025-07-25 22:00:00.000   ,    561.04000,    506.77348,   0.24472341,    1.4226415,  1.350217e+5,  1.507631e+5
2025-07-25 23:00:00.000   ,    545.86333,    506.77348,   0.24472341,    1.6381818,  1.378167e+5,  1.507631e+5
2025-07-26 00:00:00.000   ,    517.81186,    505.78727,   0.25163345,    1.1615385,  1.592305e+5,  1.497651e+5
2025-07-26 01:00:00.000   ,    530.29167,    502.29028,   0.27660536,    2.3204545,  1.665300e+5,  1.462487e+5
2025-07-26 02:00:00.000   ,    543.22167,    498.79328,   0.30233212,    1.5734694,  1.630033e+5,  1.427670e+5
2025-07-26 03:00:00.000   ,    523.95085,    495.72925,   0.32551830,    1.2534884,  1.498051e+5,  1.397449e+5
2025-07-26 04:00:00.000   ,    513.78793,    492.66522,   0.34932924,    1.8763158,  1.544724e+5,  1.367495e+5
2025-07-26 05:00:00.000   ,    505.89492,    489.55201,   0.37418549,    1.3115385,  1.637559e+5,  1.337334e+5
2025-07-26 06:00:00.000   ,    504.53462,    484.95654,   0.41215071,    1.4600000,  2.047154e+5,  1.293314e+5
2025-07-26 07:00:00.000   ,    513.21724,    480.36107,   0.45171127,    2.0333333,  1.282862e+5,  1.249895e+5
2025-07-26 08:00:00.000   ,    517.66250,    475.76560,   0.49295781,    1.9421053,  1.694107e+5,  1.207075e+5
2025-07-26 09:00:00.000   ,    535.37193,    471.17013,   0.53598752,    2.3575000,  1.531158e+5,  1.164856e+5
2025-07-26 10:00:00.000   ,    567.46333,    466.57466,   0.58090469,    3.7034483,  1.637667e+5,  1.123236e+5
2025-07-26 11:00:00.000   ,    544.40508,    461.97919,   0.62782134,    3.7280000,  1.678932e+5,  1.082216e+5
2025-07-26 12:00:00.000   ,    540.79153,    457.38372,   0.67685793,    3.9296296,  1.435729e+5,  1.041795e+5
2025-07-26 13:00:00.000   ,    530.87759,    452.78824,   0.72814414,    4.3918367,  1.308724e+5,  1.001975e+5
2025-07-26 14:00:00.000   ,    509.03448,    448.19277,   0.78181969,    3.7789474,    95596.552,    96275.403
2025-07-26 15:00:00.000   ,    508.50702,    443.59730,   0.83803536,    2.4473684,    50314.035,    92413.314
2025-07-26 16:00:00.000   ,    535.33448,    439.00183,   0.89695398,    4.5810345,    46075.862,    88611.207
2025-07-26 17:00:00.000   ,    531.38793,    445.32199,   0.81662972,    2.6551724,    30348.276,    93855.730
2025-07-26 18:00:00.000   ,    529.48448,    445.32199,   0.81662972,    2.4894737,    45279.310,    93855.730
2025-07-26 19:00:00.000   ,    516.85500,    475.64478,   0.49406586,    1.7333333,    73831.667,  1.205958e+5
2025-07-26 20:00:00.000   ,    485.88596,    471.00384,   0.53757926,   0.94482759,    48733.333,  1.163339e+5
2025-07-26 21:00:00.000   ,    477.84655,    466.36291,   0.58302166,   0.82037037,    62356.897,  1.121332e+5
2025-07-26 22:00:00.000   ,    472.12203,    461.72198,   0.63050878,   0.95185185,    52113.559,  1.079937e+5
2025-07-26 23:00:00.000   ,    482.30167,    457.08104,   0.68016515,    1.2100000,    53210.000,  1.039154e+5
2025-07-27 00:00:00.000   ,    478.17000,    452.44011,   0.73212494,   0.80847458,    51491.667,    99898.251
2025-07-27 01:00:00.000   ,    493.37167,    447.79917,   0.78653285,   0.92333333,    66700.000,    95942.268
2025-07-27 02:00:00.000   ,    501.27333,    445.71693,   0.81178058,   0.70666667,    81333.333,    94187.224
2025-07-27 03:00:00.000   ,    498.65667,    443.63469,   0.83756731,   0.64736842,    96188.333,    92444.494
2025-07-27 04:00:00.000   ,    480.82542,    441.55245,   0.86390852,   0.95166667,    51867.797,    90714.079
2025-07-27 05:00:00.000   ,    475.12759,    437.71476,   0.91396370,   0.88627451,  1.182474e+5,    87557.088
2025-07-27 06:00:00.000   ,    456.81633,    437.71476,   0.91396370,    2.1511628,    35430.612,    87557.088
2025-07-27 07:00:00.000   ,    461.23929,    436.41549,   0.93136769,    2.0839286,    24923.214,    86497.755
2025-07-27 08:00:00.000   ,    452.56250,    435.11623,   0.94901015,    3.0714286,    24228.571,    85443.216
2025-07-27 09:00:00.000   ,    433.25094,    433.13544,   0.97637570,    2.1547170,    17254.717,    83844.751
2025-07-27 10:00:00.000   ,      N/A    ,    431.15466,    1.0043217,      N/A    ,      N/A    ,    82257.430
2025-07-27 11:00:00.000   ,    453.73214,    429.81632,    1.0235405,    2.4944444,    36907.143,    81191.253
2025-07-27 12:00:00.000   ,    451.88246,    431.15466,    1.0043217,    2.6017241,    25100.000,    82257.430
2025-07-27 13:00:00.000   ,    448.38621,    428.46873,    1.0431729,    2.8440678,    23731.034,    80122.838
2025-07-27 14:00:00.000   ,    443.24576,    427.10678,    1.0633062,    3.2500000,    27313.559,    79048.282
2025-07-27 15:00:00.000   ,    434.49310,    425.74482,    1.0837386,    5.4454545,    27851.724,    77978.994
2025-07-27 16:00:00.000   ,    431.36429,    427.10678,    1.0633062,    7.7400000,    24930.357,    79048.282
2025-07-27 17:00:00.000   ,    427.72069,    428.46873,    1.0431729,    6.8620690,    19798.276,    80122.838
2025-07-27 18:00:00.000   ,    422.77679,    428.46873,    1.0431729,    4.0142857,    16262.963,    80122.838
2025-07-27 19:00:00.000   ,    426.02931,    427.44355,    1.0583002,    5.1109091,    23398.276,    79313.503
2025-07-27 20:00:00.000   ,    425.15500,    426.41838,    1.0735960,    4.7067797,    25058.333,    78507.153
2025-07-27 21:00:00.000   ,    418.41455,    425.39321,    1.0890630,    4.1377358,    30252.727,    77703.788
2025-07-27 22:00:00.000   ,    413.09492,    424.36803,    1.1047037,    3.7644068,    42269.492,    76903.408
2025-07-27 23:00:00.000   ,    412.07833,    425.74482,    1.0837386,    2.4733333,    48401.667,    77978.994
2025-07-28 00:00:00.000   ,    405.58000,    427.11164,    1.0632338,    3.5700000,    72398.333,    79052.110
2025-07-28 01:00:00.000   ,    406.75167,    425.04632,    1.0943357,    4.1250000,    74590.000,    77432.632
2025-07-28 02:00:00.000   ,    409.01667,    422.98100,    1.1261462,    3.2406780,    55485.000,    75825.270
2025-07-28 03:00:00.000   ,    414.18833,    420.17513,    1.1705372,    2.6316667,    61885.000,    73660.974
2025-07-28 04:00:00.000   ,    413.50000,    418.02874,    1.2054401,    2.5400000,    62730.000,    72020.454
2025-07-28 05:00:00.000   ,    411.67586,    415.88234,    1.2411917,    2.6965517,    68177.586,    70393.019
2025-07-28 06:00:00.000   ,    412.67174,    413.68156,    1.2787593,    2.5666667,    79717.778,    68737.939
2025-07-28 07:00:00.000   ,    406.55273,    411.48078,    1.3172795,    2.2589286,    61358.182,    67096.616
2025-07-28 08:00:00.000   ,    406.70536,    408.94532,    1.3628810,    2.4607143,    54253.571,    65222.739
2025-07-28 09:00:00.000   ,    406.81964,    406.40986,    1.4098419,    2.2089286,    58555.357,    63367.121
2025-07-28 10:00:00.000   ,    399.35000,    403.87439,    1.4582168,    2.2000000,    72275.000,    61529.762
2025-07-28 11:00:00.000   ,    401.05000,    401.75329,    1.4998138,    2.1333333,    80643.103,    60006.703
2025-07-28 12:00:00.000   ,    397.65000,    399.63219,    1.5424757,    2.8528302,    50525.862,    58496.422
2025-07-28 13:00:00.000   ,    389.34737,    397.51109,    1.5862390,    3.4396552,    34607.018,    56998.919
2025-07-28 14:00:00.000   ,    380.62333,    393.34436,    1.6755645,    3.3216667,    34801.667,    54094.405
2025-07-28 15:00:00.000   ,    378.63621,    389.17763,    1.7695989,    3.2637931,    34591.379,    51239.201
2025-07-28 16:00:00.000   ,    381.10370,    389.14347,    1.7703902,    3.0962963,    41000.000,    51215.997
2025-07-28 17:00:00.000   ,    380.87627,    387.97792,    1.7975937,    3.0711864,    35500.000,    50426.260
2025-07-28 18:00:00.000   ,    380.12542,    386.81238,    1.8251999,    2.9344828,    49294.915,    49640.381
2025-07-28 19:00:00.000   ,    388.55357,    385.64683,    1.8532168,    3.2290909,    42907.143,    48858.361
2025-07-28 20:00:00.000   ,    375.02679,    384.75462,    1.8749460,    3.1481481,    70175.000,    48262.340
2025-07-28 21:00:00.000   ,    366.65714,    383.86241,    1.8969243,    3.5446429,    47933.929,    47668.581
2025-07-28 22:00:00.000   ,    370.54737,    382.03879,    1.9426377,    3.2363636,    52407.018,    46462.011
2025-07-28 23:00:00.000   ,    390.49500,    380.21517,    1.9894418,    4.0586207,    51233.333,    45264.888
2025-07-29 00:00:00.000   ,    399.25088,    378.33450,    2.0388895,    4.2357143,    46378.947,    44040.205
2025-07-29 01:00:00.000   ,    398.54167,    376.45383,    2.0895743,    2.4859649,    43263.333,    42825.568
2025-07-29 02:00:00.000   ,    404.60000,    374.52624,    2.1428509,    4.3035088,    51730.000,    41591.052
2025-07-29 03:00:00.000   ,    395.37667,    373.87243,    2.1612347,    6.8413793,    58701.667,    41174.721
2025-07-29 04:00:00.000   ,    403.72333,    373.21863,    2.1797804,    5.9583333,    42948.333,    40759.604
2025-07-29 05:00:00.000   ,    391.67931,    372.56482,    2.1984897,    6.0232143,    48603.448,    40345.702
2025-07-29 06:00:00.000   ,    383.53409,    370.31612,    2.2641149,    4.9153846,    60970.455,    38931.398
2025-07-29 07:00:00.000   ,    384.37018,    368.06742,    2.3317807,    4.8415094,    60264.912,    37531.456
2025-07-29 08:00:00.000   ,    379.26833,    365.81872,    2.4015726,    3.0900000,    46348.333,    36145.876
2025-07-29 09:00:00.000   ,    377.96415,    363.57002,    2.4735807,    2.4843137,    54400.000,    34774.658
2025-07-29 10:00:00.000   ,    364.00000,    361.32133,    2.5478997,    2.7000000,    35100.000,    33417.803
2025-07-29 11:00:00.000   ,    363.18667,    359.07263,    2.6246296,    3.4000000,    30993.333,    32075.309
2025-07-29 12:00:00.000   ,    358.99310,    357.51763,    2.6791542,    3.0344828,    32368.966,    31155.359
2025-07-29 13:00:00.000   ,    359.87857,    355.96263,    2.7349186,    3.2339286,    40266.071,    30242.278
2025-07-29 14:00:00.000   ,    363.83818,    354.40763,    2.7919604,    2.1945455,    47785.455,    29336.063
2025-07-29 15:00:00.000   ,    352.65439,    352.82513,    2.8513631,    3.5403509,    23100.000,    28420.874
2025-07-29 16:00:00.000   ,    346.95357,    351.24263,    2.9121728,    4.5535714,    25094.643,    27512.798
2025-07-29 17:00:00.000   ,    359.44828,    349.16013,    2.9944151,    3.9241379,    27377.586,    26328.648
2025-07-29 18:00:00.000   ,    369.93684,    347.07763,    3.0792783,    2.3160000,  1.015281e+5,    25156.816
2025-07-29 19:00:00.000   ,    389.29483,    344.99513,    3.1668749,    1.9420000,  1.229207e+5,    23997.301
2025-07-29 20:00:00.000   ,    373.47193,    344.47429,    3.1892239,    3.4547619,    87121.053,    23709.232
2025-07-29 21:00:00.000   ,    371.17544,    345.84763,    3.1306781,    3.4622222,    78247.368,    24470.475
2025-07-29 22:00:00.000   ,    372.72500,    344.31763,    3.1959817,    3.5319149,    70167.857,    23622.732
2025-07-29 23:00:00.000   ,    378.42667,    342.78763,    3.2628462,    3.9240000,    61150.000,    22781.637
2025-07-30 00:00:00.000   ,    391.56333,    340.90763,    3.3472180,    4.5156863,    84598.333,    21757.238
2025-07-30 01:00:00.000   ,    391.14500,    339.02763,    3.4341197,    5.7120000,    80570.000,    20742.879
2025-07-30 02:00:00.000   ,    378.19833,    342.85763,    3.2597523,    4.4333333,    73896.667,    22819.973
2025-07-30 03:00:00.000   ,    377.77667,    452.67244,   0.72946673,    3.9489362,    79791.667,  1.000979e+5
2025-07-30 04:00:00.000   ,    374.15000,    457.39687,   0.67671439,    3.5428571,    78771.667,  1.041910e+5
2025-07-30 05:00:00.000   ,    369.33103,    462.12130,   0.62633934,    3.0673077,    85367.241,  1.083475e+5
2025-07-30 06:00:00.000   ,    362.49216,    467.84427,   0.56830028,    3.9653061,    77484.314,  1.134674e+5
2025-07-30 07:00:00.000   ,    363.40000,    473.43998,   0.51450453,    3.9043478,  1.302714e+5,  1.185634e+5
2025-07-30 08:00:00.000   ,    366.14561,    474.54470,   0.50421161,    1.7235294,    70968.421,  1.195800e+5
2025-07-30 09:00:00.000   ,    387.98727,    480.00000,   0.45488981,    1.3108696,    77232.727,  1.246509e+5
2025-07-30 10:00:00.000   ,    473.18889,    484.28607,   0.41782106,   0.77096774,  3.226611e+5,  1.286942e+5
2025-07-30 11:00:00.000   ,    452.01833,    489.55201,   0.37418549,   0.57346939,  2.300550e+5,  1.337334e+5
2025-07-30 12:00:00.000   ,    447.80877,    493.69552,   0.34125157,   0.46956522,  2.710860e+5,  1.377538e+5
2025-07-30 13:00:00.000   ,    440.16780,    495.74524,   0.32539572,   0.38913043,  2.442102e+5,  1.397606e+5
2025-07-30 14:00:00.000   ,    453.39828,    499.80239,   0.29482904,   0.54000000,  2.770328e+5,  1.437681e+5
2025-07-30 15:00:00.000   ,    483.73509,    499.80239,   0.29482904,   0.51000000,  4.117439e+5,  1.437681e+5
2025-07-30 16:00:00.000   ,    484.30169,    540.42605,   0.03939450,    1.3000000,  2.249949e+5,  1.864722e+5
2025-07-30 17:00:00.000   ,    442.74068,    543.08764,   0.02536671,   0.51750000,  1.955424e+5,  1.894337e+5
2025-07-30 18:00:00.000   ,    445.30000,    553.54583,  -0.02709091,   0.70952381,  2.203000e+5,  2.012652e+5
2025-07-30 19:00:00.000   ,    419.50862,    547.97934,   0.00031531,   0.91190476,  1.586000e+5,  1.949291e+5
2025-07-30 20:00:00.000   ,    429.68750,    542.41286,   0.02889607,   0.81702128,  1.890411e+5,  1.886810e+5
2025-07-30 21:00:00.000   ,    430.12712,    536.84638,   0.05871947,    1.3250000,  1.920508e+5,  1.825209e+5
2025-07-30 22:00:00.000   ,    462.96316,    541.31542,   0.03467526,   0.96129032,  2.375316e+5,  1.874595e+5
2025-07-30 23:00:00.000   ,    475.79831,    555.26092,  -0.03530831,   0.93800000,  1.535508e+5,  2.032351e+5
2025-07-31 00:00:00.000   ,    439.50000,    550.67281,  -0.01308846,    1.7571429,  1.537207e+5,  1.979840e+5
2025-07-31 01:00:00.000   ,    423.67143,    546.08471,   0.00990801,    1.9604651,  1.200607e+5,  1.927926e+5
2025-07-31 02:00:00.000   ,    419.53036,    541.49661,   0.03371773,    2.2653061,    80328.571,  1.876610e+5
2025-07-31 03:00:00.000   ,    416.33036,    536.90851,   0.05837949,    1.7780488,    98108.929,  1.825892e+5
2025-07-31 04:00:00.000   ,    421.62833,    532.32041,   0.08393444,    1.8697674,  1.139550e+5,  1.775771e+5
2025-07-31 05:00:00.000   ,    435.67000,    545.06983,   0.01510333,    2.8732143,  1.110150e+5,  1.916523e+5
2025-07-31 06:00:00.000   ,    424.05490,    557.81925,  -0.04737376,    2.6114286,  1.402673e+5,  2.061892e+5
2025-07-31 07:00:00.000   ,    432.50370,    565.39487,  -0.08180331,    3.4342105,  1.452648e+5,  2.150455e+5
2025-07-31 08:00:00.000   ,    425.59333,    565.39487,  -0.08180331,    2.5152174,  1.217317e+5,  2.150455e+5
2025-07-31 09:00:00.000   ,    451.80816,    568.71584,  -0.09631059,    5.0690476,  1.333082e+5,  2.189793e+5
2025-07-31 10:00:00.000   ,      N/A    ,    567.88817,  -0.09272735,      N/A    ,      N/A    ,  2.179960e+5
2025-07-31 11:00:00.000   ,    439.31091,    563.72396,  -0.07437167,    3.1900000,    78854.545,  2.130781e+5
2025-07-31 12:00:00.000   ,    435.79828,    565.39487,  -0.08180331,    3.4145833,    82398.276,  2.150455e+5
2025-07-31 13:00:00.000   ,    425.23276,    564.56029,  -0.07810264,    3.8750000,    96793.103,  2.140619e+5
2025-07-31 14:00:00.000   ,    424.95088,    560.33794,  -0.05903248,    4.0023810,    87470.175,  2.091156e+5
2025-07-31 15:00:00.000   ,    420.71754,    556.11559,  -0.03936442,    1.9888889,    96270.175,  2.042199e+5
2025-07-31 16:00:00.000   ,    437.01017,    556.11559,  -0.03936442,    3.4192982,    92645.763,  2.042199e+5
2025-07-31 17:00:00.000   ,    443.77119,    556.54197,  -0.04137842,    2.4238095,  1.351932e+5,  2.047120e+5
2025-07-31 18:00:00.000   ,    446.65690,    556.96836,  -0.04338609,    2.5125000,  1.180034e+5,  2.052046e+5
2025-07-31 19:00:00.000   ,    441.37759,    554.39566,  -0.03117574,    3.7438596,    69217.241,  2.022403e+5
2025-07-31 20:00:00.000   ,    443.09464,    551.82297,  -0.01873011,    3.3615385,    70178.571,  1.992947e+5
2025-07-31 21:00:00.000   ,    433.41017,    547.45530,   0.00295487,    1.6566038,  1.408695e+5,  1.943371e+5
2025-07-31 22:00:00.000   ,    436.82759,    543.08764,   0.02536671,    1.6880952,  1.623207e+5,  1.894337e+5
2025-07-31 23:00:00.000   ,    443.45254,    545.72994,   0.01171960,    3.4094340,    94179.661,  1.923936e+5
2025-08-01 00:00:00.000   ,    452.68644,    543.97052,   0.02077617,    3.6340426,  1.142864e+5,  1.904205e+5
2025-08-01 01:00:00.000   ,    455.59833,    542.20261,   0.02999953,    4.0200000,  1.127350e+5,  1.884467e+5
2025-08-01 02:00:00.000   ,    445.73167,    542.20261,   0.02999953,    3.8297872,  1.179733e+5,  1.884467e+5
2025-08-01 03:00:00.000   ,    445.79000,    542.20261,   0.02999953,    3.7875000,  1.155817e+5,  1.884467e+5
2025-08-01 04:00:00.000   ,    448.71000,    538.62279,   0.04906272,    4.2260870,  1.030350e+5,  1.844772e+5
2025-08-01 05:00:00.000   ,    451.46667,    535.04297,   0.06866008,    3.6766667,  1.279200e+5,  1.805440e+5
2025-08-01 06:00:00.000   ,    462.15532,    535.94582,   0.06366602,    3.8718750,  1.053638e+5,  1.815326e+5
2025-08-01 07:00:00.000   ,    458.60702,    531.84035,   0.08666167,    3.4964286,  1.410316e+5,  1.770562e+5
2025-08-01 08:00:00.000   ,    464.24138,    527.73487,   0.11041118,    3.2964286,  1.465345e+5,  1.726276e+5
2025-08-01 09:00:00.000   ,    481.28182,    525.87826,   0.12140777,    2.5235294,  1.243818e+5,  1.706407e+5
2025-08-01 10:00:00.000   ,      N/A    ,    524.02165,   0.13256852,      N/A    ,      N/A    ,  1.686635e+5
2025-08-01 11:00:00.000   ,    508.30000,    523.08693,   0.13825066,    2.9803922,  1.475175e+5,  1.676718e+5
2025-08-01 12:00:00.000   ,    492.31333,    523.55429,   0.13540426,    3.0973684,  1.310000e+5,  1.681673e+5
2025-08-01 13:00:00.000   ,    498.60862,    524.02165,   0.13256852,    2.9063830,  1.276259e+5,  1.686635e+5
2025-08-01 14:00:00.000   ,    499.65172,    526.55069,   0.11740622,    3.0166667,  1.189241e+5,  1.713592e+5
2025-08-01 15:00:00.000   ,    498.49636,    529.07972,   0.10254638,    2.5294118,  1.226418e+5,  1.740730e+5
2025-08-01 16:00:00.000   ,    489.33158,    531.60876,   0.08798100,    2.0827586,  1.584228e+5,  1.768051e+5
2025-08-01 17:00:00.000   ,    473.96949,    534.13779,   0.07370235,    2.2000000,  1.505390e+5,  1.795553e+5
2025-08-01 18:00:00.000   ,    476.99661,    531.85710,   0.08656631,    2.9269231,  1.405136e+5,  1.770743e+5
2025-08-01 19:00:00.000   ,    493.29167,    529.57641,   0.09966285,    3.2525000,  1.226283e+5,  1.746082e+5
2025-08-01 20:00:00.000   ,    489.63214,    527.14566,   0.11388343,    3.5073171,  1.216714e+5,  1.719960e+5
2025-08-01 21:00:00.000   ,    477.91017,    524.71492,   0.12838165,    2.8846154,  1.373017e+5,  1.694006e+5
2025-08-01 22:00:00.000   ,    480.74821,    522.28417,   0.14316478,    1.1343750,  1.656071e+5,  1.668220e+5
2025-08-01 23:00:00.000   ,    493.43667,    519.85343,   0.15824034,    3.0823529,  1.754133e+5,  1.642602e+5
2025-08-02 00:00:00.000   ,    485.14407,    517.42268,   0.17361610,    3.1783784,  1.344780e+5,  1.617152e+5
2025-08-02 01:00:00.000   ,    486.78305,    511.74755,   0.21072852,    3.2090909,  1.209322e+5,  1.558385e+5
2025-08-02 02:00:00.000   ,    477.98833,    506.07243,   0.24962955,    2.1137931,  1.519867e+5,  1.500534e+5
2025-08-02 03:00:00.000   ,    480.08333,    500.39730,   0.29043601,    1.9642857,  1.792417e+5,  1.443597e+5
2025-08-02 04:00:00.000   ,    503.76333,    494.72218,   0.33327438,    2.0607143,  1.542933e+5,  1.387575e+5
2025-08-02 05:00:00.000   ,    492.17414,    496.75773,   0.31766702,    1.5804878,  1.733966e+5,  1.407563e+5
2025-08-02 06:00:00.000   ,    489.02292,    498.79328,   0.30233212,    1.3777778,  2.136875e+5,  1.427670e+5
2025-08-02 07:00:00.000   ,    484.65424,    495.01468,   0.33101462,    1.2343750,  1.583508e+5,  1.390440e+5
2025-08-02 08:00:00.000   ,    463.11864,    491.23608,   0.36065522,    2.0269231,  1.403458e+5,  1.353615e+5
2025-08-02 09:00:00.000   ,    465.56471,    487.45748,   0.39129706,    1.9590909,  1.263059e+5,  1.317196e+5
2025-08-02 10:00:00.000   ,    479.20370,    484.80446,   0.41343393,    1.5711111,    72124.074,  1.291868e+5
2025-08-02 11:00:00.000   ,    479.12759,    482.15144,   0.43610337,    1.4040816,    73560.345,  1.266740e+5
2025-08-02 12:00:00.000   ,    474.85000,    477.83128,   0.47420271,    1.5500000,    78864.286,  1.226249e+5
2025-08-02 13:00:00.000   ,    471.38750,    475.62630,   0.49423546,    1.4352941,  1.169545e+5,  1.205787e+5
2025-08-02 14:00:00.000   ,    465.96724,    473.42132,   0.51467932,    1.1576923,  1.317466e+5,  1.185463e+5
2025-08-02 15:00:00.000   ,    461.90526,    471.21634,   0.53554564,    2.2761905,  1.237596e+5,  1.165277e+5
2025-08-02 16:00:00.000   ,    467.85172,    466.77856,   0.57887021,    1.7433333,  1.429948e+5,  1.125070e+5
2025-08-02 17:00:00.000   ,    482.74561,    462.34078,   0.62405455,    2.3595745,  1.165649e+5,  1.085421e+5
2025-08-02 18:00:00.000   ,    477.44068,    457.90299,   0.67120665,    2.5400000,  1.047305e+5,  1.046333e+5
2025-08-02 19:00:00.000   ,    473.09828,    453.46521,   0.72044245,    2.2190476,  1.134155e+5,  1.007803e+5
2025-08-02 20:00:00.000   ,    468.82586,    449.02743,   0.77188657,    2.5846154,  1.018172e+5,    96983.298
2025-08-02 21:00:00.000   ,    480.76786,    460.96052,   0.63850390,    2.9083333,  1.020357e+5,  1.073204e+5
2025-08-02 22:00:00.000   ,    456.52833,    458.01552,   0.66998578,    1.0375000,  1.333300e+5,  1.047317e+5
2025-08-02 23:00:00.000   ,    468.16833,    455.07053,   0.70238378,    3.1800000,  1.142867e+5,  1.021676e+5
2025-08-03 00:00:00.000   ,    463.86167,    494.15041,   0.33770827,    2.6024390,    95041.667,  1.381981e+5
2025-08-03 01:00:00.000   ,    445.77759,    533.23028,   0.07879356,    2.9829268,    92265.517,  1.785663e+5
2025-08-03 02:00:00.000   ,    438.78667,    554.12674,  -0.02988590,    2.6341463,    93185.000,  2.019315e+5
2025-08-03 03:00:00.000   ,    434.66667,    575.02319,  -0.12293308,    1.9095238,  1.062683e+5,  2.265369e+5
2025-08-03 04:00:00.000   ,    428.25333,    595.91964,  -0.20320835,    2.4000000,  1.045567e+5,  2.523825e+5
2025-08-03 05:00:00.000   ,    436.66379,    592.40269,  -0.19048956,    1.0136364,  1.282810e+5,  2.479458e+5
2025-08-03 06:00:00.000   ,    419.80600,    588.88575,  -0.17746378,    1.4782609,    95200.000,  2.435442e+5
2025-08-03 07:00:00.000   ,    426.29310,    585.71095,  -0.16543333,    2.7902439,    92575.862,  2.396010e+5
2025-08-03 08:00:00.000   ,    430.81000,    582.53615,  -0.15313699,    2.5317073,    76515.000,  2.356864e+5
2025-08-03 09:00:00.000   ,    436.20244,    582.53615,  -0.15313699,    3.3444444,    76512.195,  2.356864e+5
2025-08-03 10:00:00.000   ,      N/A    ,    578.09140,  -0.13546024,      N/A    ,      N/A    ,  2.302541e+5
2025-08-03 11:00:00.000   ,    444.11228,    573.64665,  -0.11722419,    2.3510204,    70654.386,  2.248778e+5
2025-08-03 12:00:00.000   ,    421.66780,    584.78315,  -0.16186770,    3.1041667,    75893.220,  2.384540e+5
2025-08-03 13:00:00.000   ,    414.65273,    595.91964,  -0.20320835,    1.9850000,    79670.909,  2.523825e+5
2025-08-03 14:00:00.000   ,    430.96897,    595.14363,  -0.20042785,    2.7758621,    51650.000,  2.514005e+5
2025-08-03 15:00:00.000   ,    418.68070,    589.58271,  -0.18007001,    2.9672727,    64875.439,  2.444137e+5
2025-08-03 16:00:00.000   ,    421.50179,    584.02180,  -0.15892467,    3.7925926,    56583.929,  2.375147e+5
2025-08-03 17:00:00.000   ,    424.40000,    578.46088,  -0.13695066,    2.8509804,    46421.429,  2.307035e+5
2025-08-03 18:00:00.000   ,    464.66034,    572.89997,  -0.11410413,    2.1803922,  1.209914e+5,  2.239802e+5
2025-08-03 19:00:00.000   ,    500.07414,    567.33905,  -0.09033826,   0.55319149,  1.604155e+5,  2.173447e+5
2025-08-03 20:00:00.000   ,    512.13966,    561.77814,  -0.06560305,   0.65116279,  1.998793e+5,  2.107970e+5
2025-08-03 21:00:00.000   ,    543.05085,    556.21722,  -0.03984507,   0.25531915,  3.297593e+5,  2.043372e+5
2025-08-03 22:00:00.000   ,    491.44655,    550.65631,  -0.01300713,   0.56666667,  1.996362e+5,  1.979652e+5
2025-08-03 23:00:00.000   ,    482.49500,    545.09539,   0.01497198,    1.3764706,  1.773050e+5,  1.916810e+5
2025-08-04 00:00:00.000   ,    477.96897,    539.53448,   0.04415790,    1.4782609,  1.330500e+5,  1.854847e+5
2025-08-04 01:00:00.000   ,    490.10333,    533.52902,   0.07711363,    1.6741379,  1.253050e+5,  1.788916e+5
2025-08-04 02:00:00.000   ,    488.82069,    527.52356,   0.11165456,    1.2254902,  1.509345e+5,  1.724010e+5
2025-08-04 03:00:00.000   ,    497.04500,    521.51811,   0.14788403,    1.6585366,  1.260183e+5,  1.660128e+5
2025-08-04 04:00:00.000   ,    490.70167,    515.51265,   0.18591390,    1.8680000,  1.387850e+5,  1.597271e+5
2025-08-04 05:00:00.000   ,    488.53390,    510.52882,   0.21892785,    3.0529412,  1.138763e+5,  1.545884e+5
2025-08-04 06:00:00.000   ,    512.06579,    505.54500,   0.25333983,    2.7071429,  1.516842e+5,  1.495203e+5
2025-08-04 07:00:00.000   ,    505.31207,    500.56117,   0.28922989,    1.9340426,  1.371707e+5,  1.445228e+5
2025-08-04 08:00:00.000   ,    482.27667,    495.57734,   0.32668392,    2.0028571,  1.268900e+5,  1.395958e+5
2025-08-04 09:00:00.000   ,    468.09636,    490.59351,   0.36579411,    1.9526316,  1.082418e+5,  1.347393e+5
2025-08-04 10:00:00.000   ,    471.55439,    486.30513,   0.40084794,    1.8829268,    86652.632,  1.306170e+5
2025-08-04 11:00:00.000   ,    463.19492,    482.01675,   0.43726881,    1.7414634,  1.030424e+5,  1.265469e+5
2025-08-04 12:00:00.000   ,    468.78793,    477.72836,   0.47512873,    2.1882353,  1.253241e+5,  1.225291e+5
2025-08-04 13:00:00.000   ,    468.31897,    473.43998,   0.51450453,    2.4259259,  1.377069e+5,  1.185634e+5
2025-08-04 14:00:00.000   ,    469.98519,    472.33055,   0.52494803,    3.0250000,  1.473889e+5,  1.175460e+5
2025-08-04 15:00:00.000   ,    470.44035,    471.21391,   0.53556885,    3.0611111,  1.213860e+5,  1.165255e+5
2025-08-04 16:00:00.000   ,    467.89643,    470.09727,   0.54630102,    3.1305556,  1.274839e+5,  1.155085e+5
2025-08-04 17:00:00.000   ,    436.18966,    476.74028,   0.48406396,    3.5017857,  1.314586e+5,  1.216107e+5
2025-08-04 18:00:00.000   ,    465.22034,    477.83128,   0.47420271,    4.2661017,  1.239390e+5,  1.226249e+5
2025-08-04 19:00:00.000   ,    460.24915,    477.28578,   0.47912101,    4.3145455,  1.179881e+5,  1.221174e+5
2025-08-04 20:00:00.000   ,    456.02414,    476.74028,   0.48406396,    4.2206897,  1.194276e+5,  1.216107e+5
2025-08-04 21:00:00.000   ,    454.78070,    475.64249,   0.49408685,    4.0910714,  1.828441e+5,  1.205937e+5
2025-08-04 22:00:00.000   ,    459.49828,    474.54470,   0.50421161,    4.2410714,  1.072707e+5,  1.195800e+5
2025-08-04 23:00:00.000   ,    458.21500,    477.83128,   0.47420271,    3.9700000,  1.271450e+5,  1.226249e+5
2025-08-05 00:00:00.000   ,    438.34746,    480.00000,   0.45488981,    3.3107143,    92752.542,  1.246509e+5
2025-08-05 01:00:00.000   ,    451.56441,    482.15144,   0.43610337,    3.5875000,  1.060305e+5,  1.266740e+5
2025-08-05 02:00:00.000   ,    442.83390,    481.07785,   0.44543221,    3.2396226,  1.151847e+5,  1.256628e+5
2025-08-05 03:00:00.000   ,    426.59167,    481.07785,   0.44543221,    3.7607143,  1.387450e+5,  1.256628e+5
2025-08-05 04:00:00.000   ,    439.88305,    477.83128,   0.47420271,    3.2352941,    96235.593,  1.226249e+5
2025-08-05 05:00:00.000   ,    432.22982,    478.91783,   0.46447900,    3.4980000,  1.082404e+5,  1.236383e+5
2025-08-05 06:00:00.000   ,    450.61852,    480.00000,   0.45488981,    2.9478261,  1.227926e+5,  1.246509e+5
2025-08-05 07:00:00.000   ,    439.63158,    477.83128,   0.47420271,    2.5413043,  1.202684e+5,  1.226249e+5
2025-08-05 08:00:00.000   ,    446.54138,    477.83128,   0.47420271,    2.9177778,  1.333155e+5,  1.226249e+5
2025-08-05 09:00:00.000   ,    454.64167,    478.91783,   0.46447900,    3.2375000,  1.368450e+5,  1.236383e+5
2025-08-05 10:00:00.000   ,    433.49643,    480.00000,   0.45488981,    3.0527778,  1.249768e+5,  1.246509e+5
2025-08-05 11:00:00.000   ,    441.52586,    478.37014,   0.46936828,    3.0725490,  1.038379e+5,  1.231270e+5
2025-08-05 12:00:00.000   ,    438.63729,    476.74028,   0.48406396,    3.7680000,  1.050102e+5,  1.216107e+5
2025-08-05 13:00:00.000   ,    439.41579,    474.54470,   0.50421161,    3.5978261,  1.099175e+5,  1.195800e+5
2025-08-05 14:00:00.000   ,    441.66034,    474.54470,   0.50421161,    3.1860465,  1.011845e+5,  1.195800e+5
2025-08-05 15:00:00.000   ,    444.29464,    473.43998,   0.51450453,    2.3928571,    65591.071,  1.185634e+5
2025-08-05 16:00:00.000   ,    438.91429,    473.43998,   0.51450453,    3.0722222,    73908.929,  1.185634e+5
2025-08-05 17:00:00.000   ,    457.78070,    475.64478,   0.49406586,    4.2436364,    71680.702,  1.205958e+5
2025-08-05 18:00:00.000   ,    440.88571,    474.54470,   0.50421161,    3.3907407,    69775.000,  1.195800e+5
2025-08-05 19:00:00.000   ,    423.98621,    473.43998,   0.51450453,    3.1882353,  1.028328e+5,  1.185634e+5
2025-08-05 20:00:00.000   ,    413.37797,    472.32816,   0.52497065,    3.2508772,  1.056169e+5,  1.175438e+5
2025-08-05 21:00:00.000   ,    404.79107,    471.21634,   0.53554564,    4.2962963,  1.115750e+5,  1.165277e+5
2025-08-05 22:00:00.000   ,    402.71207,    468.97327,   0.55721794,    4.3163636,    99772.414,  1.144884e+5
2025-08-05 23:00:00.000   ,    406.08500,    468.97327,   0.55721794,    3.3490566,  1.034383e+5,  1.144884e+5
2025-08-06 00:00:00.000   ,    412.64667,    467.84427,   0.56830028,    3.5929825,    66526.667,  1.134674e+5
2025-08-06 01:00:00.000   ,    414.63167,    468.97327,   0.55721794,    3.7850000,    52911.667,  1.144884e+5
2025-08-06 02:00:00.000   ,    408.66102,    467.84427,   0.56830028,    3.5949153,    54342.373,  1.134674e+5
2025-08-06 03:00:00.000   ,    411.23966,    466.70759,   0.57957784,    3.3637931,    52103.509,  1.124431e+5
2025-08-06 04:00:00.000   ,    396.59831,    465.57092,   0.59097749,    3.1897959,    75940.678,  1.114225e+5
2025-08-06 05:00:00.000   ,    408.06964,    464.42641,   0.60258084,    3.9686275,  1.113345e+5,  1.103985e+5
2025-08-06 06:00:00.000   ,    400.83051,    464.42641,   0.60258084,    3.6040000,    71462.712,  1.103985e+5
2025-08-06 07:00:00.000   ,    401.03393,    462.69346,   0.62039306,    3.7098039,    78207.143,  1.088552e+5
2025-08-06 08:00:00.000   ,    400.45000,    460.96052,   0.63850390,    4.3653846,    69248.276,  1.073204e+5
2025-08-06 09:00:00.000   ,    379.76000,    458.62203,   0.66342843,    3.7956522,    76147.273,  1.052628e+5
2025-08-06 10:00:00.000   ,    384.24000,    456.23600,   0.68945054,    2.7586957,    74134.545,  1.031794e+5
2025-08-06 11:00:00.000   ,    384.93684,    453.84997,   0.71608807,    3.0021739,    62910.526,  1.011122e+5
2025-08-06 12:00:00.000   ,    395.22807,    451.46394,   0.74336060,    3.1000000,    47652.632,    99061.079
2025-08-06 13:00:00.000   ,    399.19231,    446.86490,   0.79779544,    2.7901961,    39811.538,    95153.282
2025-08-06 14:00:00.000   ,    382.39245,    442.26586,   0.85482019,    2.3730769,    60909.434,    91305.559
2025-08-06 15:00:00.000   ,    376.62909,    437.66681,   0.91460177,    2.4557692,    67336.364,    87517.911
2025-08-06 16:00:00.000   ,    373.31964,    433.06777,   0.97732080,    2.9678571,    45900.000,    83790.337
2025-08-06 17:00:00.000   ,    378.06207,    428.46873,    1.0431729,    3.6303571,    57779.310,    80122.838
2025-08-06 18:00:00.000   ,    381.57759,    427.10678,    1.0633062,    4.7732143,    55006.897,    79048.282
2025-08-06 19:00:00.000   ,    388.56724,    425.74482,    1.0837386,    4.5322034,    28812.069,    77978.994
2025-08-06 20:00:00.000   ,    399.76429,    423.66414,    1.1155446,    5.0357143,    29242.857,    76355.593
2025-08-06 21:00:00.000   ,    381.37241,    421.58346,    1.1480844,    4.0345455,    52681.034,    74744.489
2025-08-06 22:00:00.000   ,    379.56833,    424.36803,    1.1047037,    3.4452830,    81873.333,    76903.408
2025-08-06 23:00:00.000   ,    380.12333,    424.36803,    1.1047037,    3.5784314,    90176.667,    76903.408
2025-08-07 00:00:00.000   ,    376.95500,    425.74482,    1.0837386,    3.5380000,    86461.667,    77978.994
2025-08-07 01:00:00.000   ,    378.01000,    424.36291,    1.1047822,    3.3600000,    88671.667,    76899.420
2025-08-07 02:00:00.000   ,    377.09833,    422.98100,    1.1261462,    3.2672727,    68820.000,    75825.270
2025-08-07 03:00:00.000   ,    375.30000,    424.36803,    1.1047037,    3.3377358,    64651.724,    76903.408
2025-08-07 04:00:00.000   ,    374.69310,    425.74482,    1.0837386,    3.1000000,    88587.931,    77978.994
2025-08-07 05:00:00.000   ,    375.78276,    432.48395,   0.98550250,    3.0078431,    82681.034,    83321.439
2025-08-07 06:00:00.000   ,    376.62105,    435.11623,   0.94901015,    3.0166667,    93400.000,    85443.216
2025-08-07 07:00:00.000   ,    373.60909,    431.19228,    1.0037853,    3.3148936,  1.287545e+5,    82287.479
2025-08-07 08:00:00.000   ,    367.16441,    427.26834,    1.0609024,    3.6072727,    83825.424,    79175.474
2025-08-07 09:00:00.000   ,    371.32105,    423.34439,    1.1204970,    3.6627451,    92092.982,    76107.201
2025-08-07 10:00:00.000   ,    372.18947,    419.42044,    1.1827143,    4.1839286,    74203.509,    73082.661
2025-08-07 11:00:00.000   ,    378.46250,    415.49649,    1.2477107,    7.5870370,    29285.714,    70101.852
2025-08-07 12:00:00.000   ,    375.47321,    411.57255,    1.3156540,    8.8228070,    14643.137,    67164.776
2025-08-07 13:00:00.000   ,    372.39655,    407.64860,    1.3867252,    8.0603448,    13284.000,    64271.432
2025-08-07 14:00:00.000   ,    366.68667,    403.72465,    1.4611192,    5.8383333,    15543.333,    61421.820
2025-08-07 15:00:00.000   ,    364.67321,    399.80070,    1.5390466,    5.4482143,    17238.182,    58615.941
2025-08-07 16:00:00.000   ,    361.74074,    395.87676,    1.6207345,    5.0000000,    19537.037,    55853.793
2025-08-07 17:00:00.000   ,    347.19107,    394.71219,    1.6457376,    3.3054545,    27064.286,    55042.447
2025-08-07 18:00:00.000   ,    346.72167,    393.54763,    1.6711002,    2.8950000,    29093.333,    54234.954
2025-08-07 19:00:00.000   ,    355.38596,    392.18513,    1.7012392,    3.5839286,    31022.807,    53295.104
2025-08-07 20:00:00.000   ,    341.97288,    390.82263,    1.7318912,    4.2071429,    32583.051,    52360.527
2025-08-07 21:00:00.000   ,    334.35818,    397.28263,    1.5910200,    5.2090909,    33018.182,    56838.387
2025-08-07 22:00:00.000   ,    335.87963,    511.62013,   0.21158194,    6.0537037,    36098.148,  1.557076e+5
2025-08-07 23:00:00.000   ,    334.86607,    506.57429,   0.24611441,    4.6464286,    42437.500,  1.505613e+5
2025-08-08 00:00:00.000   ,    336.98966,    501.52846,   0.28214457,    4.3166667,    47284.483,  1.454872e+5
2025-08-08 01:00:00.000   ,    334.87000,    496.48263,   0.31976028,    4.7724138,    59353.333,  1.404855e+5
2025-08-08 02:00:00.000   ,    337.42500,    495.39263,   0.32810330,    6.2120690,    53976.667,  1.394145e+5
2025-08-08 03:00:00.000   ,    339.48983,    494.30263,   0.33652568,    7.1142857,    47857.627,  1.383469e+5
2025-08-08 04:00:00.000   ,    338.88103,    493.21263,   0.34502844,    8.0418182,    41560.345,  1.372827e+5
2025-08-08 05:00:00.000   ,    335.70517,    491.10263,   0.36172011,    7.0931034,    47775.862,  1.352322e+5
2025-08-08 06:00:00.000   ,    340.82941,    488.99263,   0.37872444,    7.1555556,    80466.667,  1.331943e+5
2025-08-08 07:00:00.000   ,    344.90517,    486.88263,   0.39604929,    6.9724138,    56039.655,  1.311691e+5
2025-08-08 08:00:00.000   ,    348.82857,    483.33402,   0.42593166,    7.9428571,    54657.143,  1.277916e+5
2025-08-08 09:00:00.000   ,    345.45536,    479.78540,   0.45678385,    7.8125000,    48016.071,  1.244498e+5
2025-08-08 10:00:00.000   ,    351.87636,    480.28902,   0.45234475,    9.1425532,    52572.727,  1.249219e+5
2025-08-08 11:00:00.000   ,    356.54286,    480.79263,   0.44792591,    11.329412,    61050.000,  1.253947e+5
2025-08-08 12:00:00.000   ,    377.18276,    477.40163,   0.47807446,    8.6571429,  1.189000e+5,  1.222251e+5
2025-08-08 13:00:00.000   ,    410.73214,    474.01063,   0.50917455,    8.0938776,  1.459393e+5,  1.190881e+5
2025-08-08 14:00:00.000   ,    410.98103,    470.61963,   0.54126662,    11.605660,  1.405000e+5,  1.159838e+5
2025-08-08 15:00:00.000   ,    405.67895,    467.22863,   0.57439332,    8.6260000,  1.676684e+5,  1.129122e+5
2025-08-08 16:00:00.000   ,    421.36964,    463.83763,   0.60859961,    7.8260870,  2.105786e+5,  1.098732e+5
2025-08-08 17:00:00.000   ,    439.08448,    461.78888,   0.62980913,    7.9382979,  2.130448e+5,  1.080530e+5
2025-08-08 18:00:00.000   ,    449.08167,    459.42346,   0.65482283,    5.9177778,  2.333283e+5,  1.059662e+5
2025-08-08 19:00:00.000   ,    470.92857,    457.05804,   0.68041683,    3.5319149,  2.496179e+5,  1.038953e+5
2025-08-08 20:00:00.000   ,    477.31552,    454.69263,   0.70660923,    6.9244444,  2.872052e+5,  1.018404e+5
2025-08-08 21:00:00.000   ,    521.32281,    453.85263,   0.71605811,    8.8672727,  3.166544e+5,  1.011144e+5
2025-08-08 22:00:00.000   ,    536.39667,    452.20763,   0.73479092,    8.1052632,  2.678333e+5,    99698.627
2025-08-08 23:00:00.000   ,    512.23667,    450.56263,   0.75383214,    7.9843137,  2.515933e+5,    98290.499
2025-08-09 00:00:00.000   ,    455.48500,    448.91763,   0.77318859,    6.5945455,  1.738267e+5,    96890.056
2025-08-09 01:00:00.000   ,    459.81333,    447.27263,   0.79286727,    4.1964912,  1.735733e+5,    95497.299
2025-08-09 02:00:00.000   ,    450.89667,    448.13929,   0.78245898,    2.8038462,  1.618483e+5,    96230.114
2025-08-09 03:00:00.000   ,    447.64915,    449.00596,   0.77214107,    2.6095238,  1.581678e+5,    96965.062
2025-08-09 04:00:00.000   ,    466.54828,    449.87263,   0.76191248,    2.8533333,  1.987603e+5,    97702.143
2025-08-09 05:00:00.000   ,    476.73636,    502.99411,   0.27151964,    3.9833333,  1.736127e+5,  1.469536e+5
2025-08-09 06:00:00.000   ,    486.37925,    556.11559,  -0.03936442,    3.5739130,  2.596321e+5,  2.042199e+5
2025-08-09 07:00:00.000   ,    465.47544,    562.88585,  -0.07061004,    3.9047619,  1.589439e+5,  2.120943e+5
2025-08-09 08:00:00.000   ,    464.58000,    841.54310,  -0.66870150,    1.6214286,  1.523200e+5,  6.491458e+5
2025-08-09 09:00:00.000   ,    462.96909,    829.32756,  -0.65667967,    3.8976190,  1.422291e+5,  6.253646e+5
2025-08-09 10:00:00.000   ,    456.92982,    817.11201,  -0.64399143,    2.4975000,  1.732105e+5,  6.020072e+5
2025-08-09 11:00:00.000   ,    454.44655,    804.89647,  -0.63058657,    3.5764706,  1.297793e+5,  5.790737e+5
2025-08-09 12:00:00.000   ,    456.95439,    792.68092,  -0.61641010,    4.0490566,  1.510368e+5,  5.565639e+5
2025-08-09 13:00:00.000   ,    458.43571,    780.46538,  -0.60140165,    5.0750000,  1.595304e+5,  5.344780e+5
2025-08-09 14:00:00.000   ,    457.24561,    768.24983,  -0.58549482,    3.0636364,  1.579368e+5,  5.128159e+5
2025-08-09 15:00:00.000   ,    467.39661,    756.03429,  -0.56861644,    2.9135135,  2.160017e+5,  4.915776e+5
2025-08-09 16:00:00.000   ,    487.50000,    743.81874,  -0.55068576,    4.0775000,  2.836291e+5,  4.707631e+5
2025-08-09 17:00:00.000   ,    504.13214,    731.60320,  -0.53161345,    3.7758621,  2.575411e+5,  4.503725e+5
2025-08-09 18:00:00.000   ,    538.55345,    719.38765,  -0.51130050,    2.7488372,  2.263241e+5,  4.304056e+5
2025-08-09 19:00:00.000   ,    554.39821,    707.17211,  -0.48963692,    2.6549020,  1.974643e+5,  4.108626e+5
2025-08-09 20:00:00.000   ,    580.59000,    694.95656,  -0.46650026,    3.9711538,  1.881667e+5,  3.917434e+5
2025-08-09 21:00:00.000   ,    570.83929,    682.74101,  -0.44175388,    2.9960000,  1.737589e+5,  3.730480e+5
2025-08-09 22:00:00.000   ,    573.50536,    670.52547,  -0.41524491,    2.8069767,  1.837321e+5,  3.547765e+5
2025-08-09 23:00:00.000   ,    573.53833,    658.30992,  -0.38680190,    2.6358491,  1.559567e+5,  3.369287e+5
2025-08-10 00:00:00.000   ,    562.70000,    659.67319,  -0.39007785,    3.0833333,  1.321933e+5,  3.388995e+5
2025-08-10 01:00:00.000   ,    568.97000,    658.99156,  -0.38844316,    3.1186441,  1.178700e+5,  3.379135e+5
2025-08-10 02:00:00.000   ,    569.42667,    658.30992,  -0.38680190,    3.1980769,  1.487900e+5,  3.369287e+5
2025-08-10 03:00:00.000   ,    569.59661,    662.38943,  -0.39652727,    2.7200000,  1.776305e+5,  3.428420e+5
2025-08-10 04:00:00.000   ,    571.40169,    661.71165,  -0.39492755,    1.9666667,  2.007136e+5,  3.418563e+5
2025-08-10 05:00:00.000   ,    564.29492,    660.35182,  -0.39169883,    1.5923077,  2.014000e+5,  3.398826e+5
2025-08-10 06:00:00.000   ,    575.70189,    658.99199,  -0.38844420,    3.6736842,  2.108019e+5,  3.379141e+5
2025-08-10 07:00:00.000   ,    570.71333,    658.30992,  -0.38680190,    1.5097561,  1.700733e+5,  3.369287e+5
2025-08-10 08:00:00.000   ,    553.36610,    655.57297,  -0.38014474,    2.0794872,  1.602542e+5,  3.329880e+5
2025-08-10 09:00:00.000   ,    568.20351,    660.35353,  -0.39170291,    1.3656250,  1.717474e+5,  3.398850e+5
2025-08-10 10:00:00.000   ,    564.74035,    658.30602,  -0.38679249,   0.88000000,  1.814386e+5,  3.369231e+5
2025-08-10 11:00:00.000   ,    558.76071,    656.25852,  -0.38182237,    1.5825000,  1.824000e+5,  3.339731e+5
2025-08-10 12:00:00.000   ,    562.32105,    655.91575,  -0.38098441,    1.4913043,  1.524684e+5,  3.334803e+5
2025-08-10 13:00:00.000   ,    549.27368,    655.57297,  -0.38014474,    2.4309524,  1.535930e+5,  3.329880e+5
2025-08-10 14:00:00.000   ,    553.23750,    653.51100,  -0.37505751,    2.7466667,  1.619286e+5,  3.300331e+5
2025-08-10 15:00:00.000   ,    539.36792,    649.69587,  -0.36547832,    2.9708333,  1.674528e+5,  3.245978e+5
2025-08-10 16:00:00.000   ,    544.81852,    645.88074,  -0.35567719,    1.6181818,  1.699074e+5,  3.192038e+5
2025-08-10 17:00:00.000   ,    543.71607,    643.78023,  -0.35018373,    2.3333333,  1.469411e+5,  3.162517e+5
2025-08-10 18:00:00.000   ,    539.00333,    640.96618,  -0.34271333,    1.8024390,  1.562383e+5,  3.123164e+5
2025-08-10 19:00:00.000   ,    531.05862,    640.26025,  -0.34081909,    3.0075000,  1.388845e+5,  3.113327e+5
2025-08-10 20:00:00.000   ,    533.50357,    653.51100,  -0.37505751,    2.4380952,  1.359286e+5,  3.300331e+5
2025-08-10 21:00:00.000   ,    532.87368,    663.06637,  -0.39811866,    2.7333333,  1.826018e+5,  3.438278e+5
2025-08-10 22:00:00.000   ,    529.07818,    671.12515,  -0.41658994,    1.8000000,  2.123527e+5,  3.556636e+5
2025-08-10 23:00:00.000   ,    528.25593,    670.12331,  -0.41434029,    1.9142857,  2.231695e+5,  3.541821e+5
2025-08-11 00:00:00.000   ,    530.83000,    669.12147,  -0.41207760,    2.2333333,  2.024333e+5,  3.527036e+5
2025-08-11 01:00:00.000   ,    541.63000,    659.67319,  -0.39007785,    2.2277778,  1.805100e+5,  3.388995e+5
2025-08-11 02:00:00.000   ,    539.79000,    656.59209,  -0.38263619,    2.8929825,  1.611417e+5,  3.344529e+5
2025-08-11 03:00:00.000   ,    538.04333,    653.51100,  -0.37505751,    2.6255319,  1.763150e+5,  3.300331e+5
2025-08-11 04:00:00.000   ,    528.88333,    657.95022,  -0.38593311,    2.7000000,  1.741317e+5,  3.364096e+5
2025-08-11 05:00:00.000   ,    519.39500,    662.38943,  -0.39652727,    2.6960000,  1.839883e+5,  3.428420e+5
2025-08-11 06:00:00.000   ,    537.74545,    667.11050,  -0.40749603,    3.0288889,  1.178145e+5,  3.497443e+5
2025-08-11 07:00:00.000   ,    519.54310,    663.74248,  -0.39970181,    1.5882353,  1.377431e+5,  3.448137e+5
2025-08-11 08:00:00.000   ,    516.73500,    671.12515,  -0.41658994,    2.7272727,  1.116167e+5,  3.556636e+5
2025-08-11 09:00:00.000   ,    527.63509,    665.02407,  -0.40268567,    2.5673077,  1.171140e+5,  3.466861e+5
2025-08-11 10:00:00.000   ,    515.05357,    658.92298,  -0.38827834,    3.0744681,  1.061946e+5,  3.378143e+5
2025-08-11 11:00:00.000   ,    508.30714,    652.82190,  -0.37334340,    3.2414634,  1.228339e+5,  3.290483e+5
2025-08-11 12:00:00.000   ,    508.74286,    654.19921,  -0.37676239,    2.5028571,  1.326679e+5,  3.310180e+5
2025-08-11 13:00:00.000   ,    506.74386,    653.51100,  -0.37505751,    3.3666667,  1.379807e+5,  3.300331e+5
2025-08-11 14:00:00.000   ,    512.90545,    651.43691,  -0.36987691,    1.9444444,  1.393545e+5,  3.270731e+5
2025-08-11 15:00:00.000   ,    525.02982,    649.36281,  -0.36463163,    2.9894737,  1.228421e+5,  3.241253e+5
2025-08-11 16:00:00.000   ,    506.27321,    650.05645,  -0.36639307,    2.9365854,  1.407500e+5,  3.251098e+5
2025-08-11 17:00:00.000   ,    499.30536,    652.13189,  -0.37161998,    2.7500000,  1.466143e+5,  3.280636e+5
2025-08-11 18:00:00.000   ,    507.83448,    649.70413,  -0.36549929,    3.0958333,  1.384879e+5,  3.246095e+5
2025-08-11 19:00:00.000   ,    506.81786,    647.27636,  -0.35928874,    2.6475000,  1.573911e+5,  3.211722e+5
2025-08-11 20:00:00.000   ,    516.54561,    644.48135,  -0.35202515,    3.6600000,  1.501614e+5,  3.172357e+5
2025-08-11 21:00:00.000   ,    525.20862,    642.37080,  -0.34645814,    4.0040000,  1.430724e+5,  3.142779e+5
2025-08-11 22:00:00.000   ,    522.36842,    640.26025,  -0.34081909,    4.4285714,  1.247053e+5,  3.113327e+5
2025-08-11 23:00:00.000   ,    518.27458,    642.37513,  -0.34646966,    3.7542373,  1.510424e+5,  3.142839e+5
2025-08-12 00:00:00.000   ,    523.72667,    649.36281,  -0.36463163,    3.0812500,  1.756333e+5,  3.241253e+5
2025-08-12 01:00:00.000   ,    520.06667,    650.05645,  -0.36639307,    3.8020833,  1.484517e+5,  3.251098e+5
2025-08-12 02:00:00.000   ,    517.10333,    651.44099,  -0.36988717,    2.4098039,  1.773667e+5,  3.270789e+5
2025-08-12 03:00:00.000   ,    540.65500,    660.35353,  -0.39170291,    3.4859649,  1.675417e+5,  3.398850e+5
2025-08-12 04:00:00.000   ,    522.60517,    668.39347,  -0.41042517,    2.6396552,  1.542431e+5,  3.516309e+5
2025-08-12 05:00:00.000   ,    511.31786,    676.43342,  -0.42829619,    3.1744681,  1.320089e+5,  3.635604e+5
2025-08-12 06:00:00.000   ,    515.45000,    677.09344,  -0.42972707,    2.0975610,  1.930692e+5,  3.645479e+5
2025-08-12 07:00:00.000   ,    558.93898,    682.99941,  -0.44229501,    1.5157895,  2.213220e+5,  3.734391e+5
2025-08-12 08:00:00.000   ,    565.64500,    684.30361,  -0.44501433,    1.4131579,  2.272167e+5,  3.754159e+5
2025-08-12 09:00:00.000   ,    577.19138,    684.30361,  -0.44501433,    1.4054054,  2.563793e+5,  3.754159e+5
2025-08-12 10:00:00.000   ,    594.11481,    683.65188,  -0.44365794,    1.4487179,  2.165926e+5,  3.744274e+5
2025-08-12 11:00:00.000   ,    597.13393,    681.68888,  -0.43954231,    1.4727273,  2.106071e+5,  3.714576e+5
2025-08-12 12:00:00.000   ,    601.70714,    679.72587,  -0.43538084,    1.5971429,  2.267500e+5,  3.684987e+5
2025-08-12 13:00:00.000   ,    591.76034,    682.99941,  -0.44229501,    1.5696970,  2.243655e+5,  3.734391e+5
2025-08-12 14:00:00.000   ,    605.82143,    686.25440,  -0.44904485,    1.2969697,  2.795536e+5,  3.783817e+5
2025-08-12 15:00:00.000   ,    593.50000,    684.30361,  -0.44501433,    1.3100000,  2.252909e+5,  3.754159e+5
2025-08-12 16:00:00.000   ,    598.27857,    684.95424,  -0.44636349,    1.5282051,  2.185804e+5,  3.764038e+5
2025-08-12 17:00:00.000   ,    596.38983,    685.60486,  -0.44770774,    1.3416667,  2.305322e+5,  3.773930e+5
2025-08-12 18:00:00.000   ,    588.17414,    688.19864,  -0.45301830,    1.2195122,  2.729310e+5,  3.813483e+5
2025-08-12 19:00:00.000   ,    589.90909,    685.60486,  -0.44770774,    1.1904762,  1.837218e+5,  3.773930e+5
2025-08-12 20:00:00.000   ,    633.58793,    685.60486,  -0.44770774,   0.87500000,  2.421034e+5,  3.773930e+5
2025-08-12 21:00:00.000   ,    603.77895,    687.22507,  -0.45103401,    1.1062500,  1.946316e+5,  3.798615e+5
2025-08-12 22:00:00.000   ,    596.07407,    688.84528,  -0.45433032,    1.0325000,  1.953333e+5,  3.823374e+5
2025-08-12 23:00:00.000   ,    596.46034,    689.49120,  -0.45563618,    1.0848485,  2.590052e+5,  3.833265e+5
2025-08-13 00:00:00.000   ,    582.05500,    688.52124,  -0.45367345,   0.82285714,  2.604167e+5,  3.818416e+5
2025-08-13 01:00:00.000   ,    603.17833,    687.55128,  -0.45170008,   0.86041667,  2.420433e+5,  3.803594e+5
2025-08-13 02:00:00.000   ,    606.50333,    683.65188,  -0.44365794,   0.90465116,  2.440217e+5,  3.744274e+5
2025-08-13 03:00:00.000   ,    605.78305,    682.01698,  -0.44023338,    1.0040000,  2.237644e+5,  3.719532e+5
2025-08-13 04:00:00.000   ,    574.63860,    680.38208,  -0.43677711,   0.90476190,  2.083684e+5,  3.694866e+5
2025-08-13 05:00:00.000   ,    563.60000,    675.11105,  -0.42541317,   0.92333333,  2.114351e+5,  3.615857e+5
2025-08-13 06:00:00.000   ,    560.92321,    671.44634,  -0.41730844,    1.0806452,  2.818357e+5,  3.561391e+5
2025-08-13 07:00:00.000   ,    549.38621,    667.78164,  -0.40903101,    1.2756757,  1.947483e+5,  3.507306e+5
2025-08-13 08:00:00.000   ,    527.05424,    663.74248,  -0.39970181,    1.3866667,  1.532000e+5,  3.448137e+5
2025-08-13 09:00:00.000   ,    497.75263,    659.67319,  -0.39007785,    1.6217391,  1.409526e+5,  3.388995e+5
2025-08-13 10:00:00.000   ,    492.20702,    656.93620,  -0.38347404,    1.8000000,  1.136105e+5,  3.349481e+5
2025-08-13 11:00:00.000   ,    493.06364,    654.19921,  -0.37676239,    2.5312500,  1.256927e+5,  3.310180e+5
2025-08-13 12:00:00.000   ,    503.41034,    649.36281,  -0.36463163,    2.4568182,  1.258569e+5,  3.241253e+5
2025-08-13 13:00:00.000   ,    511.13214,    646.57152,  -0.35746859,    2.4063830,  1.256661e+5,  3.201774e+5
2025-08-13 14:00:00.000   ,    505.90000,    643.78023,  -0.35018373,    2.4660000,  1.190393e+5,  3.162517e+5
2025-08-13 15:00:00.000   ,    531.18036,    640.95840,  -0.34269248,    2.1571429,  1.014821e+5,  3.123055e+5
2025-08-13 16:00:00.000   ,    498.81071,    638.13656,  -0.33507094,    1.8219512,  1.292518e+5,  3.083820e+5
2025-08-13 17:00:00.000   ,    482.76897,    633.14633,  -0.32126441,    1.5513514,  1.197345e+5,  3.014988e+5
2025-08-13 18:00:00.000   ,    481.85085,    630.26389,  -0.31309274,    2.5868421,  1.141305e+5,  2.975551e+5
2025-08-13 19:00:00.000   ,    502.54667,    627.38146,  -0.30477259,    1.2982143,  1.224533e+5,  2.936351e+5
2025-08-13 20:00:00.000   ,    481.89310,    620.46940,  -0.28419418,    1.1600000,  1.312655e+5,  2.843311e+5
2025-08-13 21:00:00.000   ,    498.25517,    613.55733,  -0.26268839,    1.6584906,  1.136034e+5,  2.751627e+5
2025-08-13 22:00:00.000   ,    474.46207,    606.64527,  -0.24019866,    2.0311111,  1.034793e+5,  2.661300e+5
2025-08-13 23:00:00.000   ,    473.79322,    603.60663,  -0.22998497,    1.9530612,  1.013220e+5,  2.622021e+5
2025-08-14 00:00:00.000   ,    485.32069,    602.46045,  -0.22607882,    1.2327273,    79920.690,  2.607273e+5
2025-08-14 01:00:00.000   ,    480.17833,    601.31427,  -0.22214286,    1.8666667,    95658.333,  2.592562e+5
2025-08-14 02:00:00.000   ,    482.32500,    598.23959,  -0.21143490,    1.9355932,    95460.000,  2.553284e+5
2025-08-14 03:00:00.000   ,    484.50169,    595.13273,  -0.20038869,    2.0666667,    91381.356,  2.513867e+5
2025-08-14 04:00:00.000   ,    482.50667,    592.02586,  -0.18910874,    2.1446429,    96466.667,  2.474725e+5
2025-08-14 05:00:00.000   ,    462.89000,    588.88575,  -0.17746378,    2.8414634,    95235.000,  2.435442e+5
2025-08-14 06:00:00.000   ,    481.13898,    586.51565,  -0.16850748,    2.4613636,  1.681186e+5,  2.405977e+5
2025-08-14 07:00:00.000   ,    469.92632,    585.32403,  -0.16394913,    2.8447368,  1.091053e+5,  2.391224e+5
2025-08-14 08:00:00.000   ,    473.11525,    584.13241,  -0.15935319,    3.0134615,  1.050322e+5,  2.376510e+5
2025-08-14 09:00:00.000   ,    458.40893,    581.73576,  -0.14999412,    2.4968750,  1.126232e+5,  2.347041e+5
2025-08-14 10:00:00.000   ,    461.72982,    578.51893,  -0.13718445,    2.5769231,  1.036228e+5,  2.307742e+5
2025-08-14 11:00:00.000   ,    463.40351,    580.13042,  -0.14363747,    2.1827586,  1.301018e+5,  2.327392e+5
2025-08-14 12:00:00.000   ,    457.49107,    578.51581,  -0.13717188,    2.5800000,  1.183143e+5,  2.307704e+5
2025-08-14 13:00:00.000   ,    455.07759,    576.90119,  -0.13063280,    3.0038462,  1.223138e+5,  2.288089e+5
2025-08-14 14:00:00.000   ,    460.72679,    572.82898,  -0.11380665,    3.5186047,    94839.286,  2.238949e+5
2025-08-14 15:00:00.000   ,    454.84727,    569.94389,  -0.10158820,    3.0500000,  1.060309e+5,  2.204419e+5
2025-08-14 16:00:00.000   ,    466.12857,    567.05880,  -0.08911530,    3.1056604,    90839.286,  2.170126e+5
2025-08-14 17:00:00.000   ,    453.32909,    564.56029,  -0.07810264,    2.9175000,    93090.909,  2.140619e+5
2025-08-14 18:00:00.000   ,    445.58103,    561.61428,  -0.06485898,    3.3294118,  1.069810e+5,  2.106054e+5
2025-08-14 19:00:00.000   ,    447.12500,    558.66827,  -0.05132787,    2.7750000,    96478.333,  2.071736e+5
2025-08-14 20:00:00.000   ,    441.91034,    554.40433,  -0.03121729,    2.4547619,  1.014431e+5,  2.022502e+5
2025-08-14 21:00:00.000   ,    438.65763,    551.81408,  -0.01868673,    3.1896552,  1.051763e+5,  1.992846e+5
2025-08-14 22:00:00.000   ,    440.40862,    549.22383,  -0.00591148,    2.6472222,    90006.897,  1.963380e+5
2025-08-14 23:00:00.000   ,    450.02069,    552.68537,  -0.02292867,    1.9740000,    97356.897,  2.002800e+5
2025-08-15 00:00:00.000   ,    439.60175,    547.44399,   0.00301196,    1.2681818,  1.191228e+5,  1.943243e+5
2025-08-15 01:00:00.000   ,    451.25517,    542.20261,   0.02999953,    2.5176471,    93265.517,  1.884467e+5
2025-08-15 02:00:00.000   ,    445.35000,    539.97364,   0.04180751,    2.8551724,    88803.333,  1.859708e+5
2025-08-15 03:00:00.000   ,    440.58667,    537.74466,   0.05381972,    2.8980769,    80050.000,  1.835090e+5
2025-08-15 04:00:00.000   ,    454.60167,    535.94582,   0.06366602,    2.7216667,    67083.333,  1.815326e+5
2025-08-15 05:00:00.000   ,    449.66250,    533.67699,   0.07628298,    2.9392157,  1.080143e+5,  1.790528e+5
2025-08-15 06:00:00.000   ,    454.40192,    531.40815,   0.08912577,    3.9086957,    78992.308,  1.765877e+5
2025-08-15 07:00:00.000   ,    454.22963,    528.65688,   0.10501020,    3.1040000,    63277.778,  1.736180e+5
2025-08-15 08:00:00.000   ,    453.90000,    535.04297,   0.06866008,    2.7586207,    55421.053,  1.805440e+5
2025-08-15 09:00:00.000   ,    429.85455,    530.17185,   0.09622087,    2.3054545,    56385.455,  1.752506e+5
2025-08-15 10:00:00.000   ,    432.57963,    525.30073,   0.12486177,    2.0235294,    86651.852,  1.700246e+5
2025-08-15 11:00:00.000   ,    425.40000,    520.42961,   0.15463996,    2.4880000,    97138.983,  1.648659e+5
2025-08-15 12:00:00.000   ,    417.86842,    515.55850,   0.18561646,    1.8861111,  1.099281e+5,  1.597747e+5
2025-08-15 13:00:00.000   ,    415.77500,    510.68738,   0.21785643,    1.8714286,  1.308054e+5,  1.547508e+5
2025-08-15 14:00:00.000   ,    412.31786,    517.42268,   0.17361610,    1.8447368,  1.010946e+5,  1.617152e+5
2025-08-15 15:00:00.000   ,    400.17857,    514.05503,   0.19542934,    1.5000000,  1.296268e+5,  1.582169e+5
2025-08-15 16:00:00.000   ,    400.32679,    510.68738,   0.21785643,    1.4611111,  1.207643e+5,  1.547508e+5
2025-08-15 17:00:00.000   ,    390.14737,    507.39429,   0.24040288,    1.9074074,    96524.561,  1.513927e+5
2025-08-15 18:00:00.000   ,    379.47193,    504.10120,   0.26358128,    1.4868421,    83333.333,  1.480653e+5
2025-08-15 19:00:00.000   ,    373.34576,    500.80811,   0.28741548,    2.3163636,    45983.051,  1.447688e+5
2025-08-15 20:00:00.000   ,    367.10877,    496.24676,   0.32155899,    2.7527273,    48603.509,  1.402535e+5
2025-08-15 21:00:00.000   ,    371.04828,    491.68540,   0.35707901,    2.4822222,    69363.793,  1.357973e+5
2025-08-15 22:00:00.000   ,    377.05167,    487.12405,   0.39405054,    2.3140351,    62923.333,  1.314002e+5
2025-08-15 23:00:00.000   ,    371.58833,    482.56269,   0.43255376,    2.1450980,    85931.667,  1.270622e+5
2025-08-16 00:00:00.000   ,    375.52833,    478.00134,   0.47267446,    1.8800000,  1.060200e+5,  1.227833e+5
2025-08-16 01:00:00.000   ,    370.08621,    473.43998,   0.51450453,    2.5600000,    81463.793,  1.185634e+5
2025-08-16 02:00:00.000   ,    365.75254,    470.64212,   0.54105035,    2.6054545,    70032.203,  1.160043e+5
2025-08-16 03:00:00.000   ,    363.07288,    467.84427,   0.56830028,    2.6759259,    70849.153,  1.134674e+5
2025-08-16 04:00:00.000   ,    363.36500,    470.64212,   0.54105035,    2.6228070,    63771.667,  1.160043e+5
2025-08-16 05:00:00.000   ,    375.11930,    473.43998,   0.51450453,    1.7413043,  1.869807e+5,  1.185634e+5
2025-08-16 06:00:00.000   ,    370.29286,    471.18659,   0.53583011,    2.2066667,    99882.143,  1.165006e+5
2025-08-16 07:00:00.000   ,    376.83276,    468.93320,   0.55760930,    2.0108696,    80856.897,  1.144521e+5
2025-08-16 08:00:00.000   ,    371.56949,    466.67980,   0.57985507,    1.2728814,    63350.847,  1.124181e+5
2025-08-16 09:00:00.000   ,    364.27018,    464.42641,   0.60258084,    1.4137931,    59480.702,  1.103985e+5
2025-08-16 10:00:00.000   ,    362.75741,    460.93527,   0.63876995,    1.3925926,    57559.259,  1.072981e+5
2025-08-16 11:00:00.000   ,    361.30179,    457.44414,   0.67619888,    2.7642857,    39230.357,  1.042323e+5
2025-08-16 12:00:00.000   ,    361.62241,    454.76987,   0.70574429,    3.0517857,    37189.655,  1.019072e+5
2025-08-16 13:00:00.000   ,    359.53393,    452.09560,   0.73607781,    3.4290909,    31396.364,    99602.486
2025-08-16 14:00:00.000   ,    361.46333,    449.42133,   0.76722773,    1.8912281,    47280.000,    97318.057
2025-08-16 15:00:00.000   ,    359.58929,    446.74706,   0.79922359,    2.8071429,    35521.429,    95053.940
2025-08-16 16:00:00.000   ,    358.43636,    444.07279,   0.83209633,    3.3800000,    23790.909,    92810.137
2025-08-16 17:00:00.000   ,    352.75536,    440.95198,   0.87161002,    3.2129630,    30564.286,    90217.352
2025-08-16 18:00:00.000   ,    345.72931,    437.83116,   0.91241594,    2.3130435,    63553.448,    87652.230
2025-08-16 19:00:00.000   ,    351.48644,    434.71035,   0.95457108,    1.9298246,    68630.508,    85114.770
2025-08-16 20:00:00.000   ,    340.23158,    431.58954,   0.99813556,    2.4826923,    69687.719,    82604.973
2025-08-16 21:00:00.000   ,    347.59828,    428.46873,    1.0431729,    2.7673077,    82675.862,    80122.838
2025-08-16 22:00:00.000   ,    343.33667,    425.04956,    1.0942865,    1.7385965,    54365.000,    77435.160
2025-08-16 23:00:00.000   ,    343.16000,    421.63039,    1.1473423,    1.6964912,    53503.333,    74780.687
2025-08-17 00:00:00.000   ,    340.71000,    418.21122,    1.2024401,    1.5769231,    62426.667,    72159.418
2025-08-17 01:00:00.000   ,    344.85833,    414.79205,    1.2596861,    2.8140351,    31333.333,    69571.353
2025-08-17 02:00:00.000   ,    338.90690,    411.37288,    1.3191933,    2.1963636,    38848.276,    67016.493
2025-08-17 03:00:00.000   ,    343.26897,    407.95371,    1.3810825,    2.6241379,    38525.862,    64494.838
2025-08-17 04:00:00.000   ,    335.14000,    404.53454,    1.4454824,    2.2824561,    36132.203,    62006.387
2025-08-17 05:00:00.000   ,    341.50189,    401.11537,    1.5125308,    2.8549020,    56012.963,    59551.140
2025-08-17 06:00:00.000   ,    347.10000,    397.69620,    1.5823750,    3.2717391,    98046.296,    57129.098
2025-08-17 07:00:00.000   ,    336.04746,    394.27703,    1.6551724,    2.2425926,    56567.797,    54740.260
2025-08-17 08:00:00.000   ,    318.36780,    390.85786,    1.7310921,    2.5425926,    44840.678,    52384.626
2025-08-17 09:00:00.000   ,    324.45357,    388.19719,    1.7924456,    3.2307692,    61735.714,    50574.532
2025-08-17 10:00:00.000   ,    329.86964,    385.53651,    1.8558901,    2.5290909,    51023.214,    48784.544
2025-08-17 11:00:00.000   ,    327.25439,    382.87584,    1.9215216,    3.3071429,    49224.561,    47014.662
2025-08-17 12:00:00.000   ,    323.12632,    380.21517,    1.9894418,    2.9517857,    44198.246,    45264.888
2025-08-17 13:00:00.000   ,    324.88393,    524.02165,   0.13256852,    3.0203704,    40419.643,  1.686635e+5
2025-08-17 14:00:00.000   ,    311.84464,    628.10575,  -0.30687743,    3.0600000,    47201.786,  2.946179e+5
2025-08-17 15:00:00.000   ,    313.32500,    639.55333,  -0.33891400,    3.9692308,    53755.357,  3.103491e+5
2025-08-17 16:00:00.000   ,    312.86545,    653.51100,  -0.37505751,    4.2392157,    54881.818,  3.300331e+5
2025-08-17 17:00:00.000   ,    312.40345,    672.45694,  -0.41956048,    3.5250000,    40956.897,  3.576373e+5
2025-08-17 18:00:00.000   ,    318.48136,    681.69224,  -0.43954940,    3.5551724,    36491.525,  3.714627e+5
2025-08-17 19:00:00.000   ,    329.33509,    688.19864,  -0.45301830,    4.3157895,    37794.737,  3.813483e+5
2025-08-17 20:00:00.000   ,    326.15763,    695.27273,  -0.46711876,    3.8172414,    36533.898,  3.922329e+5
2025-08-17 21:00:00.000   ,    320.97241,    701.63124,  -0.47933274,    3.5636364,    43071.930,  4.021378e+5
2025-08-17 22:00:00.000   ,    316.35333,    700.36493,  -0.47693402,    3.5661017,    35966.667,  4.001561e+5
2025-08-17 23:00:00.000   ,    311.65000,    704.78544,  -0.48523636,    2.9473684,    29530.000,  4.070938e+5
2025-08-18 00:00:00.000   ,    303.87833,    725.81610,  -0.52215134,    2.9344828,    28568.333,  4.408604e+5
2025-08-18 01:00:00.000   ,    305.97333,    718.47412,  -0.50972857,    2.5400000,    28445.000,  4.289295e+5
2025-08-18 02:00:00.000   ,    304.13729,    717.24210,  -0.50759658,    2.7733333,    30623.729,  4.269424e+5
2025-08-18 03:00:00.000   ,    299.09310,    740.25296,  -0.54524066,    2.4750000,    27944.828,  4.647672e+5
2025-08-18 04:00:00.000   ,    301.38793,    737.86891,  -0.54154470,    3.5178571,    25532.759,  4.607785e+5
2025-08-18 05:00:00.000   ,    306.67069,    740.84763,  -0.54615560,    3.6734694,    45900.000,  4.657646e+5
2025-08-18 06:00:00.000   ,    317.69655,    741.44177,  -0.54706696,    4.0829268,  1.021362e+5,  4.667622e+5
2025-08-18 07:00:00.000   ,    326.28667,    736.95732,  -0.54011956,    5.6578947,    55713.333,  4.592576e+5
2025-08-18 08:00:00.000   ,    338.30833,    732.47287,  -0.53301108,    7.4685185,    67535.000,  4.518101e+5
2025-08-18 09:00:00.000   ,    336.12857,    736.07518,  -0.53873413,    10.786275,    46050.000,  4.577881e+5
2025-08-18 10:00:00.000   ,    338.56429,    738.46573,  -0.54247416,    9.3943396,    46726.786,  4.617755e+5
2025-08-18 11:00:00.000   ,    337.88621,    733.67585,  -0.53493407,    8.9160714,    42293.103,  4.538024e+5
2025-08-18 12:00:00.000   ,    338.52241,    739.40943,  -0.54393808,    9.9448276,    34956.897,  4.633541e+5
2025-08-18 13:00:00.000   ,    342.84107,    745.14301,  -0.55268311,    10.729091,    29308.929,  4.729991e+5
2025-08-18 14:00:00.000   ,    367.17719,    750.87659,  -0.56117900,    10.592982,    44233.333,  4.827375e+5
2025-08-18 15:00:00.000   ,    382.39455,    746.87660,  -0.55527773,    4.6836364,    66589.091,  4.759337e+5
2025-08-18 16:00:00.000   ,    381.15179,    742.87661,  -0.54925663,    4.2482143,    67958.929,  4.691754e+5
2025-08-18 17:00:00.000   ,    372.76552,    738.87661,  -0.54311240,    3.6254545,    78343.860,  4.624625e+5
2025-08-18 18:00:00.000   ,    358.58103,    734.87662,  -0.53684169,    6.4169492,    37136.207,  4.557950e+5
2025-08-18 19:00:00.000   ,    340.63103,    732.45934,  -0.53298938,    6.0288136,    33868.966,  4.517878e+5
2025-08-18 20:00:00.000   ,    330.82759,    730.04206,  -0.52908881,    5.7172414,    29487.719,  4.477971e+5
2025-08-18 21:00:00.000   ,    342.25000,    727.62478,  -0.52513917,    3.7720000,    41279.310,  4.438230e+5
2025-08-18 22:00:00.000   ,    365.77167,    725.20750,  -0.52113963,    6.4916667,    45783.333,  4.398656e+5
2025-08-18 23:00:00.000   ,    358.17500,    722.76728,  -0.51705065,    4.3410256,    92508.333,  4.358874e+5
2025-08-19 00:00:00.000   ,    364.63000,    722.15575,  -0.51601774,    7.4692308,    71085.000,  4.348931e+5
2025-08-19 01:00:00.000   ,    391.49500,    721.54363,  -0.51498050,    8.7800000,    85713.333,  4.338989e+5
2025-08-19 02:00:00.000   ,    390.75593,    713.44242,  -0.50093294,    12.763158,    78922.034,  4.208412e+5
2025-08-19 03:00:00.000   ,    379.67895,    705.34120,  -0.48626613,    8.5035088,    71047.368,  4.079700e+5
2025-08-19 04:00:00.000   ,    379.77288,    697.23998,  -0.47094314,    6.4730769,  1.197254e+5,  3.952851e+5
2025-08-19 05:00:00.000   ,    386.77018,    689.13876,  -0.45492423,    5.7574468,  1.411895e+5,  3.827866e+5
2025-08-19 06:00:00.000   ,    372.30714,    681.03754,  -0.43816662,    5.9777778,    91055.357,  3.704746e+5
2025-08-19 07:00:00.000   ,    393.94808,    671.03527,  -0.41638865,    6.5261905,  1.527231e+5,  3.555305e+5
2025-08-19 08:00:00.000   ,    412.65932,    661.03301,  -0.39331945,    8.4851852,  1.251068e+5,  3.408706e+5
2025-08-19 09:00:00.000   ,    412.23846,    661.03301,  -0.39331945,    9.9596154,  1.015327e+5,  3.408706e+5
2025-08-19 10:00:00.000   ,    425.46111,    659.33000,  -0.38925565,    8.9618182,  1.327241e+5,  3.384029e+5
2025-08-19 11:00:00.000   ,    432.74828,    657.62700,  -0.38515087,    9.3649123,  1.684879e+5,  3.359434e+5
2025-08-19 12:00:00.000   ,    524.96724,    656.25852,  -0.38182237,    4.8583333,  3.945690e+5,  3.339731e+5
2025-08-19 13:00:00.000   ,    604.01525,    651.41877,  -0.36983133,    4.3678571,  5.305424e+5,  3.270473e+5
2025-08-19 14:00:00.000   ,    606.53333,    646.57902,  -0.35748798,    4.7645161,  5.087544e+5,  3.201880e+5
2025-08-19 15:00:00.000   ,    614.71071,    639.55333,  -0.33891400,    5.1419355,  4.535357e+5,  3.103491e+5
2025-08-19 16:00:00.000   ,    602.07778,    633.57583,  -0.32246957,    4.7794118,  4.667778e+5,  3.020884e+5
2025-08-19 17:00:00.000   ,    599.69483,    627.59833,  -0.30540383,    4.3666667,  4.413621e+5,  2.939292e+5
2025-08-19 18:00:00.000   ,    651.84464,    621.62083,  -0.28768510,    2.5090909,  3.714107e+5,  2.858715e+5
2025-08-19 19:00:00.000   ,    671.60893,    615.64333,  -0.26927963,    2.4789474,  4.459821e+5,  2.779153e+5
2025-08-19 20:00:00.000   ,    655.11429,    612.66318,  -0.25983575,    2.2487179,  3.736250e+5,  2.739866e+5
2025-08-19 21:00:00.000   ,    659.28727,    610.41013,  -0.25257394,    2.2913043,  3.729455e+5,  2.710331e+5
2025-08-19 22:00:00.000   ,    640.45172,    608.15708,  -0.24520473,    1.9611111,  4.191172e+5,  2.680941e+5
2025-08-19 23:00:00.000   ,    607.94833,    603.60663,  -0.22998497,    2.3565217,  3.345333e+5,  2.622021e+5
2025-08-20 00:00:00.000   ,    588.34500,    601.69309,  -0.22344704,    2.3769231,  2.495683e+5,  2.597420e+5
2025-08-20 01:00:00.000   ,    580.22667,    599.77956,  -0.21682548,    2.8288462,  2.612000e+5,  2.572923e+5
2025-08-20 02:00:00.000   ,    627.03000,    600.54757,  -0.21949323,    1.5830189,  1.632883e+5,  2.582742e+5
2025-08-20 03:00:00.000   ,    604.17500,    601.31427,  -0.22214286,    1.5357143,  1.453464e+5,  2.592562e+5
2025-08-20 04:00:00.000   ,    583.57586,    596.27861,  -0.20448965,    1.0923077,  1.426276e+5,  2.528373e+5
2025-08-20 05:00:00.000   ,    599.59038,    591.24295,  -0.18622860,    1.2120000,  2.455904e+5,  2.464904e+5
2025-08-20 06:00:00.000   ,    594.19057,    588.09716,  -0.17449994,    1.7488372,  1.414811e+5,  2.425621e+5
2025-08-20 07:00:00.000   ,    608.45517,    584.91646,  -0.16238144,    1.4500000,  1.776810e+5,  2.386187e+5
2025-08-20 08:00:00.000   ,    627.00862,    581.73576,  -0.14999412,   0.94285714,  2.063793e+5,  2.347041e+5
2025-08-20 09:00:00.000   ,    611.84727,    578.09923,  -0.13549186,   0.84444444,  2.084236e+5,  2.302636e+5
2025-08-20 10:00:00.000   ,    608.97931,    574.46270,  -0.12061527,   0.63023256,  2.100983e+5,  2.258607e+5
2025-08-20 11:00:00.000   ,    599.28246,    568.25433,  -0.09431517,   0.97857143,  1.994316e+5,  2.184308e+5
2025-08-20 12:00:00.000   ,    592.38214,    562.04596,  -0.06681734,   0.80322581,  2.050393e+5,  2.111104e+5
2025-08-20 13:00:00.000   ,    588.06552,    562.04596,  -0.06681734,    1.9210526,  1.620517e+5,  2.111104e+5
2025-08-20 14:00:00.000   ,    584.03390,    562.04596,  -0.06681734,    1.4909091,  1.779390e+5,  2.111104e+5
2025-08-20 15:00:00.000   ,    595.50545,    556.32745,  -0.04036591,    1.3846154,  1.668709e+5,  2.044644e+5
2025-08-20 16:00:00.000   ,    583.96111,    550.60893,  -0.01277367,    1.1111111,  1.795481e+5,  1.979113e+5
2025-08-20 17:00:00.000   ,    579.41964,    544.89042,   0.01602594,    1.1192308,  1.832143e+5,  1.914510e+5
2025-08-20 18:00:00.000   ,    567.94310,    539.17190,   0.04610440,    1.6000000,  2.060310e+5,  1.850837e+5
2025-08-20 19:00:00.000   ,    569.73729,    533.45339,   0.07753858,    2.3540000,  1.351695e+5,  1.788092e+5
2025-08-20 20:00:00.000   ,    572.56316,    527.73487,   0.11041118,    2.3563636,  1.321667e+5,  1.726276e+5
2025-08-20 21:00:00.000   ,    564.25172,    536.84638,   0.05871947,    1.2358974,  1.612500e+5,  1.825209e+5
2025-08-20 22:00:00.000   ,    560.80169,    533.61418,   0.07663545,    1.1088889,  1.426915e+5,  1.789844e+5
2025-08-20 23:00:00.000   ,    563.94667,    530.38198,   0.09501008,    1.2304348,  1.398500e+5,  1.754776e+5
2025-08-21 00:00:00.000   ,    557.12167,    527.14977,   0.11385915,    1.1909091,  1.669133e+5,  1.720004e+5
2025-08-21 01:00:00.000   ,    552.81000,    523.91757,   0.13319913,    1.2065217,  1.235217e+5,  1.685529e+5
2025-08-21 02:00:00.000   ,    531.78333,    520.68537,   0.15304722,    1.3483333,    99471.667,  1.651351e+5
2025-08-21 03:00:00.000   ,    503.29661,    517.45317,   0.17342138,    2.2508475,    73244.068,  1.617470e+5
2025-08-21 04:00:00.000   ,    503.23509,    514.22096,   0.19434035,    1.9844828,    41756.140,  1.583885e+5
2025-08-21 05:00:00.000   ,    499.09273,    510.98876,   0.21582375,    2.0480000,    95860.000,  1.550597e+5
2025-08-21 06:00:00.000   ,    499.63889,    507.75656,   0.23789206,    3.1531915,  1.395444e+5,  1.517606e+5
2025-08-21 07:00:00.000   ,    462.97500,    505.76801,   0.25176896,    2.7053571,    87295.000,  1.497456e+5
2025-08-21 08:00:00.000   ,    491.32931,    503.77947,   0.26588052,    1.8631579,    43650.000,  1.477419e+5
2025-08-21 09:00:00.000   ,    484.03818,    501.79093,   0.28023206,    2.9909091,    51625.455,  1.457494e+5
2025-08-21 10:00:00.000   ,    493.07500,    499.80239,   0.29482904,    2.0464286,    55080.357,  1.437681e+5
2025-08-21 11:00:00.000   ,    475.41724,    498.79328,   0.30233212,    2.6827586,    45029.310,  1.427670e+5
2025-08-21 12:00:00.000   ,    460.37000,    495.72925,   0.32551830,    1.6470588,    76881.667,  1.397449e+5
2025-08-21 13:00:00.000   ,    452.33684,    492.66522,   0.34932924,    2.5222222,  1.094368e+5,  1.367495e+5
2025-08-21 14:00:00.000   ,    452.47241,    490.58595,   0.36585476,    1.8344828,    90325.862,  1.347320e+5
2025-08-21 15:00:00.000   ,    441.95862,    488.50669,   0.38268572,    3.0307692,    77432.759,  1.327268e+5
2025-08-21 16:00:00.000   ,    448.95893,    483.46066,   0.42484875,    3.0036364,    84787.500,  1.279115e+5
2025-08-21 17:00:00.000   ,    461.48448,    478.41464,   0.46897014,    3.0886792,    86389.655,  1.231685e+5
2025-08-21 18:00:00.000   ,    462.96379,    473.36861,   0.51517309,    2.3403846,    56805.172,  1.184979e+5
2025-08-21 19:00:00.000   ,    463.89828,    468.32259,   0.56359063,    2.8481481,    71632.759,  1.138996e+5
2025-08-21 20:00:00.000   ,    465.24138,    463.27657,   0.61436658,    2.6230769,  1.152569e+5,  1.093735e+5
2025-08-21 21:00:00.000   ,    467.47857,    461.53535,   0.63246290,    2.9020408,  1.003125e+5,  1.078286e+5
2025-08-21 22:00:00.000   ,    517.72667,    459.79413,   0.65086522,    1.7879310,  1.597300e+5,  1.062922e+5
2025-08-21 23:00:00.000   ,    515.93667,    456.61241,   0.68530503,    3.4542373,  1.448583e+5,  1.035070e+5
2025-08-22 00:00:00.000   ,    501.69167,    453.43070,   0.72083389,    3.0372881,  1.260583e+5,  1.007506e+5
2025-08-22 01:00:00.000   ,    524.93000,    450.24898,   0.75749822,    2.6784314,  2.006050e+5,    98022.889
2025-08-22 02:00:00.000   ,    532.52167,    448.40653,   0.77926792,    2.2550000,  1.481150e+5,    96456.503
2025-08-22 03:00:00.000   ,    502.60333,    446.56407,   0.80144462,    1.7762712,  1.076200e+5,    94899.759
2025-08-22 04:00:00.000   ,    544.74483,    456.63712,   0.68503342,    1.2000000,  1.594328e+5,  1.035285e+5
2025-08-22 05:00:00.000   ,    536.34561,    466.71018,   0.57955207,    1.3591837,  1.714036e+5,  1.124454e+5
2025-08-22 06:00:00.000   ,    538.92727,    462.35330,   0.62392428,    1.8104167,  1.367455e+5,  1.085533e+5
2025-08-22 07:00:00.000   ,    529.47679,    457.99643,   0.67019281,    1.5698113,  1.226357e+5,  1.047150e+5
2025-08-22 08:00:00.000   ,    531.91964,    453.63956,   0.71846731,    1.2303571,  1.092089e+5,  1.009306e+5
2025-08-22 09:00:00.000   ,    534.52909,    449.28269,   0.76886541,   0.97636364,  1.270727e+5,    97200.181
2025-08-22 10:00:00.000   ,    510.08947,    444.92582,   0.82151353,   0.95000000,  1.445596e+5,    93523.650
2025-08-22 11:00:00.000   ,    495.13571,    440.56894,   0.87654762,    1.0428571,  1.319929e+5,    89901.034
2025-08-22 12:00:00.000   ,    533.64286,    436.21207,   0.93411407,    1.0388889,  1.379839e+5,    86332.332
2025-08-22 13:00:00.000   ,    549.14643,    431.85520,   0.99437066,    1.1563636,  1.119518e+5,    82817.544
2025-08-22 14:00:00.000   ,    533.47241,    427.49833,    1.0574876,    1.4722222,  1.202793e+5,    79356.671
2025-08-22 15:00:00.000   ,    517.33559,    423.14146,    1.1236490,    2.1705882,  1.404085e+5,    75949.712
2025-08-22 16:00:00.000   ,    517.47455,    418.78459,    1.1930537,    2.2086957,  1.400327e+5,    72596.667
2025-08-22 17:00:00.000   ,    514.14068,    414.42771,    1.2659172,    1.9000000,  1.229407e+5,    69297.537
2025-08-22 18:00:00.000   ,    513.60357,    411.45434,    1.3177482,    1.3820000,  1.184554e+5,    67076.981
2025-08-22 19:00:00.000   ,    514.06034,    408.48097,    1.3713782,    1.1910714,  1.327672e+5,    64881.535
2025-08-22 20:00:00.000   ,    501.10172,    406.17768,    1.4142119,    1.2803571,  1.055207e+5,    63198.115
2025-08-22 21:00:00.000   ,    493.95254,    403.87439,    1.4582168,    1.0653846,    85789.831,    61529.762
2025-08-22 22:00:00.000   ,    488.02414,    402.30032,    1.4889855,    1.2870370,    68074.138,    60398.275
2025-08-22 23:00:00.000   ,    498.84000,    400.72625,    1.5203356,    1.2877193,    80091.667,    59273.826
2025-08-23 00:00:00.000   ,    501.27667,    398.55871,    1.5644841,   0.98135593,  1.066633e+5,    57736.946
2025-08-23 01:00:00.000   ,    487.25833,    396.39117,    1.6098028,    1.4929825,    85143.333,    56213.411
2025-08-23 02:00:00.000   ,    479.13333,    394.22364,    1.6563335,    1.3475000,    81088.333,    54703.220
2025-08-23 03:00:00.000   ,    475.15593,    392.54075,    1.6933238,    1.7157895,    64022.034,    53539.901
2025-08-23 04:00:00.000   ,    486.54333,    390.85786,    1.7310921,    1.4814815,    86023.333,    52384.626
2025-08-23 05:00:00.000   ,    495.37000,    388.52604,    1.7847511,    1.1644068,    78480.000,    50797.168
2025-08-23 06:00:00.000   ,    476.25714,    386.19422,    1.8400072,    1.5301887,    88780.357,    49225.152
2025-08-23 07:00:00.000   ,    466.66379,    383.86241,    1.8969243,    1.4904762,  1.063103e+5,    47668.581
2025-08-23 08:00:00.000   ,    462.76786,    381.10598,    1.9664403,    1.7622222,    88410.714,    45848.483
2025-08-23 09:00:00.000   ,    461.23929,    378.34955,    2.0384889,    1.6596154,    95651.786,    44049.965
2025-08-23 10:00:00.000   ,    465.18000,    376.42131,    2.0904619,    1.4403846,    86621.667,    42804.651
2025-08-23 11:00:00.000   ,    459.72500,    374.49306,    2.1437799,    1.6886792,    64589.286,    41569.896
2025-08-23 12:00:00.000   ,    463.48793,    372.56482,    2.1984897,    1.7945455,    68296.552,    40345.702
2025-08-23 13:00:00.000   ,    446.57667,    370.32373,    2.2638894,    1.2795918,    95480.000,    38936.160
2025-08-23 14:00:00.000   ,    444.84464,    368.08264,    2.3313157,    1.2446429,    64635.714,    37540.883
2025-08-23 15:00:00.000   ,    440.87018,    365.84155,    2.4008531,    1.5428571,    55705.263,    36159.870
2025-08-23 16:00:00.000   ,    440.62759,    365.00155,    2.4274789,    1.5543860,    52627.586,    35645.918
2025-08-23 17:00:00.000   ,    433.53898,    364.16155,    2.4544187,    1.3932203,    43779.661,    35133.970
2025-08-23 18:00:00.000   ,    422.01034,    363.33405,    2.4812693,   0.93965517,    53037.931,    34631.599
2025-08-23 19:00:00.000   ,    428.74667,    362.50655,    2.5084342,   0.90666667,    71290.000,    34131.173
2025-08-23 20:00:00.000   ,    428.57931,    362.82155,    2.4980561,    1.1111111,    88874.138,    34321.438
2025-08-23 21:00:00.000   ,    413.72456,    360.90350,    2.5619714,    1.1964912,  1.009614e+5,    33167.268
2025-08-23 22:00:00.000   ,    413.90508,    358.98544,    2.6276545,    1.0879310,  1.043831e+5,    32023.547
2025-08-23 23:00:00.000   ,    406.55932,    357.72850,    2.6716885,    1.2655172,    88101.695,    31279.709
2025-08-24 00:00:00.000   ,    399.72000,    356.47155,    2.7165291,    1.3333333,    70476.667,    30540.357
2025-08-24 01:00:00.000   ,    397.49000,    357.23655,    2.6891411,    2.3933333,    46310.000,    30989.806
2025-08-24 02:00:00.000   ,    414.41667,    355.77155,    2.7418581,    1.8283333,    50715.000,    30130.554
2025-08-24 03:00:00.000   ,    410.65667,    354.30655,    2.7957132,    1.8966667,    57681.667,    29277.397
2025-08-24 04:00:00.000   ,    429.34500,    352.84155,    2.8507394,    1.3916667,    65856.667,    28430.336
2025-08-24 05:00:00.000   ,    429.52167,    357.29655,    2.6870058,    1.4406780,    58756.667,    31025.127
2025-08-24 06:00:00.000   ,    425.77193,    357.37155,    2.6843394,    1.6333333,    56424.561,    31069.293
2025-08-24 07:00:00.000   ,    416.76071,    355.14905,    2.7646010,    2.8035714,    49900.000,    29767.290
2025-08-24 08:00:00.000   ,    408.79107,    352.92655,    2.8475142,    3.0107143,    49457.143,    28479.317
2025-08-24 09:00:00.000   ,    397.29091,    355.02155,    2.7692848,    3.5909091,    46703.636,    29693.022
2025-08-24 10:00:00.000   ,    382.45167,    354.05280,    2.8051594,    4.5666667,    27398.333,    29130.243
2025-08-24 11:00:00.000   ,    378.69464,    353.08405,    2.8415487,    4.6981818,    27548.214,    28570.128
2025-08-24 12:00:00.000   ,    376.17679,    352.55030,    2.8618215,    4.3946429,    41641.071,    28262.662
2025-08-24 13:00:00.000   ,    370.99643,    352.01655,    2.8822551,    4.6303571,    42325.000,    27956.005
2025-08-24 14:00:00.000   ,    369.33750,    349.96780,    2.9622132,    5.4910714,    35173.214,    26786.445
2025-08-24 15:00:00.000   ,    373.27193,    347.91905,    3.0446671,    9.3947368,    26429.825,    25628.806
2025-08-24 16:00:00.000   ,    374.20000,    347.67780,    3.0545455,    12.349123,    22769.091,    25493.273
2025-08-24 17:00:00.000   ,    379.28103,    347.43655,    3.0644601,    6.7807018,    29022.414,    25357.906
2025-08-24 18:00:00.000   ,    398.27966,    346.02322,    3.1232812,    3.3296296,    50191.525,    24568.192
2025-08-24 19:00:00.000   ,    399.61500,    344.60989,    3.1833884,    3.4192982,    48850.000,    23784.152
2025-08-24 20:00:00.000   ,    398.27241,    343.19655,    3.2448196,    3.9285714,    51927.586,    23005.786
2025-08-24 21:00:00.000   ,    401.27797,    347.93093,    3.0441817,    5.8830508,    46015.254,    25635.482
2025-08-24 22:00:00.000   ,    390.37333,    352.66530,    2.8574400,    4.1583333,    44353.333,    28328.840
2025-08-24 23:00:00.000   ,    378.89153,    351.99055,    2.8832546,    3.9288136,    46225.424,    27941.088
2025-08-25 00:00:00.000   ,    369.59492,    351.31580,    2.9093293,    3.4660714,    57111.864,    27554.630
2025-08-25 01:00:00.000   ,    361.69483,    350.64105,    2.9356674,    3.9517857,    53055.172,    27169.465
2025-08-25 02:00:00.000   ,    362.06500,    349.96630,    2.9622726,    4.4465517,    58348.333,    26785.593
2025-08-25 03:00:00.000   ,    365.84068,    349.29155,    2.9891485,    6.2157895,    50203.390,    26403.014
2025-08-25 04:00:00.000   ,    355.60167,    351.61155,    2.8978683,    4.2508772,    61423.333,    27723.860
2025-08-25 05:00:00.000   ,    385.71404,    353.93155,    2.8096856,    1.7285714,  1.118649e+5,    29059.992
2025-08-25 06:00:00.000   ,    376.93167,    352.71489,    2.8555532,    3.7592593,    60628.333,    28357.384
2025-08-25 07:00:00.000   ,    385.03448,    351.49822,    2.9022542,    5.0196078,    57148.276,    27658.980
2025-08-25 08:00:00.000   ,    404.73729,    350.28155,    2.9498089,    3.8769231,  1.190339e+5,    26964.781
2025-08-25 09:00:00.000   ,    403.43684,    395.65582,    1.6254508,    3.8725490,    78366.667,    55699.569
2025-08-25 10:00:00.000   ,    408.17414,    441.03008,   0.87060559,    3.7309091,    83572.414,    90281.903
2025-08-25 11:00:00.000   ,    416.15263,    486.40434,   0.40002179,    3.0407407,  1.051649e+5,  1.307118e+5
2025-08-25 12:00:00.000   ,    414.56897,    535.04297,   0.06866008,    6.9035714,  1.057241e+5,  1.805440e+5
2025-08-25 13:00:00.000   ,    412.48393,    564.56029,  -0.07810264,    5.4821429,  1.159036e+5,  2.140619e+5
2025-08-25 14:00:00.000   ,    425.94107,    572.00967,  -0.11036233,    3.6785714,  1.542857e+5,  2.229120e+5
2025-08-25 15:00:00.000   ,    423.69464,    577.98717,  -0.13503908,    3.4050000,  1.835357e+5,  2.301274e+5
2025-08-25 16:00:00.000   ,    428.36667,    583.96466,  -0.15870316,    3.4666667,  1.719519e+5,  2.374442e+5
2025-08-25 17:00:00.000   ,    436.40847,    589.94215,  -0.18140925,    3.3916667,  1.736000e+5,  2.448626e+5
2025-08-25 18:00:00.000   ,    434.93559,    595.91964,  -0.20320835,    3.3521739,  1.518407e+5,  2.523825e+5
2025-08-25 19:00:00.000   ,    428.95345,    596.69430,  -0.20596956,    3.0692308,  1.508534e+5,  2.533644e+5
2025-08-25 20:00:00.000   ,    424.85536,    599.77956,  -0.21682548,    2.8425000,  1.679643e+5,  2.572923e+5
2025-08-25 21:00:00.000   ,    418.89322,    599.01024,  -0.21413944,    2.4920000,  1.616356e+5,  2.563103e+5
2025-08-25 22:00:00.000   ,    407.74500,    595.14363,  -0.20042785,    2.5781818,  1.396100e+5,  2.514005e+5
2025-08-25 23:00:00.000   ,    418.23793,    595.91964,  -0.20320835,    2.7754386,  1.197466e+5,  2.523825e+5
2025-08-26 00:00:00.000   ,    405.90500,    594.36625,  -0.19762786,    3.8037736,  1.175517e+5,  2.504185e+5
2025-08-26 01:00:00.000   ,    399.11000,    595.14363,  -0.20042785,    3.9040000,  1.220900e+5,  2.514005e+5
2025-08-26 02:00:00.000   ,    403.18333,    595.91964,  -0.20320835,    4.2741379,  1.133517e+5,  2.523825e+5
2025-08-26 03:00:00.000   ,    405.10678,    463.84560,   0.60851790,    4.5206897,  1.053034e+5,  1.098803e+5
2025-08-26 04:00:00.000   ,    400.51724,    331.77155,    3.7951937,    3.4977778,  1.204397e+5,    16921.984
2025-08-26 05:00:00.000   ,    411.17333,    328.37780,    3.9793926,    1.5236364,  1.176583e+5,    15186.235
2025-08-26 06:00:00.000   ,    401.85424,    324.98405,    4.1744125,    2.2021277,  1.268576e+5,    13483.198
2025-08-26 07:00:00.000   ,    406.61053,    321.59030,    4.3811179,    3.3142857,  1.052246e+5,    11812.873
2025-08-26 08:00:00.000   ,    399.63214,    333.75320,    3.6923258,    4.1603774,    91883.929,    17950.635
2025-08-26 09:00:00.000   ,    387.98704,    345.91610,    3.1277913,    3.0680851,  1.153500e+5,    24508.570
2025-08-26 10:00:00.000   ,    390.44237,    358.07900,    2.6593293,    2.4461538,    87103.390,    31486.678
2025-08-26 11:00:00.000   ,    399.87719,    370.24190,    2.2663153,    3.2274510,    82366.667,    38884.960
2025-08-26 12:00:00.000   ,    403.47679,    382.40479,    1.9333765,    2.6169811,    74671.429,    46703.416
2025-08-26 13:00:00.000   ,    390.43036,    394.56769,    1.6488649,    2.0763636,    67171.429,    54942.045
2025-08-26 14:00:00.000   ,    384.69107,    406.73059,    1.4038244,    2.0145455,    53351.786,    63600.847
2025-08-26 15:00:00.000   ,    375.66964,    418.89349,    1.1912776,    4.3035714,    37632.143,    72679.824
2025-08-26 16:00:00.000   ,    363.61228,    431.05639,    1.0057235,    2.7962963,    49112.281,    82178.973
2025-08-26 17:00:00.000   ,    337.82414,    443.21929,   0.84277755,    2.1631579,    63596.552,    92098.297
2025-08-26 18:00:00.000   ,    347.66271,    455.38219,   0.69891082,    2.3818182,    56735.593,  1.024378e+5
2025-08-26 19:00:00.000   ,    339.58448,    467.54508,   0.57125688,    3.2071429,    42871.930,  1.131975e+5
2025-08-26 20:00:00.000   ,    352.14138,    479.70798,   0.45746809,    3.1549020,    74501.724,  1.243773e+5
2025-08-26 21:00:00.000   ,    368.42373,    491.87088,   0.35560686,    2.3283019,  1.027119e+5,  1.359773e+5
2025-08-26 22:00:00.000   ,    361.03500,    504.03378,   0.26406258,    1.8060000,  1.141983e+5,  1.479975e+5
2025-08-26 23:00:00.000   ,    361.92667,    516.19668,   0.18148763,    2.5333333,    82728.333,  1.604379e+5
2025-08-27 00:00:00.000   ,    385.30862,    528.35958,   0.10674742,    3.4754386,    41382.759,  1.732984e+5
2025-08-27 01:00:00.000   ,    371.40339,    540.52248,   0.03888126,    3.1762712,    44883.051,  1.865791e+5
2025-08-27 02:00:00.000   ,    351.55833,    552.68537,  -0.02292867,    2.5966667,    38831.667,  2.002800e+5
2025-08-27 03:00:00.000   ,    356.46167,    552.68537,  -0.02292867,    1.5660377,    52348.333,  2.002800e+5
2025-08-27 04:00:00.000   ,    354.33333,    548.32795,  -0.00143481,    1.8854545,    70995.000,  1.953233e+5
2025-08-27 05:00:00.000   ,    352.16667,    543.97052,   0.02077617,    2.6900000,    57095.000,  1.904205e+5
2025-08-27 06:00:00.000   ,    352.75000,    540.85759,   0.03710057,    1.8456522,    97322.222,  1.869510e+5
2025-08-27 07:00:00.000   ,    357.42241,    537.74466,   0.05381972,    3.0509804,    60350.000,  1.835090e+5
2025-08-27 08:00:00.000   ,    355.61379,    535.04297,   0.06866008,    4.2728814,    34127.586,  1.805440e+5
2025-08-27 09:00:00.000   ,    368.52545,    535.04297,   0.06866008,    3.6886792,    49112.727,  1.805440e+5
2025-08-27 10:00:00.000   ,    367.26491,    533.22556,   0.07882013,    4.1377358,    45754.386,  1.785612e+5
2025-08-27 11:00:00.000   ,    373.24138,    531.40815,   0.08912577,    4.4781818,    52106.897,  1.765877e+5
2025-08-27 12:00:00.000   ,    361.39655,    532.32041,   0.08393444,    3.8589286,    65094.828,  1.775771e+5
2025-08-27 13:00:00.000   ,    368.28448,    528.65688,   0.10501020,    6.1381818,    49843.103,  1.736180e+5
2025-08-27 14:00:00.000   ,    366.19821,    527.73487,   0.11041118,    4.1240000,    56632.143,  1.726276e+5
2025-08-27 15:00:00.000   ,    376.82500,    524.94223,   0.12701389,    2.9220000,    74207.143,  1.696426e+5
2025-08-27 16:00:00.000   ,    374.13636,    522.14959,   0.14399176,    5.4277778,    46965.455,  1.666797e+5
2025-08-27 17:00:00.000   ,    366.51964,    520.26694,   0.15565472,    4.3666667,    52591.071,  1.646948e+5
2025-08-27 18:00:00.000   ,    363.29831,    517.41017,   0.17369604,    3.3338983,    98298.305,  1.617021e+5
2025-08-27 19:00:00.000   ,    377.62542,    514.55339,   0.19216315,    2.4745455,    88462.712,  1.587326e+5
2025-08-27 20:00:00.000   ,    365.01552,    512.62038,   0.20490707,    2.9773585,    75191.379,  1.567364e+5
2025-08-27 21:00:00.000   ,    373.58136,    510.68738,   0.21785643,    1.4750000,  1.625271e+5,  1.547508e+5
2025-08-27 22:00:00.000   ,    370.13333,    508.23733,   0.23457169,    3.9981132,    66760.000,  1.522494e+5
2025-08-27 23:00:00.000   ,    386.50833,    505.78727,   0.25163345,    2.2840000,  1.075283e+5,  1.497651e+5
2025-08-28 00:00:00.000   ,    377.99333,    500.80811,   0.28741548,    3.6734694,    84006.667,  1.447688e+5
2025-08-28 01:00:00.000   ,    391.29138,    499.29443,   0.29859778,    3.5634615,    97531.034,  1.432638e+5
2025-08-28 02:00:00.000   ,    390.40508,    497.78075,   0.30992641,    4.2236364,    66435.593,  1.417654e+5
2025-08-28 03:00:00.000   ,    391.73167,    495.74524,   0.32539572,    4.1109091,    83428.333,  1.397606e+5
2025-08-28 04:00:00.000   ,    378.86833,    492.98265,   0.34683276,    3.1574468,    96651.667,  1.370586e+5
2025-08-28 05:00:00.000   ,    393.03333,    490.22007,   0.36879413,    4.0909091,  1.070233e+5,  1.343783e+5
2025-08-28 06:00:00.000   ,    415.47333,    487.45748,   0.39129706,    5.5118644,    85673.333,  1.317196e+5
2025-08-28 07:00:00.000   ,    398.34138,    483.72874,   0.42256056,    3.6127273,    77651.724,  1.281655e+5
2025-08-28 08:00:00.000   ,    382.04667,    480.00000,   0.45488981,    2.8480000,    89116.667,  1.246509e+5
2025-08-28 09:00:00.000   ,    392.23818,    477.07211,   0.48105419,    1.7591837,    81116.364,  1.219188e+5
2025-08-28 10:00:00.000   ,    391.80556,    474.14422,   0.50793078,    3.7300000,    84972.222,  1.192111e+5
2025-08-28 11:00:00.000   ,    397.36207,    471.21634,   0.53554564,    3.1982759,    63906.897,  1.165277e+5
2025-08-28 12:00:00.000   ,    402.92321,    467.24645,   0.57421640,    3.4056604,    71812.500,  1.129283e+5
2025-08-28 13:00:00.000   ,    400.96607,    463.27657,   0.61436658,    3.1574074,    72062.500,  1.093735e+5
2025-08-28 14:00:00.000   ,    396.54643,    460.54122,   0.64293155,    3.4037736,    68673.214,  1.069503e+5
2025-08-28 15:00:00.000   ,    394.67679,    457.80587,   0.67226143,    2.5534884,    81057.143,  1.045483e+5
2025-08-28 16:00:00.000   ,    397.95439,    455.07053,   0.70238378,    2.6490196,    49943.860,  1.021676e+5
2025-08-28 17:00:00.000   ,    385.54808,    452.67244,   0.72946673,    3.4437500,    47736.538,  1.000979e+5
2025-08-28 18:00:00.000   ,    382.20526,    452.67244,   0.72946673,    3.0963636,    46377.193,  1.000979e+5
2025-08-28 19:00:00.000   ,    390.57966,    461.94439,   0.62818451,    2.6880000,    75286.441,  1.081907e+5
2025-08-28 20:00:00.000   ,    402.65593,    471.21634,   0.53554564,    2.8321429,    79267.797,  1.165277e+5
2025-08-28 21:00:00.000   ,    407.38772,    472.69248,   0.52152916,    2.2479167,    86200.000,  1.178775e+5
2025-08-28 22:00:00.000   ,    378.20500,    474.16863,   0.50770372,    3.0698113,    75576.667,  1.192336e+5
2025-08-28 23:00:00.000   ,    378.64500,    475.64478,   0.49406586,    3.0063830,    76580.000,  1.205958e+5
2025-08-29 00:00:00.000   ,    378.39167,    471.09462,   0.53671003,    3.1040000,    76321.667,  1.164167e+5
2025-08-29 01:00:00.000   ,    393.34068,    466.54446,   0.58120635,    2.5061224,    90833.898,  1.122964e+5
2025-08-29 02:00:00.000   ,    399.00000,    461.99430,   0.62766365,    2.3255319,    94544.828,  1.082349e+5
2025-08-29 03:00:00.000   ,    390.99667,    457.44414,   0.67619888,    2.2434783,    94965.000,  1.042323e+5
2025-08-29 04:00:00.000   ,    400.50000,    456.85224,   0.68267170,    1.8510204,  1.070167e+5,  1.037159e+5
2025-08-29 05:00:00.000   ,    413.50167,    456.26034,   0.68918208,    1.3035088,    91170.000,  1.032006e+5
2025-08-29 06:00:00.000   ,    405.37931,    453.06447,   0.72499535,    1.8040816,    80391.379,  1.004351e+5
2025-08-29 07:00:00.000   ,    386.57759,    449.86860,   0.76195975,    2.0289474,  1.101966e+5,    97698.717
2025-08-29 08:00:00.000   ,    387.58966,    446.67274,   0.80012516,    2.1186047,    93224.138,    94991.309
2025-08-29 09:00:00.000   ,    395.42241,    443.47687,   0.83954417,    2.0207547,    81220.690,    92312.910
2025-08-29 10:00:00.000   ,    397.65741,    440.28100,   0.88027230,    1.5829268,  1.167593e+5,    89663.519
2025-08-29 11:00:00.000   ,    397.11404,    443.89385,   0.83432797,    1.1116279,  1.257807e+5,    92660.726
2025-08-29 12:00:00.000   ,    377.26897,    447.50669,   0.79004726,    2.0272727,  1.043914e+5,    95695.005
2025-08-29 13:00:00.000   ,    367.42632,    451.11954,   0.74735082,    2.0795455,    86707.018,    98766.357
2025-08-29 14:00:00.000   ,    368.54138,    454.73238,   0.70616396,    1.5419355,    99291.379,  1.018748e+5
2025-08-29 15:00:00.000   ,    375.42857,    458.34523,   0.66641635,    1.9822222,    74983.929,  1.050203e+5
2025-08-29 16:00:00.000   ,    390.26786,    461.95807,   0.62804169,    2.2111111,    60267.857,  1.082028e+5
2025-08-29 17:00:00.000   ,    401.16333,    465.57092,   0.59097749,    1.9440678,    48333.333,  1.114225e+5
2025-08-29 18:00:00.000   ,    389.17719,    462.68252,   0.62050646,    2.0321429,    59780.702,  1.088455e+5
2025-08-29 19:00:00.000   ,    377.65254,    459.79413,   0.65086522,    2.3054545,    65872.881,  1.062922e+5
2025-08-29 20:00:00.000   ,    377.81017,    462.30141,   0.62446397,    2.2160000,    72271.186,  1.085072e+5
2025-08-29 21:00:00.000   ,    380.48448,    464.80870,   0.59869103,    2.7108696,    81227.586,  1.107401e+5
2025-08-29 22:00:00.000   ,    383.43333,    467.31598,   0.57352660,    2.1820000,    74928.333,  1.129909e+5
2025-08-29 23:00:00.000   ,    374.23833,    469.82327,   0.54895169,    1.7611111,  1.410533e+5,  1.152595e+5
2025-08-30 00:00:00.000   ,    381.56000,    472.33055,   0.52494803,    2.0083333,  1.100200e+5,  1.175460e+5
2025-08-30 01:00:00.000   ,    376.80167,    479.36745,   0.46048344,    2.1562500,  1.223633e+5,  1.240586e+5
2025-08-30 02:00:00.000   ,    380.06610,    486.40434,   0.40002179,    1.9432432,  1.206305e+5,  1.307118e+5
2025-08-30 03:00:00.000   ,    374.74138,    484.81258,   0.41336533,    1.6333333,  1.301776e+5,  1.291945e+5
2025-08-30 04:00:00.000   ,    369.46833,    483.22083,   0.42690055,    1.8206897,  1.342400e+5,  1.276844e+5
2025-08-30 05:00:00.000   ,    367.43051,    479.31638,   0.46093644,    1.9950000,  1.277915e+5,  1.240108e+5
2025-08-30 06:00:00.000   ,    384.15000,    475.41193,   0.49620481,    2.9800000,    97955.172,  1.203805e+5
2025-08-30 07:00:00.000   ,    383.05536,    471.50748,   0.53276588,    2.0738095,  1.037036e+5,  1.167935e+5
2025-08-30 08:00:00.000   ,    377.10172,    467.60303,   0.57068361,    2.5052632,  1.472793e+5,  1.132497e+5
2025-08-30 09:00:00.000   ,    395.67321,    463.69858,   0.61002597,    2.4384615,  1.455607e+5,  1.097493e+5
2025-08-30 10:00:00.000   ,    386.37273,    459.79413,   0.65086522,    2.8142857,  1.145727e+5,  1.062922e+5
2025-08-30 11:00:00.000   ,    369.23621,    466.61705,   0.58048134,    3.1625000,    88065.517,  1.123617e+5
2025-08-30 12:00:00.000   ,    391.13509,    473.43998,   0.51450453,    3.5883721,    99694.737,  1.185634e+5
2025-08-30 13:00:00.000   ,    391.36034,    472.33055,   0.52494803,    3.9586957,    71160.345,  1.175460e+5
2025-08-30 14:00:00.000   ,    386.07895,    473.43998,   0.51450453,    2.9791667,    52147.368,  1.185634e+5
2025-08-30 15:00:00.000   ,    372.57778,    473.07017,   0.51797374,    3.0809524,    61661.111,  1.182239e+5
2025-08-30 16:00:00.000   ,    378.82407,    472.70036,   0.52145489,    3.3235294,    37387.037,  1.178848e+5
2025-08-30 17:00:00.000   ,    374.13621,    472.33055,   0.52494803,    4.5290909,    42843.103,  1.175460e+5
2025-08-30 18:00:00.000   ,    361.56491,    471.21146,   0.53559230,    4.6555556,    40642.105,  1.165233e+5
2025-08-30 19:00:00.000   ,    362.38070,    470.09236,   0.54634841,    4.9181818,    32322.807,  1.155041e+5
2025-08-30 20:00:00.000   ,    365.81186,    468.97327,   0.55721794,    4.2316667,    28716.949,  1.144884e+5
2025-08-30 21:00:00.000   ,    367.36271,    506.77348,   0.24472341,    5.0932203,    24766.102,  1.507631e+5
2025-08-30 22:00:00.000   ,    380.12712,    504.79791,   0.25862363,    5.5327586,    79906.780,  1.487667e+5
2025-08-30 23:00:00.000   ,    387.62000,    503.80535,   0.26569539,    7.6535714,    82280.000,  1.477679e+5
2025-08-31 00:00:00.000   ,    389.92000,    504.79791,   0.25862363,    5.9728814,    96918.333,  1.487667e+5
2025-08-31 01:00:00.000   ,    380.63667,    499.62189,   0.29616635,    6.6771429,  1.408000e+5,  1.435888e+5
2025-08-31 02:00:00.000   ,    380.30000,    494.44588,   0.33541423,    6.8205882,  1.100483e+5,  1.384870e+5
2025-08-31 03:00:00.000   ,    404.11930,    489.26986,   0.37647212,    6.3862745,  1.310526e+5,  1.334614e+5
2025-08-31 04:00:00.000   ,    404.01186,    484.09385,   0.41945304,    5.9172414,  1.436305e+5,  1.285118e+5
2025-08-31 05:00:00.000   ,    408.11034,    478.91783,   0.46447900,    4.1037736,  1.315724e+5,  1.236383e+5
2025-08-31 06:00:00.000   ,    411.18364,    480.70724,   0.44867367,    4.0568627,  1.251709e+5,  1.253145e+5
2025-08-31 07:00:00.000   ,    429.68929,    482.49666,   0.43312283,    3.7410714,  1.098393e+5,  1.269998e+5
2025-08-31 08:00:00.000   ,    440.50877,    484.28607,   0.41782106,    3.7685185,  1.338368e+5,  1.286942e+5
2025-08-31 09:00:00.000   ,    435.48276,    480.20408,   0.45309200,    3.0673077,  1.517586e+5,  1.248422e+5
2025-08-31 10:00:00.000   ,    445.89821,    476.12209,   0.48969565,    3.8311111,  1.415839e+5,  1.210376e+5
2025-08-31 11:00:00.000   ,    435.67143,    472.04010,   0.52770000,    3.4411765,  1.521821e+5,  1.172802e+5
2025-08-31 12:00:00.000   ,    436.20526,    467.95811,   0.56717744,    2.9552632,  1.308649e+5,  1.135702e+5
2025-08-31 13:00:00.000   ,    437.46897,    463.87612,   0.60820510,    3.5714286,  1.409569e+5,  1.099075e+5
2025-08-31 14:00:00.000   ,    437.70000,    459.79413,   0.65086522,    4.1673469,  1.184780e+5,  1.062922e+5
2025-08-31 15:00:00.000   ,    435.93818,    459.79413,   0.65086522,    4.3466667,  1.150145e+5,  1.062922e+5
2025-08-31 16:00:00.000   ,    436.05185,    458.62203,   0.66342843,    3.5864865,  1.037926e+5,  1.052628e+5
2025-08-31 17:00:00.000   ,    436.74286,    460.96052,   0.63850390,    3.3131579,  1.030232e+5,  1.073204e+5
2025-08-31 18:00:00.000   ,    458.30833,    484.28607,   0.41782106,    4.3784314,    81018.333,  1.286942e+5
2025-08-31 19:00:00.000   ,    431.23276,    481.60195,   0.44086678,    3.3163265,    79865.517,  1.261560e+5
2025-08-31 20:00:00.000   ,    407.65345,    478.91783,   0.46447900,    2.4627907,    88417.241,  1.236383e+5
2025-08-31 21:00:00.000   ,    408.44211,    478.91783,   0.46447900,    2.3850000,  1.016561e+5,  1.236383e+5
2025-08-31 22:00:00.000   ,    433.53333,    475.22664,   0.49791011,    2.2347826,  1.150817e+5,  1.202093e+5
2025-08-31 23:00:00.000   ,    439.71833,    471.53545,   0.53249917,    2.3017241,    95063.333,  1.168190e+5
2025-09-01 00:00:00.000   ,    428.84000,    467.84427,   0.56830028,    2.6222222,    63900.000,  1.134674e+5
2025-09-01 01:00:00.000   ,    424.76500,    466.13534,   0.58530158,    2.7616667,    66976.667,  1.119288e+5
2025-09-01 02:00:00.000   ,    424.66333,    464.42641,   0.60258084,    2.7120000,    74455.000,  1.103985e+5
2025-09-01 03:00:00.000   ,    414.76500,    464.42641,   0.60258084,    2.3890909,    91215.000,  1.103985e+5
2025-09-01 04:00:00.000   ,    402.18276,    463.27657,   0.61436658,    2.7209302,  1.018052e+5,  1.093735e+5
2025-09-01 05:00:00.000   ,    410.41017,    462.12130,   0.62633934,    2.2446429,    70759.322,  1.083475e+5
2025-09-01 06:00:00.000   ,    406.72000,    470.09727,   0.54630102,    2.0625000,    95740.000,  1.155085e+5
2025-09-01 07:00:00.000   ,    407.55932,    468.97327,   0.55721794,    3.2086957,    77437.288,  1.144884e+5
2025-09-01 08:00:00.000   ,    395.89821,    470.09727,   0.54630102,    3.0529412,    76971.429,  1.155085e+5
2025-09-01 09:00:00.000   ,    397.94000,    470.09727,   0.54630102,    3.1960000,    67338.182,  1.155085e+5
2025-09-01 10:00:00.000   ,    422.39273,    466.58563,   0.58079512,    3.4222222,    40683.636,  1.123334e+5
2025-09-01 11:00:00.000   ,    405.54000,    463.07399,   0.61645643,    3.9694915,    53243.333,  1.091934e+5
2025-09-01 12:00:00.000   ,    401.85088,    459.56235,   0.65333823,    3.4754386,    52363.158,  1.060883e+5
2025-09-01 13:00:00.000   ,    393.76786,    456.05071,   0.69149685,    3.1892857,    55503.571,  1.030183e+5
2025-09-01 14:00:00.000   ,    389.46852,    452.53907,   0.73099191,    2.7886792,    57892.593,    99983.276
2025-09-01 15:00:00.000   ,    384.82037,    449.02743,   0.77188657,    3.1160000,    82464.815,    96983.298
2025-09-01 16:00:00.000   ,    401.57407,    449.02743,   0.77188657,    2.7117647,    69462.963,    96983.298
2025-09-01 17:00:00.000   ,    389.39655,    449.02743,   0.77188657,    3.0745455,    65681.034,    96983.298
2025-09-01 18:00:00.000   ,    392.82857,    449.02743,   0.77188657,    2.9203704,    62575.000,    96983.298
2025-09-01 19:00:00.000   ,    386.90000,    449.02743,   0.77188657,    2.8396226,    68996.552,    96983.298
2025-09-01 20:00:00.000   ,    529.49821,    447.79575,   0.78657391,    6.2740000,  4.669714e+5,    95939.374
2025-09-01 21:00:00.000   ,    615.17119,    446.56407,   0.80144462,    7.9098039,  8.520339e+5,    94899.759
2025-09-01 22:00:00.000   ,    616.25167,    442.78295,   0.84827427,    7.7191489,  6.688833e+5,    91735.180
2025-09-01 23:00:00.000   ,    598.29833,    439.00183,   0.89695398,    9.5319149,  5.590333e+5,    88611.207
2025-09-02 00:00:00.000   ,    600.79667,    456.77327,   0.68353815,    9.1060000,  5.310500e+5,  1.036471e+5
2025-09-02 01:00:00.000   ,    581.23333,    474.54470,   0.50421161,    9.5440678,  4.328500e+5,  1.195800e+5
2025-09-02 02:00:00.000   ,    563.13500,    477.83128,   0.47420271,    10.247458,  2.825500e+5,  1.226249e+5
2025-09-02 03:00:00.000   ,    552.65932,    501.81049,   0.28008976,    6.1173077,  3.679322e+5,  1.457689e+5
2025-09-02 04:00:00.000   ,    562.88644,    510.68738,   0.21785643,    4.1792453,  4.192203e+5,  1.547508e+5
2025-09-02 05:00:00.000   ,    572.98814,    513.59127,   0.19848084,    3.9595745,  4.039627e+5,  1.577377e+5
2025-09-02 06:00:00.000   ,    601.05667,    514.55196,   0.19217253,    10.470175,  2.249833e+5,  1.587311e+5
2025-09-02 07:00:00.000   ,    590.23898,    515.51265,   0.18591390,    4.7950000,  3.878034e+5,  1.597271e+5
2025-09-02 08:00:00.000   ,    596.64821,    521.20960,   0.14979279,    3.5682927,  3.828304e+5,  1.656874e+5
2025-09-02 09:00:00.000   ,    589.77069,    520.73827,   0.15271816,    13.967241,    91224.138,  1.651908e+5
2025-09-02 10:00:00.000   ,    582.13148,    520.26694,   0.15565472,    11.455102,    43328.302,  1.646948e+5
2025-09-02 11:00:00.000   ,    560.36786,    527.73487,   0.11041118,    8.2448980,    25867.308,  1.726276e+5
2025-09-02 12:00:00.000   ,    564.91786,    527.73487,   0.11041118,    4.9555556,    28428.571,  1.726276e+5
2025-09-02 13:00:00.000   ,    568.79655,    529.57641,   0.09966285,    3.2250000,    27970.690,  1.746082e+5
2025-09-02 14:00:00.000   ,    578.20000,    527.73487,   0.11041118,    3.3788462,    57327.119,  1.726276e+5
2025-09-02 15:00:00.000   ,    569.51379,    527.73487,   0.11041118,    3.6000000,    50963.793,  1.726276e+5
2025-09-02 16:00:00.000   ,    571.80741,    526.81037,   0.11586663,    4.4884615,    46544.444,  1.716370e+5
2025-09-02 17:00:00.000   ,    553.25965,    526.81037,   0.11586663,    7.8649123,    39589.474,  1.716370e+5
2025-09-02 18:00:00.000   ,    547.21207,    526.81037,   0.11586663,    8.4267857,    30520.690,  1.716370e+5
2025-09-02 19:00:00.000   ,    560.79153,    526.81037,   0.11586663,    7.9054545,    28500.000,  1.716370e+5
2025-09-02 20:00:00.000   ,    550.77458,    527.73487,   0.11041118,    4.3902439,    21754.237,  1.726276e+5
2025-09-02 21:00:00.000   ,    553.85106,    528.65688,   0.10501020,    4.7882353,    66117.021,  1.736180e+5
2025-09-02 22:00:00.000   ,    550.83167,    533.23028,   0.07879356,    3.4431373,    68337.931,  1.785663e+5
2025-09-02 23:00:00.000   ,    548.28511,    533.23028,   0.07879356,    4.9823529,    87259.574,  1.785663e+5
2025-09-03 00:00:00.000   ,    558.20652,    529.02672,   0.10285477,    5.1387097,  2.105696e+5,  1.740160e+5
2025-09-03 01:00:00.000   ,    544.37347,    524.82316,   0.12773005,    7.1829268,  1.325224e+5,  1.695158e+5
2025-09-03 02:00:00.000   ,    541.15098,    520.61960,   0.15345651,    5.6100000,  1.362612e+5,  1.650659e+5
2025-09-03 03:00:00.000   ,    550.08864,    516.41603,   0.18007346,    5.1625000,  1.616750e+5,  1.606661e+5
2025-09-03 04:00:00.000   ,    531.63654,    512.21247,   0.20762247,    2.7739130,  1.620370e+5,  1.563165e+5
2025-09-03 05:00:00.000   ,    512.73966,    508.00891,   0.23614756,    1.7118644,    26055.172,  1.520171e+5
2025-09-03 06:00:00.000   ,    503.75932,    503.80535,   0.26569539,   0.51568627,    40871.186,  1.477679e+5
2025-09-03 07:00:00.000   ,    495.04667,    499.05424,   0.30038561,   0.11500000,    67481.667,  1.430256e+5
2025-09-03 08:00:00.000   ,    488.22881,    494.30312,   0.33652182,   0.17500000,    39167.797,  1.383474e+5
2025-09-03 09:00:00.000   ,    484.56271,    489.55201,   0.37418549,   0.92758621,    19844.828,  1.337334e+5
2025-09-03 10:00:00.000   ,    469.32833,    493.69552,   0.34125157,    3.6816667,    14455.172,  1.377538e+5
2025-09-03 11:00:00.000   ,    456.09107,    489.55201,   0.37418549,    2.7964286,    24946.429,  1.337334e+5
2025-09-03 12:00:00.000   ,    465.07414,    491.62377,   0.35756874,    1.5788462,    28273.214,  1.357375e+5
2025-09-03 13:00:00.000   ,    467.48545,    493.69552,   0.34125157,    1.1388889,    27940.000,  1.377538e+5
2025-09-03 14:00:00.000   ,    466.41404,    492.66522,   0.34932924,    1.7666667,    28933.333,  1.367495e+5
2025-09-03 15:00:00.000   ,    464.93276,    490.83572,   0.36385367,    1.3810345,    27810.345,  1.349737e+5
2025-09-03 16:00:00.000   ,    465.53793,    489.00622,   0.37861388,    1.6844828,    27368.966,  1.332074e+5
2025-09-03 17:00:00.000   ,    468.96897,    487.17672,   0.39361500,   0.79787234,    62560.345,  1.314506e+5
2025-09-03 18:00:00.000   ,    463.38333,    485.34722,   0.40886231,    1.9500000,    48713.462,  1.297033e+5
2025-09-03 19:00:00.000   ,    451.75345,    482.47824,   0.43328158,    1.9534483,    17587.273,  1.269824e+5
2025-09-03 20:00:00.000   ,    456.65833,    479.60926,   0.45834126,    2.0039216,    21783.019,  1.242849e+5
2025-09-03 21:00:00.000   ,    453.89818,    476.74028,   0.48406396,    1.3625000,    25596.226,  1.216107e+5
2025-09-03 22:00:00.000   ,    451.18868,    472.25238,   0.52568797,    2.3808511,    54494.340,  1.174745e+5
2025-09-03 23:00:00.000   ,    455.13922,    467.76447,   0.56908801,    5.2780488,  1.034465e+5,  1.133954e+5
2025-09-04 00:00:00.000   ,    449.58491,    463.27657,   0.61436658,    4.4980769,    10400.000,  1.093735e+5
2025-09-04 01:00:00.000   ,    438.90179,    462.11854,   0.62636808,    1.0153846,    42380.000,  1.083451e+5
2025-09-04 02:00:00.000   ,    463.55263,    460.96052,   0.63850390,   0.28837209,    65556.140,  1.073204e+5
2025-09-04 03:00:00.000   ,    458.78596,    457.79499,   0.67237967,   0.26521739,    75949.123,  1.045388e+5
2025-09-04 04:00:00.000   ,    470.25893,    454.62947,   0.70731696,    1.8000000,  1.620316e+5,  1.017857e+5
2025-09-04 05:00:00.000   ,    473.57544,    451.46394,   0.74336060,   0.27500000,  2.054368e+5,    99061.079
2025-09-04 06:00:00.000   ,    462.41429,    451.46394,   0.74336060,   0.37142857,  1.598732e+5,    99061.079
2025-09-04 07:00:00.000   ,    457.91786,    448.39297,   0.77942963,   0.44444444,  1.384929e+5,    96445.011
2025-09-04 08:00:00.000   ,    492.59821,    445.32199,   0.81662972,   0.42037037,  2.058607e+5,    93855.730
2025-09-04 09:00:00.000   ,    471.74286,    445.32199,   0.81662972,    1.8466667,  1.426911e+5,    93855.730
2025-09-04 10:00:00.000   ,    462.43636,    444.07279,   0.83209633,   0.76976744,  1.449836e+5,    92810.137
2025-09-04 11:00:00.000   ,    451.23214,    446.56407,   0.80144462,    1.2828571,  1.270679e+5,    94899.759
2025-09-04 12:00:00.000   ,    460.68036,    442.81632,   0.84785296,   0.75000000,  1.453482e+5,    91762.935
2025-09-04 13:00:00.000   ,    479.61429,    446.56407,   0.80144462,   0.64000000,  1.609875e+5,    94899.759
2025-09-04 14:00:00.000   ,    494.76250,    447.79237,   0.78661444,   0.48378378,  1.680536e+5,    95936.517
2025-09-04 15:00:00.000   ,    476.68475,    449.02068,   0.77196663,    1.1826087,  1.621508e+5,    96977.561
2025-09-04 16:00:00.000   ,    469.89286,    450.24898,   0.75749822,    1.2933333,  1.443429e+5,    98022.889
2025-09-04 17:00:00.000   ,    474.43000,    447.74214,   0.78721738,   0.88648649,  1.288917e+5,    95894.031
2025-09-04 18:00:00.000   ,    473.88276,    445.23529,   0.81769677,   0.68333333,  1.069862e+5,    93783.022
2025-09-04 19:00:00.000   ,    470.34500,    442.72845,   0.84896257,   0.84594595,  1.053233e+5,    91689.862
2025-09-04 20:00:00.000   ,    463.26379,    440.22160,   0.88104205,   0.93589744,    99744.828,    89614.551
2025-09-04 21:00:00.000   ,    455.22069,    437.71476,   0.91396370,   0.63414634,  1.260966e+5,    87557.088
2025-09-04 22:00:00.000   ,    438.54828,    487.28705,   0.39270340,    1.3583333,    74996.552,  1.315563e+5
2025-09-04 23:00:00.000   ,    431.76552,    536.85935,   0.05864851,    2.1520000,    66687.931,  1.825351e+5
2025-09-05 00:00:00.000   ,    410.76863,    586.43164,  -0.16818735,    2.1000000,    81654.902,  2.404936e+5
2025-09-05 01:00:00.000   ,    420.57667,    636.00394,  -0.32922262,    1.8000000,    89735.000,  3.054317e+5
2025-09-05 02:00:00.000   ,    424.97288,    659.67319,  -0.39007785,    1.9020408,    59455.932,  3.388995e+5
2025-09-05 03:00:00.000   ,    420.42167,    666.43855,  -0.40595318,    1.8818182,    66176.667,  3.487580e+5
2025-09-05 04:00:00.000   ,    428.08750,    686.25440,  -0.44904485,    2.1519231,    95858.929,  3.783817e+5
2025-09-05 05:00:00.000   ,    429.44068,    688.84528,  -0.45433032,    2.1703704,    64750.847,  3.823374e+5
2025-09-05 06:00:00.000   ,    409.32500,    702.26340,  -0.48052404,    2.6577778,  1.105750e+5,  4.031288e+5
2025-09-05 07:00:00.000   ,    428.54828,    709.79838,  -0.49441439,    3.1800000,  1.018586e+5,  4.150285e+5
2025-09-05 08:00:00.000   ,    412.15357,    720.31762,  -0.51289297,    2.1828571,  1.208411e+5,  4.319108e+5
2025-09-05 09:00:00.000   ,    393.00364,    722.15575,  -0.51601774,    2.9470588,    79281.818,  4.348931e+5
2025-09-05 10:00:00.000   ,    395.87222,    717.24210,  -0.50759658,    3.3000000,    88616.667,  4.269424e+5
2025-09-05 11:00:00.000   ,    400.40909,    713.83211,  -0.50162257,    3.4061224,  1.136436e+5,  4.214651e+5
2025-09-05 12:00:00.000   ,    404.40351,    710.42212,  -0.49553918,    3.1054545,    95235.088,  4.160208e+5
2025-09-05 13:00:00.000   ,    404.06842,    710.42212,  -0.49553918,    4.6000000,    79859.649,  4.160208e+5
2025-09-05 14:00:00.000   ,    391.09107,    719.70372,  -0.51184261,    5.4727273,    85810.714,  4.309169e+5
2025-09-05 15:00:00.000   ,    402.53036,    744.99545,  -0.55246119,    4.6854545,  1.013036e+5,  4.727497e+5
2025-09-05 16:00:00.000   ,    390.60345,    742.62844,  -0.54887904,    5.5454545,    94356.897,  4.687576e+5
2025-09-05 17:00:00.000   ,    397.23500,    756.70704,  -0.56957259,    5.3189655,    82850.000,  4.927362e+5
2025-09-05 18:00:00.000   ,    394.69831,    771.63944,  -0.59000282,    5.6703704,    80228.814,  5.187843e+5
2025-09-05 19:00:00.000   ,    398.80690,    772.77410,  -0.59149545,    5.1581818,    80465.517,  5.207895e+5
2025-09-05 20:00:00.000   ,    404.94561,    773.90876,  -0.59297994,    5.1750000,  1.086123e+5,  5.227983e+5
2025-09-05 21:00:00.000   ,    422.04138,    775.04071,  -0.59445283,    6.2565217,  1.523017e+5,  5.248060e+5
2025-09-05 22:00:00.000   ,    444.96949,    779.55065,  -0.60024249,    6.2864407,  1.135525e+5,  5.328412e+5
2025-09-05 23:00:00.000   ,    430.51930,    815.73809,  -0.64252048,    5.6423077,  1.163018e+5,  5.994067e+5
2025-09-06 00:00:00.000   ,    423.82281,    808.98690,  -0.63515834,    6.6319149,  1.488000e+5,  5.867059e+5
2025-09-06 01:00:00.000   ,    447.44167,    802.23570,  -0.62756641,    5.3000000,  1.007450e+5,  5.741346e+5
2025-09-06 02:00:00.000   ,    440.96333,    800.05286,  -0.62506098,    5.9516667,  1.293233e+5,  5.700976e+5
2025-09-06 03:00:00.000   ,    446.93167,    797.12093,  -0.62165580,    5.5859649,  1.459433e+5,  5.646966e+5
2025-09-06 04:00:00.000   ,    467.20169,    794.18901,  -0.61820402,    3.2678571,  2.185763e+5,  5.593200e+5
2025-09-06 05:00:00.000   ,    514.68750,    791.25709,  -0.61470478,    2.1129032,  2.494804e+5,  5.539678e+5
2025-09-06 06:00:00.000   ,    512.66610,    853.37625,  -0.67975484,    4.1041667,  2.287542e+5,  6.725867e+5
2025-09-06 07:00:00.000   ,    508.95926,    857.45272,  -0.68343483,    4.5000000,  2.247558e+5,  6.807541e+5
2025-09-06 08:00:00.000   ,    524.90000,    856.94425,  -0.68297928,    3.4914286,  2.408482e+5,  6.797328e+5
2025-09-06 09:00:00.000   ,    519.48305,    844.46895,  -0.67148718,    3.0232558,  1.908102e+5,  6.549048e+5
2025-09-06 10:00:00.000   ,    511.84068,    831.99364,  -0.65935867,    3.3382353,  1.975559e+5,  6.305188e+5
2025-09-06 11:00:00.000   ,    512.33750,    819.51833,  -0.64654589,    1.8481481,  2.097839e+5,  6.065749e+5
2025-09-06 12:00:00.000   ,    531.31273,    807.04302,  -0.63299637,    2.5666667,  2.288127e+5,  5.830729e+5
2025-09-06 13:00:00.000   ,    529.43929,    794.56772,  -0.61865252,    3.7894737,  2.867393e+5,  5.600131e+5
2025-09-06 14:00:00.000   ,    633.55690,    785.70606,  -0.60794655,    5.1979167,  3.736379e+5,  5.439013e+5
2025-09-06 15:00:00.000   ,    640.26786,    781.50264,  -0.60271000,    3.8750000,  4.005179e+5,  5.363369e+5
2025-09-06 16:00:00.000   ,    645.96545,    777.29923,  -0.59736783,    3.6404762,  3.909818e+5,  5.288227e+5
2025-09-06 17:00:00.000   ,    646.07143,    775.60601,  -0.59518541,    2.0093750,  3.585714e+5,  5.258100e+5
2025-09-06 18:00:00.000   ,    658.09828,    769.04714,  -0.58656186,   0.53939394,  4.357586e+5,  5.142168e+5
2025-09-06 19:00:00.000   ,    616.14500,    762.48828,  -0.57765980,   0.46481481,  2.464667e+5,  5.027459e+5
2025-09-06 20:00:00.000   ,    574.78276,    758.44651,  -0.57203015,   0.31041667,  2.038966e+5,  4.957380e+5
2025-09-06 21:00:00.000   ,    547.43860,    756.99572,  -0.56998191,   0.23076923,  1.800175e+5,  4.932338e+5
2025-09-06 22:00:00.000   ,    541.67966,    755.54493,  -0.56791894,   0.23928571,  1.605712e+5,  4.907356e+5
2025-09-06 23:00:00.000   ,    524.17119,    747.94245,  -0.55686179,   0.21944444,  1.302881e+5,  4.777423e+5
2025-09-07 00:00:00.000   ,    524.32586,    743.81299,  -0.55067706,   0.17575758,  1.200793e+5,  4.707534e+5
2025-09-07 01:00:00.000   ,    514.80500,    740.57808,  -0.54574122,   0.10000000,  1.162933e+5,  4.653124e+5
2025-09-07 02:00:00.000   ,    511.69167,    737.34317,  -0.54072359,   0.10000000,  1.293950e+5,  4.599011e+5
2025-09-07 03:00:00.000   ,    508.03966,    734.10826,  -0.53562237,   0.10000000,  1.333534e+5,  4.545195e+5
2025-09-07 04:00:00.000   ,    492.05000,    730.87334,  -0.53043568,   0.10000000,  1.041429e+5,  4.491676e+5
2025-09-07 05:00:00.000   ,    531.32000,    727.63843,  -0.52516161,   0.54210526,  1.464900e+5,  4.438454e+5
2025-09-07 06:00:00.000   ,      N/A    ,    717.32632,  -0.50774276,      N/A    ,      N/A    ,  4.270781e+5
2025-09-07 07:00:00.000   ,      N/A    ,    707.01421,  -0.48934754,      N/A    ,      N/A    ,  4.106128e+5
2025-09-07 08:00:00.000   ,      N/A    ,    696.70210,  -0.46990160,      N/A    ,      N/A    ,  3.944495e+5
2025-09-07 09:00:00.000   ,      N/A    ,    686.38999,  -0.44932337,      N/A    ,      N/A    ,  3.785882e+5
2025-09-07 10:00:00.000   ,      N/A    ,    676.07788,  -0.42752320,      N/A    ,      N/A    ,  3.630290e+5
2025-09-07 11:00:00.000   ,      N/A    ,    665.76577,  -0.40440240,      N/A    ,      N/A    ,  3.477718e+5
2025-09-07 12:00:00.000   ,      N/A    ,    664.07760,  -0.40048423,      N/A    ,      N/A    ,  3.453029e+5
2025-09-07 13:00:00.000   ,      N/A    ,    662.38943,  -0.39652727,      N/A    ,      N/A    ,  3.428420e+5
2025-09-07 14:00:00.000   ,      N/A    ,    672.45694,  -0.41956048,      N/A    ,      N/A    ,  3.576373e+5
2025-09-07 15:00:00.000   ,      N/A    ,    681.69224,  -0.43954940,      N/A    ,      N/A    ,  3.714627e+5
2025-09-07 16:00:00.000   ,      N/A    ,    680.70906,  -0.43747092,      N/A    ,      N/A    ,  3.699793e+5
2025-09-07 17:00:00.000   ,      N/A    ,    679.72587,  -0.43538084,      N/A    ,      N/A    ,  3.684987e+5
2025-09-07 18:00:00.000   ,      N/A    ,    679.06891,  -0.43397775,      N/A    ,      N/A    ,  3.675109e+5
2025-09-07 19:00:00.000   ,      N/A    ,    681.03754,  -0.43816662,      N/A    ,      N/A    ,  3.704746e+5
2025-09-07 20:00:00.000   ,      N/A    ,    673.06485,  -0.42090889,      N/A    ,      N/A    ,  3.585399e+5
2025-09-07 21:00:00.000   ,      N/A    ,    665.09217,  -0.40284361,      N/A    ,      N/A    ,  3.467857e+5
2025-09-07 22:00:00.000   ,      N/A    ,    662.38943,  -0.39652727,      N/A    ,      N/A    ,  3.428420e+5
2025-09-07 23:00:00.000   ,    600.00000,    668.45196,  -0.41055818,   0.72000000,  1.061200e+5,  3.517171e+5
2025-09-08 00:00:00.000   ,    579.14237,    667.11050,  -0.40749603,    1.0034483,    97276.271,  3.497443e+5
2025-09-08 01:00:00.000   ,    577.81930,    688.19864,  -0.45301830,    1.7210526,    70238.596,  3.813483e+5
2025-09-08 02:00:00.000   ,    570.31897,    691.42470,  -0.45951723,    1.0200000,    92451.724,  3.862945e+5
2025-09-08 03:00:00.000   ,    566.75000,    685.60486,  -0.44770774,   0.49600000,  1.345317e+5,  3.773930e+5
2025-09-08 04:00:00.000   ,    576.14667,    683.97553,  -0.44433215,    1.1909091,  1.190117e+5,  3.749182e+5
2025-09-08 05:00:00.000   ,    580.46429,    682.34620,  -0.44092552,    2.1808511,  1.630873e+5,  3.724509e+5
2025-09-08 06:00:00.000   ,    550.30847,    677.40157,  -0.43039322,    2.4566038,    45283.929,  3.650093e+5
2025-09-08 07:00:00.000   ,    531.55345,    672.45694,  -0.41956048,   0.66792453,  1.003138e+5,  3.576373e+5
2025-09-08 08:00:00.000   ,    555.98519,    669.78372,  -0.41357479,   0.64615385,  1.296463e+5,  3.536806e+5
2025-09-08 09:00:00.000   ,    524.30877,    667.11050,  -0.40749603,   0.55526316,    87570.175,  3.497443e+5
2025-09-08 10:00:00.000   ,    504.35763,    667.11050,  -0.40749603,   0.88214286,    32412.069,  3.497443e+5
2025-09-08 11:00:00.000   ,    517.58814,    665.76577,  -0.40440240,    1.2603774,    50232.203,  3.477718e+5
2025-09-08 12:00:00.000   ,    501.87895,    662.37888,  -0.39650241,    1.2057692,    68373.684,  3.428267e+5
2025-09-08 13:00:00.000   ,    517.17143,    658.99199,  -0.38844420,   0.63921569,  1.407964e+5,  3.379141e+5
2025-09-08 14:00:00.000   ,    499.19286,    656.25852,  -0.38182237,   0.58666667,  1.507945e+5,  3.339731e+5
2025-09-08 15:00:00.000   ,    535.51071,    647.39739,  -0.35960050,   0.13636364,  2.401250e+5,  3.213432e+5
2025-09-08 16:00:00.000   ,    529.69818,    638.53625,  -0.33615851,    1.4181818,    53718.182,  3.089363e+5
2025-09-08 17:00:00.000   ,    508.03966,    629.67511,  -0.31140541,    1.3431373,    93986.207,  2.967525e+5
2025-09-08 18:00:00.000   ,    494.77119,    620.81398,  -0.28524157,    1.3519231,  1.062424e+5,  2.847917e+5
2025-09-08 19:00:00.000   ,    501.66333,    625.20213,  -0.29838119,    1.9880952,  1.142850e+5,  2.906870e+5
2025-09-08 20:00:00.000   ,    500.17679,    625.20213,  -0.29838119,    1.5741935,  1.090732e+5,  2.906870e+5
2025-09-08 21:00:00.000   ,    492.62807,    625.20213,  -0.29838119,    2.6468085,  1.074561e+5,  2.906870e+5
2025-09-08 22:00:00.000   ,    487.60333,    621.16426,  -0.28630393,    2.3301887,    96728.333,  2.852602e+5
2025-09-08 23:00:00.000   ,    490.34667,    617.12639,  -0.27391213,    1.6604167,  1.153233e+5,  2.798798e+5
2025-09-09 00:00:00.000   ,    468.54912,    617.12639,  -0.27391213,    1.3884615,    83782.456,  2.798798e+5
2025-09-09 01:00:00.000   ,    522.36271,    611.88583,  -0.25734227,    2.2396226,    89430.508,  2.729659e+5
2025-09-09 02:00:00.000   ,    530.05500,    606.64527,  -0.24019866,    2.0303571,  1.480317e+5,  2.661300e+5
2025-09-09 03:00:00.000   ,    487.34000,    605.12847,  -0.23512586,    2.0732143,  1.029933e+5,  2.641660e+5
2025-09-09 04:00:00.000   ,    472.61333,    612.66318,  -0.25983575,    2.5365385,  1.014783e+5,  2.739866e+5
2025-09-09 05:00:00.000   ,    497.69286,    608.36864,  -0.24590131,    2.6529412,    73283.929,  2.683694e+5
2025-09-09 06:00:00.000   ,    495.73103,    604.07410,  -0.23156963,    2.3700000,  1.128724e+5,  2.628047e+5
2025-09-09 07:00:00.000   ,    480.98833,    599.77956,  -0.21682548,    1.7360000,  2.230733e+5,  2.572923e+5
2025-09-09 08:00:00.000   ,    475.36102,    598.23959,  -0.21143490,    1.8263158,  1.746322e+5,  2.553284e+5
2025-09-09 09:00:00.000   ,    460.72364,    595.14363,  -0.20042785,    1.7244898,  1.289327e+5,  2.514005e+5
2025-09-09 10:00:00.000   ,    453.83448,    594.36557,  -0.19762538,    1.6075472,    96050.000,  2.504176e+5
2025-09-09 11:00:00.000   ,    455.87414,    593.58751,  -0.19480815,    1.8080000,    93787.931,  2.494365e+5
2025-09-09 12:00:00.000   ,    457.66071,    589.67290,  -0.18040635,    3.2840000,    92914.286,  2.445263e+5
2025-09-09 13:00:00.000   ,    474.60702,    586.51565,  -0.16850748,    2.4673913,  1.589842e+5,  2.405977e+5
2025-09-09 14:00:00.000   ,    465.48966,    584.52590,  -0.16087502,    3.0080000,  1.453414e+5,  2.381365e+5
2025-09-09 15:00:00.000   ,    476.78571,    582.53615,  -0.15313699,    2.5943396,  1.388214e+5,  2.356864e+5
2025-09-09 16:00:00.000   ,    480.26538,    579.32545,  -0.14042314,    1.5028571,  1.802231e+5,  2.317567e+5
2025-09-09 17:00:00.000   ,    489.18448,    578.11332,  -0.13554876,    3.3311111,  1.767828e+5,  2.302807e+5
2025-09-09 18:00:00.000   ,    486.94655,    576.90119,  -0.13063280,    2.4000000,  1.430569e+5,  2.288089e+5
2025-09-09 19:00:00.000   ,    484.62667,    572.00967,  -0.11036233,    2.4347826,  1.097417e+5,  2.229120e+5
2025-09-09 20:00:00.000   ,    493.37586,    569.54181,  -0.09986536,    2.1888889,  1.197121e+5,  2.199626e+5
2025-09-09 21:00:00.000   ,    495.72203,    571.59423,  -0.10860815,    1.8052632,  1.248898e+5,  2.224142e+5
2025-09-09 22:00:00.000   ,    504.05333,    573.64665,  -0.11722419,    2.9800000,  1.225750e+5,  2.248778e+5
2025-09-09 23:00:00.000   ,    515.69833,    570.76741,  -0.10510149,    2.9062500,  1.405983e+5,  2.214252e+5
2025-09-10 00:00:00.000   ,    502.78667,    567.88817,  -0.09272735,    2.3500000,  1.396417e+5,  2.179960e+5
2025-09-10 01:00:00.000   ,    510.63621,    563.72396,  -0.07437167,    2.5684211,  1.094621e+5,  2.130781e+5
2025-09-10 02:00:00.000   ,    514.24915,    562.04236,  -0.06680105,    2.0475000,  1.487085e+5,  2.111061e+5
2025-09-10 03:00:00.000   ,    512.61167,    560.36077,  -0.05913716,    1.6171429,  1.519550e+5,  2.091422e+5
2025-09-10 04:00:00.000   ,    525.21186,    556.11559,  -0.03936442,    1.5266667,  1.524763e+5,  2.042199e+5
2025-09-10 05:00:00.000   ,    532.88814,    553.53708,  -0.02704876,    1.3500000,  1.343220e+5,  2.012552e+5
2025-09-10 06:00:00.000   ,    536.98333,    550.95858,  -0.01449473,    1.2350877,  1.266617e+5,  1.983093e+5
2025-09-10 07:00:00.000   ,    527.81167,    547.48100,   0.00282520,    1.2054545,  1.096600e+5,  1.943661e+5
2025-09-10 08:00:00.000   ,    541.46250,    545.28432,   0.01400200,   0.94716981,  1.065607e+5,  1.918931e+5
2025-09-10 09:00:00.000   ,    530.00000,    543.08764,   0.02536671,   0.57111111,  1.338519e+5,  1.894337e+5
2025-09-10 10:00:00.000   ,    506.15965,    540.86416,   0.03706571,    1.7306122,  1.227877e+5,  1.869583e+5
2025-09-10 11:00:00.000   ,    510.43220,    538.64069,   0.04896608,    1.2647059,  1.113186e+5,  1.844969e+5
2025-09-10 12:00:00.000   ,    495.22712,    535.48055,   0.06623527,    1.3630435,  1.187780e+5,  1.810228e+5
2025-09-10 13:00:00.000   ,    493.53929,    532.32041,   0.08393444,    1.3804348,  1.241232e+5,  1.775771e+5
2025-09-10 14:00:00.000   ,    487.28214,    526.81037,   0.11586663,    2.0083333,  1.152446e+5,  1.716370e+5
2025-09-10 15:00:00.000   ,    480.77778,    524.47998,   0.12979793,    1.8900000,  1.313241e+5,  1.691507e+5
2025-09-10 16:00:00.000   ,    497.01207,    522.14959,   0.14399176,    2.2192308,    96932.759,  1.666797e+5
2025-09-10 17:00:00.000   ,    483.89107,    519.30933,   0.16165569,    2.4274510,    87800.000,  1.636891e+5
2025-09-10 18:00:00.000   ,    472.51250,    516.46907,   0.17973192,    1.7595745,    89664.286,  1.607213e+5
2025-09-10 19:00:00.000   ,    475.84483,    513.09127,   0.20178385,    1.5744681,    97074.138,  1.572217e+5
2025-09-10 20:00:00.000   ,    481.97544,    509.71347,   0.22445992,    1.6163265,    87208.772,  1.537545e+5
2025-09-10 21:00:00.000   ,    473.71273,    507.75037,   0.23793485,    1.7577778,    72716.364,  1.517543e+5
2025-09-10 22:00:00.000   ,    462.87679,    505.78727,   0.25163345,    1.9769231,    65267.857,  1.497651e+5
2025-09-10 23:00:00.000   ,    465.23684,    501.75669,   0.28048134,    1.8283019,    65870.175,  1.457152e+5
2025-09-11 00:00:00.000   ,    465.48814,    497.72610,   0.31033818,    1.8800000,    76930.508,  1.417114e+5
2025-09-11 01:00:00.000   ,    457.73833,    493.69552,   0.34125157,    1.8145833,    89683.333,  1.377538e+5
2025-09-11 02:00:00.000   ,    452.14655,    490.57650,   0.36593058,    2.1652174,    91068.966,  1.347229e+5
2025-09-11 03:00:00.000   ,    468.70000,    487.45748,   0.39129706,    2.2053571,    55993.333,  1.317196e+5
2025-09-11 04:00:00.000   ,    464.31167,    484.80446,   0.41343393,    2.4000000,    45496.667,  1.291868e+5
2025-09-11 05:00:00.000   ,    455.34310,    482.15144,   0.43610337,    2.7145455,    48677.586,  1.266740e+5
2025-09-11 06:00:00.000   ,    449.84828,    480.00000,   0.45488981,    2.6259259,    81353.448,  1.246509e+5
2025-09-11 07:00:00.000   ,    448.68000,    477.82239,   0.47428266,    2.7067797,    69746.667,  1.226166e+5
2025-09-11 08:00:00.000   ,    440.49167,    475.64478,   0.49406586,    2.7237288,    57510.000,  1.205958e+5
2025-09-11 09:00:00.000   ,    433.65333,    472.87102,   0.51984689,    2.5137931,    62970.000,  1.180412e+5
2025-09-11 10:00:00.000   ,    431.67719,    470.09727,   0.54630102,    2.7140351,    53484.211,  1.155085e+5
2025-09-11 11:00:00.000   ,    428.80185,    467.26184,   0.57406370,    2.9830189,    43225.926,  1.129421e+5
2025-09-11 12:00:00.000   ,    423.95536,    464.42641,   0.60258084,    2.6821429,    35914.286,  1.103985e+5
2025-09-11 13:00:00.000   ,    421.14821,    461.52422,   0.63257950,    2.9545455,    33535.714,  1.078187e+5
2025-09-11 14:00:00.000   ,    423.40000,    458.62203,   0.66342843,    3.2245614,    50201.724,  1.052628e+5
2025-09-11 15:00:00.000   ,    424.33103,    456.23600,   0.68945054,    2.9750000,    44043.103,  1.031794e+5
2025-09-11 16:00:00.000   ,    414.29474,    453.84997,   0.71608807,    2.7684211,    41892.982,  1.011122e+5
2025-09-11 17:00:00.000   ,    410.82167,    451.46394,   0.74336060,    2.6350000,    38091.667,    99061.079
2025-09-11 18:00:00.000   ,    417.92364,    448.39297,   0.77942963,    3.0600000,    28187.273,    96445.011
2025-09-11 19:00:00.000   ,    414.47931,    445.32199,   0.81662972,    3.0275862,    27601.724,    93855.730
2025-09-11 20:00:00.000   ,    414.38966,    442.16191,   0.85614027,    3.4155172,    25460.345,    91219.287
2025-09-11 21:00:00.000   ,    405.10678,    439.00183,   0.89695398,    2.8225000,    74318.644,    88611.207
2025-09-11 22:00:00.000   ,    396.31186,    436.82920,   0.92580030,    2.3618182,    83208.475,    86834.544
2025-09-11 23:00:00.000   ,    405.06250,    434.65657,   0.95530965,    2.1800000,    78189.286,    85071.288
2025-09-12 00:00:00.000   ,    400.94667,    432.48395,   0.98550250,    2.9677966,    55378.333,    83321.439
2025-09-12 01:00:00.000   ,    395.71833,    428.42599,    1.0438002,    3.5543860,    40753.333,    80089.039
2025-09-12 02:00:00.000   ,    393.35333,    424.36803,    1.1047037,    3.2550000,    28115.000,    76903.408
2025-09-12 03:00:00.000   ,    399.96379,    422.49726,    1.1337017,    3.5706897,    22434.483,    75450.541
2025-09-12 04:00:00.000   ,    407.19167,    420.62649,    1.1633032,    3.9824561,    25166.102,    74007.613
2025-09-12 05:00:00.000   ,    400.01667,    418.75571,    1.1935249,    3.8593220,    28405.085,    72574.626
2025-09-12 06:00:00.000   ,    388.92333,    415.85818,    1.2415989,    3.1203390,    34518.333,    70374.779
2025-09-12 07:00:00.000   ,    382.34667,    412.96066,    1.2912709,    3.3965517,    36778.333,    68198.778
2025-09-12 08:00:00.000   ,    385.72667,    410.96049,    1.3265289,    2.6122807,    63233.333,    66710.597
2025-09-12 09:00:00.000   ,    383.07119,    408.96033,    1.3626071,    2.0898305,    55254.237,    65233.779
2025-09-12 10:00:00.000   ,    376.65357,    406.96017,    1.3995310,    2.9571429,    22846.429,    63768.324
2025-09-12 11:00:00.000   ,    383.78448,    404.34923,    1.4490470,    3.1603448,    25362.069,    61872.472
2025-09-12 12:00:00.000   ,    384.47627,    401.73830,    1.5001117,    4.0949153,    25736.207,    59995.981
2025-09-12 13:00:00.000   ,    387.57333,    399.12736,    1.5527902,    3.8333333,    23040.678,    58138.852
2025-09-12 14:00:00.000   ,    379.04286,    396.67550,    1.6037900,    3.1946429,    32773.214,    56412.499
2025-09-12 15:00:00.000   ,    398.99815,    394.22364,    1.6563335,    3.4722222,    25896.296,    54703.220
2025-09-12 16:00:00.000   ,    394.95455,    392.54075,    1.6933238,    3.2945455,    25916.364,    53539.901
2025-09-12 17:00:00.000   ,    396.70172,    390.85786,    1.7310921,    3.3258621,    26955.172,    52384.626
2025-09-12 18:00:00.000   ,    381.62321,    394.22364,    1.6563335,    4.0436364,    24357.143,    54703.220
2025-09-12 19:00:00.000   ,    379.83571,    394.22364,    1.6563335,    3.7678571,    24714.286,    54703.220
2025-09-12 20:00:00.000   ,    375.31754,    403.87439,    1.4582168,    3.9385965,    25150.000,    61529.762
2025-09-12 21:00:00.000   ,    377.24576,    594.36625,  -0.19762786,    3.0169492,    26603.448,  2.504185e+5
2025-09-12 22:00:00.000   ,    370.48833,    630.99235,  -0.31517178,    3.5372881,    31396.667,  2.985495e+5
2025-09-12 23:00:00.000   ,    365.90167,    634.57717,  -0.32526678,    3.9366667,    23556.667,  3.034651e+5
2025-09-13 00:00:00.000   ,    366.53833,    647.27636,  -0.35928874,    5.0250000,    22378.333,  3.211722e+5
2025-09-13 01:00:00.000   ,    363.39833,    665.09217,  -0.40284361,    4.9533333,    21303.333,  3.467857e+5
2025-09-13 02:00:00.000   ,    361.20333,    692.71017,  -0.46207458,    4.9333333,    17525.424,  3.882736e+5
2025-09-13 03:00:00.000   ,    360.24310,    703.43078,  -0.48271324,    4.3982759,    21110.345,  4.049618e+5
2025-09-13 04:00:00.000   ,    358.41356,    714.15140,  -0.50218653,    4.1559322,    20562.712,  4.219765e+5
2025-09-13 05:00:00.000   ,    358.17500,    720.93093,  -0.51393892,    4.3483333,    18500.000,  4.329048e+5
2025-09-13 06:00:00.000   ,    353.58772,    743.22098,  -0.54977980,    3.7245614,    20412.281,  4.697555e+5
2025-09-13 07:00:00.000   ,    350.13214,    747.34144,  -0.55596961,    3.9267857,    25780.357,  4.767221e+5
2025-09-13 08:00:00.000   ,    347.74643,    751.46189,  -0.56203264,    3.4071429,    52616.071,  4.837369e+5
2025-09-13 09:00:00.000   ,    355.37759,    761.91233,  -0.57686439,    3.9327586,    37113.793,  5.017444e+5
2025-09-13 10:00:00.000   ,    368.37018,    760.46884,  -0.57486097,    4.4666667,    32729.825,  4.992386e+5
2025-09-13 11:00:00.000   ,    357.72586,    759.02536,  -0.57284329,    3.9431034,    28805.172,  4.967388e+5
2025-09-13 12:00:00.000   ,    352.31228,    763.06375,  -0.57845232,    3.7618182,    33836.842,  5.037474e+5
2025-09-13 13:00:00.000   ,    346.30169,    765.93400,  -0.58237198,    3.2644068,    35301.695,  5.087570e+5
2025-09-13 14:00:00.000   ,    348.48983,    770.50204,  -0.58849838,    2.9847458,    37491.525,  5.167779e+5
2025-09-13 15:00:00.000   ,    353.91000,    772.77500,  -0.59149664,    2.8551724,    34695.000,  5.207911e+5
2025-09-13 16:00:00.000   ,    346.22679,    774.47496,  -0.59371768,    2.7446429,    41876.786,  5.238021e+5
2025-09-13 17:00:00.000   ,    349.27069,    774.47496,  -0.59371768,    2.9965517,    45332.759,  5.238021e+5
2025-09-13 18:00:00.000   ,    344.98571,    776.73527,  -0.59664289,    3.5982143,    32378.571,  5.278184e+5
2025-09-13 19:00:00.000   ,    346.50517,    777.29923,  -0.59736783,    4.3413793,    30687.931,  5.288227e+5
2025-09-13 20:00:00.000   ,    350.10182,    777.01725,  -0.59700560,    5.2400000,    28092.727,  5.283204e+5
2025-09-13 21:00:00.000   ,    350.32500,    776.73527,  -0.59664289,    6.5781818,    18910.714,  5.278184e+5
2025-09-13 22:00:00.000   ,    346.85500,    777.29923,  -0.59736783,    6.8950000,    15858.333,  5.288227e+5
2025-09-13 23:00:00.000   ,    355.74833,    769.93265,  -0.58774213,    3.8457627,    84260.000,  5.157749e+5
2025-09-14 00:00:00.000   ,    360.28667,    770.50204,  -0.58849838,    6.1916667,    53908.333,  5.167779e+5
2025-09-14 01:00:00.000   ,    358.97667,    771.07097,  -0.58925194,    7.2982759,    65466.667,  5.177810e+5
2025-09-14 02:00:00.000   ,    359.03500,    771.07097,  -0.58925194,    7.1000000,    99906.667,  5.177810e+5
2025-09-14 03:00:00.000   ,    355.62667,    771.07097,  -0.58925194,    6.8941176,    96723.333,  5.177810e+5
2025-09-14 04:00:00.000   ,    352.31356,    769.64635,  -0.58736108,    6.7568966,    82098.305,  5.152709e+5
2025-09-14 05:00:00.000   ,    353.08103,    768.22173,  -0.58545713,    10.342222,    85444.828,  5.127665e+5
2025-09-14 06:00:00.000   ,    347.65439,    767.65050,  -0.58469000,    7.3821429,    75656.140,  5.117640e+5
2025-09-14 07:00:00.000   ,    344.39138,    767.07880,  -0.58392010,    6.7948276,    76136.207,  5.107615e+5
2025-09-14 08:00:00.000   ,    338.42321,    764.21327,  -0.58002872,    5.9410714,    65494.643,  5.057509e+5
2025-09-14 09:00:00.000   ,    330.82909,    759.60372,  -0.57365344,    4.6927273,    50445.455,  4.977397e+5
2025-09-14 10:00:00.000   ,    330.11404,    756.70704,  -0.56957259,    5.4736842,    52008.772,  4.927362e+5
2025-09-14 11:00:00.000   ,    328.13167,    755.25255,  -0.56750138,    5.6186441,    52260.000,  4.902329e+5
2025-09-14 12:00:00.000   ,    326.87167,    753.79806,  -0.56541518,    5.6788462,    46931.667,  4.877355e+5
2025-09-14 13:00:00.000   ,    331.30000,    752.04669,  -0.56288306,    7.1696429,    37996.552,  4.847364e+5
2025-09-14 14:00:00.000   ,    339.55763,    748.53031,  -0.55773182,    9.1983051,    61576.271,  4.787411e+5
2025-09-14 15:00:00.000   ,    351.11017,    744.40448,  -0.55157086,    12.698305,    66130.508,  4.717515e+5
2025-09-14 16:00:00.000   ,    354.38621,    736.57996,  -0.53952768,    16.503448,    62324.138,  4.586287e+5
2025-09-14 17:00:00.000   ,    360.61379,    728.75544,  -0.52699275,    16.357895,    67520.690,  4.456798e+5
2025-09-14 18:00:00.000   ,    373.98276,    720.93093,  -0.51393892,    20.737037,    83610.345,  4.329048e+5
2025-09-14 19:00:00.000   ,    426.96000,    731.87054,  -0.53204376,    11.364706,  2.201917e+5,  4.508142e+5
2025-09-14 20:00:00.000   ,    466.09483,    724.30503,  -0.51963346,    6.2347826,  2.467086e+5,  4.383923e+5
2025-09-14 21:00:00.000   ,    469.17193,    716.73952,  -0.50672286,    6.1783784,  3.519281e+5,  4.261330e+5
2025-09-14 22:00:00.000   ,    490.59833,    709.17401,  -0.49328468,    5.5772727,  2.763917e+5,  4.140363e+5
2025-09-14 23:00:00.000   ,    581.45667,    706.67012,  -0.48871605,    4.8078431,  2.734583e+5,  4.100686e+5
2025-09-15 00:00:00.000   ,    630.13167,    704.78251,  -0.48523091,    2.5981481,  3.526333e+5,  4.070892e+5
2025-09-15 01:00:00.000   ,    657.05667,    702.89490,  -0.48171002,    2.1981132,  4.181000e+5,  4.041199e+5
2025-09-15 02:00:00.000   ,    682.13667,    706.67012,  -0.48871605,    1.8822222,  4.983017e+5,  4.100686e+5
2025-09-15 03:00:00.000   ,    706.63500,    704.78251,  -0.48523091,    2.9767442,  4.232950e+5,  4.070892e+5
2025-09-15 04:00:00.000   ,    703.27167,    702.89490,  -0.48171002,    2.4782609,  3.845167e+5,  4.041199e+5
2025-09-15 05:00:00.000   ,    695.78621,    697.80253,  -0.47202919,    3.5837209,  3.805483e+5,  3.961599e+5
2025-09-15 06:00:00.000   ,    693.42203,    692.71017,  -0.46207458,    2.5600000,  4.958475e+5,  3.882736e+5
2025-09-15 07:00:00.000   ,    640.13000,    688.38207,  -0.45339096,    1.4034483,  4.410683e+5,  3.816288e+5
2025-09-15 08:00:00.000   ,    619.02407,    684.05397,  -0.44449537,    1.5871795,  3.194407e+5,  3.750371e+5
2025-09-15 09:00:00.000   ,    612.80351,    679.72587,  -0.43538084,    2.6659091,  2.449474e+5,  3.684987e+5
2025-09-15 10:00:00.000   ,    635.68421,    675.77262,  -0.42685825,    2.7309524,  4.445088e+5,  3.625730e+5
2025-09-15 11:00:00.000   ,    612.01525,    670.45806,  -0.41509342,    3.1800000,  3.442593e+5,  3.546768e+5
2025-09-15 12:00:00.000   ,    635.27458,    669.11985,  -0.41207394,    2.9615385,  3.836271e+5,  3.527012e+5
2025-09-15 13:00:00.000   ,    653.56724,    667.78164,  -0.40903101,    3.5236842,  4.127069e+5,  3.507306e+5
2025-09-15 14:00:00.000   ,    646.41000,    664.41774,  -0.40127677,    3.5593750,  3.605750e+5,  3.457997e+5
2025-09-15 15:00:00.000   ,    626.35000,    659.67319,  -0.39007785,    2.7628571,  3.305700e+5,  3.388995e+5
2025-09-15 16:00:00.000   ,    647.80727,    656.93620,  -0.38347404,    3.0000000,  4.226836e+5,  3.349481e+5
2025-09-15 17:00:00.000   ,    666.03571,    654.19921,  -0.37676239,    3.2900000,  5.495000e+5,  3.310180e+5
2025-09-15 18:00:00.000   ,    673.92667,    650.03997,  -0.36635132,    3.4666667,  5.617333e+5,  3.250864e+5
2025-09-15 19:00:00.000   ,    666.41552,    645.88074,  -0.35567719,    3.2552632,  4.881034e+5,  3.192038e+5
2025-09-15 20:00:00.000   ,    714.85667,    640.96618,  -0.34271333,    1.9976744,  2.922333e+5,  3.123164e+5
2025-09-15 21:00:00.000   ,    717.63273,    638.12862,  -0.33504931,    1.5974359,  2.730000e+5,  3.083710e+5
2025-09-15 22:00:00.000   ,    746.69833,    635.29106,  -0.32725047,    1.8603774,  3.314500e+5,  3.044484e+5
2025-09-15 23:00:00.000   ,    750.21167,    631.71138,  -0.31721468,    2.1000000,  2.904833e+5,  2.995326e+5
2025-09-16 00:00:00.000   ,    777.24833,    627.72760,  -0.30577968,    2.4593220,  2.600333e+5,  2.941046e+5
2025-09-16 01:00:00.000   ,    752.11833,    623.74382,  -0.29405500,    1.8327586,  2.740167e+5,  2.887217e+5
2025-09-16 02:00:00.000   ,    758.54167,    620.43510,  -0.28408982,    2.3440678,  2.611167e+5,  2.842852e+5
2025-09-16 03:00:00.000   ,    748.89831,    617.12639,  -0.27391213,    2.1779661,  2.695763e+5,  2.798798e+5
2025-09-16 04:00:00.000   ,    743.63966,    611.91518,  -0.25743665,    3.2208333,  2.787780e+5,  2.730044e+5
2025-09-16 05:00:00.000   ,    745.14444,    608.52182,  -0.24640509,    1.7791667,  2.877593e+5,  2.685689e+5
2025-09-16 06:00:00.000   ,    738.80517,    605.12847,  -0.23512586,    1.9978261,  2.811379e+5,  2.641660e+5
2025-09-16 07:00:00.000   ,    722.00333,    602.06935,  -0.22473916,    1.7384615,  2.589833e+5,  2.602249e+5
2025-09-16 08:00:00.000   ,    716.81053,    599.01024,  -0.21413944,    4.6020408,  3.063000e+5,  2.563103e+5
2025-09-16 09:00:00.000   ,    712.44746,    595.90881,  -0.20316963,    1.7035088,  1.953085e+5,  2.523688e+5
2025-09-16 10:00:00.000   ,    720.96552,    592.80738,  -0.19196851,    1.7120690,  1.795000e+5,  2.484545e+5
2025-09-16 11:00:00.000   ,    724.88448,    585.72271,  -0.16547837,    1.5314815,  2.313345e+5,  2.396155e+5
2025-09-16 12:00:00.000   ,    707.99483,    582.52408,  -0.15308972,    1.6754717,  2.263793e+5,  2.356716e+5
2025-09-16 13:00:00.000   ,    723.77193,    579.32545,  -0.14042314,    1.1000000,  1.686737e+5,  2.317567e+5
2025-09-16 14:00:00.000   ,    722.46964,    574.84578,  -0.12220041,   0.62500000,  2.141446e+5,  2.263227e+5
2025-09-16 15:00:00.000   ,    703.00000,    570.36610,  -0.10339201,   0.57659574,  2.443927e+5,  2.209458e+5
2025-09-16 16:00:00.000   ,    709.57000,    567.04503,  -0.08905516,   0.80701754,  2.165650e+5,  2.169963e+5
2025-09-16 17:00:00.000   ,    712.72000,    563.72396,  -0.07437167,   0.79107143,  2.156650e+5,  2.130781e+5
2025-09-16 18:00:00.000   ,    702.73750,    559.91977,  -0.05711170,   0.88846154,  1.515393e+5,  2.086285e+5
2025-09-16 19:00:00.000   ,    697.88966,    556.11559,  -0.03936442,   0.71346154,  1.714310e+5,  2.042199e+5
2025-09-16 20:00:00.000   ,    700.32931,    550.88574,  -0.01413655,    1.3086207,  1.458776e+5,  1.982263e+5
2025-09-16 21:00:00.000   ,    694.08475,    545.65589,   0.01209832,    1.0379310,  1.491915e+5,  1.923104e+5
2025-09-16 22:00:00.000   ,    696.39138,    540.42605,   0.03939450,   0.77586207,  1.817310e+5,  1.864722e+5
2025-09-16 23:00:00.000   ,    699.85500,    537.73451,   0.05387493,   0.68135593,  1.801867e+5,  1.834978e+5
2025-09-17 00:00:00.000   ,    691.87000,    535.04297,   0.06866008,    1.1949153,  1.428000e+5,  1.805440e+5
2025-09-17 01:00:00.000   ,    664.23500,    531.38892,   0.08923563,    1.0072727,  1.036417e+5,  1.765669e+5
2025-09-17 02:00:00.000   ,    666.74667,    527.73487,   0.11041118,   0.94310345,  1.568750e+5,  1.726276e+5
2025-09-17 03:00:00.000   ,    656.94746,    524.47224,   0.12984465,   0.71111111,  1.787729e+5,  1.691424e+5
2025-09-17 04:00:00.000   ,    658.93667,    521.20960,   0.14979279,   0.91730769,  1.561900e+5,  1.656874e+5
2025-09-17 05:00:00.000   ,    670.15500,    517.40043,   0.17375823,   0.96500000,  1.305117e+5,  1.616919e+5
2025-09-17 06:00:00.000   ,    666.69483,    513.59127,   0.19848084,    1.1372881,  1.290483e+5,  1.577377e+5
2025-09-17 07:00:00.000   ,    650.03051,    511.31867,   0.21360449,   0.66140351,  1.206169e+5,  1.553981e+5
2025-09-17 08:00:00.000   ,    649.59167,    509.04607,   0.22901623,   0.77818182,  1.789333e+5,  1.530733e+5
2025-09-17 09:00:00.000   ,    630.76667,    506.77348,   0.24472341,   0.41777778,  1.795717e+5,  1.507631e+5
2025-09-17 10:00:00.000   ,    642.30345,    503.28793,   0.26940548,   0.57894737,  1.461224e+5,  1.472483e+5
2025-09-17 11:00:00.000   ,    634.95500,    499.80239,   0.29482904,   0.63125000,  1.381850e+5,  1.437681e+5
2025-09-17 12:00:00.000   ,    629.24655,    496.23380,   0.32165786,   0.43191489,  1.448241e+5,  1.402407e+5
2025-09-17 13:00:00.000   ,    627.37333,    492.66522,   0.34932924,   0.84576271,  1.234333e+5,  1.367495e+5
2025-09-17 14:00:00.000   ,    615.45263,    490.06135,   0.37007214,   0.78518519,  1.208877e+5,  1.342249e+5
2025-09-17 15:00:00.000   ,    612.20172,    487.45748,   0.39129706,   0.42692308,  1.377052e+5,  1.317196e+5
2025-09-17 16:00:00.000   ,    600.17931,    483.72874,   0.42256056,   0.46666667,  1.071103e+5,  1.281655e+5
2025-09-17 17:00:00.000   ,    583.15517,    480.00000,   0.45488981,   0.51860465,    81212.069,  1.246509e+5
2025-09-17 18:00:00.000   ,    579.16897,    477.07211,   0.48105419,   0.60000000,  1.017276e+5,  1.219188e+5
2025-09-17 19:00:00.000   ,    570.30500,    474.14422,   0.50793078,   0.69827586,    56726.667,  1.192111e+5
2025-09-17 20:00:00.000   ,    567.33455,    471.21634,   0.53554564,   0.74423077,    63820.000,  1.165277e+5
2025-09-17 21:00:00.000   ,    569.28966,    467.40893,   0.57260513,   0.63684211,    72665.517,  1.130747e+5
2025-09-17 22:00:00.000   ,    554.52364,    463.60153,   0.61102260,   0.85283019,    72367.273,  1.096628e+5
2025-09-17 23:00:00.000   ,    570.98214,    459.79413,   0.65086522,   0.51090909,    75001.786,  1.062922e+5
2025-09-18 00:00:00.000   ,    545.53667,    456.23329,   0.68948053,   0.96603774,    82010.000,  1.031770e+5
2025-09-18 01:00:00.000   ,    540.31167,    452.67244,   0.72946673,    1.0237288,    78555.000,  1.000979e+5
2025-09-18 02:00:00.000   ,    529.61667,    449.80589,   0.76269695,    1.2152542,    65331.667,    97645.311
2025-09-18 03:00:00.000   ,    564.37458,    446.93934,   0.79689418,   0.86666667,    83325.424,    95216.054
2025-09-18 04:00:00.000   ,    541.52333,    444.07279,   0.83209633,    1.2220339,    73880.000,    92810.137
2025-09-18 05:00:00.000   ,    548.93667,    441.53731,   0.86410212,   0.59649123,  1.105533e+5,    90701.542
2025-09-18 06:00:00.000   ,    551.16441,    439.00183,   0.89695398,   0.50169492,    87949.153,    88611.207
2025-09-18 07:00:00.000   ,    531.39831,    436.38611,   0.93176411,    1.0490909,  1.079373e+5,    86473.848
2025-09-18 08:00:00.000   ,    530.28305,    433.77038,   0.96754129,    1.6847458,    79388.136,    84355.923
2025-09-18 09:00:00.000   ,    528.68909,    431.15466,    1.0043217,    1.3600000,    86583.636,    82257.430
2025-09-18 10:00:00.000   ,    525.40185,    427.76134,    1.0535930,    1.2041667,  1.047685e+5,    79564.067
2025-09-18 11:00:00.000   ,    534.28036,    424.36803,    1.1047037,   0.96250000,    89689.286,    76903.408
2025-09-18 12:00:00.000   ,    533.34483,    422.49726,    1.1337017,   0.80714286,    93110.345,    75450.541
2025-09-18 13:00:00.000   ,    522.74655,    420.62649,    1.1633032,   0.97735849,    99560.345,    74007.613
2025-09-18 14:00:00.000   ,    518.23509,    418.75571,    1.1935249,   0.95098039,  1.172982e+5,    72574.626
2025-09-18 15:00:00.000   ,    524.53860,    415.85818,    1.2415989,   0.82884615,    83089.474,    70374.779
2025-09-18 16:00:00.000   ,    525.83729,    412.96066,    1.2912709,    1.0200000,    52238.983,    68198.778
2025-09-18 17:00:00.000   ,    514.46000,    409.93190,    1.3449782,    1.5783333,    51645.000,    65949.718
2025-09-18 18:00:00.000   ,    508.33220,    406.90315,    1.4005963,    1.3898305,    56216.949,    63726.713
2025-09-18 19:00:00.000   ,    493.49286,    403.87439,    1.4582168,    1.0875000,    54094.643,    61529.762
2025-09-18 20:00:00.000   ,    488.54667,    401.75329,    1.4998138,   0.99259259,    64560.000,    60006.703
2025-09-18 21:00:00.000   ,    490.16833,    399.63219,    1.5424757,    1.3084746,    60251.667,    58496.422
2025-09-18 22:00:00.000   ,    502.53833,    397.51109,    1.5862390,   0.97333333,    54453.333,    56998.919
2025-09-18 23:00:00.000   ,    469.59492,    397.11102,    1.5946199,   0.67500000,    63938.983,    56717.906
2025-09-19 00:00:00.000   ,    454.01607,    396.71096,    1.6030415,   0.75818182,    63078.571,    56437.347
2025-09-19 01:00:00.000   ,    444.58833,    396.31090,    1.6115042,   0.63898305,    85881.667,    56157.242
2025-09-19 02:00:00.000   ,    434.97667,    395.91083,    1.6200082,   0.56333333,    82678.333,    55877.592
2025-09-19 03:00:00.000   ,    437.21356,    393.60783,    1.6697800,   0.55666667,    88583.051,    54276.606
2025-09-19 04:00:00.000   ,    430.02667,    391.30483,    1.7209837,   0.86833333,    75086.667,    52690.683
2025-09-19 05:00:00.000   ,    423.79333,    389.00183,    1.7736746,   0.70166667,    70985.000,    51119.824
2025-09-19 06:00:00.000   ,    423.16167,    386.69883,    1.8279111,   0.50833333,    84631.667,    49564.030
2025-09-19 07:00:00.000   ,    422.64746,    384.39583,    1.8837540,   0.48793103,    86262.712,    48023.299
2025-09-19 08:00:00.000   ,    424.22456,    384.16083,    1.8895451,   0.75098039,  1.037825e+5,    47866.929
2025-09-19 09:00:00.000   ,    414.85000,    382.72583,    1.9252891,   0.70000000,    62967.308,    46915.475
2025-09-19 10:00:00.000   ,    410.67500,    381.67833,    1.9518014,   0.89636364,    54905.357,    46224.639
2025-09-19 11:00:00.000   ,    404.38750,    380.63083,    1.9786759,    1.0982143,    53042.857,    45536.920
2025-09-19 12:00:00.000   ,    399.49483,    378.84333,    2.0253906,    1.1537037,    49710.345,    44370.563
2025-09-19 13:00:00.000   ,    399.11525,    377.05583,    2.0732129,    1.2450000,    52815.254,    43213.280
2025-09-19 14:00:00.000   ,    397.21864,    380.58083,    1.9799678,    1.0966667,    66088.136,    45504.171
2025-09-19 15:00:00.000   ,    395.56034,    383.11383,    1.9155594,    1.0982456,    64403.448,    47172.155
2025-09-19 16:00:00.000   ,    387.38214,    385.64683,    1.8532168,    1.0910714,    51458.929,    48858.361
2025-09-19 17:00:00.000   ,    385.36842,    384.75462,    1.8749460,    1.2379310,    49540.351,    48262.340
2025-09-19 18:00:00.000   ,    381.48667,    383.86241,    1.8969243,    1.3133333,    42688.333,    47668.581
2025-09-19 19:00:00.000   ,    381.74561,    381.10598,    1.9664403,    1.0596491,    54324.561,    45848.483
2025-09-19 20:00:00.000   ,    384.18929,    378.34955,    2.0384889,   0.90909091,    67275.000,    44049.965
2025-09-19 21:00:00.000   ,    384.59667,    378.34955,    2.0384889,    1.0962963,    73693.333,    44049.965
2025-09-19 22:00:00.000   ,    378.88833,    378.34955,    2.0384889,    1.1372881,    65055.000,    44049.965
2025-09-19 23:00:00.000   ,    374.43833,    377.40169,    2.0638719,    1.1500000,    64233.333,    43436.491
2025-09-20 00:00:00.000   ,    368.83966,    376.45383,    2.0895743,    1.2728814,    53312.069,    42825.568
2025-09-20 01:00:00.000   ,    367.14237,    374.50932,    2.1433245,    1.1000000,    54962.712,    41580.265
2025-09-20 02:00:00.000   ,    373.34333,    372.56482,    2.1984897,    1.2305085,    60270.000,    40345.702
2025-09-20 03:00:00.000   ,    370.98983,    371.56611,    2.2273891,    1.4363636,    72494.915,    39715.796
2025-09-20 04:00:00.000   ,    360.74667,    370.56739,    2.2566820,    2.0016667,    51331.667,    39088.723
2025-09-20 05:00:00.000   ,    357.86833,    368.59661,    2.3156686,    2.2950000,    43616.667,    37859.616
2025-09-20 06:00:00.000   ,    358.52833,    366.62583,    2.3762725,    1.8368421,    67056.667,    36641.541
2025-09-20 07:00:00.000   ,    354.42833,    364.83083,    2.4329285,    2.1457627,    54523.333,    35541.709
2025-09-20 08:00:00.000   ,    355.56780,    363.47583,    2.4766466,    2.6407407,    82552.542,    34717.536
2025-09-20 09:00:00.000   ,    349.46724,    362.12083,    2.5212052,    2.7771930,    36313.793,    33898.577
2025-09-20 10:00:00.000   ,    353.09655,    359.98250,    2.5932859,    3.4614035,    33970.690,    32616.781
2025-09-20 11:00:00.000   ,    353.43898,    357.84417,    2.6676028,    3.2339286,    41852.542,    31347.973
2025-09-20 12:00:00.000   ,    348.00351,    355.70583,    2.7442494,    2.7517857,    39336.842,    30092.151
2025-09-20 13:00:00.000   ,    341.63448,    365.11604,    2.4238317,    2.5534483,    40148.276,    35715.847
2025-09-20 14:00:00.000   ,    348.78103,    374.52624,    2.1428509,    3.8224138,    30975.862,    41591.052
2025-09-20 15:00:00.000   ,    342.09107,    373.20662,    2.1801223,    2.9839286,    43819.643,    40751.996
2025-09-20 16:00:00.000   ,    342.09434,    371.88701,    2.2180607,    3.1549020,    34915.094,    39917.886
2025-09-20 17:00:00.000   ,    344.97895,    370.56739,    2.2566820,    2.4508772,    31396.491,    39088.723
2025-09-20 18:00:00.000   ,    342.98667,    378.34955,    2.0384889,    2.9508475,    31408.333,    44049.965
2025-09-20 19:00:00.000   ,    340.36071,    378.34955,    2.0384889,    3.8321429,    31132.143,    44049.965
2025-09-20 20:00:00.000   ,    339.69310,    376.43790,    2.0900091,    4.1137931,    30896.552,    42815.319
2025-09-20 21:00:00.000   ,    340.81897,    374.52624,    2.1428509,    3.8357143,    31612.069,    41591.052
2025-09-20 22:00:00.000   ,    337.20833,    386.29055,    1.8376922,    3.3711864,    29684.746,    49289.782
2025-09-20 23:00:00.000   ,    327.61667,    398.05485,    1.5749128,    2.9083333,    25921.667,    57381.599
2025-09-21 00:00:00.000   ,    331.29833,    409.81916,    1.3470138,    3.0931034,    36718.333,    65866.501
2025-09-21 01:00:00.000   ,    329.69483,    421.58346,    1.1480844,    2.9339286,    34675.862,    74744.489
2025-09-21 02:00:00.000   ,    325.96610,    420.17513,    1.1705372,    3.0644068,    23879.661,    73660.974
2025-09-21 03:00:00.000   ,    327.61186,    416.70942,    1.2273131,    3.3366667,    25086.441,    71018.578
2025-09-21 04:00:00.000   ,    330.23500,    413.24371,    1.2863461,    3.8982456,    28916.949,    68410.296
2025-09-21 05:00:00.000   ,    330.97167,    409.77800,    1.3477576,    4.8750000,    29420.339,    65836.129
2025-09-21 06:00:00.000   ,    325.68667,    406.31228,    1.4116770,    5.7733333,    23631.034,    63296.077
2025-09-21 07:00:00.000   ,    317.27000,    402.84657,    1.4782427,    8.4850000,    24405.000,    60790.139
2025-09-21 08:00:00.000   ,    322.45500,    399.38086,    1.5476029,    7.7767857,    30116.949,    58318.315
2025-09-21 09:00:00.000   ,    321.12982,    395.91515,    1.6199163,    8.3448276,    21073.684,    55880.607
2025-09-21 10:00:00.000   ,    319.90000,    392.44944,    1.6953528,    9.0240741,    18561.818,    53477.012
2025-09-21 11:00:00.000   ,    321.12759,    388.98372,    1.7740950,    8.1931034,    22741.379,    51107.532
2025-09-21 12:00:00.000   ,    314.87679,    385.51801,    1.8563388,    7.4428571,    23966.071,    48772.167
2025-09-21 13:00:00.000   ,    315.51964,    382.05230,    1.9422951,    6.7964286,    27983.929,    46470.916
2025-09-21 14:00:00.000   ,    312.53621,    436.41962,   0.93131206,    8.7793103,    22068.966,    86501.110
2025-09-21 15:00:00.000   ,    311.88475,    463.50657,   0.61199874,    9.7033898,    23300.000,  1.095783e+5
2025-09-21 16:00:00.000   ,    303.39091,    490.59351,   0.36579411,    9.0727273,    21925.455,  1.347393e+5
2025-09-21 17:00:00.000   ,    295.36842,    494.33250,   0.33629376,    8.3581818,    16335.088,  1.383762e+5
2025-09-21 18:00:00.000   ,    293.13509,    498.07149,   0.30773897,    8.0396552,    16300.000,  1.420527e+5
2025-09-21 19:00:00.000   ,    290.40517,    501.81049,   0.28008976,    7.6586207,    16091.379,  1.457689e+5
2025-09-21 20:00:00.000   ,    295.97414,    502.80955,   0.27285026,    8.9344828,    16689.655,  1.467686e+5
2025-09-21 21:00:00.000   ,    300.65085,    522.50608,   0.14180319,    10.828814,    17328.814,  1.670567e+5
2025-09-21 22:00:00.000   ,    301.73833,    542.20261,   0.02999953,    10.146552,    19181.667,  1.884467e+5
2025-09-21 23:00:00.000   ,    312.54167,    545.72994,   0.01171960,    8.2396552,    26750.000,  1.923936e+5
2025-09-22 00:00:00.000   ,    315.91000,    543.07799,   0.02541702,    14.045614,    36816.667,  1.894229e+5
2025-09-22 01:00:00.000   ,    328.90508,    540.42605,   0.03939450,    8.5210526,    49666.102,  1.864722e+5
2025-09-22 02:00:00.000   ,    335.35172,    563.72396,  -0.07437167,    6.3000000,    55829.310,  2.130781e+5
2025-09-22 03:00:00.000   ,    328.97966,    571.18872,  -0.10689089,    10.219298,    62679.661,  2.219289e+5
2025-09-22 04:00:00.000   ,    338.81000,    577.71084,  -0.13392110,    8.1528302,    56628.333,  2.297916e+5
2025-09-22 05:00:00.000   ,    351.41500,    580.13042,  -0.14363747,    10.796226,    61956.667,  2.327392e+5
2025-09-22 06:00:00.000   ,    357.52500,    585.72271,  -0.16547837,    10.293103,    44755.000,  2.396155e+5
2025-09-22 07:00:00.000   ,    362.36833,    588.88575,  -0.17746378,    9.7406780,    51408.333,  2.435442e+5
2025-09-22 08:00:00.000   ,    371.25085,    590.45863,  -0.18332789,    14.748077,    79515.517,  2.455084e+5
2025-09-22 09:00:00.000   ,    372.99000,    595.14363,  -0.20042785,    9.6244898,    98066.667,  2.514005e+5
2025-09-22 10:00:00.000   ,    382.88519,    597.46762,  -0.20871167,    10.751282,  1.698630e+5,  2.543464e+5
2025-09-22 11:00:00.000   ,    403.27797,    598.23959,  -0.21143490,    7.9836735,  1.923915e+5,  2.553284e+5
2025-09-22 12:00:00.000   ,    421.08983,    600.54757,  -0.21949323,    7.3700000,  2.174356e+5,  2.582742e+5
2025-09-22 13:00:00.000   ,    439.39474,    603.60663,  -0.22998497,    6.2000000,  2.442649e+5,  2.622021e+5
2025-09-22 14:00:00.000   ,    460.76034,    605.88750,  -0.23767069,    4.0648649,  3.237241e+5,  2.651480e+5
2025-09-22 15:00:00.000   ,    470.58182,    631.71138,  -0.31721468,    1.8514286,  3.362727e+5,  2.995326e+5
2025-09-22 16:00:00.000   ,    486.72941,    640.26025,  -0.34081909,    1.6555556,  3.640784e+5,  3.113327e+5
2025-09-22 17:00:00.000   ,    503.50179,    643.07816,  -0.34833193,    2.0318182,  3.793393e+5,  3.152678e+5
2025-09-22 18:00:00.000   ,    509.90000,    644.48135,  -0.35202515,    1.7384615,  3.559914e+5,  3.172357e+5
2025-09-22 19:00:00.000   ,    496.00000,    647.27636,  -0.35928874,    1.4800000,  2.833117e+5,  3.211722e+5
2025-09-22 20:00:00.000   ,    498.97931,    651.44099,  -0.36988717,    1.5833333,  2.534810e+5,  3.270789e+5
2025-09-22 21:00:00.000   ,    524.43621,    651.44099,  -0.36988717,    1.9564103,  2.819831e+5,  3.270789e+5
2025-09-22 22:00:00.000   ,    522.38667,    650.05645,  -0.36639307,    1.3205128,  2.587167e+5,  3.251098e+5
2025-09-22 23:00:00.000   ,    512.30500,    649.36281,  -0.36463163,   0.48292683,  2.508900e+5,  3.241253e+5
2025-09-23 00:00:00.000   ,    511.17000,    649.36281,  -0.36463163,   0.71956522,  2.563833e+5,  3.241253e+5
2025-09-23 01:00:00.000   ,    520.45593,    649.70963,  -0.36551327,   0.38636364,  2.405356e+5,  3.246173e+5
2025-09-23 02:00:00.000   ,    525.31552,    650.05645,  -0.36639307,   0.16400000,  2.099724e+5,  3.251098e+5
2025-09-23 03:00:00.000   ,    532.14746,    648.66640,  -0.36285576,   0.11489362,  2.193932e+5,  3.231382e+5
2025-09-23 04:00:00.000   ,    539.63667,    647.27636,  -0.35928874,   0.11428571,  2.234267e+5,  3.211722e+5
2025-09-23 05:00:00.000   ,    544.91667,    644.48135,  -0.35202515,   0.10000000,  2.359300e+5,  3.172357e+5
2025-09-23 06:00:00.000   ,    541.66949,    642.37513,  -0.34646966,   0.10000000,  1.953559e+5,  3.142839e+5
2025-09-23 07:00:00.000   ,    537.55088,    640.96618,  -0.34271333,   0.10243902,  1.694456e+5,  3.123164e+5
2025-09-23 08:00:00.000   ,    569.30000,    638.84100,  -0.33698593,   0.14901961,  2.105200e+5,  3.093593e+5
2025-09-23 09:00:00.000   ,    566.66897,    636.71581,  -0.33118336,   0.17045455,  2.156897e+5,  3.064151e+5
2025-09-23 10:00:00.000   ,    563.46250,    631.71138,  -0.31721468,   0.13023256,  2.197286e+5,  2.995326e+5
2025-09-23 11:00:00.000   ,    581.43000,    629.54642,  -0.31103576,   0.12558140,  2.294817e+5,  2.965772e+5
2025-09-23 12:00:00.000   ,    575.90339,    627.38146,  -0.30477259,   0.10975610,  2.319712e+5,  2.936351e+5
2025-09-23 13:00:00.000   ,    580.12586,    622.28112,  -0.28967546,   0.25454545,  1.884552e+5,  2.867566e+5
2025-09-23 14:00:00.000   ,    560.55862,    620.07365,  -0.28298843,   0.10000000,  1.751276e+5,  2.838025e+5
2025-09-23 15:00:00.000   ,    557.52500,    617.86618,  -0.27620652,   0.10232558,  1.393321e+5,  2.808622e+5
2025-09-23 16:00:00.000   ,    562.98182,    612.66318,  -0.25983575,   0.10576923,  1.639127e+5,  2.739866e+5
2025-09-23 17:00:00.000   ,    551.37679,    610.03249,  -0.25134630,   0.10980392,  1.601250e+5,  2.705395e+5
2025-09-23 18:00:00.000   ,    559.53929,    607.40180,  -0.24270995,   0.10588235,  1.496964e+5,  2.671121e+5
2025-09-23 19:00:00.000   ,    564.45862,    615.64333,  -0.26927963,   0.10416667,  1.391655e+5,  2.779153e+5
2025-09-23 20:00:00.000   ,    557.04746,    611.91518,  -0.25743665,   0.10000000,  1.334254e+5,  2.730044e+5
2025-09-23 21:00:00.000   ,    554.09667,    611.16538,  -0.25502005,   0.10909091,  1.369867e+5,  2.720216e+5
2025-09-23 22:00:00.000   ,    556.50667,    610.41558,  -0.25259163,   0.10638298,  1.225167e+5,  2.710402e+5
2025-09-23 23:00:00.000   ,    537.91500,    609.66397,  -0.25014541,   0.10606061,  1.008800e+5,  2.700582e+5
2025-09-24 00:00:00.000   ,    540.10667,    606.64527,  -0.24019866,   0.10465116,  1.046750e+5,  2.661300e+5
2025-09-24 01:00:00.000   ,    536.82000,    603.60663,  -0.22998497,   0.10000000,    95708.333,  2.622021e+5
2025-09-24 02:00:00.000   ,    537.96897,    602.07710,  -0.22476572,   0.21428571,  1.259069e+5,  2.602348e+5
2025-09-24 03:00:00.000   ,    542.70690,    600.54757,  -0.21949323,   0.13809524,  1.009052e+5,  2.582742e+5
2025-09-24 04:00:00.000   ,    557.43500,    595.91964,  -0.20320835,   0.10666667,  1.146283e+5,  2.523825e+5
2025-09-24 05:00:00.000   ,    542.38167,    593.97275,  -0.19620492,   0.11956522,  1.136067e+5,  2.499221e+5
2025-09-24 06:00:00.000   ,    548.66724,    592.02586,  -0.18910874,   0.12380952,    96284.483,  2.474725e+5
2025-09-24 07:00:00.000   ,    532.14561,    588.88575,  -0.17746378,   0.10000000,    80092.982,  2.435442e+5
2025-09-24 08:00:00.000   ,    537.37931,    586.90702,  -0.16999648,   0.13030303,    95129.310,  2.410832e+5
2025-09-24 09:00:00.000   ,    540.16441,    584.92830,  -0.16242703,   0.17647059,    89820.339,  2.386333e+5
2025-09-24 10:00:00.000   ,    521.42182,    582.53615,  -0.15313699,   0.10000000,    88412.727,  2.356864e+5
2025-09-24 11:00:00.000   ,    510.94107,    577.71084,  -0.13392110,   0.10000000,  1.156589e+5,  2.297916e+5
2025-09-24 12:00:00.000   ,    508.31864,    576.08677,  -0.12730622,   0.11875000,    96981.356,  2.278224e+5
2025-09-24 13:00:00.000   ,    520.36780,    574.46270,  -0.12061527,   0.44166667,    75120.339,  2.258607e+5
2025-09-24 14:00:00.000   ,    495.24655,    571.18872,  -0.10689089,   0.60000000,    73222.414,  2.219289e+5
2025-09-24 15:00:00.000   ,    516.35965,    569.12376,  -0.09806878,   0.19024390,    93528.070,  2.194647e+5
2025-09-24 16:00:00.000   ,    512.89643,    567.05880,  -0.08911530,   0.21081081,    79394.643,  2.170126e+5
2025-09-24 17:00:00.000   ,    507.41552,    563.72396,  -0.07437167,   0.13404255,    59743.103,  2.130781e+5
2025-09-24 18:00:00.000   ,    500.45862,    562.04236,  -0.06680105,   0.24838710,    61237.931,  2.111061e+5
2025-09-24 19:00:00.000   ,    493.25424,    560.36077,  -0.05913716,   0.20000000,    54433.898,  2.091422e+5
2025-09-24 20:00:00.000   ,    487.22364,    556.11559,  -0.03936442,   0.22758621,    44816.364,  2.042199e+5
2025-09-24 21:00:00.000   ,    489.86071,    553.10390,  -0.02495652,   0.16071429,    56685.714,  2.007589e+5
2025-09-24 22:00:00.000   ,    506.61500,    550.09221,  -0.01022202,   0.12682927,    86021.667,  1.973237e+5
2025-09-24 23:00:00.000   ,    506.86333,    547.48100,   0.00282520,   0.21463415,    81398.333,  1.943661e+5
2025-09-25 00:00:00.000   ,    515.38833,    546.16614,   0.00949290,   0.19148936,    90960.000,  1.928842e+5
2025-09-25 01:00:00.000   ,    501.90833,    544.85129,   0.01622733,   0.16808511,    85246.667,  1.914072e+5
2025-09-25 02:00:00.000   ,    496.83667,    543.97052,   0.02077617,   0.13962264,    85660.000,  1.904205e+5
2025-09-25 03:00:00.000   ,    505.63509,    538.98331,   0.04711903,   0.15517241,    89159.649,  1.848753e+5
2025-09-25 04:00:00.000   ,    499.62542,    533.99609,   0.07449495,   0.16444444,  1.001508e+5,  1.794007e+5
2025-09-25 05:00:00.000   ,    499.15667,    529.00887,   0.10295865,   0.23555556,  1.057400e+5,  1.739968e+5
2025-09-25 06:00:00.000   ,    497.83000,    524.02165,   0.13256852,   0.33541667,  1.067317e+5,  1.686635e+5
2025-09-25 07:00:00.000   ,    491.95000,    524.02165,   0.13256852,   0.35192308,    85715.000,  1.686635e+5
2025-09-25 08:00:00.000   ,    494.33667,    527.73487,   0.11041118,   0.29666667,    89486.667,  1.726276e+5
2025-09-25 09:00:00.000   ,    493.30877,    527.73487,   0.11041118,   0.49629630,    85624.561,  1.726276e+5
2025-09-25 10:00:00.000   ,    478.79643,    529.57641,   0.09966285,   0.14117647,    77344.643,  1.746082e+5
2025-09-25 11:00:00.000   ,    473.34211,    531.40815,   0.08912577,   0.16388889,    64338.596,  1.765877e+5
2025-09-25 12:00:00.000   ,    485.12807,    529.57641,   0.09966285,   0.26428571,    65666.667,  1.746082e+5
2025-09-25 13:00:00.000   ,    475.00500,    527.73487,   0.11041118,   0.33589744,    76145.000,  1.726276e+5
2025-09-25 14:00:00.000   ,    465.56667,    530.49350,   0.09436831,   0.21904762,    69628.333,  1.755981e+5
2025-09-25 15:00:00.000   ,    469.91228,    531.40815,   0.08912577,   0.29777778,    64724.561,  1.765877e+5
2025-09-25 16:00:00.000   ,    468.75179,    532.32041,   0.08393444,   0.18292683,    68275.000,  1.775771e+5
2025-09-25 17:00:00.000   ,    478.95690,    528.65688,   0.10501020,   0.33829787,    72344.828,  1.736180e+5
2025-09-25 18:00:00.000   ,    485.71786,    526.33927,   0.11866208,   0.45263158,    89448.214,  1.711331e+5
2025-09-25 19:00:00.000   ,    465.94138,    524.02165,   0.13256852,   0.29189189,    70829.310,  1.686635e+5
2025-09-25 20:00:00.000   ,    456.82456,    521.67162,   0.14693597,   0.14000000,  1.057211e+5,  1.661749e+5
2025-09-25 21:00:00.000   ,    447.58136,    519.32159,   0.16157856,   0.10000000,    72272.881,  1.637019e+5
2025-09-25 22:00:00.000   ,    464.57167,    514.55339,   0.19216315,      N/A    ,    95191.667,  1.587326e+5
2025-09-25 23:00:00.000   ,    465.07167,    512.13343,   0.20814967,      N/A    ,  1.521833e+5,  1.562352e+5
2025-09-26 00:00:00.000   ,    441.92167,    509.71347,   0.22445992,   0.34117647,    73051.667,  1.537545e+5
2025-09-26 01:00:00.000   ,    451.46000,    507.75037,   0.23793485,   0.53333333,    81921.667,  1.517543e+5
2025-09-26 02:00:00.000   ,    435.83000,    505.78727,   0.25163345,   0.10000000,    63813.333,  1.497651e+5
2025-09-26 03:00:00.000   ,    434.78966,    502.80955,   0.27285026,      N/A    ,    67586.207,  1.467686e+5
2025-09-26 04:00:00.000   ,    435.55085,    500.29515,   0.29118874,   0.10000000,    66766.102,  1.442580e+5
2025-09-26 05:00:00.000   ,    445.60678,    497.78075,   0.30992641,   0.48000000,    61638.983,  1.417654e+5
2025-09-26 06:00:00.000   ,    452.02667,    494.33966,   0.33623821,   0.64035088,    60126.667,  1.383832e+5
2025-09-26 07:00:00.000   ,    449.32333,    490.89857,   0.36335082,   0.53750000,    56835.000,  1.350346e+5
2025-09-26 08:00:00.000   ,    453.66000,    487.45748,   0.39129706,   0.40000000,    49980.000,  1.317196e+5
2025-09-26 09:00:00.000   ,    431.91356,    483.88508,   0.42122866,   0.21818182,    54996.610,  1.283137e+5
2025-09-26 10:00:00.000   ,    430.65636,    480.31268,   0.45213665,   0.10909091,    70969.091,  1.249441e+5
2025-09-26 11:00:00.000   ,    445.14000,    476.74028,   0.48406396,   0.65185185,    54321.667,  1.216107e+5
2025-09-26 12:00:00.000   ,    440.79123,    475.64478,   0.49406586,   0.38679245,    56291.228,  1.205958e+5
2025-09-26 13:00:00.000   ,    436.13818,    474.54470,   0.50421161,   0.18157895,    58561.818,  1.195800e+5
2025-09-26 14:00:00.000   ,    425.07719,    473.43998,   0.51450453,   0.17500000,    57763.158,  1.185634e+5
2025-09-26 15:00:00.000   ,    423.96071,    471.76862,   0.53027891,   0.19687500,    51666.071,  1.170320e+5
2025-09-26 16:00:00.000   ,    418.53167,    470.09727,   0.54630102,   0.26530612,    44178.333,  1.155085e+5
2025-09-26 17:00:00.000   ,    413.47500,    485.34722,   0.40886231,   0.23488372,    44700.000,  1.297033e+5
2025-09-26 18:00:00.000   ,    414.22414,    485.34722,   0.40886231,   0.46097561,    47022.414,  1.297033e+5
2025-09-26 19:00:00.000   ,    411.88793,    484.28607,   0.41782106,   0.28285714,    51784.483,  1.286942e+5
2025-09-26 20:00:00.000   ,    406.05517,    483.21875,   0.42691830,   0.11000000,    61812.069,  1.276825e+5
2025-09-26 21:00:00.000   ,    414.28846,    482.15144,   0.43610337,   0.36060606,    42792.308,  1.266740e+5
2025-09-26 22:00:00.000   ,    407.57586,    480.00000,   0.45488981,   0.20232558,    39039.655,  1.246509e+5
2025-09-26 23:00:00.000   ,    400.43333,    476.69909,   0.48443824,   0.12272727,    51076.667,  1.215725e+5
2025-09-27 00:00:00.000   ,    401.54500,    473.39818,   0.51489607,   0.79285714,    34626.667,  1.185250e+5
2025-09-27 01:00:00.000   ,    387.78667,    470.09727,   0.54630102,    1.1290909,    35210.000,  1.155085e+5
2025-09-27 02:00:00.000   ,    384.94833,    468.40372,   0.56279391,   0.91818182,    46615.000,  1.139729e+5
2025-09-27 03:00:00.000   ,    384.27759,    466.71018,   0.57955207,   0.74210526,    45679.310,  1.124454e+5
2025-09-27 04:00:00.000   ,    384.52281,    464.99337,   0.59681702,    1.2120690,    39273.684,  1.109053e+5
2025-09-27 05:00:00.000   ,    386.86724,    463.27657,   0.61436658,    1.6086207,    46818.966,  1.093735e+5
2025-09-27 06:00:00.000   ,    392.01500,    460.36035,   0.64484700,    1.5850000,    47220.000,  1.067908e+5
2025-09-27 07:00:00.000   ,    387.70500,    457.44414,   0.67619888,    2.1300000,    41696.667,  1.042323e+5
2025-09-27 08:00:00.000   ,    383.98500,    489.55201,   0.37418549,    2.3583333,    41451.667,  1.337334e+5
2025-09-27 09:00:00.000   ,    375.86500,    490.07276,   0.36998016,    2.2466667,    41155.000,  1.342360e+5
2025-09-27 10:00:00.000   ,    366.69107,    490.59351,   0.36579411,    2.4500000,    40053.571,  1.347393e+5
2025-09-27 11:00:00.000   ,    362.93793,    495.74524,   0.32539572,    1.9351852,    57612.069,  1.397606e+5
2025-09-27 12:00:00.000   ,    371.83500,    495.54063,   0.32696585,    2.5089286,    62543.333,  1.395598e+5
2025-09-27 13:00:00.000   ,    357.72281,    495.33601,   0.32853878,    1.3018519,    86871.930,  1.393590e+5
2025-09-27 14:00:00.000   ,    362.36667,    495.13140,   0.33011451,    1.3615385,    96419.298,  1.391584e+5
2025-09-27 15:00:00.000   ,    366.24259,    494.92679,   0.33169304,    2.9714286,    75479.630,  1.389579e+5
2025-09-27 16:00:00.000   ,    369.00000,    494.72218,   0.33327438,    4.7962264,    32405.660,  1.387575e+5
2025-09-27 17:00:00.000   ,    364.15345,    497.78075,   0.30992641,    3.7824561,    41731.034,  1.417654e+5
2025-09-27 18:00:00.000   ,    365.07679,    496.25146,   0.32152306,    4.6870370,    49548.214,  1.402581e+5
2025-09-27 19:00:00.000   ,    372.17759,    494.72218,   0.33327438,    4.5642857,    40763.158,  1.387575e+5
2025-09-27 20:00:00.000   ,    365.18814,    495.74524,   0.32539572,    6.3160714,    31666.102,  1.397606e+5
2025-09-27 21:00:00.000   ,    369.35179,    512.62624,   0.20486814,    8.4596491,    23514.286,  1.567424e+5
2025-09-27 22:00:00.000   ,    382.11754,    493.69552,   0.34125157,    3.8473684,    52082.456,  1.377538e+5
2025-09-27 23:00:00.000   ,    403.78000,    508.73654,   0.23113802,    1.2263158,  1.108733e+5,  1.527577e+5
2025-09-28 00:00:00.000   ,    411.14833,    507.75656,   0.23789206,   0.86037736,  1.272850e+5,  1.517606e+5
2025-09-28 01:00:00.000   ,    417.05667,    506.27723,   0.24819328,    2.9847458,    97218.333,  1.502605e+5
2025-09-28 02:00:00.000   ,    410.40167,    504.79791,   0.25862363,    1.2964912,  1.235833e+5,  1.487667e+5
2025-09-28 03:00:00.000   ,    408.44068,    503.80535,   0.26569539,    1.9461538,  1.137814e+5,  1.477679e+5
2025-09-28 04:00:00.000   ,    404.58333,    501.29932,   0.28381774,    3.8087719,    87841.667,  1.452585e+5
2025-09-28 05:00:00.000   ,    416.67119,    498.79328,   0.30233212,    4.1372881,    89161.017,  1.427670e+5
2025-09-28 06:00:00.000   ,    418.58621,    494.31126,   0.33645863,    2.6789474,    88736.207,  1.383554e+5
2025-09-28 07:00:00.000   ,    419.43036,    489.82924,   0.37194431,    2.1803571,    74617.857,  1.340008e+5
2025-09-28 08:00:00.000   ,    417.33929,    485.34722,   0.40886231,    2.9910714,    60944.643,  1.297033e+5
2025-09-28 09:00:00.000   ,    416.93393,    492.89516,   0.34752012,    3.1375000,    53887.500,  1.369734e+5
2025-09-28 10:00:00.000   ,    407.03390,    500.44311,   0.29009870,    6.2067797,    57500.000,  1.444053e+5
2025-09-28 11:00:00.000   ,    410.33333,    507.99105,   0.23627091,    8.4288136,    52118.333,  1.519989e+5
2025-09-28 12:00:00.000   ,    405.02759,    515.53899,   0.18574300,    8.6068966,    46617.241,  1.597544e+5
2025-09-28 13:00:00.000   ,    405.78421,    523.08693,   0.13825066,    8.4929825,    45721.053,  1.676718e+5
2025-09-28 14:00:00.000   ,    405.79483,    557.81925,  -0.04737376,    8.7379310,    44212.069,  2.061892e+5
2025-09-28 15:00:00.000   ,    407.64407,    554.40433,  -0.03121729,    6.1636364,    51235.593,  2.022502e+5
2025-09-28 16:00:00.000   ,    394.13750,    556.11559,  -0.03936442,    2.4462963,    34387.500,  2.042199e+5
2025-09-28 17:00:00.000   ,    395.91167,    560.36077,  -0.05913716,    4.0316667,    46598.333,  2.091422e+5
2025-09-28 18:00:00.000   ,    399.79643,    556.96836,  -0.04338609,    1.7200000,    39378.571,  2.052046e+5
2025-09-28 19:00:00.000   ,    394.27321,    556.11464,  -0.03935994,    2.4608696,    52778.571,  2.042188e+5
2025-09-28 20:00:00.000   ,    391.60667,    555.26092,  -0.03530831,   0.20000000,    41378.333,  2.032351e+5
2025-09-28 21:00:00.000   ,    397.48103,    556.39670,  -0.04069296,   0.31702128,    52639.655,  2.045443e+5
2025-09-28 22:00:00.000   ,    408.70172,    557.53249,  -0.04603264,   0.46153846,    52722.414,  2.058571e+5
2025-09-28 23:00:00.000   ,    409.89831,    558.66827,  -0.05132787,   0.65882353,    63428.814,  2.071736e+5
2025-09-29 00:00:00.000   ,    398.08333,    561.20427,  -0.06299318,   0.50600000,    53830.000,  2.101263e+5
2025-09-29 01:00:00.000   ,    395.17667,    558.66827,  -0.05132787,   0.72500000,    44446.667,  2.071736e+5
2025-09-29 02:00:00.000   ,    397.75667,    557.81925,  -0.04737376,   0.46363636,    46453.333,  2.061892e+5
2025-09-29 03:00:00.000   ,    395.93220,    558.24376,  -0.04935390,   0.90344828,    39248.276,  2.066811e+5
2025-09-29 04:00:00.000   ,    390.74500,    558.66827,  -0.05132787,    1.5440678,    29570.000,  2.071736e+5
2025-09-29 05:00:00.000   ,    397.81833,    562.88585,  -0.07061004,    1.9525424,    29503.333,  2.120943e+5
2025-09-29 06:00:00.000   ,    403.86545,    565.39487,  -0.08180331,    1.8211538,    61430.909,  2.150455e+5
2025-09-29 07:00:00.000   ,    415.30357,    562.04596,  -0.06681734,   0.10000000,    97720.370,  2.111104e+5
2025-09-29 08:00:00.000   ,    392.02143,    562.88585,  -0.07061004,    1.9829268,    40433.929,  2.120943e+5
2025-09-29 09:00:00.000   ,    385.15273,    562.88585,  -0.07061004,    2.8272727,    16389.091,  2.120943e+5
2025-09-29 10:00:00.000   ,    384.32373,    564.14036,  -0.07623211,    4.1932203,    15535.849,  2.135677e+5
2025-09-29 11:00:00.000   ,    375.08448,    565.39487,  -0.08180331,    7.4500000,    15826.923,  2.150455e+5
2025-09-29 12:00:00.000   ,    370.37500,    564.56029,  -0.07810264,    10.895000,    14985.714,  2.140619e+5
2025-09-29 13:00:00.000   ,    381.17143,    560.07185,  -0.05781091,    5.3875000,    23924.528,  2.088056e+5
2025-09-29 14:00:00.000   ,    384.01053,    555.58340,  -0.03684177,    3.7586207,    31922.807,  2.036065e+5
2025-09-29 15:00:00.000   ,    391.04386,    551.09495,  -0.01516474,    7.5259259,    35885.455,  1.984646e+5
2025-09-29 16:00:00.000   ,    386.81754,    546.60650,   0.00725241,    4.5754386,    27044.643,  1.933800e+5
2025-09-29 17:00:00.000   ,    394.36491,    544.85129,   0.01622733,    1.6620690,    32936.842,  1.914072e+5
2025-09-29 18:00:00.000   ,    385.30345,    542.63867,   0.02771300,    1.7034483,    27643.103,  1.889327e+5
2025-09-29 19:00:00.000   ,    388.48333,    540.42605,   0.03939450,   0.58500000,    42063.333,  1.864722e+5
2025-09-29 20:00:00.000   ,    392.19655,    542.20261,   0.02999953,   0.16800000,    67798.276,  1.884467e+5
2025-09-29 21:00:00.000   ,    403.18276,    543.97052,   0.02077617,   0.72075472,    70650.000,  1.904205e+5
2025-09-29 22:00:00.000   ,    408.25690,    542.20261,   0.02999953,    3.9309091,  1.227862e+5,  1.884467e+5
2025-09-29 23:00:00.000   ,    403.73167,    543.08764,   0.02536671,    7.5909091,  1.446167e+5,  1.894337e+5
2025-09-30 00:00:00.000   ,    415.69167,    543.08764,   0.02536671,    9.0224138,  1.586833e+5,  1.894337e+5
2025-09-30 01:00:00.000   ,    418.18333,    543.08764,   0.02536671,    9.2724138,  1.067517e+5,  1.894337e+5
2025-09-30 02:00:00.000   ,    421.59500,    541.30665,   0.03472164,    14.365000,    46271.667,  1.874498e+5
2025-09-30 03:00:00.000   ,    424.72456,    539.52566,   0.04420519,    10.805455,  1.017614e+5,  1.854749e+5
2025-09-30 04:00:00.000   ,    428.58833,    537.74466,   0.05381972,    7.2271186,  1.237000e+5,  1.835090e+5
2025-09-30 05:00:00.000   ,    401.09667,    535.04297,   0.06866008,    9.1844444,  1.615300e+5,  1.805440e+5
2025-09-30 06:00:00.000   ,    406.10690,    533.23028,   0.07879356,    8.8180000,  1.568569e+5,  1.785663e+5
2025-09-30 07:00:00.000   ,    401.93559,    529.22339,   0.10171117,    7.0346939,  1.383780e+5,  1.742278e+5
2025-09-30 08:00:00.000   ,    409.85833,    525.21649,   0.12536690,    7.8604651,  1.416917e+5,  1.699348e+5
2025-09-30 09:00:00.000   ,    416.30000,    521.20960,   0.14979279,    7.0163265,  1.331448e+5,  1.656874e+5
2025-09-30 10:00:00.000   ,    442.57500,    528.65688,   0.10501020,    9.0734694,  1.838554e+5,  1.736180e+5
2025-09-30 11:00:00.000   ,    438.88036,    534.13779,   0.07370235,    4.1632653,    99498.214,  1.795553e+5
2025-09-30 12:00:00.000   ,    522.00517,    550.95858,  -0.01449473,    5.0288462,  2.058103e+5,  1.983093e+5
2025-09-30 13:00:00.000   ,    550.52241,    550.09221,  -0.01022202,    3.7436364,  1.484138e+5,  1.973237e+5
2025-09-30 14:00:00.000   ,    565.82857,    552.68537,  -0.02292867,    3.3781818,  1.990679e+5,  2.002800e+5
2025-09-30 15:00:00.000   ,    599.13103,    556.11559,  -0.03936442,    3.2607143,  2.694483e+5,  2.042199e+5
2025-09-30 16:00:00.000   ,    644.06379,    551.79829,  -0.01860959,    3.1132075,  3.452586e+5,  1.992666e+5
2025-09-30 17:00:00.000   ,    639.72333,    547.48100,   0.00282520,    2.9905660,  3.123333e+5,  1.943661e+5
2025-09-30 18:00:00.000   ,    618.40333,    547.48100,   0.00282520,    3.3039216,  2.352817e+5,  1.943661e+5
2025-09-30 19:00:00.000   ,    641.95667,    548.35344,  -0.00156258,    3.5758621,  2.386583e+5,  1.953521e+5
2025-09-30 20:00:00.000   ,    639.41000,    545.41378,   0.01333811,    2.8185185,  2.238683e+5,  1.920384e+5
2025-09-30 21:00:00.000   ,    638.09138,    542.47413,   0.02857488,    1.6482143,  2.430690e+5,  1.887493e+5
2025-09-30 22:00:00.000   ,    657.54746,    539.53448,   0.04415790,    2.4320000,  2.362661e+5,  1.854847e+5
2025-09-30 23:00:00.000   ,    692.98103,    539.53448,   0.04415790,    3.7568966,  2.335517e+5,  1.854847e+5
2025-10-01 00:00:00.000   ,    700.64167,    537.74466,   0.05381972,    2.4983051,  3.160833e+5,  1.835090e+5
2025-10-01 01:00:00.000   ,    713.10862,    551.82297,  -0.01873011,    3.1232143,  3.063793e+5,  1.992947e+5
2025-10-01 02:00:00.000   ,    676.56087,    547.48100,   0.00282520,    3.5280000,  3.011391e+5,  1.943661e+5
2025-10-01 03:00:00.000   ,    743.80889,    547.04375,   0.00503515,    2.8800000,  3.855556e+5,  1.938728e+5
2025-10-01 04:00:00.000   ,    723.51833,    546.60650,   0.00725241,    2.1933333,  3.583167e+5,  1.933800e+5
2025-10-01 05:00:00.000   ,    690.88000,    542.20261,   0.02999953,    2.0350877,  2.958900e+5,  1.884467e+5
2025-10-01 06:00:00.000   ,    666.57458,    541.31542,   0.03467526,    1.7979592,  2.343881e+5,  1.874595e+5
2025-10-01 07:00:00.000   ,    673.48136,    540.42605,   0.03939450,    2.1823529,  2.597119e+5,  1.864722e+5
2025-10-01 08:00:00.000   ,    700.80339,    537.11520,   0.05724963,   0.22750000,  3.225966e+5,  1.828163e+5
2025-10-01 09:00:00.000   ,    692.88000,    533.80435,   0.07556883,   0.66000000,  3.332417e+5,  1.791916e+5
2025-10-01 10:00:00.000   ,    696.09483,    530.49350,   0.09436831,    1.3342105,  3.660862e+5,  1.755981e+5
2025-10-01 11:00:00.000   ,    749.85167,    529.57641,   0.09966285,    1.9724138,  3.035150e+5,  1.746082e+5
2025-10-01 12:00:00.000   ,    756.78364,    529.11664,   0.10233166,    1.8433962,  2.874545e+5,  1.741128e+5
2025-10-01 13:00:00.000   ,    723.57797,    528.65688,   0.10501020,    1.7000000,  2.566102e+5,  1.736180e+5
2025-10-01 14:00:00.000   ,    727.54737,    525.87190,   0.12144571,    1.3463415,  3.658947e+5,  1.706339e+5
2025-10-01 15:00:00.000   ,    723.03220,    523.08693,   0.13825066,    1.2773585,  3.435814e+5,  1.676718e+5
2025-10-01 16:00:00.000   ,    734.60169,    523.08693,   0.13825066,    1.3400000,  3.547966e+5,  1.676718e+5
2025-10-01 17:00:00.000   ,    738.86833,    523.08693,   0.13825066,    1.3893617,  4.213833e+5,  1.676718e+5
2025-10-01 18:00:00.000   ,    752.52333,    576.67960,  -0.12972960,    1.5923077,  3.592833e+5,  2.285403e+5
2025-10-01 19:00:00.000   ,    749.79333,    630.27228,  -0.31311672,    1.5851064,  3.944667e+5,  2.975666e+5
2025-10-01 20:00:00.000   ,    740.98500,    644.48135,  -0.35202515,    1.5800000,  4.244333e+5,  3.172357e+5
2025-10-01 21:00:00.000   ,    745.48500,    647.97277,  -0.36107954,    1.1588235,  5.404000e+5,  3.221565e+5
2025-10-01 22:00:00.000   ,    729.68644,    684.30361,  -0.44501433,    1.2370370,  6.404068e+5,  3.754159e+5
2025-10-01 23:00:00.000   ,    728.25167,    712.28957,  -0.49888440,    1.3025641,  5.409167e+5,  4.189982e+5
2025-10-02 00:00:00.000   ,    719.78793,    722.40253,  -0.51643496,    1.4884615,  3.330000e+5,  4.352942e+5
2025-10-02 01:00:00.000   ,    699.60588,    732.51548,  -0.53307940,    1.9076923,  2.862255e+5,  4.518806e+5
2025-10-02 02:00:00.000   ,    723.46389,    742.62844,  -0.54887904,    2.8576923,  4.016389e+5,  4.687576e+5
2025-10-02 03:00:00.000   ,    728.32051,    737.24949,  -0.54057705,    2.3772727,  3.845897e+5,  4.597448e+5
2025-10-02 04:00:00.000   ,    687.84146,    731.87054,  -0.53204376,    1.9696970,  2.546341e+5,  4.508142e+5
2025-10-02 05:00:00.000   ,    710.84182,    729.14733,  -0.52763266,    1.8710526,  3.593091e+5,  4.463242e+5
2025-10-02 06:00:00.000   ,    760.65686,    726.42412,  -0.52315889,    1.0441176,  5.089020e+5,  4.418553e+5
2025-10-02 07:00:00.000   ,    768.74310,    730.06018,  -0.52911823,   0.95384615,  5.362931e+5,  4.478269e+5
2025-10-02 08:00:00.000   ,    783.99821,    730.66420,  -0.53009736,   0.88571429,  5.014232e+5,  4.488226e+5
2025-10-02 09:00:00.000   ,    767.77273,    730.06018,  -0.52911823,   0.65428571,  5.107273e+5,  4.478269e+5
2025-10-02 10:00:00.000   ,    778.36897,    731.26765,  -0.53107253,    1.0846154,  3.988276e+5,  4.498183e+5
2025-10-02 11:00:00.000   ,    754.52667,    730.66391,  -0.53009690,   0.76000000,  3.826117e+5,  4.488221e+5
2025-10-02 12:00:00.000   ,    769.37143,    730.06018,  -0.52911823,   0.94222222,  4.266429e+5,  4.478269e+5
2025-10-02 13:00:00.000   ,    731.96429,    731.26765,  -0.53107253,   0.38095238,  3.806589e+5,  4.498183e+5
2025-10-02 14:00:00.000   ,    713.28750,    730.66420,  -0.53009736,   0.38857143,  3.491179e+5,  4.488226e+5
2025-10-02 15:00:00.000   ,    730.53571,    730.06018,  -0.52911823,   0.32083333,  3.479464e+5,  4.478269e+5
2025-10-02 16:00:00.000   ,    721.53158,    728.84930,  -0.52714613,   0.48750000,  3.179877e+5,  4.458341e+5
2025-10-02 17:00:00.000   ,    703.63559,    727.63843,  -0.52516161,   0.48461538,  3.125678e+5,  4.438454e+5
2025-10-02 18:00:00.000   ,    735.81833,    742.62844,  -0.54887904,   0.83421053,  2.740250e+5,  4.687576e+5
2025-10-02 19:00:00.000   ,    736.02167,    748.53031,  -0.55773182,   0.91851852,  2.652167e+5,  4.787411e+5
2025-10-02 20:00:00.000   ,    749.31833,    746.17165,  -0.55422538,    1.0166667,  2.963333e+5,  4.747394e+5
2025-10-02 21:00:00.000   ,    764.62167,    743.81299,  -0.55067706,   0.62500000,  4.057683e+5,  4.707534e+5
2025-10-02 22:00:00.000   ,    743.98246,    746.17581,  -0.55423159,   0.89729730,  3.406140e+5,  4.747464e+5
2025-10-02 23:00:00.000   ,    738.93833,    746.17581,  -0.55423159,   0.65238095,  2.975500e+5,  4.747464e+5
2025-10-03 00:00:00.000   ,    748.57288,    746.17581,  -0.55423159,   0.58979592,  2.674407e+5,  4.747464e+5
2025-10-03 01:00:00.000   ,    752.58305,    756.70704,  -0.56957259,   0.78750000,  2.685424e+5,  4.927362e+5
2025-10-03 02:00:00.000   ,    761.93000,    749.23020,  -0.55876434,    1.0629630,  2.573667e+5,  4.799316e+5
2025-10-03 03:00:00.000   ,    718.83729,    741.75336,  -0.54754382,   0.65510204,  2.576102e+5,  4.672857e+5
2025-10-03 04:00:00.000   ,    732.79667,    734.27651,  -0.53588979,    1.0388889,  2.002083e+5,  4.547986e+5
2025-10-03 05:00:00.000   ,    713.76833,    752.63098,  -0.56373028,   0.75000000,  2.429700e+5,  4.857360e+5
2025-10-03 06:00:00.000   ,    715.99667,    754.96314,  -0.56708747,   0.99821429,  2.090017e+5,  4.897355e+5
2025-10-03 07:00:00.000   ,    735.33000,    749.11764,  -0.55859854,    1.3448276,  2.397333e+5,  4.797400e+5
2025-10-03 08:00:00.000   ,    734.81833,    750.87431,  -0.56117566,   0.54363636,  2.814550e+5,  4.827336e+5
2025-10-03 09:00:00.000   ,    755.91754,    752.63098,  -0.56373028,   0.55192308,  2.841579e+5,  4.857360e+5
2025-10-03 10:00:00.000   ,    734.39000,    752.63098,  -0.56373028,   0.28269231,  2.798383e+5,  4.857360e+5
2025-10-03 11:00:00.000   ,    714.98276,    742.62844,  -0.54887904,   0.92553191,  2.711103e+5,  4.687576e+5
2025-10-03 12:00:00.000   ,    696.61607,    748.53031,  -0.55773182,   0.88139535,  2.769732e+5,  4.787411e+5
2025-10-03 13:00:00.000   ,    711.17586,    748.23638,  -0.55729713,   0.79038462,  2.455810e+5,  4.782416e+5
2025-10-03 14:00:00.000   ,    674.98947,    747.94245,  -0.55686179,   0.70000000,  2.129702e+5,  4.777423e+5
2025-10-03 15:00:00.000   ,    674.85455,    747.64827,  -0.55642542,   0.66346154,  1.494164e+5,  4.772428e+5
2025-10-03 16:00:00.000   ,    666.53667,    747.35409,  -0.55598842,   0.80925926,  1.162433e+5,  4.767435e+5
2025-10-03 17:00:00.000   ,    639.79649,    743.20805,  -0.54976018,   0.69615385,  1.429386e+5,  4.697337e+5
2025-10-03 18:00:00.000   ,    616.18983,    739.06202,  -0.54339996,    1.0345455,  1.116373e+5,  4.627726e+5
2025-10-03 19:00:00.000   ,    608.66271,    736.67364,  -0.53967471,    1.1870370,  1.238220e+5,  4.587848e+5
2025-10-03 20:00:00.000   ,    591.03167,    731.87054,  -0.53204376,   0.91212121,  1.582967e+5,  4.508142e+5
2025-10-03 21:00:00.000   ,    604.61429,    730.50893,  -0.52984597,    2.9694444,  2.120679e+5,  4.485666e+5
2025-10-03 22:00:00.000   ,    589.45278,    729.14733,  -0.52763266,    7.8000000,  2.491528e+5,  4.463242e+5
2025-10-03 23:00:00.000   ,    675.11667,    727.78573,  -0.52540368,      N/A    ,  1.228583e+6,  4.440871e+5
2025-10-04 00:00:00.000   ,    535.50000,    726.42412,  -0.52315889,      N/A    ,  2.190000e+5,  4.418553e+5
2025-10-04 01:00:00.000   ,      N/A    ,    727.63843,  -0.52516161,      N/A    ,      N/A    ,  4.438454e+5
2025-10-04 02:00:00.000   ,    588.63333,    727.84053,  -0.52549370,   0.60000000,  1.517867e+5,  4.441771e+5
2025-10-04 03:00:00.000   ,    619.91667,    728.04262,  -0.52582544,    1.1352941,  1.978854e+5,  4.445088e+5
2025-10-04 04:00:00.000   ,    617.67917,    728.24472,  -0.52615683,    3.9774194,  1.651667e+5,  4.448407e+5
2025-10-04 05:00:00.000   ,    604.57619,    725.20024,  -0.52112753,    1.1653846,  1.533571e+5,  4.398537e+5
2025-10-04 06:00:00.000   ,    602.72600,    722.15575,  -0.51601774,    2.7074074,  1.455280e+5,  4.348931e+5
2025-10-04 07:00:00.000   ,    638.32069,    718.46326,  -0.50970983,    2.6733333,  2.448948e+5,  4.289119e+5
2025-10-04 08:00:00.000   ,    654.65370,    714.77076,  -0.50327780,    3.7961538,  3.281889e+5,  4.229695e+5
2025-10-04 09:00:00.000   ,    628.04068,    712.91080,  -0.49998985,   0.92444444,  2.167797e+5,  4.199909e+5
2025-10-04 10:00:00.000   ,    624.91273,    705.53417,  -0.48662297,    1.1037736,  1.867564e+5,  4.082744e+5
2025-10-04 11:00:00.000   ,    631.81186,    698.15754,  -0.47271283,    1.0932203,  1.797576e+5,  3.967125e+5
2025-10-04 12:00:00.000   ,    613.69259,    690.78091,  -0.45822959,    1.1020408,  1.502833e+5,  3.853051e+5
2025-10-04 13:00:00.000   ,    594.85636,    699.09595,  -0.47451357,   0.38095238,  1.556727e+5,  3.981747e+5
2025-10-04 14:00:00.000   ,    587.21607,    689.77685,  -0.45621218,   0.31379310,  1.938018e+5,  3.837643e+5
2025-10-04 15:00:00.000   ,    601.81552,    680.45775,  -0.43693778,   0.55714286,  1.730103e+5,  3.696006e+5
2025-10-04 16:00:00.000   ,    611.85172,    671.13865,  -0.41662016,   0.55714286,  1.936621e+5,  3.556835e+5
2025-10-04 17:00:00.000   ,    597.21833,    661.81955,  -0.39518266,   0.32051282,  1.990317e+5,  3.420131e+5
2025-10-04 18:00:00.000   ,    590.81579,    652.50045,  -0.37254141,   0.27741935,  2.105982e+5,  3.285894e+5
2025-10-04 19:00:00.000   ,    582.00167,    643.18135,  -0.34860461,   0.36451613,  1.452483e+5,  3.154123e+5
2025-10-04 20:00:00.000   ,    578.77119,    633.86226,  -0.32327147,   0.38958333,  1.544407e+5,  3.024819e+5
2025-10-04 21:00:00.000   ,    582.66316,    637.42668,  -0.33313276,    2.9965517,  1.814421e+5,  3.073985e+5
2025-10-04 22:00:00.000   ,    593.00000,    630.10928,  -0.31265026,    3.9916667,  2.407692e+5,  2.973443e+5
2025-10-04 23:00:00.000   ,    565.13226,    622.79188,  -0.29120939,    2.3363636,  2.316581e+5,  2.874421e+5
2025-10-05 00:00:00.000   ,    574.65682,    615.47448,  -0.26874942,    1.3863636,  1.914591e+5,  2.776921e+5
2025-10-05 01:00:00.000   ,    572.40816,    608.15708,  -0.24520473,   0.41176471,  2.229551e+5,  2.680941e+5
2025-10-05 02:00:00.000   ,    553.25789,    605.50044,  -0.23637457,   0.52000000,  1.565526e+5,  2.646471e+5
2025-10-05 03:00:00.000   ,    552.10408,    602.84379,  -0.22738855,   0.46250000,  2.484816e+5,  2.612201e+5
2025-10-05 04:00:00.000   ,    526.49048,    598.19111,  -0.21126429,    1.7000000,  2.226048e+5,  2.552667e+5
2025-10-05 05:00:00.000   ,    525.59592,    593.53843,  -0.19462995,    4.4875000,  1.732204e+5,  2.493747e+5
2025-10-05 06:00:00.000   ,    513.02807,    588.88575,  -0.17746378,    1.4181818,  1.560579e+5,  2.435442e+5
2025-10-05 07:00:00.000   ,    472.47759,    587.30713,  -0.17151458,    1.7826087,  1.048259e+5,  2.415799e+5
2025-10-05 08:00:00.000   ,    493.03962,    584.92164,  -0.16240139,    3.6900000,  1.551115e+5,  2.386251e+5
2025-10-05 09:00:00.000   ,    459.58333,    582.53615,  -0.15313699,   0.90465116,    87251.667,  2.356864e+5
2025-10-05 10:00:00.000   ,    454.14211,    583.33503,  -0.15625660,   0.93695652,  1.042509e+5,  2.366688e+5
2025-10-05 11:00:00.000   ,    458.39492,    584.92830,  -0.16242703,    1.0733333,  1.086000e+5,  2.386333e+5
2025-10-05 12:00:00.000   ,    474.51186,    582.53615,  -0.15313699,    1.3084746,  1.262780e+5,  2.356864e+5
2025-10-05 13:00:00.000   ,    466.06167,    578.51893,  -0.13718445,   0.81403509,  1.249950e+5,  2.307742e+5
2025-10-05 14:00:00.000   ,    466.67333,    578.51893,  -0.13718445,   0.75762712,  1.282383e+5,  2.307742e+5
2025-10-05 15:00:00.000   ,    453.75000,    575.67395,  -0.12561273,    1.3210526,  1.262897e+5,  2.273231e+5
2025-10-05 16:00:00.000   ,    447.99310,    572.82898,  -0.11380665,    1.0172414,  1.124086e+5,  2.238949e+5
2025-10-05 17:00:00.000   ,    443.23667,    568.86383,  -0.09694902,   0.82142857,  1.278600e+5,  2.191554e+5
2025-10-05 18:00:00.000   ,    438.72759,    564.89867,  -0.07960575,   0.82807018,  1.139241e+5,  2.144605e+5
2025-10-05 19:00:00.000   ,    432.67586,    560.93351,  -0.06175803,    1.5092593,  1.167328e+5,  2.098102e+5
2025-10-05 20:00:00.000   ,    435.93393,    556.96836,  -0.04338609,   0.97500000,  1.070821e+5,  2.052046e+5
2025-10-05 21:00:00.000   ,    443.30182,    559.51544,  -0.05524886,   0.70000000,    91423.636,  2.081580e+5
2025-10-05 22:00:00.000   ,    456.31800,    560.36077,  -0.05913716,    1.7653061,    58506.000,  2.091422e+5
2025-10-05 23:00:00.000   ,    455.21628,    560.36077,  -0.05913716,    2.7000000,    95588.372,  2.091422e+5
2025-10-06 00:00:00.000   ,    446.90000,    561.20427,  -0.06299318,    1.4906250,    75742.500,  2.101263e+5
2025-10-06 01:00:00.000   ,    441.52449,    579.32545,  -0.14042314,   0.70227273,    89722.449,  2.317567e+5
2025-10-06 02:00:00.000   ,    437.63750,    578.92180,  -0.13880451,   0.83170732,  1.080563e+5,  2.312647e+5
2025-10-06 03:00:00.000   ,    437.90769,    578.51815,  -0.13718131,    1.1444444,  1.507162e+5,  2.307732e+5
2025-10-06 04:00:00.000   ,    401.11458,    578.11449,  -0.13555351,    5.7210526,  1.272255e+5,  2.302822e+5
2025-10-06 05:00:00.000   ,    424.87636,    577.71084,  -0.13392110,    1.1222222,  1.609889e+5,  2.297916e+5
2025-10-06 06:00:00.000   ,    413.41167,    572.00139,  -0.11032739,    1.0365854,  1.134617e+5,  2.229020e+5
2025-10-06 07:00:00.000   ,    389.90000,    566.29194,  -0.08575628,    1.1760870,    93907.407,  2.161051e+5
2025-10-06 08:00:00.000   ,    393.01552,    560.58248,  -0.06015302,    1.3176471,    92406.897,  2.094007e+5
2025-10-06 09:00:00.000   ,    383.80175,    554.87303,  -0.03345898,    1.6943396,    78233.333,  2.027889e+5
2025-10-06 10:00:00.000   ,    382.09444,    549.16357,  -0.00561130,    1.0600000,  1.118259e+5,  1.962697e+5
2025-10-06 11:00:00.000   ,    396.06441,    543.45412,   0.02345744,   0.71000000,  1.307593e+5,  1.898430e+5
2025-10-06 12:00:00.000   ,    430.42333,    537.74466,   0.05381972,    1.5035714,  1.004050e+5,  1.835090e+5
2025-10-06 13:00:00.000   ,    437.34333,    534.13779,   0.07370235,    2.2357143,    81423.333,  1.795553e+5
2025-10-06 14:00:00.000   ,    425.76379,    537.72661,   0.05391789,    2.3519231,    77334.483,  1.834891e+5
2025-10-06 15:00:00.000   ,    411.64407,    541.31542,   0.03467526,    1.5115385,    86086.441,  1.874595e+5
2025-10-06 16:00:00.000   ,    415.95690,    542.20261,   0.02999953,    1.4410714,    97146.552,  1.884467e+5
2025-10-06 17:00:00.000   ,    424.64500,    542.20261,   0.02999953,    1.6857143,    84038.333,  1.884467e+5
2025-10-06 18:00:00.000   ,    414.07797,    542.20261,   0.02999953,    1.3244898,    79683.051,  1.884467e+5
2025-10-06 19:00:00.000   ,    415.38966,    538.17020,   0.05151046,    1.6792453,    76994.828,  1.839779e+5
2025-10-06 20:00:00.000   ,    420.68644,    534.13779,   0.07370235,    2.3169811,    81447.458,  1.795553e+5
2025-10-06 21:00:00.000   ,    431.94821,    532.77297,   0.08137281,    2.4245283,    89876.786,  1.780689e+5
2025-10-06 22:00:00.000   ,    429.05800,    531.40815,   0.08912577,    3.4357143,    60472.000,  1.765877e+5
2025-10-06 23:00:00.000   ,    427.57857,    528.65688,   0.10501020,    2.7432432,    53304.762,  1.736180e+5
2025-10-07 00:00:00.000   ,    409.13778,    525.86023,   0.12151536,    1.8125000,    95202.174,  1.706214e+5
2025-10-07 01:00:00.000   ,    416.39535,    523.06359,   0.13839310,    1.2027778,    40055.814,  1.676470e+5
2025-10-07 02:00:00.000   ,    428.20909,    520.26694,   0.15565472,   0.49285714,    78688.636,  1.646948e+5
2025-10-07 03:00:00.000   ,    399.27250,    518.36801,   0.16760023,    3.0652174,    49035.000,  1.627029e+5
2025-10-07 04:00:00.000   ,    414.51930,    516.46907,   0.17973192,    2.0604167,    41585.965,  1.607213e+5
2025-10-07 05:00:00.000   ,    439.37333,    512.24783,   0.20738673,    1.3370370,    64430.000,  1.563529e+5
2025-10-07 06:00:00.000   ,    430.34833,    508.02659,   0.23602548,    1.0745455,    40825.000,  1.520351e+5
2025-10-07 07:00:00.000   ,    423.46780,    503.80535,   0.26569539,    1.5320755,    40839.655,  1.477679e+5
2025-10-07 08:00:00.000   ,    405.77966,    505.78727,   0.25163345,    1.9000000,    80165.517,  1.497651e+5
2025-10-07 09:00:00.000   ,    421.53000,    504.79791,   0.25862363,    1.1080000,    61623.333,  1.487667e+5
2025-10-07 10:00:00.000   ,    423.77500,    502.30015,   0.27653382,    1.1288462,    74775.000,  1.462585e+5
2025-10-07 11:00:00.000   ,    437.66034,    499.80239,   0.29482904,    1.3945455,    50168.966,  1.437681e+5
2025-10-07 12:00:00.000   ,    419.32069,    494.72218,   0.33327438,    1.2943396,    52893.103,  1.387575e+5
2025-10-07 13:00:00.000   ,    407.94068,    492.65785,   0.34938731,    1.2222222,    76459.322,  1.367423e+5
2025-10-07 14:00:00.000   ,    397.23833,    490.59351,   0.36579411,    1.3977778,    83928.333,  1.347393e+5
2025-10-07 15:00:00.000   ,    397.82414,    487.97037,   0.38707751,    1.4780000,    65368.966,  1.322116e+5
2025-10-07 16:00:00.000   ,    410.27719,    485.34722,   0.40886231,    2.7543860,    60222.807,  1.297033e+5
2025-10-07 17:00:00.000   ,    412.46724,    482.67361,   0.43159863,    2.1982759,    17940.351,  1.271670e+5
2025-10-07 18:00:00.000   ,    412.70690,    480.00000,   0.45488981,    2.5258621,    20803.448,  1.246509e+5
2025-10-07 19:00:00.000   ,    407.83000,    477.82239,   0.47428266,    2.3146341,    26112.500,  1.226166e+5
2025-10-07 20:00:00.000   ,    396.56216,    475.64478,   0.49406586,    2.0750000,    26335.135,  1.205958e+5
2025-10-07 21:00:00.000   ,    399.03158,    473.43998,   0.51450453,    2.0142857,    47810.345,  1.185634e+5
2025-10-07 22:00:00.000   ,    400.62745,    471.20663,   0.53563849,    2.1340909,    35896.078,  1.165189e+5
2025-10-07 23:00:00.000   ,    408.56596,    468.97327,   0.55721794,    3.1131579,    50427.660,  1.144884e+5
2025-10-08 00:00:00.000   ,    404.86889,    467.27209,   0.57396195,    1.3463415,    18551.111,  1.129514e+5
2025-10-08 01:00:00.000   ,    402.07907,    465.57092,   0.59097749,    1.2000000,    36277.778,  1.114225e+5
2025-10-08 02:00:00.000   ,    395.80541,    462.09648,   0.62659806,   0.59259259,    15810.811,  1.083255e+5
2025-10-08 03:00:00.000   ,    393.07660,    458.62203,   0.66342843,    1.5250000,    32772.340,  1.052628e+5
2025-10-08 04:00:00.000   ,    394.06429,    455.83102,   0.69392791,   0.54117647,    40726.786,  1.028274e+5
2025-10-08 05:00:00.000   ,    387.13500,    453.04000,   0.72527396,    1.0983333,    22213.333,  1.004141e+5
2025-10-08 06:00:00.000   ,    384.13667,    450.24898,   0.75749822,   0.91186441,    23525.424,    98022.889
2025-10-08 07:00:00.000   ,    380.80000,    447.16088,   0.79421588,   0.48813559,    28166.102,    95402.970
2025-10-08 08:00:00.000   ,    394.18983,    444.07279,   0.83209633,    1.0818182,    53856.897,    92810.137
2025-10-08 09:00:00.000   ,    372.69322,    441.52173,   0.86430134,   0.38947368,    24798.276,    90688.644
2025-10-08 10:00:00.000   ,    375.21607,    438.97068,   0.89736303,   0.27818182,    26062.500,    88585.635
2025-10-08 11:00:00.000   ,    375.86667,    436.41962,   0.93131206,   0.30384615,    26374.576,    86501.110
2025-10-08 12:00:00.000   ,    369.71228,    434.45178,   0.95812612,   0.16666667,    26498.246,    84905.775
2025-10-08 13:00:00.000   ,    373.93390,    432.48395,   0.98550250,   0.67272727,    62338.983,    83321.439
2025-10-08 14:00:00.000   ,    369.38421,    428.42599,    1.0438002,   0.65090909,    45670.175,    80089.039
2025-10-08 15:00:00.000   ,    371.74630,    424.36803,    1.1047037,    2.4444444,    16631.915,    76903.408
2025-10-08 16:00:00.000   ,    370.92453,    422.02032,    1.1411904,    2.6140000,    40889.744,    75081.732
2025-10-08 17:00:00.000   ,    362.82241,    419.67260,    1.1786342,   0.54363636,    25467.241,    73275.711
2025-10-08 18:00:00.000   ,    354.80345,    417.32489,    1.2170689,   0.61403509,    21774.138,    71485.344
2025-10-08 19:00:00.000   ,    347.78793,    414.40284,    1.2663436,   0.75178571,    18931.579,    69278.854
2025-10-08 20:00:00.000   ,    342.15965,    411.48078,    1.3172795,   0.84363636,    18011.111,    67096.616
2025-10-08 21:00:00.000   ,    359.60000,    409.97391,    1.3442204,    2.2814815,  1.294581e+5,    65980.736
2025-10-08 22:00:00.000   ,    338.18049,    408.46704,    1.3716339,    4.6416667,    59245.455,    64871.306
2025-10-08 23:00:00.000   ,    344.29800,    406.96017,    1.3995310,    8.7476190,  3.900304e+5,    63768.324
2025-10-09 00:00:00.000   ,    329.23269,    404.63428,    1.4435669,    2.8738095,    43030.000,    62078.510
2025-10-09 01:00:00.000   ,    341.19815,    402.30839,    1.4888263,    2.9370370,    68518.421,    60404.060
2025-10-09 02:00:00.000   ,    353.89020,    399.09258,    1.5535033,    2.6100000,  1.039260e+5,    58114.241
2025-10-09 03:00:00.000   ,    359.86591,    395.87676,    1.6207345,    2.4538462,  1.165318e+5,    55853.793
2025-10-09 04:00:00.000   ,    361.18462,    393.75927,    1.6664639,    4.5000000,    87525.641,    54381.417
2025-10-09 05:00:00.000   ,    350.94000,    391.64178,    1.7134006,    2.4217391,    76235.556,    52921.776
2025-10-09 06:00:00.000   ,    358.90345,    389.52429,    1.7615877,    2.7750000,    73329.310,    51474.870
2025-10-09 07:00:00.000   ,    365.32407,    387.40681,    1.8110699,    1.9313725,  1.118667e+5,    50040.699
2025-10-09 08:00:00.000   ,    391.01250,    384.72955,    1.8755600,   0.66415094,    92842.857,    48245.629
2025-10-09 09:00:00.000   ,    386.63333,    382.05230,    1.9422951,   0.57083333,    86463.158,    46470.916
2025-10-09 10:00:00.000   ,    388.03393,    380.18614,    1.9901958,    1.7351852,    75282.143,    45245.909
2025-10-09 11:00:00.000   ,    385.34667,    378.31999,    2.0392758,    1.0545455,    72956.667,    44030.793
2025-10-09 12:00:00.000   ,    373.60345,    376.45383,    2.0895743,   0.69272727,    54532.759,    42825.568
2025-10-09 13:00:00.000   ,    376.52931,    373.52701,    2.1710125,    1.2235294,    81737.931,    40955.255
2025-10-09 14:00:00.000   ,    364.58167,    370.60020,    2.2557136,    1.8701754,    98161.667,    39109.273
2025-10-09 15:00:00.000   ,    361.13333,    367.67338,    2.3438543,    1.9761905,  1.354263e+5,    37287.620
2025-10-09 16:00:00.000   ,    347.61404,    364.74656,    2.4356234,    1.6142857,    85878.947,    35490.298
2025-10-09 17:00:00.000   ,    358.13833,    361.81974,    2.5312227,    1.6196078,  1.093250e+5,    33717.306
2025-10-09 18:00:00.000   ,    342.69661,    358.89292,    2.6308685,    2.6392157,    81444.068,    31968.645
2025-10-09 19:00:00.000   ,    331.28833,    355.96611,    2.7347924,    2.0666667,    44673.333,    30244.313
2025-10-09 20:00:00.000   ,    338.77000,    353.03929,    2.8432427,    1.4488372,    78906.667,    28544.312
2025-10-09 21:00:00.000   ,    351.39630,    350.11247,    2.9564863,    2.4804878,  1.413000e+5,    26868.641
2025-10-09 22:00:00.000   ,    333.18235,    347.18565,    3.0748099,    5.9115385,    73850.000,    25217.300
2025-10-09 23:00:00.000   ,    336.45517,    344.25884,    3.1985218,    3.8472222,  1.157818e+5,    23590.289
2025-10-10 00:00:00.000   ,    336.11228,    371.36224,    2.2333365,    3.4387097,    62310.714,    39587.561
2025-10-10 01:00:00.000   ,    326.91064,    398.46564,    1.5664056,    7.4608696,    36731.818,    57671.254
2025-10-10 02:00:00.000   ,    342.92250,    425.56904,    1.0863978,    1.9615385,  2.094205e+5,    77841.369
2025-10-10 03:00:00.000   ,    305.61707,    452.67244,   0.72946673,    1.7870968,    43014.634,  1.000979e+5
2025-10-10 04:00:00.000   ,    320.30750,    542.20261,   0.02999953,    2.7300000,  1.403765e+5,  1.884467e+5
2025-10-10 05:00:00.000   ,    334.75870,    569.54181,  -0.09986536,    1.7125000,    85688.372,  2.199626e+5
2025-10-10 06:00:00.000   ,    345.61852,    575.27713,  -0.12398019,    3.1807692,  1.200907e+5,  2.268435e+5
2025-10-10 07:00:00.000   ,    353.00702,    597.17348,  -0.20767035,    1.9103448,  1.321727e+5,  2.539727e+5
2025-10-10 08:00:00.000   ,    383.90357,    619.06983,  -0.27991630,    3.8562500,  1.268860e+5,  2.824637e+5
2025-10-10 09:00:00.000   ,    381.16102,    640.96618,  -0.34271333,    1.3904762,  1.083169e+5,  3.123164e+5
2025-10-10 10:00:00.000   ,    363.34483,    663.74248,  -0.39970181,    2.5928571,    70598.276,  3.448137e+5
2025-10-10 11:00:00.000   ,    352.18167,    658.97084,  -0.38839339,    1.4686275,    75991.667,  3.378835e+5
2025-10-10 12:00:00.000   ,    352.10000,    654.19921,  -0.37676239,    2.4658537,  1.115914e+5,  3.310180e+5
2025-10-10 13:00:00.000   ,    354.05345,    662.38943,  -0.39652727,    1.9679245,    88374.138,  3.428420e+5
2025-10-10 14:00:00.000   ,    354.72586,    670.45806,  -0.41509342,    2.4857143,    92558.621,  3.546768e+5
2025-10-10 15:00:00.000   ,    353.95690,    673.12165,  -0.42103462,    2.3877551,  1.230172e+5,  3.586243e+5
2025-10-10 16:00:00.000   ,    362.57627,    677.09344,  -0.42972707,    3.4936170,  1.116661e+5,  3.645479e+5
2025-10-10 17:00:00.000   ,    357.14667,    682.34620,  -0.44092552,    4.2410714,    56870.000,  3.724509e+5
2025-10-10 18:00:00.000   ,    340.05345,    683.65188,  -0.44365794,    2.7698113,    54977.586,  3.744274e+5
2025-10-10 19:00:00.000   ,    346.31724,    687.55128,  -0.45170008,    5.4192982,    38265.517,  3.803594e+5
2025-10-10 20:00:00.000   ,    352.26034,    694.63313,  -0.46586643,    4.4245283,    77603.448,  3.912429e+5
2025-10-10 21:00:00.000   ,    351.78393,    693.02891,  -0.46270590,    2.3547170,    96869.643,  3.887651e+5
2025-10-10 22:00:00.000   ,    360.85926,    691.42470,  -0.45951723,    6.2183673,    37748.148,  3.862945e+5
2025-10-10 23:00:00.000   ,    367.22807,    695.91164,  -0.46836536,    8.1660714,    26684.211,  3.932230e+5
2025-10-11 00:00:00.000   ,    367.67292,    699.09595,  -0.47451357,    14.524324,    28829.167,  3.981747e+5
2025-10-11 01:00:00.000   ,    363.15476,    702.26340,  -0.48052404,    13.278125,    28102.439,  4.031288e+5
2025-10-11 02:00:00.000   ,    363.35676,    514.75191,   0.19086580,    10.869565,    55170.270,  1.589382e+5
2025-10-11 03:00:00.000   ,    368.28913,    327.24042,    4.0435046,    13.628205,    43934.783,    14611.836
2025-10-11 04:00:00.000   ,    368.36667,    336.52254,    3.5540241,    17.428125,    39402.083,    19406.853
2025-10-11 05:00:00.000   ,    373.74545,    333.07127,    3.7273481,    18.018182,    42316.667,    17595.395
2025-10-11 06:00:00.000   ,    374.29811,    329.62000,    3.9107587,    12.747500,    48022.642,    15817.767
2025-10-11 07:00:00.000   ,    392.78600,    711.04523,  -0.49665909,    7.7634146,  1.036520e+5,  4.170131e+5
2025-10-11 08:00:00.000   ,    412.87963,    712.91080,  -0.49998985,    4.6048780,  1.568759e+5,  4.199909e+5
2025-10-11 09:00:00.000   ,    420.61525,    712.28957,  -0.49888440,    4.6074074,  1.452407e+5,  4.189982e+5
2025-10-11 10:00:00.000   ,    418.76379,    712.28957,  -0.49888440,    5.0732143,  1.708328e+5,  4.189982e+5
2025-10-11 11:00:00.000   ,    412.48333,    713.53141,  -0.50109055,    5.1118644,  1.713067e+5,  4.209836e+5
2025-10-11 12:00:00.000   ,    412.21897,    712.28957,  -0.49888440,    5.3188679,  1.590810e+5,  4.189982e+5
2025-10-11 13:00:00.000   ,    395.95690,    711.04523,  -0.49665909,    5.4017857,  1.164259e+5,  4.170131e+5
2025-10-11 14:00:00.000   ,    397.55893,    708.54899,  -0.49215003,    4.7250000,    89801.786,  4.130442e+5
2025-10-11 15:00:00.000   ,    401.05536,    706.04254,  -0.48756128,    4.8232143,    78607.143,  4.090769e+5
2025-10-11 16:00:00.000   ,    393.64909,    704.78414,  -0.48523394,    6.0370370,    87178.182,  4.070918e+5
2025-10-11 17:00:00.000   ,    399.06167,    703.52574,  -0.48289071,    10.748333,    53465.000,  4.051111e+5
2025-10-11 18:00:00.000   ,    404.71552,    702.26340,  -0.48052404,    10.400000,    74325.862,  4.031288e+5
2025-10-11 19:00:00.000   ,    423.97241,    699.09595,  -0.47451357,    13.833333,  1.126172e+5,  3.981747e+5
2025-10-11 20:00:00.000   ,    418.56333,    693.35185,  -0.46334438,    13.959649,  1.174067e+5,  3.892633e+5
2025-10-11 21:00:00.000   ,    446.64906,    690.12752,  -0.45691806,    10.440909,  1.543906e+5,  3.843021e+5
2025-10-11 22:00:00.000   ,    524.64490,    686.90320,  -0.45037561,    5.0464286,  3.242653e+5,  3.793705e+5
2025-10-11 23:00:00.000   ,    536.97143,    682.34620,  -0.44092552,    6.8000000,  3.676190e+5,  3.724509e+5
2025-10-12 00:00:00.000   ,    597.11163,    681.69224,  -0.43954940,    6.0875000,  3.782093e+5,  3.714627e+5
2025-10-12 01:00:00.000   ,    607.27778,    687.55128,  -0.45170008,    3.2727273,  3.820022e+5,  3.803594e+5
2025-10-12 02:00:00.000   ,    635.48936,    683.65188,  -0.44365794,    3.0400000,  4.763149e+5,  3.744274e+5
2025-10-12 03:00:00.000   ,    686.68043,    686.90320,  -0.45037561,    4.5103448,  5.051333e+5,  3.793705e+5
2025-10-12 04:00:00.000   ,    701.14054,    682.65719,  -0.44157816,    5.9823529,  3.248865e+5,  3.729212e+5
2025-10-12 05:00:00.000   ,    725.95532,    678.41118,  -0.43256779,    5.9560000,  4.607848e+5,  3.665231e+5
2025-10-12 06:00:00.000   ,    740.81455,    671.71076,  -0.41789894,    4.1423077,  4.382000e+5,  3.565308e+5
2025-10-12 07:00:00.000   ,    740.04561,    665.01034,  -0.40265384,    5.8216216,  3.936351e+5,  3.466660e+5
2025-10-12 08:00:00.000   ,    741.21154,    658.30992,  -0.38680190,    3.9906250,  4.189038e+5,  3.369287e+5
2025-10-12 09:00:00.000   ,    728.08545,    653.51100,  -0.37505751,    2.5708333,  3.739818e+5,  3.300331e+5
2025-10-12 10:00:00.000   ,    756.16667,    649.69587,  -0.36547832,    1.0119048,  3.049074e+5,  3.245978e+5
2025-10-12 11:00:00.000   ,    742.73750,    645.88074,  -0.35567719,    1.8583333,  2.711964e+5,  3.192038e+5
2025-10-12 12:00:00.000   ,    734.21724,    641.67114,  -0.34459682,    1.3111111,  2.901034e+5,  3.133001e+5
2025-10-12 13:00:00.000   ,    731.69667,    638.83754,  -0.33697656,    1.7905660,  2.586883e+5,  3.093545e+5
2025-10-12 14:00:00.000   ,    718.38966,    636.00394,  -0.32922262,    1.4948718,  3.118276e+5,  3.054317e+5
2025-10-12 15:00:00.000   ,    720.51754,    632.77755,  -0.32022709,    2.6236364,  2.988772e+5,  3.009929e+5
2025-10-12 16:00:00.000   ,    707.63390,    629.55116,  -0.31104939,    2.4672414,  2.925763e+5,  2.965836e+5
2025-10-12 17:00:00.000   ,    711.11695,    623.01302,  -0.29187196,    1.3418605,  3.404407e+5,  2.877391e+5
2025-10-12 18:00:00.000   ,    696.38833,    619.69923,  -0.28184484,    2.3700000,  3.616500e+5,  2.833028e+5
2025-10-12 19:00:00.000   ,    688.55172,    616.38544,  -0.27160322,    1.7866667,  3.547586e+5,  2.788976e+5
2025-10-12 20:00:00.000   ,    683.97333,    612.64829,  -0.25978810,    1.5444444,  3.286667e+5,  2.739670e+5
2025-10-12 21:00:00.000   ,    693.10000,    608.91114,  -0.24768316,    1.1666667,  3.005136e+5,  2.690761e+5
2025-10-12 22:00:00.000   ,    711.43333,    602.84379,  -0.22738855,    2.4833333,  3.653549e+5,  2.612201e+5
2025-10-12 23:00:00.000   ,    725.05714,    598.99371,  -0.21408159,    2.7111111,  4.004286e+5,  2.562893e+5
2025-10-13 00:00:00.000   ,    699.22927,    595.14363,  -0.20042785,    1.6950000,  3.378049e+5,  2.514005e+5
2025-10-13 01:00:00.000   ,    697.44333,    590.82964,  -0.18470194,   0.85813953,  3.052083e+5,  2.459727e+5
2025-10-13 02:00:00.000   ,    701.08000,    586.51565,  -0.16850748,    1.4921053,  2.890533e+5,  2.405977e+5
2025-10-13 03:00:00.000   ,    698.00588,    583.32304,  -0.15620990,    1.7031250,  2.200912e+5,  2.366540e+5
2025-10-13 04:00:00.000   ,      N/A    ,    580.13042,  -0.14363747,      N/A    ,      N/A    ,  2.327392e+5
2025-10-13 05:00:00.000   ,    684.93091,    576.32556,  -0.12828357,    1.2566667,  2.557782e+5,  2.281115e+5
2025-10-13 06:00:00.000   ,    687.35833,    572.52070,  -0.11251301,    1.5465116,  2.316000e+5,  2.235248e+5
2025-10-13 07:00:00.000   ,    684.79831,    568.71584,  -0.09631059,    1.4382979,  2.485932e+5,  2.189793e+5
2025-10-13 08:00:00.000   ,    681.54138,    564.53830,  -0.07800483,    1.6750000,  2.537931e+5,  2.140360e+5
2025-10-13 09:00:00.000   ,    702.73833,    560.36077,  -0.05913716,    1.7490566,  2.805700e+5,  2.091422e+5
2025-10-13 10:00:00.000   ,    703.93393,    554.79230,  -0.03307343,    2.0211538,  2.754821e+5,  2.026961e+5
2025-10-13 11:00:00.000   ,    697.12000,    549.22383,  -0.00591148,    1.5270833,  2.331867e+5,  1.963380e+5
2025-10-13 12:00:00.000   ,    719.71833,    545.71322,   0.01180509,    1.6736842,  2.216917e+5,  1.923748e+5
2025-10-13 13:00:00.000   ,    678.14833,    542.20261,   0.02999953,    1.9043478,  2.135000e+5,  1.884467e+5
2025-10-13 14:00:00.000   ,    676.89492,    537.71644,   0.05397313,    1.5918367,  2.025712e+5,  1.834779e+5
2025-10-13 15:00:00.000   ,    659.48393,    533.23028,   0.07879356,    1.5828571,  1.839107e+5,  1.785663e+5
2025-10-13 16:00:00.000   ,    675.46667,    530.78130,   0.09271460,    1.6511628,  2.170625e+5,  1.759092e+5
2025-10-13 17:00:00.000   ,    670.33036,    528.33233,   0.10690686,    1.7675000,  2.263214e+5,  1.732691e+5
2025-10-13 18:00:00.000   ,    660.72364,    525.88335,   0.12137742,    1.9545455,  2.180182e+5,  1.706461e+5
2025-10-13 19:00:00.000   ,    671.29483,    522.60247,   0.14121251,    1.9729167,  2.178793e+5,  1.671587e+5
2025-10-13 20:00:00.000   ,    674.64167,    519.32159,   0.16157856,    1.5936170,  2.356550e+5,  1.637019e+5
2025-10-13 21:00:00.000   ,    663.88475,    515.00448,   0.18921830,    1.8956522,  2.065254e+5,  1.591999e+5
2025-10-13 22:00:00.000   ,    661.96000,    510.68738,   0.21785643,    1.8024390,  2.306950e+5,  1.547508e+5
2025-10-13 23:00:00.000   ,    660.19828,    506.74846,   0.24489797,    1.7270270,  2.169828e+5,  1.507377e+5
2025-10-14 00:00:00.000   ,    672.17458,    502.80955,   0.27285026,    1.6973684,  2.449492e+5,  1.467686e+5
2025-10-14 01:00:00.000   ,    704.80167,    498.76586,   0.30253691,    1.9183333,  2.177000e+5,  1.427398e+5
2025-10-14 02:00:00.000   ,    702.07333,    494.72218,   0.33327438,    1.8516667,  2.166167e+5,  1.387575e+5
2025-10-14 03:00:00.000   ,    689.65424,    490.88839,   0.36343221,    1.8589286,  2.300169e+5,  1.350247e+5
2025-10-14 04:00:00.000   ,    679.32167,    487.05461,   0.39462497,    1.9849057,  2.298500e+5,  1.313337e+5
2025-10-14 05:00:00.000   ,    663.79333,    483.22083,   0.42690055,    1.8820000,  2.212667e+5,  1.276844e+5
2025-10-14 06:00:00.000   ,    656.24667,    479.96055,   0.45523776,    1.9314815,  2.217833e+5,  1.246139e+5
2025-10-14 07:00:00.000   ,    634.96271,    476.70026,   0.48442757,    2.1000000,  1.951746e+5,  1.215736e+5
2025-10-14 08:00:00.000   ,    601.18448,    473.43998,   0.51450453,    1.8320755,  1.595586e+5,  1.185634e+5
2025-10-14 09:00:00.000   ,    596.10000,    470.32012,   0.54415025,    2.0508475,  1.300817e+5,  1.157112e+5
2025-10-14 10:00:00.000   ,    585.02241,    467.20025,   0.57467503,    1.9981818,  1.417638e+5,  1.128866e+5
2025-10-14 11:00:00.000   ,    587.77333,    464.08038,   0.60611396,    1.9120690,  1.310600e+5,  1.100897e+5
2025-10-14 12:00:00.000   ,    587.93220,    460.96052,   0.63850390,    1.7267857,  1.364949e+5,  1.073204e+5
2025-10-14 13:00:00.000   ,    580.38983,    457.79499,   0.67237967,    2.0796610,  1.080644e+5,  1.045388e+5
2025-10-14 14:00:00.000   ,    569.72759,    454.62947,   0.70731696,    1.6137255,  1.189552e+5,  1.017857e+5
2025-10-14 15:00:00.000   ,    559.67500,    451.46394,   0.74336060,    2.1981481,  1.111804e+5,    99061.079
2025-10-14 16:00:00.000   ,    564.98421,    447.70286,   0.78768896,    2.4508772,  1.151895e+5,    95860.821
2025-10-14 17:00:00.000   ,    566.04915,    443.94178,   0.83372977,    2.1898305,  1.017847e+5,    92700.740
2025-10-14 18:00:00.000   ,    571.12667,    440.18070,   0.88157238,    2.0583333,    89565.000,    89580.837
2025-10-14 19:00:00.000   ,    566.62500,    436.41962,   0.93131206,    2.2964912,  1.134367e+5,    86501.110
2025-10-14 20:00:00.000   ,    555.46964,    432.44417,   0.98606173,    1.7452830,  1.173196e+5,    83289.530
2025-10-14 21:00:00.000   ,    553.01186,    428.46873,    1.0431729,    1.7491228,  1.074797e+5,    80122.838
2025-10-14 22:00:00.000   ,    552.58814,    426.04047,    1.0792775,    2.2886792,  1.255712e+5,    78210.664
2025-10-14 23:00:00.000   ,    561.36000,    423.61222,    1.1163476,    2.3500000,  1.089817e+5,    76315.238
2025-10-15 00:00:00.000   ,    553.23448,    421.18397,    1.1544180,    2.3733333,  1.459879e+5,    74436.558
2025-10-15 01:00:00.000   ,    549.00508,    418.75571,    1.1935249,    2.2718750,  1.513729e+5,    72574.626
2025-10-15 02:00:00.000   ,    550.66364,    415.33080,    1.2505188,    2.5000000,  1.608182e+5,    69976.947
2025-10-15 03:00:00.000   ,      N/A    ,    411.90589,    1.3097632,      N/A    ,      N/A    ,    67412.583
2025-10-15 04:00:00.000   ,      N/A    ,    408.48097,    1.3713782,      N/A    ,      N/A    ,    64881.535
2025-10-15 05:00:00.000   ,    567.32500,    406.14257,    1.4148739,    2.5500000,  8.162500e+5,    63172.568
2025-10-15 06:00:00.000   ,    540.61000,    403.80417,    1.4595773,    2.0214286,  1.543217e+5,    61479.132
2025-10-15 07:00:00.000   ,    543.64000,    401.46576,    1.5055337,    2.0368421,  1.196467e+5,    59801.226
2025-10-15 08:00:00.000   ,    529.87931,    399.12736,    1.5527902,    1.9381818,  1.031552e+5,    58138.852
2025-10-15 09:00:00.000   ,    522.70678,    401.60045,    1.5028519,    1.8881356,  1.063407e+5,    59897.447
2025-10-15 10:00:00.000   ,    522.58596,    404.07354,    1.4543648,    1.8696429,    92752.632,    61673.413
2025-10-15 11:00:00.000   ,    516.69643,    401.22568,    1.5103248,    2.2178571,    94844.643,    59629.835
2025-10-15 12:00:00.000   ,    510.26364,    398.37782,    1.5682208,    2.4056604,  1.087909e+5,    57609.291
2025-10-15 13:00:00.000   ,    505.77193,    395.52997,    1.6281429,    2.1450980,  1.023158e+5,    55611.783
2025-10-15 14:00:00.000   ,    505.96897,    392.68211,    1.6901870,    2.2965517,  1.005345e+5,    53637.310
2025-10-15 15:00:00.000   ,    502.98750,    389.83425,    1.7544543,    2.7928571,    94391.071,    51685.872
2025-10-15 16:00:00.000   ,    499.24107,    386.98639,    1.8210524,    2.7851852,    99751.786,    49757.469
2025-10-15 17:00:00.000   ,    492.46724,    384.13854,    1.8900954,    2.8321429,    88162.069,    47852.101
2025-10-15 18:00:00.000   ,    488.71864,    381.17909,    1.9645643,    2.8465517,    81859.322,    45896.482
2025-10-15 19:00:00.000   ,    484.84138,    378.21965,    2.0419489,    2.6250000,    97358.621,    43965.739
2025-10-15 20:00:00.000   ,    480.50517,    376.47909,    2.0888851,    2.6460000,    99220.690,    42841.817
2025-10-15 21:00:00.000   ,    471.83333,    374.73854,    2.1369160,    2.6859649,  1.027517e+5,    41726.499
2025-10-15 22:00:00.000   ,    473.15536,    372.76354,    2.1927857,    3.2089286,    62814.286,    40471.375
2025-10-15 23:00:00.000   ,    472.81600,    370.78854,    2.2501615,    3.6080000,    43220.000,    39227.330
2025-10-16 00:00:00.000   ,    469.52542,    368.81354,    2.3090979,    3.7350000,    45928.814,    37994.363
2025-10-16 01:00:00.000   ,    464.61724,    368.89354,    2.3066795,    3.7966102,    50713.793,    38044.090
2025-10-16 02:00:00.000   ,    458.15833,    367.39104,    2.3525458,    4.0733333,    49965.000,    37113.178
2025-10-16 03:00:00.000   ,    458.23220,    365.88854,    2.3993730,    4.2915254,    51254.237,    36188.677
2025-10-16 04:00:00.000   ,    446.44333,    365.69354,    2.4055222,    3.4400000,    56213.333,    36069.162
2025-10-16 05:00:00.000   ,    436.94667,    365.49854,    2.4116882,    3.0283333,    53410.000,    35949.755
2025-10-16 06:00:00.000   ,    428.83333,    365.74798,    2.4038037,    3.8483333,    63700.000,    36102.520
2025-10-16 07:00:00.000   ,    433.61552,    365.99743,    2.3959464,    3.2327586,    55948.276,    36255.462
2025-10-16 08:00:00.000   ,    440.62542,    363.76548,    2.4672314,    3.3086207,    49166.102,    34893.275
2025-10-16 09:00:00.000   ,    449.85636,    361.53354,    2.5407847,    3.1464286,    45309.091,    33545.236
2025-10-16 10:00:00.000   ,    435.99245,    361.15104,    2.5536246,    2.5226415,    43579.245,    33315.636
2025-10-16 11:00:00.000   ,    427.58000,    360.76854,    2.5665344,    2.2783333,    47525.000,    33086.451
2025-10-16 12:00:00.000   ,    428.46500,    358.52562,    2.6436709,    2.6169492,    49461.667,    31750.912
2025-10-16 13:00:00.000   ,    424.88667,    356.28270,    2.7233371,    2.0783333,    49345.000,    30429.662
2025-10-16 14:00:00.000   ,    414.62203,    354.03979,    2.8056449,    1.5932203,    45523.729,    29122.700
2025-10-16 15:00:00.000   ,    408.33621,    353.03916,    2.8432475,    1.6086207,    41070.690,    28544.238
2025-10-16 16:00:00.000   ,    403.47500,    352.03854,    2.8814103,    2.2436364,    41776.786,    27968.620
2025-10-16 17:00:00.000   ,    398.27273,    350.64187,    2.9356353,    3.2339286,    53043.636,    27169.931
2025-10-16 18:00:00.000   ,    403.72034,    351.70854,    2.8941208,    2.5333333,    47937.288,    27779.409
2025-10-16 19:00:00.000   ,    402.67333,    349.62354,    2.9758912,    1.6186441,    44800.000,    26591.086
2025-10-16 20:00:00.000   ,    428.77458,    349.10666,    2.9965606,    3.5833333,    45781.034,    26298.409
2025-10-16 21:00:00.000   ,    422.18814,    348.58979,    3.0173916,    6.2847458,    37128.814,    26006.490
2025-10-16 22:00:00.000   ,    415.98000,    347.29916,    3.0701227,    7.1466667,    31513.559,    25280.889
2025-10-16 23:00:00.000   ,    401.40000,    346.00854,    3.1238989,    8.5133333,    21165.000,    24560.019
2025-10-17 00:00:00.000   ,    394.19833,    343.90854,    3.2137050,    9.0916667,    17070.000,    23397.189
2025-10-17 01:00:00.000   ,    394.16949,    382.05230,    1.9422951,    8.9700000,    16593.220,    46470.916
2025-10-17 02:00:00.000   ,    389.38276,    382.96115,    1.9193824,    9.1762712,    15167.241,    47071.096
2025-10-17 03:00:00.000   ,    387.15424,    383.86241,    1.8969243,    6.5406780,    14396.610,    47668.581
2025-10-17 04:00:00.000   ,    386.68667,    382.95735,    1.9194775,    4.1233333,    17281.667,    47068.585
2025-10-17 05:00:00.000   ,    390.38500,    382.05230,    1.9422951,    4.7816667,    20333.333,    46470.916
2025-10-17 06:00:00.000   ,    393.19667,    387.40681,    1.8110699,    5.6066667,    32257.627,    50040.699
2025-10-17 07:00:00.000   ,    396.20333,    384.72955,    1.8755600,    3.9068966,    35005.000,    48245.629
2025-10-17 08:00:00.000   ,    386.76167,    382.05230,    1.9422951,    10.718333,    28842.373,    46470.916
2025-10-17 09:00:00.000   ,    384.90847,    382.95735,    1.9194775,    8.8350000,    28949.153,    47068.585
2025-10-17 10:00:00.000   ,    391.20536,    383.86241,    1.8969243,    11.346429,    32187.500,    47668.581
2025-10-17 11:00:00.000   ,    391.16667,    381.10598,    1.9664403,    14.641667,    37345.000,    45848.483
2025-10-17 12:00:00.000   ,    393.76333,    378.34955,    2.0384889,    14.861667,    41118.333,    44049.965
2025-10-17 13:00:00.000   ,    394.76667,    378.13892,    2.0441023,    14.977193,    39180.702,    43913.417
2025-10-17 14:00:00.000   ,    400.28750,    377.92828,    2.0497312,    23.425581,    31321.429,    43776.995
2025-10-17 15:00:00.000   ,    411.79643,    377.71764,    2.0553757,    26.102381,    40562.500,    43640.699
2025-10-17 16:00:00.000   ,    392.41091,    377.50701,    2.0610359,    16.489130,    38125.455,    43504.529
2025-10-17 17:00:00.000   ,    385.59831,    377.29637,    2.0667118,    16.267241,    37213.559,    43368.484
2025-10-17 18:00:00.000   ,    383.15172,    377.08574,    2.0724036,    11.569492,    40719.298,    43232.566
2025-10-17 19:00:00.000   ,    383.66949,    376.87510,    2.0781112,    3.8516667,    37900.000,    43096.774
2025-10-17 20:00:00.000   ,    381.11695,    376.66447,    2.0838347,    4.2949153,    37115.254,    42961.108
2025-10-17 21:00:00.000   ,    378.74915,    376.45383,    2.0895743,    6.7237288,    36186.441,    42825.568
2025-10-17 22:00:00.000   ,    385.31186,    379.19589,    2.0160903,    4.5932203,    43772.881,    44599.888
2025-10-17 23:00:00.000   ,    393.70000,    381.93794,    1.9451972,    3.4333333,    48633.333,    46395.564
2025-10-18 00:00:00.000   ,    404.17692,    384.68000,    1.8767745,    13.409091,    54330.769,    48212.595
2025-10-18 01:00:00.000   ,    396.18400,    387.42206,    1.8107088,    11.052000,    30460.000,    50050.981
2025-10-18 02:00:00.000   ,    392.54138,    390.16411,    1.7468931,    19.600000,    43500.000,    51910.723
2025-10-18 03:00:00.000   ,    388.13448,    392.90617,    1.6852263,    26.000000,    35989.655,    53791.820
2025-10-18 04:00:00.000   ,    378.51833,    395.64822,    1.6256130,    14.900000,    30020.000,    55694.272
2025-10-18 05:00:00.000   ,    386.61000,    398.39028,    1.5679631,    23.088333,    26848.333,    57618.080
2025-10-18 06:00:00.000   ,    398.99000,    401.13234,    1.5121913,    26.678333,    35942.373,    59563.244
2025-10-18 07:00:00.000   ,    406.31695,    403.87439,    1.4582168,    11.347458,    73384.746,    61529.762
2025-10-18 08:00:00.000   ,    417.07833,    442.81632,   0.84785296,    7.7780488,  1.933050e+5,    91762.935
2025-10-18 09:00:00.000   ,    440.63333,    483.39765,   0.42538741,    6.2351351,  3.289567e+5,  1.278518e+5
2025-10-18 10:00:00.000   ,    473.14340,    523.97897,   0.13282706,    5.3660377,  1.647377e+5,  1.686181e+5
2025-10-18 11:00:00.000   ,    508.18036,    564.56029,  -0.07810264,    5.4071429,  2.450357e+5,  2.140619e+5
2025-10-18 12:00:00.000   ,    510.15179,    614.15561,  -0.26458789,    5.3867925,  2.277500e+5,  2.759509e+5
2025-10-18 13:00:00.000   ,    465.20000,    615.64333,  -0.26927963,    6.8370370,  1.668950e+5,  2.779153e+5
2025-10-18 14:00:00.000   ,    490.67667,    607.95974,  -0.24455409,    6.2857143,  2.266750e+5,  2.678373e+5
2025-10-18 15:00:00.000   ,    522.68667,    600.27616,  -0.21855201,    7.0315789,  1.954083e+5,  2.579270e+5
2025-10-18 16:00:00.000   ,    513.27667,    592.59257,  -0.19118399,    8.9350877,  1.346067e+5,  2.481844e+5
2025-10-18 17:00:00.000   ,    512.66552,    584.90899,  -0.16235265,    7.6314815,  1.170828e+5,  2.386095e+5
2025-10-18 18:00:00.000   ,    536.86441,    577.22540,  -0.13195178,    5.8072727,  1.560322e+5,  2.292022e+5
2025-10-18 19:00:00.000   ,    528.03103,    569.54181,  -0.09986536,    6.3814815,  1.747724e+5,  2.199626e+5
2025-10-18 20:00:00.000   ,    516.78305,    652.13189,  -0.37161998,    6.4150000,  2.267881e+5,  3.280636e+5
2025-10-18 21:00:00.000   ,    509.00667,    648.64498,  -0.36280100,    9.3379310,  2.157300e+5,  3.231079e+5
2025-10-18 22:00:00.000   ,    468.21333,    645.15806,  -0.35379505,    7.4200000,  2.082233e+5,  3.181867e+5
2025-10-18 23:00:00.000   ,    488.20833,    641.67114,  -0.34459682,    6.7383333,  1.681500e+5,  3.133001e+5
2025-10-19 00:00:00.000   ,    488.49667,    645.88074,  -0.35567719,    5.9383333,  2.359333e+5,  3.192038e+5
2025-10-19 01:00:00.000   ,    477.47667,    652.13189,  -0.37161998,    5.7574074,  2.448000e+5,  3.280636e+5
2025-10-19 02:00:00.000   ,    486.21167,    663.06637,  -0.39811866,    5.5218182,  2.442333e+5,  3.438278e+5
2025-10-19 03:00:00.000   ,    496.42281,    665.08844,  -0.40283496,    4.2185185,  2.516842e+5,  3.467803e+5
2025-10-19 04:00:00.000   ,    465.71356,    667.11050,  -0.40749603,    8.3814815,  1.779322e+5,  3.497443e+5
2025-10-19 05:00:00.000   ,    476.37667,    669.12147,  -0.41207760,    7.5615385,  1.717667e+5,  3.527036e+5
2025-10-19 06:00:00.000   ,    534.17833,    669.79016,  -0.41358933,    3.0105263,  2.020717e+5,  3.536902e+5
2025-10-19 07:00:00.000   ,    541.19000,    671.12515,  -0.41658994,    2.3981132,  1.694167e+5,  3.556636e+5
2025-10-19 08:00:00.000   ,    548.11667,    671.79144,  -0.41807894,    3.1382979,  2.481333e+5,  3.566504e+5
2025-10-19 09:00:00.000   ,    552.69667,    672.45694,  -0.41956048,    3.7370370,  3.491500e+5,  3.576373e+5
2025-10-19 10:00:00.000   ,    556.89655,    674.44870,  -0.42396091,    2.6911765,  3.655172e+5,  3.605985e+5
2025-10-19 11:00:00.000   ,    544.37119,    674.44870,  -0.42396091,    3.1447368,  3.252492e+5,  3.605985e+5
2025-10-19 12:00:00.000   ,    526.17759,    674.44870,  -0.42396091,    2.7739130,  2.811241e+5,  3.605985e+5
2025-10-19 13:00:00.000   ,    515.44310,    673.78556,  -0.42250141,    3.4645833,  2.591034e+5,  3.596113e+5
2025-10-19 14:00:00.000   ,    515.27857,    674.44870,  -0.42396091,    2.7673913,  2.512143e+5,  3.605985e+5
2025-10-19 15:00:00.000   ,    514.69815,    675.77262,  -0.42685825,    2.7972973,  2.868056e+5,  3.625730e+5
2025-10-19 16:00:00.000   ,    535.64909,    675.11105,  -0.42541317,    2.0619048,  3.492909e+5,  3.615857e+5
2025-10-19 17:00:00.000   ,    526.54333,    676.43342,  -0.42829619,    2.7727273,  3.169700e+5,  3.635604e+5
2025-10-19 18:00:00.000   ,    522.89298,    673.78556,  -0.42250141,    1.5525000,  2.853193e+5,  3.596113e+5
2025-10-19 19:00:00.000   ,    532.86949,    670.45806,  -0.41509342,    1.4848485,  2.625051e+5,  3.546768e+5
2025-10-19 20:00:00.000   ,    533.29138,    668.78428,  -0.41131311,    1.9021277,  2.526707e+5,  3.522066e+5
2025-10-19 21:00:00.000   ,    570.46833,    667.11050,  -0.40749603,    1.1977273,  2.591283e+5,  3.497443e+5
2025-10-19 22:00:00.000   ,    583.96333,    664.41774,  -0.40127677,    1.5520000,  3.550333e+5,  3.457997e+5
2025-10-19 23:00:00.000   ,    568.71333,    658.61982,  -0.38754889,    1.3870370,  2.751833e+5,  3.373763e+5
2025-10-20 00:00:00.000   ,    524.92667,    652.82190,  -0.37334340,    1.9282051,  2.102483e+5,  3.290483e+5
2025-10-20 01:00:00.000   ,    546.82000,    657.62700,  -0.38515087,    3.7925926,  2.270683e+5,  3.359434e+5
2025-10-20 02:00:00.000   ,    556.06500,    655.57297,  -0.38014474,    3.0500000,  1.622167e+5,  3.329880e+5
2025-10-20 03:00:00.000   ,    557.31724,    650.74917,  -0.36814489,    1.5523810,  1.660983e+5,  3.260943e+5
2025-10-20 04:00:00.000   ,    565.63103,    649.36097,  -0.36462695,    2.4500000,  1.339034e+5,  3.241227e+5
2025-10-20 05:00:00.000   ,    552.70000,    647.97277,  -0.36107954,    2.1170732,  1.283017e+5,  3.221565e+5
2025-10-20 06:00:00.000   ,    563.13500,    644.48135,  -0.35202515,    1.1724138,  1.213817e+5,  3.172357e+5
2025-10-20 07:00:00.000   ,    578.68667,    639.55333,  -0.33891400,    1.4620690,  1.174967e+5,  3.103491e+5
2025-10-20 08:00:00.000   ,    561.27167,    635.63235,  -0.32819574,    1.6067797,  1.137617e+5,  3.049190e+5
2025-10-20 09:00:00.000   ,    539.11833,    631.71138,  -0.31721468,    2.1224138,    94031.667,  2.995326e+5
2025-10-20 10:00:00.000   ,    534.53966,    628.82051,  -0.30894521,    1.4208333,  1.274862e+5,  2.955892e+5
2025-10-20 11:00:00.000   ,    543.89808,    625.92965,  -0.30052459,    1.3565217,  1.595712e+5,  2.916696e+5
2025-10-20 12:00:00.000   ,    531.06786,    622.63600,  -0.29074177,    1.7944444,  1.392321e+5,  2.872328e+5
2025-10-20 13:00:00.000   ,    495.03684,    619.34235,  -0.28075227,    1.0800000,  1.029088e+5,  2.828268e+5
2025-10-20 14:00:00.000   ,    477.67966,    611.16598,  -0.25502199,    1.8051282,    71161.017,  2.720223e+5
2025-10-20 15:00:00.000   ,    483.57167,    610.16302,  -0.25177096,    2.4441176,    96395.000,  2.707101e+5
2025-10-20 16:00:00.000   ,    479.84833,    609.16005,  -0.24849860,    2.3558824,  1.053750e+5,  2.694006e+5
2025-10-20 17:00:00.000   ,    483.75345,    608.15708,  -0.24520473,    2.7790698,  1.094310e+5,  2.680941e+5
2025-10-20 18:00:00.000   ,    519.63333,    601.75185,  -0.22364903,    2.9172414,  1.185500e+5,  2.598174e+5
2025-10-20 19:00:00.000   ,    503.42373,    595.34662,  -0.20115657,    2.6023810,  1.339661e+5,  2.516572e+5
2025-10-20 20:00:00.000   ,    490.18070,    588.94138,  -0.17767229,    2.1785714,  1.631912e+5,  2.436135e+5
2025-10-20 21:00:00.000   ,    499.11833,    582.53615,  -0.15313699,    2.2232558,  1.396200e+5,  2.356864e+5
2025-10-20 22:00:00.000   ,    512.22167,    582.53615,  -0.15313699,    2.2469388,  1.624933e+5,  2.356864e+5
2025-10-20 23:00:00.000   ,    544.57458,    582.53615,  -0.15313699,    2.5960784,  1.690746e+5,  2.356864e+5
2025-10-21 00:00:00.000   ,    558.53333,    578.09140,  -0.13546024,    2.2741379,  1.657500e+5,  2.302541e+5
2025-10-21 01:00:00.000   ,    547.20667,    573.64665,  -0.11722419,    2.6131579,  1.763333e+5,  2.248778e+5
2025-10-21 02:00:00.000   ,    538.76000,    568.68531,  -0.09617876,    2.7744681,  1.433833e+5,  2.189430e+5
2025-10-21 03:00:00.000   ,    546.52931,    563.72396,  -0.07437167,    2.4896552,  1.298103e+5,  2.130781e+5
2025-10-21 04:00:00.000   ,    529.03621,    557.93630,  -0.04792036,    1.9200000,  1.519345e+5,  2.063248e+5
2025-10-21 05:00:00.000   ,    484.28000,    552.14864,  -0.02031880,    2.9688889,  1.132267e+5,  1.996665e+5
2025-10-21 06:00:00.000   ,    495.23333,    546.36098,   0.00850068,    2.7620000,  1.108200e+5,  1.931035e+5
2025-10-21 07:00:00.000   ,    483.84000,    540.57332,   0.03861080,    2.5780488,  1.184833e+5,  1.866355e+5
2025-10-21 08:00:00.000   ,    506.27500,    534.78566,   0.07008980,    2.9983333,    79648.333,  1.802627e+5
2025-10-21 09:00:00.000   ,    497.25833,    528.99800,   0.10302192,    3.3883333,    77335.000,  1.739851e+5
2025-10-21 10:00:00.000   ,    506.19655,    523.21034,   0.13749801,    2.9103448,    70625.862,  1.678025e+5
2025-10-21 11:00:00.000   ,    484.31333,    517.42268,   0.17361610,    3.2068966,    81256.667,  1.617152e+5
2025-10-21 12:00:00.000   ,    470.50526,    513.56808,   0.19863373,    2.8230769,  1.284877e+5,  1.577137e+5
2025-10-21 13:00:00.000   ,    478.12203,    509.71347,   0.22445992,    2.6833333,  1.296847e+5,  1.537545e+5
2025-10-21 14:00:00.000   ,    468.80847,    506.26151,   0.24830344,    2.6413793,  1.417458e+5,  1.502446e+5
2025-10-21 15:00:00.000   ,    469.37833,    502.80955,   0.27285026,    3.0895833,    98830.000,  1.467686e+5
2025-10-21 16:00:00.000   ,    497.40172,    498.76586,   0.30253691,    2.0962963,  1.578431e+5,  1.427398e+5
2025-10-21 17:00:00.000   ,    480.37167,    494.72218,   0.33327438,    2.0517241,  1.712567e+5,  1.387575e+5
2025-10-21 18:00:00.000   ,    471.45517,    492.65035,   0.34944637,    2.1500000,  1.744897e+5,  1.367350e+5
2025-10-21 19:00:00.000   ,    478.94655,    490.57852,   0.36591440,    1.1875000,  2.097086e+5,  1.347248e+5
2025-10-21 20:00:00.000   ,    479.26491,    488.50669,   0.38268572,    2.4611111,  1.236526e+5,  1.327268e+5
2025-10-21 21:00:00.000   ,    480.89831,    484.79227,   0.41353687,    1.4875000,  1.276949e+5,  1.291752e+5
2025-10-21 22:00:00.000   ,    474.17333,    481.07785,   0.44543221,    1.5955556,  1.286000e+5,  1.256628e+5
2025-10-21 23:00:00.000   ,    467.05862,    477.25892,   0.47936387,    1.9055556,  1.139655e+5,  1.220924e+5
2025-10-22 00:00:00.000   ,    456.44545,    473.43998,   0.51450453,    1.9222222,  1.137927e+5,  1.185634e+5
2025-10-22 01:00:00.000   ,    450.90500,    470.05218,   0.54673678,    2.0794872,  1.005233e+5,  1.154675e+5
2025-10-22 02:00:00.000   ,    422.37167,    466.66437,   0.58000905,    2.2150000,  1.359933e+5,  1.124042e+5
2025-10-22 03:00:00.000   ,    423.73051,    463.27657,   0.61436658,    2.6580000,    81138.983,  1.093735e+5
2025-10-22 04:00:00.000   ,    410.60339,    460.93782,   0.63874308,    2.7755102,    74681.356,  1.073004e+5
2025-10-22 05:00:00.000   ,    399.22759,    458.59908,   0.66367589,    2.8928571,    96246.552,  1.052427e+5
2025-10-22 06:00:00.000   ,    416.14833,    456.26034,   0.68918208,    2.5981818,    84021.667,  1.032006e+5
2025-10-22 07:00:00.000   ,    423.83333,    453.02825,   0.72540777,    2.7482759,    70448.333,  1.004040e+5
2025-10-22 08:00:00.000   ,    429.32857,    449.79616,   0.76281141,    2.9214286,    54980.357,    97637.023
2025-10-22 09:00:00.000   ,    424.63390,    446.56407,   0.80144462,    3.0655172,    52198.305,    94899.759
2025-10-22 10:00:00.000   ,    391.33273,    442.78295,   0.84827427,    2.7466667,  1.171236e+5,    91735.180
2025-10-22 11:00:00.000   ,    399.83833,    439.00183,   0.89695398,    2.6574468,  1.070133e+5,    88611.207
2025-10-22 12:00:00.000   ,    407.47719,    435.93999,   0.93779652,    3.3893617,    90056.140,    86111.262
2025-10-22 13:00:00.000   ,    426.27143,    432.87816,   0.97997246,    3.5714286,    55069.643,    83637.944
2025-10-22 14:00:00.000   ,    415.63509,    429.81632,    1.0235405,    3.5210526,    69689.474,    81191.253
2025-10-22 15:00:00.000   ,    408.88421,    426.60259,    1.0708350,    3.0946429,    70321.053,    78651.826
2025-10-22 16:00:00.000   ,    431.95769,    423.38886,    1.1198071,    3.1509804,    60873.077,    76141.733
2025-10-22 17:00:00.000   ,    429.40833,    420.17513,    1.1705372,    3.3644068,    58635.000,    73660.974
2025-10-22 18:00:00.000   ,    424.93667,    417.27702,    1.2178632,    4.0816667,    69323.333,    71448.999
2025-10-22 19:00:00.000   ,    419.67586,    414.37890,    1.2667540,    4.7620690,    75056.897,    69260.880
2025-10-22 20:00:00.000   ,    404.14667,    411.48078,    1.3172795,    2.9982759,    57421.667,    67096.616
2025-10-22 21:00:00.000   ,    410.40345,    409.18769,    1.3584640,    3.8192982,    49529.310,    65401.075
2025-10-22 22:00:00.000   ,    401.49661,    406.89459,    1.4007562,    3.2051724,    54905.085,    63720.469
2025-10-22 23:00:00.000   ,    401.05763,    404.60149,    1.4441964,    3.0135593,    41622.034,    62054.797
2025-10-23 00:00:00.000   ,    402.13333,    402.30839,    1.4888263,    2.6491525,    38836.667,    60404.060
2025-10-23 01:00:00.000   ,    399.72000,    399.01716,    1.5550501,    1.7534884,    59546.667,    58060.896
2025-10-23 02:00:00.000   ,    395.17833,    395.72593,    1.6239527,    1.3179487,    68578.333,    55748.497
2025-10-23 03:00:00.000   ,    418.44746,    392.43470,    1.6956805,    1.4617021,    84247.458,    53466.864
2025-10-23 04:00:00.000   ,    411.59333,    389.14347,    1.7703902,    1.5302326,    95121.667,    51215.997
2025-10-23 05:00:00.000   ,    412.79831,    411.91036,    1.3096844,    1.7531915,    91572.881,    67415.908
2025-10-23 06:00:00.000   ,    411.39492,    434.67725,   0.95502566,    1.7647059,    78357.627,    85088.003
2025-10-23 07:00:00.000   ,    409.36667,    457.44414,   0.67619888,    1.5725490,    73010.000,  1.042323e+5
2025-10-23 08:00:00.000   ,    409.45179,    459.76065,   0.65122210,    1.3580645,  1.029464e+5,  1.062627e+5
2025-10-23 09:00:00.000   ,    407.49818,    462.07716,   0.62679946,    1.5697674,    85332.727,  1.083084e+5
2025-10-23 10:00:00.000   ,    407.77778,    464.39367,   0.60291467,    2.0955556,    55787.037,  1.103693e+5
2025-10-23 11:00:00.000   ,    411.89833,    466.71018,   0.57955207,    1.6796296,    95513.333,  1.124454e+5
2025-10-23 12:00:00.000   ,    448.02333,    463.66093,   0.61041250,    1.0423077,  1.219200e+5,  1.097158e+5
2025-10-23 13:00:00.000   ,    443.55862,    460.61168,   0.64218623,    1.1673469,    82341.379,  1.070125e+5
2025-10-23 14:00:00.000   ,    446.17414,    457.56244,   0.67490969,    2.1660000,  1.217000e+5,  1.043356e+5
2025-10-23 15:00:00.000   ,    443.68305,    454.51319,   0.70862108,    3.5380000,  1.314814e+5,  1.016851e+5
2025-10-23 16:00:00.000   ,    431.91525,    451.46394,   0.74336060,    4.7268293,  1.440627e+5,    99061.079
2025-10-23 17:00:00.000   ,    427.61333,    463.27657,   0.61436658,    5.1511628,  1.318633e+5,  1.093735e+5
2025-10-23 18:00:00.000   ,    442.56552,    462.12130,   0.62633934,    4.5750000,  1.256259e+5,  1.083475e+5
2025-10-23 19:00:00.000   ,    456.55000,    459.77104,   0.65111129,    3.6018182,  1.333448e+5,  1.062719e+5
2025-10-23 20:00:00.000   ,    466.86500,    457.42079,   0.67645355,    4.1121951,  1.795000e+5,  1.042119e+5
2025-10-23 21:00:00.000   ,    468.16102,    455.07053,   0.70238378,    3.7138889,  1.817983e+5,  1.021676e+5
2025-10-23 22:00:00.000   ,    476.17759,    459.79413,   0.65086522,    4.3954545,  1.821345e+5,  1.062922e+5
2025-10-23 23:00:00.000   ,    486.20000,    457.82095,   0.67209761,    3.1037037,  1.736400e+5,  1.045615e+5
2025-10-24 00:00:00.000   ,    500.37000,    455.84778,   0.69374227,    2.5500000,  2.138167e+5,  1.028419e+5
2025-10-24 01:00:00.000   ,    490.91500,    453.87460,   0.71580993,    2.5857143,  2.336833e+5,  1.011334e+5
2025-10-24 02:00:00.000   ,    498.25167,    462.12130,   0.62633934,    2.0214286,  2.152867e+5,  1.083475e+5
2025-10-24 03:00:00.000   ,    514.45763,    463.27657,   0.61436658,    1.9085714,  2.113051e+5,  1.093735e+5
2025-10-24 04:00:00.000   ,    505.79500,    461.22506,   0.63571965,    1.9857143,  1.979833e+5,  1.075541e+5
2025-10-24 05:00:00.000   ,    520.29667,    459.17355,   0.65749918,    1.8705882,  1.889167e+5,  1.057467e+5
2025-10-24 06:00:00.000   ,    503.91186,    457.12204,   0.67971662,    2.1272727,  2.026085e+5,  1.039512e+5
2025-10-24 07:00:00.000   ,    509.96207,    455.07053,   0.70238378,    1.7031250,  1.906190e+5,  1.021676e+5
2025-10-24 08:00:00.000   ,    504.80179,    450.63689,   0.75296574,    2.1200000,  1.635536e+5,    98353.906
2025-10-24 09:00:00.000   ,    506.48393,    446.20326,   0.80583601,    1.8909091,  2.101071e+5,    94596.031
2025-10-24 10:00:00.000   ,    508.87679,    441.76963,   0.86113476,    1.5400000,  2.021964e+5,    90893.986
2025-10-24 11:00:00.000   ,    528.50167,    437.33599,   0.91901300,    1.8307692,  2.162000e+5,    87247.773
2025-10-24 12:00:00.000   ,    520.74000,    432.90236,   0.97963371,    1.8958333,  2.037850e+5,    83657.390
2025-10-24 13:00:00.000   ,    509.43051,    428.46873,    1.0431729,    2.9166667,  2.011542e+5,    80122.838
2025-10-24 14:00:00.000   ,    527.37586,    436.53663,   0.92973501,    1.4969697,  2.213293e+5,    86596.320
2025-10-24 15:00:00.000   ,    514.28070,    444.60454,   0.82548855,    1.5266667,  2.408281e+5,    93254.676
2025-10-24 16:00:00.000   ,    520.08983,    452.67244,   0.72946673,    1.8538462,  2.124746e+5,  1.000979e+5
2025-10-24 17:00:00.000   ,    511.27500,    449.25479,   0.76919521,    1.7333333,  1.982267e+5,    97176.469
2025-10-24 18:00:00.000   ,    491.55667,    445.83714,   0.81030853,    2.0684211,  1.543667e+5,    94288.206
2025-10-24 19:00:00.000   ,    491.01333,    442.41948,   0.85287179,    2.0428571,  1.656467e+5,    91433.119
2025-10-24 20:00:00.000   ,    521.77167,    439.00183,   0.89695398,    1.9403846,  1.820333e+5,    88611.207
2025-10-24 21:00:00.000   ,    529.54333,    470.09727,   0.54630102,    1.8321429,  1.474150e+5,  1.155085e+5
2025-10-24 22:00:00.000   ,    520.20833,    475.64478,   0.49406586,    1.6000000,  1.752317e+5,  1.205958e+5
2025-10-24 23:00:00.000   ,    514.26034,    472.30902,   0.52515172,    1.9189655,  1.736569e+5,  1.175263e+5
2025-10-25 00:00:00.000   ,    525.06833,    468.97327,   0.55721794,    2.5431373,  1.705333e+5,  1.144884e+5
2025-10-25 01:00:00.000   ,    449.51333,    481.07785,   0.44543221,    2.3259259,  1.378933e+5,  1.256628e+5
2025-10-25 02:00:00.000   ,    465.73667,    477.81128,   0.47438263,    2.0240741,  1.187617e+5,  1.226062e+5
2025-10-25 03:00:00.000   ,    466.99322,    474.54470,   0.50421161,    1.8694915,    92994.915,  1.195800e+5
2025-10-25 04:00:00.000   ,    473.15000,    475.64478,   0.49406586,    2.8431034,  1.100650e+5,  1.205958e+5
2025-10-25 05:00:00.000   ,    459.47167,    472.33055,   0.52494803,    2.8333333,  1.230850e+5,  1.175460e+5
2025-10-25 06:00:00.000   ,    459.81667,    468.90342,   0.55790017,    2.3517241,  1.364283e+5,  1.144252e+5
2025-10-25 07:00:00.000   ,    454.09661,    465.47629,   0.59193204,    2.4481481,  1.256915e+5,  1.113377e+5
2025-10-25 08:00:00.000   ,    458.09322,    462.04916,   0.62709135,    2.9254237,  1.189949e+5,  1.082836e+5
2025-10-25 09:00:00.000   ,    433.93500,    458.62203,   0.66342843,    3.3153846,  1.172767e+5,  1.052628e+5
2025-10-25 10:00:00.000   ,    437.71207,    454.96901,   0.70351734,    1.8390244,  1.409552e+5,  1.020797e+5
2025-10-25 11:00:00.000   ,    434.29000,    451.31599,   0.74507312,    3.0333333,  1.211950e+5,    98934.425
2025-10-25 12:00:00.000   ,    454.60667,    447.66296,   0.78816823,    2.6500000,  1.209550e+5,    95827.087
2025-10-25 13:00:00.000   ,    427.01356,    444.00994,   0.83287965,    3.5604167,    92537.288,    92757.650
2025-10-25 14:00:00.000   ,    419.98793,    440.35692,   0.87928923,    4.2508772,    73322.414,    89726.116
2025-10-25 15:00:00.000   ,    426.10862,    436.70389,   0.92748407,    4.7140351,    70415.517,    86732.483
2025-10-25 16:00:00.000   ,    423.83793,    433.05087,   0.97755690,    4.3057692,    73877.586,    83776.751
2025-10-25 17:00:00.000   ,    416.63390,    429.39785,    1.0296066,    3.9711864,    77035.593,    80858.922
2025-10-25 18:00:00.000   ,    417.81000,    425.74482,    1.0837386,    4.5844828,    84735.000,    77978.994
2025-10-25 19:00:00.000   ,    410.27414,    427.11164,    1.0632338,    3.7536585,  1.117034e+5,    79052.110
2025-10-25 20:00:00.000   ,    421.38500,    423.48626,    1.1182975,    3.4421053,    87100.000,    76217.376
2025-10-25 21:00:00.000   ,    418.95636,    419.86088,    1.1755953,    2.5807692,    99927.273,    73419.971
2025-10-25 22:00:00.000   ,    405.79643,    416.23551,    1.2352497,    3.5730769,    80562.500,    70659.897
2025-10-25 23:00:00.000   ,    396.19661,    412.61013,    1.2973917,    3.5078431,    84922.034,    67937.153
2025-10-26 00:00:00.000   ,    403.22281,    408.98475,    1.3621616,    4.0277778,    76803.509,    65251.740
2025-10-26 01:00:00.000   ,    419.41000,    405.35937,    1.4297097,    4.2033898,    76333.333,    62603.656
2025-10-26 02:00:00.000   ,    403.29833,    401.73399,    1.5001971,    3.4407407,    99761.667,    59992.903
2025-10-26 03:00:00.000   ,    390.52542,    398.10861,    1.5737970,    4.0600000,    99713.559,    57419.481
2025-10-26 04:00:00.000   ,    397.11333,    394.48324,    1.6506953,    2.9871795,  1.161900e+5,    54883.388
2025-10-26 05:00:00.000   ,    404.05833,    390.85786,    1.7310921,    2.2491228,  1.195950e+5,    52384.626
2025-10-26 06:00:00.000   ,    406.09167,    406.65627,    1.4052168,    2.5980769,  1.134483e+5,    63546.659
2025-10-26 07:00:00.000   ,    398.65667,    422.45468,    1.1343687,    3.7785714,    95275.000,    75417.586
2025-10-26 08:00:00.000   ,    400.41897,    438.25308,   0.90682157,    2.8625000,  1.065534e+5,    87997.406
2025-10-26 09:00:00.000   ,    418.08500,    454.05149,   0.71381406,    3.6203390,    95618.333,  1.012861e+5
2025-10-26 10:00:00.000   ,    427.87586,    469.84990,   0.54869372,    5.0456140,    86848.276,  1.152837e+5
2025-10-26 11:00:00.000   ,    405.29500,    485.64831,   0.40633586,    4.1733333,    80895.000,  1.299902e+5
2025-10-26 12:00:00.000   ,    394.97069,    501.44672,   0.28274105,    4.1017544,    85017.241,  1.454056e+5
2025-10-26 13:00:00.000   ,    391.84746,    517.24513,   0.17475119,    4.1796296,    81328.814,  1.615299e+5
2025-10-26 14:00:00.000   ,    376.53750,    533.04354,   0.07984570,    2.6382353,  1.128339e+5,  1.783631e+5
2025-10-26 15:00:00.000   ,    368.12034,    529.05604,   0.10268419,    2.8064516,  1.093983e+5,  1.740475e+5
2025-10-26 16:00:00.000   ,    360.15000,    525.06854,   0.12625495,    3.3875000,    93729.310,  1.697771e+5
2025-10-26 17:00:00.000   ,    387.65763,    521.08104,   0.15058964,    4.5625000,    64557.627,  1.655519e+5
2025-10-26 18:00:00.000   ,    383.41833,    517.09354,   0.17572162,    4.0263158,    67463.333,  1.613718e+5
2025-10-26 19:00:00.000   ,    373.73833,    512.49187,   0.20576158,    2.8372549,    67841.667,  1.566041e+5
2025-10-26 20:00:00.000   ,    373.16897,    507.89020,   0.23696770,    3.2641509,    55212.069,  1.518964e+5
2025-10-26 21:00:00.000   ,    379.86949,    503.28854,   0.26940116,    2.1036364,    46594.915,  1.472489e+5
2025-10-26 22:00:00.000   ,    386.05818,    504.43854,   0.26117720,    3.0127273,    44161.818,  1.484047e+5
2025-10-26 23:00:00.000   ,    379.77931,    505.58854,   0.25303291,    2.8982759,    38906.897,  1.495643e+5
2025-10-27 00:00:00.000   ,    368.14386,    506.73854,   0.24496725,    2.7192982,    46598.246,  1.507276e+5
2025-10-27 01:00:00.000   ,    363.50517,    522.29354,   0.14310727,    3.3206897,    56079.310,  1.668319e+5
2025-10-27 02:00:00.000   ,    361.42167,    518.98928,   0.16367174,    3.7216667,    65181.667,  1.633535e+5
2025-10-27 03:00:00.000   ,    366.92373,    515.68502,   0.18479618,    4.0101695,    56450.847,  1.599061e+5
2025-10-27 04:00:00.000   ,    374.73000,    512.38076,   0.20650110,    4.6283333,    35076.667,  1.564897e+5
2025-10-27 05:00:00.000   ,    371.04167,    521.42354,   0.14846864,    5.2766667,    35468.333,  1.659131e+5
2025-10-27 06:00:00.000   ,    362.29667,    534.51354,   0.07160496,    5.2517241,    51673.333,  1.799654e+5
2025-10-27 07:00:00.000   ,    357.49833,    532.69020,   0.08184064,    6.3175439,    48445.000,  1.779789e+5
2025-10-27 08:00:00.000   ,    356.61833,    530.86687,   0.09222368,    5.5438596,    45498.333,  1.760018e+5
2025-10-27 09:00:00.000   ,    358.79310,    529.04354,   0.10275692,    5.5051724,    43432.759,  1.740341e+5
2025-10-27 10:00:00.000   ,    353.95000,    535.05935,   0.06856917,    5.4153846,    39751.923,  1.805619e+5
2025-10-27 11:00:00.000   ,    350.28750,    533.37081,   0.07800280,    4.9875000,    43548.214,  1.787193e+5
2025-10-27 12:00:00.000   ,    347.52143,    531.68228,   0.08756190,    5.6964286,    42464.286,  1.768848e+5
2025-10-27 13:00:00.000   ,    360.84737,    534.71672,   0.07047332,    12.354386,    35241.071,  1.801874e+5
2025-10-27 14:00:00.000   ,    368.18500,    536.03672,   0.06316516,    14.233333,    37693.333,  1.816322e+5
2025-10-27 15:00:00.000   ,    364.26724,    537.35672,   0.05593159,    15.533333,    31968.966,  1.830820e+5
2025-10-27 16:00:00.000   ,    359.15965,    571.02172,  -0.10618226,    8.8581818,    48636.842,  2.217292e+5
2025-10-27 17:00:00.000   ,    361.29667,    581.67672,  -0.14976160,    9.8263158,    57480.000,  2.346317e+5
2025-10-27 18:00:00.000   ,    361.25593,    584.61427,  -0.16121624,    9.0172414,    48769.492,  2.382455e+5
2025-10-27 19:00:00.000   ,    365.09000,    587.55182,  -0.17244096,    8.0017544,    53573.333,  2.418839e+5
2025-10-27 20:00:00.000   ,    374.57895,    590.48937,  -0.18344185,    6.3592593,    51449.123,  2.455468e+5
2025-10-27 21:00:00.000   ,    378.33559,    593.42692,  -0.19422484,    7.0275000,  1.206102e+5,  2.492342e+5
2025-10-27 22:00:00.000   ,    391.87966,    596.36447,  -0.20479565,    5.3111111,    87077.966,  2.529461e+5
2025-10-27 23:00:00.000   ,    382.68333,    599.30202,  -0.21515979,    6.1625000,    63783.333,  2.566826e+5
2025-10-28 00:00:00.000   ,    381.58136,    602.23957,  -0.22532263,    6.5949153,    73494.915,  2.604435e+5
2025-10-28 01:00:00.000   ,    375.55690,    595.74145,  -0.20257114,    5.7771930,    86122.414,  2.521568e+5
2025-10-28 02:00:00.000   ,    382.20500,    589.24333,  -0.17880246,    5.3363636,    83460.000,  2.439901e+5
2025-10-28 03:00:00.000   ,    376.26441,    582.74521,  -0.15395503,    5.2000000,  1.065814e+5,  2.359433e+5
2025-10-28 04:00:00.000   ,    392.70167,    576.24709,  -0.12796255,    5.9326087,  1.274600e+5,  2.280164e+5
2025-10-28 05:00:00.000   ,    383.33667,    569.74897,  -0.10075360,    6.0152174,    69141.667,  2.202095e+5
2025-10-28 06:00:00.000   ,    402.98167,    563.25085,  -0.07225104,    5.9902439,  1.422700e+5,  2.125225e+5
2025-10-28 07:00:00.000   ,    421.97333,    556.75273,  -0.04237156,    7.0196078,  1.488467e+5,  2.049554e+5
2025-10-28 08:00:00.000   ,    420.30339,    554.80406,  -0.03312959,    7.3964912,  1.277356e+5,  2.027096e+5
2025-10-28 09:00:00.000   ,    430.48966,    553.66250,  -0.02765325,    7.7456140,  1.213569e+5,  2.013989e+5
2025-10-28 10:00:00.000   ,    427.16552,    552.52095,  -0.02213025,    9.2080000,  1.318690e+5,  2.000920e+5
2025-10-28 11:00:00.000   ,    423.23667,    551.37939,  -0.01656005,    9.3194444,  1.393367e+5,  1.987888e+5
2025-10-28 12:00:00.000   ,    420.56792,    550.23783,  -0.01094213,    7.0301887,  1.633774e+5,  1.974892e+5
2025-10-28 13:00:00.000   ,    414.23750,    549.09628,  -0.00527593,    7.0071429,  1.868036e+5,  1.961934e+5
2025-10-28 14:00:00.000   ,    430.37414,    547.95472,   0.00043909,    8.2465517,  1.092000e+5,  1.949012e+5
2025-10-28 15:00:00.000   ,    405.98750,    546.81317,   0.00620352,    7.0673469,  1.803661e+5,  1.936128e+5
2025-10-28 16:00:00.000   ,    408.87167,    545.67161,   0.01201791,    6.6754717,  1.600583e+5,  1.923281e+5
2025-10-28 17:00:00.000   ,    426.20526,    544.53006,   0.01788284,    8.9763636,  1.151614e+5,  1.910471e+5
2025-10-28 18:00:00.000   ,    433.90000,    543.38850,   0.02379890,    8.4888889,  1.407776e+5,  1.897697e+5
2025-10-28 19:00:00.000   ,    431.92500,    542.24694,   0.02976670,    7.2056604,  1.801200e+5,  1.884961e+5
2025-10-28 20:00:00.000   ,    432.99828,    541.10539,   0.03578682,    8.4130435,  1.363310e+5,  1.872262e+5
2025-10-28 21:00:00.000   ,    434.34138,    539.96383,   0.04185989,    8.7653061,  1.467431e+5,  1.859599e+5
2025-10-28 22:00:00.000   ,    446.93500,    538.82228,   0.04798653,    6.8224138,  1.453933e+5,  1.846974e+5
2025-10-28 23:00:00.000   ,    459.78500,    537.68072,   0.05416737,    6.0965517,  1.539250e+5,  1.834386e+5
2025-10-29 00:00:00.000   ,    452.38305,    536.53917,   0.06040305,    6.6100000,  1.719661e+5,  1.821835e+5
2025-10-29 01:00:00.000   ,    450.51429,    547.98499,   0.00028693,    6.8363636,  1.903393e+5,  1.949355e+5
2025-10-29 02:00:00.000   ,    453.95965,    559.43081,  -0.05485828,    5.3500000,  2.188772e+5,  2.080595e+5
2025-10-29 03:00:00.000   ,    472.96379,    570.87664,  -0.10556591,    5.0560976,  2.378448e+5,  2.215557e+5
2025-10-29 04:00:00.000   ,    460.67333,    582.32246,  -0.15229961,    5.0194444,  2.034333e+5,  2.354240e+5
2025-10-29 05:00:00.000   ,    460.97667,    593.76828,  -0.19546404,    4.9409091,  2.515533e+5,  2.496643e+5
2025-10-29 06:00:00.000   ,    473.67500,    605.21411,  -0.23541362,    6.1615385,  2.149950e+5,  2.642768e+5
2025-10-29 07:00:00.000   ,    474.23833,    616.65993,  -0.27245987,    5.8342857,  2.050100e+5,  2.792613e+5
2025-10-29 08:00:00.000   ,    473.66167,    628.10575,  -0.30687743,    5.6227273,  1.796600e+5,  2.946179e+5
2025-10-29 09:00:00.000   ,    484.11695,    628.82899,  -0.30896966,    5.8793103,  1.613458e+5,  2.956008e+5
2025-10-29 10:00:00.000   ,    487.15536,    630.27228,  -0.31311672,    5.6735294,  1.618893e+5,  2.975666e+5
2025-10-29 11:00:00.000   ,    486.42000,    632.42937,  -0.31924552,    4.0266667,  1.914183e+5,  3.005156e+5
2025-10-29 12:00:00.000   ,    470.44000,    646.65659,  -0.35768869,    4.7526316,  1.804033e+5,  3.202974e+5
2025-10-29 13:00:00.000   ,    494.14000,    660.88382,  -0.39296507,    4.5857143,  2.237667e+5,  3.406541e+5
2025-10-29 14:00:00.000   ,    493.85345,    675.11105,  -0.42541317,    5.2461538,  1.875655e+5,  3.615857e+5
2025-10-29 15:00:00.000   ,    492.77931,    670.45806,  -0.41509342,    4.2935484,  1.813103e+5,  3.546768e+5
2025-10-29 16:00:00.000   ,    488.26500,    665.40579,  -0.40357012,    4.7684211,  1.615250e+5,  3.472447e+5
2025-10-29 17:00:00.000   ,    472.37586,    660.35353,  -0.39170291,    4.9216216,  1.349155e+5,  3.398850e+5
2025-10-29 18:00:00.000   ,    459.54655,    661.03301,  -0.39331945,    6.0411765,  1.238345e+5,  3.408706e+5
2025-10-29 19:00:00.000   ,    463.96316,    660.35353,  -0.39170291,    6.5452830,  1.056649e+5,  3.398850e+5
2025-10-29 20:00:00.000   ,    465.15000,    663.06637,  -0.39811866,    8.3302326,  1.007233e+5,  3.438278e+5
2025-10-29 21:00:00.000   ,    465.95500,    665.09217,  -0.40284361,    4.9416667,  1.422483e+5,  3.467857e+5
2025-10-29 22:00:00.000   ,    477.62833,    665.09217,  -0.40284361,    5.8629630,  1.244867e+5,  3.467857e+5
2025-10-29 23:00:00.000   ,    481.27167,    669.12147,  -0.41207760,    5.5727273,  1.337917e+5,  3.527036e+5
2025-10-30 00:00:00.000   ,    517.31333,    663.74248,  -0.39970181,    4.4133333,  2.052000e+5,  3.448137e+5
2025-10-30 01:00:00.000   ,    530.16667,    662.38943,  -0.39652727,    4.8375000,  2.726500e+5,  3.428420e+5
2025-10-30 02:00:00.000   ,    536.25000,    667.09044,  -0.40745005,    5.4020000,  2.709655e+5,  3.497148e+5
2025-10-30 03:00:00.000   ,    525.65000,    671.79144,  -0.41807894,    4.7207547,  2.488103e+5,  3.566504e+5
2025-10-30 04:00:00.000   ,    530.46333,    664.31523,  -0.40103808,    4.8627451,  2.315667e+5,  3.456499e+5
2025-10-30 05:00:00.000   ,    488.16667,    656.83902,  -0.38323759,    5.2800000,  2.407167e+5,  3.348082e+5
2025-10-30 06:00:00.000   ,    495.46667,    649.36281,  -0.36463163,    4.8208333,  2.034183e+5,  3.241253e+5
2025-10-30 07:00:00.000   ,    500.51500,    654.19921,  -0.37676239,    4.5933333,  2.142500e+5,  3.310180e+5
2025-10-30 08:00:00.000   ,    501.04286,    650.74917,  -0.36814489,    4.4739130,  2.424286e+5,  3.260943e+5
2025-10-30 09:00:00.000   ,    512.91579,    645.85768,  -0.35561726,    5.8812500,  2.320175e+5,  3.191714e+5
2025-10-30 10:00:00.000   ,    519.53673,    640.96618,  -0.34271333,    3.7847826,  2.577551e+5,  3.123164e+5
2025-10-30 11:00:00.000   ,    525.15932,    636.69777,  -0.33113378,    4.3390244,  2.965254e+5,  3.063901e+5
2025-10-30 12:00:00.000   ,    531.41356,    632.42937,  -0.31924552,    4.4142857,  2.728492e+5,  3.005156e+5
2025-10-30 13:00:00.000   ,    537.73220,    630.99235,  -0.31517178,    3.9125000,  2.571932e+5,  2.985495e+5
2025-10-30 14:00:00.000   ,    551.54643,    629.91067,  -0.31208121,    3.8322581,  2.708196e+5,  2.970735e+5
2025-10-30 15:00:00.000   ,    554.75000,    628.82899,  -0.30896966,    4.0076923,  2.400900e+5,  2.956008e+5
2025-10-30 16:00:00.000   ,    559.97241,    631.71138,  -0.31721468,    3.4735294,  2.732414e+5,  2.995326e+5
2025-10-30 17:00:00.000   ,    580.13000,    636.00394,  -0.32922262,    3.4581395,  2.955000e+5,  3.054317e+5
2025-10-30 18:00:00.000   ,    575.74655,    637.42668,  -0.33313276,    3.4846154,  2.727931e+5,  3.073985e+5
2025-10-30 19:00:00.000   ,    558.35690,    633.86226,  -0.32327147,    2.4921053,  2.631552e+5,  3.024819e+5
2025-10-30 20:00:00.000   ,    591.12203,    640.96618,  -0.34271333,    2.5066667,  2.774525e+5,  3.123164e+5
2025-10-30 21:00:00.000   ,    614.53220,    645.18152,  -0.35385628,    2.9933333,  3.330847e+5,  3.182197e+5
2025-10-30 22:00:00.000   ,    616.56491,    640.26025,  -0.34081909,    2.8888889,  3.903860e+5,  3.113327e+5
2025-10-30 23:00:00.000   ,    634.26000,    640.96618,  -0.34271333,    2.2705882,  3.351000e+5,  3.123164e+5
2025-10-31 00:00:00.000   ,    670.73667,    643.07816,  -0.34833193,    1.5380952,  4.806167e+5,  3.152678e+5
2025-10-31 01:00:00.000   ,    724.47333,    642.37513,  -0.34646966,    1.7145455,  5.204500e+5,  3.142839e+5
2025-10-31 02:00:00.000   ,    708.39153,    642.37513,  -0.34646966,    1.5438596,  4.588814e+5,  3.142839e+5
2025-10-31 03:00:00.000   ,    679.24828,    642.37513,  -0.34646966,    1.5127660,  5.015000e+5,  3.142839e+5
2025-10-31 04:00:00.000   ,    673.13559,    647.97277,  -0.36107954,    1.3195652,  5.198136e+5,  3.221565e+5
2025-10-31 05:00:00.000   ,    704.54167,    639.84207,  -0.33969313,    1.3773585,  4.956833e+5,  3.107507e+5
2025-10-31 06:00:00.000   ,    666.47333,    631.71138,  -0.31721468,    1.3233333,  3.642167e+5,  2.995326e+5
2025-10-31 07:00:00.000   ,    645.28833,    636.00394,  -0.32922262,    1.3833333,  3.198467e+5,  3.054317e+5
2025-10-31 08:00:00.000   ,    670.34167,    630.60303,  -0.31406184,    1.3166667,  3.786333e+5,  2.980179e+5
2025-10-31 09:00:00.000   ,    688.22203,    625.20213,  -0.29838119,    1.2744681,  3.759831e+5,  2.906870e+5
2025-10-31 10:00:00.000   ,    663.17818,    630.27228,  -0.31311672,   0.95581395,  3.489455e+5,  2.975666e+5
2025-10-31 11:00:00.000   ,    650.15893,    629.91172,  -0.31208422,    1.0131579,  3.266964e+5,  2.970749e+5
2025-10-31 12:00:00.000   ,    665.35714,    629.55116,  -0.31104939,   0.96000000,  3.394286e+5,  2.965836e+5
2025-10-31 13:00:00.000   ,    653.39500,    625.20213,  -0.29838119,    1.1534884,  2.809017e+5,  2.906870e+5
2025-10-31 14:00:00.000   ,    656.28667,    620.02274,  -0.28283310,    1.1551724,  2.315117e+5,  2.837345e+5
2025-10-31 15:00:00.000   ,    619.69123,    614.84336,  -0.26676241,   0.90454545,  3.363158e+5,  2.768582e+5
2025-10-31 16:00:00.000   ,    627.38750,    609.66397,  -0.25014541,   0.92272727,  3.741786e+5,  2.700582e+5
2025-10-31 17:00:00.000   ,    638.95172,    604.33710,  -0.23245902,    1.0075000,  3.629828e+5,  2.631440e+5
2025-10-31 18:00:00.000   ,    596.54833,    599.01024,  -0.21413944,    1.0407407,  2.945983e+5,  2.563103e+5
2025-10-31 19:00:00.000   ,    586.26610,    599.77956,  -0.21682548,    1.2702703,  1.755254e+5,  2.572923e+5
2025-10-31 20:00:00.000   ,    589.93621,    595.09394,  -0.20024933,    1.5787234,  1.692534e+5,  2.513377e+5
2025-10-31 21:00:00.000   ,    595.29167,    590.40832,  -0.18314130,    1.6431373,  1.707050e+5,  2.454454e+5
2025-10-31 22:00:00.000   ,    560.67667,    585.72271,  -0.16547837,    1.6931034,  2.001167e+5,  2.396155e+5
2025-10-31 23:00:00.000   ,    589.65667,    581.49572,  -0.14904812,    1.5066667,  1.708433e+5,  2.344098e+5
2025-11-01 00:00:00.000   ,    583.63833,    577.26873,  -0.13212782,    1.3472222,  1.976167e+5,  2.292548e+5
2025-11-01 01:00:00.000   ,    593.30833,    573.04174,  -0.11469779,    1.4629630,  1.758833e+5,  2.241505e+5
2025-11-01 02:00:00.000   ,    571.61833,    568.81475,  -0.09673735,    1.3951220,  1.946333e+5,  2.190970e+5
2025-11-01 03:00:00.000   ,    570.88621,    564.58776,  -0.07822477,    1.4847826,  2.026552e+5,  2.140942e+5
2025-11-01 04:00:00.000   ,    571.16034,    560.36077,  -0.05913716,    1.2440000,  2.198259e+5,  2.091422e+5
2025-11-01 05:00:00.000   ,    545.79167,    554.03132,  -0.02942763,    1.2857143,  1.981833e+5,  2.018220e+5
2025-11-01 06:00:00.000   ,    525.30667,    547.70187,   0.00171164,    1.4375000,  1.775333e+5,  1.946155e+5
2025-11-01 07:00:00.000   ,    527.16333,    541.37242,   0.03437389,    1.5578947,  1.718867e+5,  1.875229e+5
2025-11-01 08:00:00.000   ,    522.88167,    535.04297,   0.06866008,    1.5695652,  1.647217e+5,  1.805440e+5
2025-11-01 09:00:00.000   ,    512.16667,    540.42605,   0.03939450,    1.4625000,  1.397719e+5,  1.864722e+5
2025-11-01 10:00:00.000   ,    504.87143,    538.63169,   0.04901468,    1.5600000,  1.563393e+5,  1.844870e+5
2025-11-01 11:00:00.000   ,    503.19831,    536.83733,   0.05876904,    1.7600000,  1.424068e+5,  1.825109e+5
2025-11-01 12:00:00.000   ,    517.42281,    535.04297,   0.06866008,    1.3424242,  1.485246e+5,  1.805440e+5
2025-11-01 13:00:00.000   ,    508.85593,    543.97052,   0.02077617,    1.9318182,  1.588475e+5,  1.904205e+5
2025-11-01 14:00:00.000   ,    518.22759,    546.60650,   0.00725241,    1.6064516,  1.828552e+5,  1.933800e+5
2025-11-01 15:00:00.000   ,    545.78814,    543.08764,   0.02536671,    1.8142857,  2.402237e+5,  1.894337e+5
2025-11-01 16:00:00.000   ,    532.17679,    543.97052,   0.02077617,    1.3763158,  2.662143e+5,  1.904205e+5
2025-11-01 17:00:00.000   ,    514.44833,    540.42605,   0.03939450,    1.6562500,  2.317833e+5,  1.864722e+5
2025-11-01 18:00:00.000   ,    525.86316,    543.08764,   0.02536671,    1.8444444,  1.793088e+5,  1.894337e+5
2025-11-01 19:00:00.000   ,    517.43167,    543.08764,   0.02536671,    1.9441176,  1.833450e+5,  1.894337e+5
2025-11-01 20:00:00.000   ,    522.66724,    540.42605,   0.03939450,    1.8435897,  2.039000e+5,  1.864722e+5
2025-11-01 21:00:00.000   ,    531.13051,    543.97052,   0.02077617,    1.8339623,  1.606712e+5,  1.904205e+5
2025-11-01 22:00:00.000   ,    514.91333,    541.31542,   0.03467526,    1.9593750,  1.854950e+5,  1.874595e+5
2025-11-01 23:00:00.000   ,    501.87000,    540.42605,   0.03939450,    1.5750000,  1.909300e+5,  1.864722e+5
2025-11-02 00:00:00.000   ,    517.46333,    538.18594,   0.05142522,    1.7081081,  1.944833e+5,  1.839952e+5
2025-11-02 01:00:00.000   ,    531.15667,    535.94582,   0.06366602,    1.8934783,  2.423833e+5,  1.815326e+5
2025-11-02 02:00:00.000   ,    543.99500,    534.13779,   0.07370235,    2.0634146,  2.304500e+5,  1.795553e+5
2025-11-02 03:00:00.000   ,    591.29138,    535.94582,   0.06366602,    2.1736842,  1.974655e+5,  1.815326e+5
2025-11-02 04:00:00.000   ,    562.49831,    535.04297,   0.06866008,    1.6518519,  2.214407e+5,  1.805440e+5
2025-11-02 05:00:00.000   ,    544.34655,    533.23028,   0.07879356,    1.3245283,  2.786897e+5,  1.785663e+5
2025-11-02 06:00:00.000   ,    558.33000,    535.94582,   0.06366602,    1.3142857,  2.281333e+5,  1.815326e+5
2025-11-02 07:00:00.000   ,    549.37167,    534.13312,   0.07372850,    1.2745098,  2.159717e+5,  1.795502e+5
2025-11-02 08:00:00.000   ,    540.48036,    532.32041,   0.08393444,    1.1979592,  2.177339e+5,  1.775771e+5
2025-11-02 09:00:00.000   ,    541.85965,    527.98747,   0.10892756,    1.0900000,  1.684456e+5,  1.728987e+5
2025-11-02 10:00:00.000   ,    545.08000,    523.65453,   0.13479517,    1.1955556,  1.578000e+5,  1.682737e+5
2025-11-02 11:00:00.000   ,    514.01695,    519.32159,   0.16157856,    1.2965517,  1.721322e+5,  1.637019e+5
2025-11-02 12:00:00.000   ,    510.69661,    515.51265,   0.18591390,    1.3000000,  1.610831e+5,  1.597271e+5
2025-11-02 13:00:00.000   ,    497.45179,    519.32159,   0.16157856,    1.6620690,  1.282857e+5,  1.637019e+5
2025-11-02 14:00:00.000   ,    521.30169,    513.53907,   0.19882500,    1.6916667,  1.402373e+5,  1.576838e+5
2025-11-02 15:00:00.000   ,    540.27333,    507.75656,   0.23789206,    2.2642857,  1.300933e+5,  1.517606e+5
2025-11-02 16:00:00.000   ,    543.31607,    507.26502,   0.24130069,    1.7910714,  1.264107e+5,  1.512615e+5
2025-11-02 17:00:00.000   ,    528.64833,    506.77348,   0.24472341,    1.7322034,  1.237700e+5,  1.507631e+5
2025-11-02 18:00:00.000   ,    497.00345,    504.79791,   0.25862363,    1.7729167,  1.268569e+5,  1.487667e+5
2025-11-02 19:00:00.000   ,    505.26034,    501.79560,   0.28019812,    2.0296296,  1.149707e+5,  1.457540e+5
2025-11-02 20:00:00.000   ,    513.12167,    498.79328,   0.30233212,    1.6750000,  1.265533e+5,  1.427670e+5
2025-11-02 21:00:00.000   ,    503.54286,    498.79328,   0.30233212,    2.0250000,  1.065643e+5,  1.427670e+5
2025-11-02 22:00:00.000   ,    471.35085,    494.69340,   0.33349701,    1.9340426,    97908.475,  1.387293e+5
2025-11-02 23:00:00.000   ,    469.08833,    490.59351,   0.36579411,    1.4759259,    91200.000,  1.347393e+5
2025-11-03 00:00:00.000   ,    457.70755,    485.97506,   0.40360175,    1.3760000,    71890.566,  1.303019e+5
2025-11-03 01:00:00.000   ,    456.22500,    481.35661,   0.44300127,    2.0600000,    64069.643,  1.259250e+5
2025-11-03 02:00:00.000   ,    438.40517,    476.73815,   0.48408331,    2.7203704,    64622.414,  1.216087e+5
2025-11-03 03:00:00.000   ,    437.08448,    472.11970,   0.52694505,    2.4509804,    64731.034,  1.173530e+5
2025-11-03 04:00:00.000   ,    443.06552,    467.50125,   0.57169080,    2.1400000,    70950.000,  1.131579e+5
2025-11-03 05:00:00.000   ,    438.94746,    462.88279,   0.61843261,    1.9379310,    97103.390,  1.090234e+5
2025-11-03 06:00:00.000   ,    448.57833,    458.26434,   0.66729099,    2.0000000,    83651.667,  1.049494e+5
2025-11-03 07:00:00.000   ,    445.23333,    453.64589,   0.71839570,    2.0055556,    88126.667,  1.009361e+5
2025-11-03 08:00:00.000   ,    449.49333,    449.02743,   0.77188657,    1.9695652,  1.057083e+5,    96983.298
2025-11-03 09:00:00.000   ,    444.74000,    446.55011,   0.80161422,    1.8363636,  1.151483e+5,    94888.002
2025-11-03 10:00:00.000   ,    448.71071,    444.07279,   0.83209633,    2.2843750,    94532.143,    92810.137
2025-11-03 11:00:00.000   ,    437.75500,    446.56407,   0.80144462,    1.7434783,  1.220167e+5,    94899.759
2025-11-03 12:00:00.000   ,    448.47627,    445.32199,   0.81662972,    1.8600000,  1.254068e+5,    93855.730
2025-11-03 13:00:00.000   ,    456.36724,    444.07279,   0.83209633,    2.1844444,  1.208431e+5,    92810.137
2025-11-03 14:00:00.000   ,    450.03793,    441.53731,   0.86410212,    1.9800000,  1.354879e+5,    90701.542
2025-11-03 15:00:00.000   ,    442.86346,    439.00183,   0.89695398,    1.9684211,  1.380577e+5,    88611.207
2025-11-03 16:00:00.000   ,    441.32222,    437.71073,   0.91401738,    2.2947368,  1.337333e+5,    87553.791
2025-11-03 17:00:00.000   ,    446.16500,    436.41962,   0.93131206,    2.3550000,  1.212150e+5,    86501.110
2025-11-03 18:00:00.000   ,    431.89833,    438.35031,   0.90553588,    2.0704545,  1.505133e+5,    88077.021
2025-11-03 19:00:00.000   ,    453.53559,    440.28100,   0.88027230,    2.6230769,  1.287610e+5,    89663.519
2025-11-03 20:00:00.000   ,    446.43793,    437.71476,   0.91396370,    2.4326087,  1.126638e+5,    87557.088
2025-11-03 21:00:00.000   ,    443.69000,    445.79468,   0.81082825,    2.2461538,  1.198900e+5,    94252.535
2025-11-03 22:00:00.000   ,    442.30333,    453.87460,   0.71580993,    1.9104167,  1.301117e+5,  1.011334e+5
2025-11-03 23:00:00.000   ,    433.87966,    452.67244,   0.72946673,    1.8384615,  1.287983e+5,  1.000979e+5
2025-11-04 00:00:00.000   ,    424.98167,    452.67244,   0.72946673,    1.9652174,  1.273517e+5,  1.000979e+5
2025-11-04 01:00:00.000   ,    414.94000,    452.67244,   0.72946673,    1.7653061,  1.262383e+5,  1.000979e+5
2025-11-04 02:00:00.000   ,    410.00333,    450.84994,   0.75048392,    1.6145833,  1.118033e+5,    98535.885
2025-11-04 03:00:00.000   ,    408.11034,    449.02743,   0.77188657,    1.8136364,    79667.241,    96983.298
2025-11-04 04:00:00.000   ,    412.12807,    445.68557,   0.81216498,    1.7184211,    77822.807,    94160.881
2025-11-04 05:00:00.000   ,    411.66949,    442.34370,   0.85383257,    1.6530612,  1.065203e+5,    91370.184
2025-11-04 06:00:00.000   ,    406.08833,    439.00183,   0.89695398,    1.5159091,  1.105850e+5,    88611.207
2025-11-04 07:00:00.000   ,    403.56333,    439.00183,   0.89695398,    1.8891304,  1.000333e+5,    88611.207
2025-11-04 08:00:00.000   ,    405.32167,    437.71073,   0.91401738,    1.7488889,    93548.333,    87553.791
2025-11-04 09:00:00.000   ,    412.64386,    436.41962,   0.93131206,    1.4575000,    99354.386,    86501.110
2025-11-04 10:00:00.000   ,    409.73929,    433.80440,   0.96706958,    1.4612245,    93076.786,    84383.346
2025-11-04 11:00:00.000   ,    407.05965,    431.57348,   0.99836345,    1.4933333,    77385.965,    82592.131
2025-11-04 12:00:00.000   ,    394.99643,    429.34256,    1.0304101,    1.3725000,    96580.357,    80815.053
2025-11-04 13:00:00.000   ,    393.06271,    427.11164,    1.0632338,    1.2588235,  1.277576e+5,    79052.110
2025-11-04 14:00:00.000   ,    387.21667,    425.04632,    1.0943357,    1.4866667,    91706.667,    77432.632
2025-11-04 15:00:00.000   ,    400.39661,    422.98100,    1.1261462,    1.9878049,    79562.712,    75825.270
2025-11-04 16:00:00.000   ,    400.79333,    419.43167,    1.1825324,    1.8000000,    62756.667,    73091.254
2025-11-04 17:00:00.000   ,    382.91333,    415.88234,    1.2411917,    1.9490196,    35760.000,    70393.019
2025-11-04 18:00:00.000   ,    363.85455,    417.32489,    1.2170689,    1.5864865,    43314.545,    71485.344
2025-11-04 19:00:00.000   ,    360.30667,    414.32159,    1.2677371,    2.0795918,    34266.667,    69217.851
2025-11-04 20:00:00.000   ,    367.11579,    411.31829,    1.3201623,    2.5821429,    41901.754,    66975.975
2025-11-04 21:00:00.000   ,    371.57931,    408.31499,    1.3744266,    2.6775862,    25541.379,    64759.719
2025-11-04 22:00:00.000   ,    380.56610,    405.31169,    1.4306172,    2.2881356,    25031.034,    62569.080
2025-11-04 23:00:00.000   ,    381.84667,    402.30839,    1.4888263,    2.1633333,    20428.814,    60404.060
2025-11-05 00:00:00.000   ,    377.27167,    399.61347,    1.5428569,    2.9800000,    25241.667,    58483.153
2025-11-05 01:00:00.000   ,    385.93000,    396.91855,    1.5986664,    2.8800000,    21466.667,    56582.873
2025-11-05 02:00:00.000   ,    376.50833,    394.22364,    1.6563335,    4.2916667,    20295.000,    54703.220
2025-11-05 03:00:00.000   ,    377.01724,    391.95136,    1.7064615,    3.1120690,    22096.552,    53134.381
2025-11-05 04:00:00.000   ,    374.06610,    389.67908,    1.7580219,    3.9100000,    21705.085,    51580.208
2025-11-05 05:00:00.000   ,    367.18621,    387.40681,    1.8110699,    4.1050847,    19374.138,    50040.699
2025-11-05 06:00:00.000   ,    371.12000,    384.38772,    1.8839536,    4.7866667,    20668.333,    48017.899
2025-11-05 07:00:00.000   ,    366.94000,    381.36864,    1.9597090,    4.7166667,    21450.000,    46020.988
2025-11-05 08:00:00.000   ,    363.15345,    378.34955,    2.0384889,    5.0637931,    29018.966,    44049.965
2025-11-05 09:00:00.000   ,    357.32000,    395.09266,    1.6375298,    4.8016667,    27018.333,    55307.094
2025-11-05 10:00:00.000   ,    351.47414,    411.83577,    1.3110005,    4.5603448,    30855.172,    67360.431
2025-11-05 11:00:00.000   ,    349.65333,    428.57888,    1.0415575,    4.3637931,    39656.667,    80209.976
2025-11-05 12:00:00.000   ,    350.65333,    445.32199,   0.81662972,    4.2833333,    42518.333,    93855.730
2025-11-05 13:00:00.000   ,    352.37368,    448.99722,   0.77224472,    4.3655172,    46485.965,    96957.636
2025-11-05 14:00:00.000   ,    351.01207,    452.67244,   0.72946673,    4.5983051,    47658.621,  1.000979e+5
2025-11-05 15:00:00.000   ,    358.10690,    467.84427,   0.56830028,    6.6051724,    39575.862,  1.134674e+5
2025-11-05 16:00:00.000   ,    357.03273,    550.09221,  -0.01022202,    5.3509434,    51445.455,  1.973237e+5
2025-11-05 17:00:00.000   ,    371.09483,    586.51565,  -0.16850748,    4.5517241,    33113.793,  2.405977e+5
2025-11-05 18:00:00.000   ,    389.79123,    584.92235,  -0.16240414,    5.5600000,    62678.947,  2.386260e+5
2025-11-05 19:00:00.000   ,    389.46552,    583.32906,  -0.15623335,    7.1879310,    84353.448,  2.366614e+5
2025-11-05 20:00:00.000   ,    390.18276,    581.73576,  -0.14999412,    5.4859649,    63165.517,  2.347041e+5
2025-11-05 21:00:00.000   ,    409.60862,    611.91518,  -0.25743665,    12.745455,    96834.483,  2.730044e+5
2025-11-05 22:00:00.000   ,    412.65763,    623.01302,  -0.29187196,    14.488333,    96722.034,  2.877391e+5
2025-11-05 23:00:00.000   ,    399.89833,    625.92965,  -0.30052459,    13.722034,    91045.000,  2.916696e+5
2025-11-06 00:00:00.000   ,    398.75833,    629.55116,  -0.31104939,    11.461017,    90763.333,  2.965836e+5
2025-11-06 01:00:00.000   ,    395.04500,    629.55116,  -0.31104939,    10.574419,  1.356500e+5,  2.965836e+5
2025-11-06 02:00:00.000   ,    404.17667,    626.65609,  -0.30265501,    11.251020,  1.185667e+5,  2.926524e+5
2025-11-06 03:00:00.000   ,    416.24737,    627.38146,  -0.30477259,    11.500000,  1.101211e+5,  2.936351e+5
2025-11-06 04:00:00.000   ,    427.37500,    644.48135,  -0.35202515,    10.525862,  1.341500e+5,  3.172357e+5
2025-11-06 05:00:00.000   ,    414.20169,    640.26025,  -0.34081909,    6.7245283,  1.761780e+5,  3.113327e+5
2025-11-06 06:00:00.000   ,    435.21897,    662.38943,  -0.39652727,    7.6604167,  1.860897e+5,  3.428420e+5
2025-11-06 07:00:00.000   ,    509.31000,    663.06637,  -0.39811866,    11.653846,  3.402333e+5,  3.438278e+5
2025-11-06 08:00:00.000   ,    518.79464,    665.76577,  -0.40440240,    6.4448980,  4.918750e+5,  3.477718e+5
2025-11-06 09:00:00.000   ,    532.13158,    670.45806,  -0.41509342,    6.3170213,  4.614912e+5,  3.546768e+5
2025-11-06 10:00:00.000   ,    538.59821,    672.45694,  -0.41956048,    5.6346939,  4.254286e+5,  3.576373e+5
2025-11-06 11:00:00.000   ,    544.65517,    672.45694,  -0.41956048,    4.1553191,  2.718276e+5,  3.576373e+5
2025-11-06 12:00:00.000   ,    530.54667,    676.43342,  -0.42829619,    4.9655172,  2.351883e+5,  3.635604e+5
2025-11-06 13:00:00.000   ,    535.97288,    674.44870,  -0.42396091,    4.9777778,  1.660644e+5,  3.605985e+5
2025-11-06 14:00:00.000   ,    536.87241,    667.06094,  -0.40738244,    4.6046512,  1.657586e+5,  3.496715e+5
2025-11-06 15:00:00.000   ,    533.98136,    659.67319,  -0.39007785,    3.6818182,  1.929831e+5,  3.388995e+5
2025-11-06 16:00:00.000   ,    534.09831,    662.38268,  -0.39651136,    3.7538462,  1.939322e+5,  3.428322e+5
2025-11-06 17:00:00.000   ,    587.10678,    665.09217,  -0.40284361,    3.0647059,  2.197220e+5,  3.467857e+5
2025-11-06 18:00:00.000   ,    620.09828,    661.35958,  -0.39409410,    3.9923077,  2.462914e+5,  3.413448e+5
2025-11-06 19:00:00.000   ,    619.23833,    657.62700,  -0.38515087,    5.8777778,  3.161883e+5,  3.359434e+5
2025-11-06 20:00:00.000   ,    616.17759,    658.30992,  -0.38680190,    6.4750000,  3.551897e+5,  3.369287e+5
2025-11-06 21:00:00.000   ,    598.25500,    658.30992,  -0.38680190,    6.1796296,  2.622067e+5,  3.369287e+5
2025-11-06 22:00:00.000   ,    593.90000,    674.44870,  -0.42396091,    5.0925926,  2.766724e+5,  3.605985e+5
2025-11-06 23:00:00.000   ,    594.18966,    676.43342,  -0.42829619,    4.6408163,  2.539638e+5,  3.635604e+5
2025-11-07 00:00:00.000   ,    616.95333,    676.43342,  -0.42829619,    3.6454545,  3.492333e+5,  3.635604e+5
2025-11-07 01:00:00.000   ,    636.94833,    680.38208,  -0.43677711,    3.2441176,  3.391833e+5,  3.694866e+5
2025-11-07 02:00:00.000   ,    642.89667,    683.65188,  -0.44365794,    2.8379310,  3.341333e+5,  3.744274e+5
2025-11-07 03:00:00.000   ,    655.72586,    688.19864,  -0.45301830,    2.9631579,  3.034310e+5,  3.813483e+5
2025-11-07 04:00:00.000   ,    699.87667,    681.32367,  -0.43877158,    3.2716981,  3.748167e+5,  3.709063e+5
2025-11-07 05:00:00.000   ,    770.67333,    674.44870,  -0.42396091,    7.0812500,  5.669500e+5,  3.605985e+5
2025-11-07 06:00:00.000   ,    771.19828,    704.78544,  -0.48523636,    5.1904762,  7.170862e+5,  4.070938e+5
2025-11-07 07:00:00.000   ,    772.63898,    706.03996,  -0.48755652,    5.2750000,  7.336610e+5,  4.090728e+5
2025-11-07 08:00:00.000   ,    778.97167,    707.29448,  -0.48986103,    5.8052632,  5.794167e+5,  4.110563e+5
2025-11-07 09:00:00.000   ,    811.60727,    708.54899,  -0.49215003,    4.3090909,  3.526073e+5,  4.130442e+5
2025-11-07 10:00:00.000   ,    829.40000,    707.92334,  -0.49101039,    3.3754717,  3.029815e+5,  4.120522e+5
2025-11-07 11:00:00.000   ,    794.97544,    706.67012,  -0.48871605,    4.1132075,  3.076316e+5,  4.100686e+5
2025-11-07 12:00:00.000   ,    773.87333,    709.57659,  -0.49401352,    4.2589286,  2.650250e+5,  4.146759e+5
2025-11-07 13:00:00.000   ,    773.75172,    712.48305,  -0.49922908,    3.6634615,  2.670517e+5,  4.193072e+5
2025-11-07 14:00:00.000   ,    765.02281,    715.38952,  -0.50436442,    3.8075472,  2.615789e+5,  4.239626e+5
2025-11-07 15:00:00.000   ,    754.72105,    705.67781,  -0.48688835,    3.9775862,  1.669123e+5,  4.085011e+5
2025-11-07 16:00:00.000   ,    759.86897,    695.96610,  -0.46847142,    3.8017544,  1.344810e+5,  3.933074e+5
2025-11-07 17:00:00.000   ,    750.28000,    686.25440,  -0.44904485,    4.6450000,  1.267950e+5,  3.783817e+5
2025-11-07 18:00:00.000   ,    723.86167,    693.35185,  -0.46334438,    5.3783333,  1.252167e+5,  3.892633e+5
2025-11-07 19:00:00.000   ,    708.66724,    690.12752,  -0.45691806,    5.4258621,  1.188414e+5,  3.843021e+5
2025-11-07 20:00:00.000   ,    693.96333,    686.90320,  -0.45037561,    7.4593220,    79788.333,  3.793705e+5
2025-11-07 21:00:00.000   ,    688.07931,    683.65188,  -0.44365794,    8.5775862,    76863.793,  3.744274e+5
2025-11-07 22:00:00.000   ,    660.34068,    677.46531,  -0.43053088,    4.2116667,  1.140610e+5,  3.651048e+5
2025-11-07 23:00:00.000   ,    650.81695,    671.27874,  -0.41693368,    3.3711864,  1.133407e+5,  3.558909e+5
2025-11-08 00:00:00.000   ,    622.32203,    665.09217,  -0.40284361,    1.5155172,    88672.881,  3.467857e+5
2025-11-08 01:00:00.000   ,    632.40833,    663.05493,  -0.39809181,    2.8120000,    51878.333,  3.438112e+5
2025-11-08 02:00:00.000   ,    634.01833,    661.01768,  -0.39328306,    2.3000000,  1.073650e+5,  3.408484e+5
2025-11-08 03:00:00.000   ,    631.38276,    658.98044,  -0.38841645,    2.4603448,  1.222569e+5,  3.378974e+5
2025-11-08 04:00:00.000   ,    630.83333,    656.94320,  -0.38349105,    2.4732143,  1.210550e+5,  3.349582e+5
2025-11-08 05:00:00.000   ,    625.51500,    666.43855,  -0.40595318,    2.1241379,    96290.000,  3.487580e+5
2025-11-08 06:00:00.000   ,    605.58667,    663.74248,  -0.39970181,    2.1620000,  1.150933e+5,  3.448137e+5
2025-11-08 07:00:00.000   ,    614.23966,    660.35353,  -0.39170291,    2.3576923,  1.408966e+5,  3.398850e+5
2025-11-08 08:00:00.000   ,    606.52034,    655.76202,  -0.38060806,    2.3500000,  1.922492e+5,  3.332595e+5
2025-11-08 09:00:00.000   ,    613.34667,    651.17052,  -0.36920688,    2.7074074,  2.972833e+5,  3.266938e+5
2025-11-08 10:00:00.000   ,    628.66034,    646.57902,  -0.35748798,    3.1102564,  3.000517e+5,  3.201880e+5
2025-11-08 11:00:00.000   ,    638.51500,    645.88074,  -0.35567719,    2.1921569,  2.852033e+5,  3.192038e+5
2025-11-08 12:00:00.000   ,    648.82333,    644.48135,  -0.35202515,    2.4803571,  2.586500e+5,  3.172357e+5
2025-11-08 13:00:00.000   ,    655.34464,    639.17180,  -0.33788237,    2.2208333,  2.842500e+5,  3.098188e+5
2025-11-08 14:00:00.000   ,    664.38448,    633.86226,  -0.32327147,    1.6290909,  2.906897e+5,  3.024819e+5
2025-11-08 15:00:00.000   ,    650.38214,    633.86226,  -0.32327147,    1.7735849,  2.681429e+5,  3.024819e+5
2025-11-08 16:00:00.000   ,    646.30370,    633.86226,  -0.32327147,    1.9836735,  2.489815e+5,  3.024819e+5
2025-11-08 17:00:00.000   ,    633.89492,    633.86226,  -0.32327147,    1.8955556,  2.379254e+5,  3.024819e+5
2025-11-08 18:00:00.000   ,    623.37333,    629.89595,  -0.31203902,    1.6178571,  2.530333e+5,  2.970534e+5
2025-11-08 19:00:00.000   ,    620.48000,    625.92965,  -0.30052459,    2.0292683,  2.190733e+5,  2.916696e+5
2025-11-08 20:00:00.000   ,    615.60172,    625.20213,  -0.29838119,    2.5340426,  1.923276e+5,  2.906870e+5
2025-11-08 21:00:00.000   ,    607.41695,    622.27224,  -0.28964876,    2.3377778,  1.975932e+5,  2.867447e+5
2025-11-08 22:00:00.000   ,    606.41167,    619.34235,  -0.28075227,    2.2534884,  2.065667e+5,  2.828268e+5
2025-11-08 23:00:00.000   ,    610.30678,    616.38544,  -0.27160322,    1.9305085,  1.666458e+5,  2.788976e+5
2025-11-09 00:00:00.000   ,    598.21552,    613.40999,  -0.26221944,    2.2094340,  1.851207e+5,  2.749687e+5
2025-11-09 01:00:00.000   ,    585.93667,    609.26923,  -0.24885586,    2.1743590,  2.121167e+5,  2.695430e+5
2025-11-09 02:00:00.000   ,    586.07333,    605.12847,  -0.23512586,    2.0271186,  2.090333e+5,  2.641660e+5
2025-11-09 03:00:00.000   ,    575.63621,    602.06935,  -0.22473916,    2.2666667,  2.065345e+5,  2.602249e+5
2025-11-09 04:00:00.000   ,    580.75667,    599.01024,  -0.21413944,    1.8916667,  1.890500e+5,  2.563103e+5
2025-11-09 05:00:00.000   ,    573.99000,    594.34157,  -0.19753871,    1.9265306,  1.815667e+5,  2.503874e+5
2025-11-09 06:00:00.000   ,    560.90000,    589.67290,  -0.18040635,    2.0472222,  2.240500e+5,  2.445263e+5
2025-11-09 07:00:00.000   ,    563.48500,    588.09427,  -0.17448907,    1.7870370,  1.942483e+5,  2.425585e+5
2025-11-09 08:00:00.000   ,    562.07931,    586.51565,  -0.16850748,    2.5481481,  1.478862e+5,  2.405977e+5
2025-11-09 09:00:00.000   ,    532.69492,    581.65144,  -0.14966197,    2.0016949,  1.203881e+5,  2.346007e+5
2025-11-09 10:00:00.000   ,    524.09828,    576.78722,  -0.13016844,    2.4321429,  1.164569e+5,  2.286708e+5
2025-11-09 11:00:00.000   ,    529.51167,    571.92301,  -0.10999682,    2.3017241,  1.547950e+5,  2.228081e+5
2025-11-09 12:00:00.000   ,    519.48500,    567.05880,  -0.08911530,    2.8344828,  1.360033e+5,  2.170126e+5
2025-11-09 13:00:00.000   ,    521.19661,    567.05880,  -0.08911530,    3.2368421,  1.368339e+5,  2.170126e+5
2025-11-09 14:00:00.000   ,    523.65690,    567.05880,  -0.08911530,    3.4407407,  1.113810e+5,  2.170126e+5
2025-11-09 15:00:00.000   ,    520.62712,    563.28712,  -0.07241388,    3.3370370,  1.468305e+5,  2.125651e+5
2025-11-09 16:00:00.000   ,    515.56071,    559.51544,  -0.05524886,    4.3035714,    95514.286,  2.081580e+5
2025-11-09 17:00:00.000   ,    507.03729,    553.93444,  -0.02896201,    4.7400000,    78937.288,  2.017108e+5
2025-11-09 18:00:00.000   ,    518.86949,    548.35344,  -0.00156258,    6.4338983,    92084.746,  1.953521e+5
2025-11-09 19:00:00.000   ,    506.50167,    556.11559,  -0.03936442,    6.3947368,    99321.667,  2.042199e+5
2025-11-09 20:00:00.000   ,    527.55345,    553.96928,  -0.02912949,    4.6937500,  1.767138e+5,  2.017508e+5
2025-11-09 21:00:00.000   ,    560.20357,    551.82297,  -0.01873011,    4.4111111,  1.752607e+5,  1.992947e+5
2025-11-09 22:00:00.000   ,    539.87679,    546.03144,   0.01017972,    4.5324324,  1.897321e+5,  1.927326e+5
2025-11-09 23:00:00.000   ,    530.04310,    540.23992,   0.04038622,    4.5230769,  1.674483e+5,  1.862658e+5
2025-11-10 00:00:00.000   ,    526.40339,    534.44840,   0.07196812,    4.3357143,  1.439322e+5,  1.798943e+5
2025-11-10 01:00:00.000   ,    526.81379,    528.65688,   0.10501020,    4.0875000,  1.506552e+5,  1.736180e+5
2025-11-10 02:00:00.000   ,    555.72833,    525.40323,   0.12424759,    3.8366667,  1.475167e+5,  1.701339e+5
2025-11-10 03:00:00.000   ,    568.71897,    522.14959,   0.14399176,    3.1827586,  1.232552e+5,  1.666797e+5
2025-11-10 04:00:00.000   ,    565.48500,    520.26694,   0.15565472,    3.0966667,  1.129800e+5,  1.646948e+5
2025-11-10 05:00:00.000   ,    557.24833,    526.29368,   0.11893315,    3.2016667,  1.360533e+5,  1.710844e+5
2025-11-10 06:00:00.000   ,    552.62333,    532.32041,   0.08393444,    3.7450000,    82538.333,  1.775771e+5
2025-11-10 07:00:00.000   ,    524.37833,    554.40433,  -0.03121729,    3.4800000,    84036.667,  2.022502e+5
2025-11-10 08:00:00.000   ,    520.65763,    553.54388,  -0.02708152,    3.7857143,  1.034068e+5,  2.012630e+5
2025-11-10 09:00:00.000   ,    517.84483,    552.68342,  -0.02291920,    3.8897959,  1.274328e+5,  2.002778e+5
2025-11-10 10:00:00.000   ,    508.41429,    551.82297,  -0.01873011,    4.4456140,    98562.500,  1.992947e+5
2025-11-10 11:00:00.000   ,    519.85370,    546.56919,   0.00744197,    4.8102041,    97874.074,  1.933379e+5
2025-11-10 12:00:00.000   ,    539.70536,    541.31542,   0.03467526,    7.3836364,    57412.500,  1.874595e+5
2025-11-10 13:00:00.000   ,    545.94746,    540.42495,   0.03940036,    6.9813559,    70720.339,  1.864710e+5
2025-11-10 14:00:00.000   ,    559.13167,    539.53448,   0.04415790,    6.8389831,    79121.667,  1.854847e+5
2025-11-10 15:00:00.000   ,    556.35932,    535.92744,   0.06376735,    8.6084746,    78118.644,  1.815124e+5
2025-11-10 16:00:00.000   ,    551.03571,    532.32041,   0.08393444,    10.257143,    52360.714,  1.775771e+5
2025-11-10 17:00:00.000   ,    541.27414,    528.65688,   0.10501020,    10.798246,    45594.737,  1.736180e+5
2025-11-10 18:00:00.000   ,    526.01667,    523.28760,   0.13702721,    7.3362069,    40470.000,  1.678844e+5
2025-11-10 19:00:00.000   ,    512.27667,    517.91832,   0.17045617,    2.9186441,    49975.000,  1.622327e+5
2025-11-10 20:00:00.000   ,    509.11552,    512.54904,   0.20538132,    4.0200000,    54694.828,  1.566629e+5
2025-11-10 21:00:00.000   ,    490.97167,    507.17976,   0.24189332,    3.5916667,    35221.667,  1.511750e+5
2025-11-10 22:00:00.000   ,    476.01833,    501.81049,   0.28008976,    2.3169492,    34018.333,  1.457689e+5
2025-11-10 23:00:00.000   ,    469.50667,    497.01464,   0.31571667,    1.8181818,    62858.333,  1.410095e+5
2025-11-11 00:00:00.000   ,    464.08966,    492.21880,   0.35285187,    2.3114286,    56984.483,  1.363153e+5
2025-11-11 01:00:00.000   ,    465.08305,    487.42296,   0.39158172,    1.5695652,    57874.576,  1.316865e+5
2025-11-11 02:00:00.000   ,    463.50833,    482.62712,   0.43199885,    1.5242424,    99735.000,  1.271230e+5
2025-11-11 03:00:00.000   ,    458.03103,    477.83128,   0.47420271,    1.9961538,  1.079621e+5,  1.226249e+5
2025-11-11 04:00:00.000   ,    448.08500,    477.83128,   0.47420271,    2.2921053,    46698.333,  1.226249e+5
2025-11-11 05:00:00.000   ,    444.86667,    478.91783,   0.46447900,    3.0407407,    33060.000,  1.236383e+5
2025-11-11 06:00:00.000   ,    440.96333,    478.37455,   0.46932879,    3.7034483,    21603.333,  1.231311e+5
2025-11-11 07:00:00.000   ,    437.42333,    477.83128,   0.47420271,    2.3625000,    67141.667,  1.226249e+5
2025-11-11 08:00:00.000   ,    444.32881,    475.08091,   0.49925338,    1.5976190,  1.777644e+5,  1.200747e+5
2025-11-11 09:00:00.000   ,    442.24912,    472.33055,   0.52494803,    1.8477273,  1.860579e+5,  1.175460e+5
2025-11-11 10:00:00.000   ,    435.77414,    470.08741,   0.54639630,    1.7386364,  1.534897e+5,  1.154996e+5
2025-11-11 11:00:00.000   ,    429.01333,    467.84427,   0.56830028,    2.0697674,    79990.000,  1.134674e+5
2025-11-11 12:00:00.000   ,    423.62167,    465.56042,   0.59108338,    2.9254237,    31141.667,  1.114131e+5
2025-11-11 13:00:00.000   ,    418.68793,    463.27657,   0.61436658,    3.2824561,    33867.241,  1.093735e+5
2025-11-11 14:00:00.000   ,    419.05345,    461.53535,   0.63246290,    3.1760000,    64105.172,  1.078286e+5
2025-11-11 15:00:00.000   ,    416.75000,    459.79413,   0.65086522,    2.7604651,    62360.714,  1.062922e+5
2025-11-11 16:00:00.000   ,    415.14464,    458.62203,   0.66342843,    2.8938776,    70653.571,  1.052628e+5
2025-11-11 17:00:00.000   ,    410.09474,    455.01441,   0.70301022,    3.5178571,    39323.214,  1.021190e+5
2025-11-11 18:00:00.000   ,    410.79167,    451.40679,   0.74402179,    2.9982456,    36856.667,    99012.149
2025-11-11 19:00:00.000   ,    406.85932,    447.79917,   0.78653285,    3.5327586,    36840.678,    95942.268
2025-11-11 20:00:00.000   ,    402.55667,    444.47027,   0.82715367,    3.2054545,    52386.667,    93142.352
2025-11-11 21:00:00.000   ,    406.72034,    441.14137,   0.86917580,    3.1421053,    61500.000,    90373.910
2025-11-11 22:00:00.000   ,    475.69833,    437.81246,   0.91266447,    4.6693878,  1.847117e+5,    87636.942
2025-11-11 23:00:00.000   ,    516.36724,    434.48356,   0.95768871,    15.318868,  1.984150e+5,    84931.449
2025-11-12 00:00:00.000   ,    286.27333,    431.15466,    1.0043217,    1.3000000,    83913.333,    82257.430
2025-11-12 01:00:00.000   ,    288.70000,    427.54887,    1.0567383,    1.8823529,    92318.966,    79396.512
2025-11-12 02:00:00.000   ,    285.86780,    423.94309,    1.1112384,    1.4833333,    86911.864,    76572.521
2025-11-12 03:00:00.000   ,    283.67759,    420.33731,    1.1679338,    1.0277778,    58520.690,    73785.458
2025-11-12 04:00:00.000   ,    285.82667,    416.73153,    1.2269439,    1.0076923,    90910.000,    71035.323
2025-11-12 05:00:00.000   ,    283.77333,    413.12574,    1.2883967,   0.60833333,    69561.667,    68322.116
2025-11-12 06:00:00.000   ,    284.13500,    409.51996,    1.3524286,   0.74444444,    72278.333,    65645.836
2025-11-12 07:00:00.000   ,    285.40500,    405.91418,    1.4191862,   0.83333333,    82722.034,    63006.484
2025-11-12 08:00:00.000   ,    291.24667,    402.30839,    1.4888263,      N/A    ,  1.015000e+5,    60404.060
2025-11-12 09:00:00.000   ,    378.64364,    400.16452,    1.5316669,    9.4750000,  1.585684e+5,    58874.250
2025-11-12 10:00:00.000   ,    628.92909,    398.02064,    1.5756233,    16.877083,  3.528035e+5,    57357.494
2025-11-12 11:00:00.000   ,    637.25439,    395.87676,    1.6207345,    5.6312500,  2.500783e+5,    55853.793
2025-11-12 12:00:00.000   ,    701.92667,    397.51109,    1.5862390,    2.6950000,    74595.000,    56998.919
2025-11-12 13:00:00.000   ,    723.39123,    397.51109,    1.5862390,    1.0407407,  1.706783e+5,    56998.919
2025-11-12 14:00:00.000   ,    700.18246,    395.03102,    1.6388570,    1.1294118,  1.855000e+5,    55264.189
2025-11-12 15:00:00.000   ,    589.50339,    392.55095,    1.6930972,    3.1660377,  3.536627e+5,    53546.928
2025-11-12 16:00:00.000   ,    576.44237,    401.26932,    1.5094529,    5.2736842,  1.109051e+5,    59660.979
2025-11-12 17:00:00.000   ,    573.96071,    409.98770,    1.3439718,    3.2946429,    40449.123,    65990.915
2025-11-12 18:00:00.000   ,    489.20536,    408.48097,    1.3713782,    2.7976744,    60501.818,    64881.535
2025-11-12 19:00:00.000   ,    425.60357,    406.17768,    1.4142119,    5.8029412,  1.304614e+5,    63198.115
2025-11-12 20:00:00.000   ,    753.48983,    403.87439,    1.4582168,    9.4871795,  4.027288e+5,    61529.762
2025-11-12 21:00:00.000   ,    755.60333,    413.42770,    1.2831535,    6.6962963,  5.806167e+5,    68547.908
2025-11-12 22:00:00.000   ,    869.84667,    422.98100,    1.1261462,   0.83454545,  1.891500e+6,    75825.270
2025-11-12 23:00:00.000   ,    837.19667,    421.58346,    1.1480844,   0.99148936,  9.700333e+5,    74744.489
2025-11-13 00:00:00.000   ,    939.02167,    418.05311,    1.2050390,    2.0379310,  5.005833e+5,    72039.012
2025-11-13 01:00:00.000   ,    931.40169,    414.52276,    1.2642892,    2.0916667,  4.646441e+5,    69368.933
2025-11-13 02:00:00.000   ,    921.37241,    410.99241,    1.3259599,    4.7344828,  3.371207e+5,    66734.254
2025-11-13 03:00:00.000   ,    913.65000,    407.46206,    1.3901850,    6.7396552,  1.695086e+5,    64134.974
2025-11-13 04:00:00.000   ,    887.61579,    403.93170,    1.4571073,    7.5122807,    53145.614,    61571.092
2025-11-13 05:00:00.000   ,    878.36071,    401.06466,    1.5135458,    4.5703704,    26964.286,    59514.979
2025-11-13 06:00:00.000   ,    859.61429,    398.19762,    1.5719514,    4.1142857,    29566.071,    57482.213
2025-11-13 07:00:00.000   ,    834.53167,    395.33058,    1.6324166,   0.99666667,    27958.333,    55472.793
2025-11-13 08:00:00.000   ,    837.87667,    392.46353,    1.6950394,   0.87924528,    17305.263,    53486.720
2025-11-13 09:00:00.000   ,    824.15085,    389.59649,    1.7599237,    1.4875000,    21114.545,    51523.994
2025-11-13 10:00:00.000   ,    822.36429,    386.72945,    1.8271796,   0.89230769,    35187.805,    49584.614
2025-11-13 11:00:00.000   ,    845.12373,    383.86241,    1.8969243,   0.62413793,    45460.000,    47668.581
2025-11-13 12:00:00.000   ,    812.00333,    381.10598,    1.9664403,   0.71636364,    33656.364,    45848.483
2025-11-13 13:00:00.000   ,    772.76333,    378.34955,    2.0384889,    5.1320755,    41221.569,    44049.965
2025-11-13 14:00:00.000   ,    758.14667,    376.42131,    2.0904619,    10.266667,    73201.667,    42804.651
2025-11-13 15:00:00.000   ,    755.49153,    374.49306,    2.1437799,    5.5321429,  1.036220e+5,    41569.896
2025-11-13 16:00:00.000   ,    752.55818,    372.56482,    2.1984897,    4.0833333,    57241.818,    40345.702
2025-11-13 17:00:00.000   ,    742.91167,    373.23729,    2.1792486,    2.5672414,    55205.000,    40771.440
2025-11-13 18:00:00.000   ,    742.56140,    373.90977,    2.1601806,   0.86666667,  1.729930e+5,    41198.462
2025-11-13 19:00:00.000   ,    734.69831,    374.58224,    2.1412837,   0.20000000,  1.940237e+5,    41626.768
2025-11-13 20:00:00.000   ,    717.02833,    375.25471,    2.1225558,   0.23846154,  2.536033e+5,    42056.359
2025-11-13 21:00:00.000   ,    697.86724,    373.35771,    2.1758214,   0.35106383,    98177.586,    40847.813
2025-11-13 22:00:00.000   ,    667.03333,    371.46071,    2.2304616,   0.44210526,    95126.667,    39649.488
2025-11-13 23:00:00.000   ,    668.13333,    382.98071,    1.9188921,   0.72542373,    68985.000,    47084.042
2025-11-14 00:00:00.000   ,    639.17167,    394.50071,    1.6503164,   0.59400000,    41076.667,    54895.526
2025-11-14 01:00:00.000   ,    638.00000,    404.31571,    1.4496926,   0.73500000,    29130.000,    61848.259
2025-11-14 02:00:00.000   ,    634.71017,    401.28126,    1.5092143,    1.1116667,    21384.746,    59669.502
2025-11-14 03:00:00.000   ,    623.63571,    398.24682,    1.5709321,    1.5175439,    16687.273,    57516.897
2025-11-14 04:00:00.000   ,    617.69667,    395.21237,    1.6349553,    1.3133333,    21523.729,    55390.444
2025-11-14 05:00:00.000   ,    614.14500,    392.17792,    1.7014001,    1.3700000,    21376.667,    53290.144
2025-11-14 06:00:00.000   ,    606.57000,    389.14347,    1.7703902,    1.2433333,    22261.667,    51215.997
2025-11-14 07:00:00.000   ,    605.67333,    414.07265,    1.2720147,    1.0054545,    40136.667,    69031.049
2025-11-14 08:00:00.000   ,    591.57966,    439.00183,   0.89695398,   0.99491525,    38213.559,    88611.207
2025-11-14 09:00:00.000   ,    588.11754,    452.08667,   0.73618047,   0.99824561,    38780.702,    99594.823
2025-11-14 10:00:00.000   ,    584.87679,    450.18917,   0.75819868,    2.2196429,    16387.500,    97971.885
2025-11-14 11:00:00.000   ,    587.28103,    448.29167,   0.78063842,    2.2120690,    19167.925,    96359.174
2025-11-14 12:00:00.000   ,    585.13220,    449.65667,   0.76445299,    1.6571429,    23258.621,    97518.274
2025-11-14 13:00:00.000   ,    578.49000,    447.38167,   0.79155275,    1.7689655,    26546.429,    95589.381
2025-11-14 14:00:00.000   ,    596.40500,    444.39014,   0.82814847,    1.1271186,    50880.000,    93075.343
2025-11-14 15:00:00.000   ,    578.75763,    441.39861,   0.86587706,   0.49482759,    76974.576,    90586.723
2025-11-14 16:00:00.000   ,    577.00667,    438.40708,   0.90478576,   0.58596491,  1.289883e+5,    88123.521
2025-11-14 17:00:00.000   ,    550.07500,    435.41556,   0.94492430,    1.1416667,    90075.000,    85685.736
2025-11-14 18:00:00.000   ,    557.28167,    439.85361,   0.88582136,   0.80877193,    89931.667,    89311.407
2025-11-14 19:00:00.000   ,    562.53448,    444.29167,   0.82937210,    1.0236364,    68068.966,    92993.020
2025-11-14 20:00:00.000   ,    575.36780,    454.52167,   0.70852597,    1.0018519,    62283.051,  1.016925e+5
2025-11-14 21:00:00.000   ,    559.33621,    464.75167,   0.59927042,   0.75000000,    59948.276,  1.106892e+5
2025-11-14 22:00:00.000   ,    566.67833,    461.35167,   0.63438960,   0.87407407,    73885.000,  1.076661e+5
2025-11-14 23:00:00.000   ,    542.01667,    457.95167,   0.67067842,   0.85555556,    84311.111,  1.046758e+5
2025-11-15 00:00:00.000   ,    567.48000,    456.44767,   0.68711755,    1.1535714,    98131.667,  1.033636e+5
2025-11-15 01:00:00.000   ,    612.81833,    454.94367,   0.70380051,    1.6959184,  1.961000e+5,  1.020577e+5
2025-11-15 02:00:00.000   ,    590.24000,    453.43967,   0.72073216,    1.4916667,  2.202000e+5,  1.007583e+5
2025-11-15 03:00:00.000   ,    592.28814,    451.93567,   0.73791746,    1.6150000,  1.842203e+5,    99465.297
2025-11-15 04:00:00.000   ,    591.15172,    450.43167,   0.75536149,    1.3088235,  1.967931e+5,    98178.726
2025-11-15 05:00:00.000   ,    589.62667,    447.04667,   0.79559594,    1.2483871,  2.272000e+5,    95306.588
2025-11-15 06:00:00.000   ,    574.91000,    462.09167,   0.62664820,    1.5300000,  2.030667e+5,  1.083212e+5
2025-11-15 07:00:00.000   ,    571.95000,    460.22667,   0.64626494,    1.3083333,  1.897000e+5,  1.066730e+5
2025-11-15 08:00:00.000   ,    571.65667,    458.36167,   0.66623868,    1.1047619,  2.055717e+5,  1.050347e+5
2025-11-15 09:00:00.000   ,    560.50847,    456.49667,   0.68657815,    1.4500000,  1.779932e+5,  1.034062e+5
2025-11-15 10:00:00.000   ,    563.65833,    452.05917,   0.73649662,    1.7030303,  1.794833e+5,    99571.229
2025-11-15 11:00:00.000   ,    555.60339,    447.62167,   0.78866452,    1.6038462,  1.789322e+5,    95792.175
2025-11-15 12:00:00.000   ,    559.32143,    447.10167,   0.79493119,    1.5441860,  1.582857e+5,    95352.995
2025-11-15 13:00:00.000   ,    555.62679,    447.09167,   0.79505203,    1.4275862,  1.759786e+5,    95344.556
2025-11-15 14:00:00.000   ,    545.57000,    444.29000,   0.82939282,   0.96666667,  1.945833e+5,    92991.627
2025-11-15 15:00:00.000   ,    568.09828,    441.48833,   0.86472858,    1.7564103,  2.257810e+5,    90660.992
2025-11-15 16:00:00.000   ,    549.51034,    438.68667,   0.90109811,    1.5250000,  2.328672e+5,    88352.651
2025-11-15 17:00:00.000   ,    564.40000,    435.36567,   0.94560440,    1.5791667,  2.434233e+5,    85645.298
2025-11-15 18:00:00.000   ,    569.85690,    432.04467,   0.99169208,    2.4187500,  1.932983e+5,    82969.270
2025-11-15 19:00:00.000   ,    554.57667,    428.72367,    1.0394370,    2.0850000,  2.164167e+5,    80324.567
2025-11-15 20:00:00.000   ,    551.34310,    425.40267,    1.0889195,    1.8066667,  2.242431e+5,    77711.189
2025-11-15 21:00:00.000   ,    564.27759,    422.08167,    1.1402249,    1.1594595,  2.207362e+5,    75129.136
2025-11-15 22:00:00.000   ,    556.20667,    420.16417,    1.1707134,    1.8913043,  2.166833e+5,    73652.559
2025-11-15 23:00:00.000   ,    551.59833,    418.24667,    1.2018580,    1.8750000,  2.232750e+5,    72186.425
2025-11-16 00:00:00.000   ,    552.23333,    416.32917,    1.2336778,    1.5708333,  2.406500e+5,    70730.734
2025-11-16 01:00:00.000   ,    579.94833,    414.41167,    1.2661923,    2.2382353,  2.758783e+5,    69285.486
2025-11-16 02:00:00.000   ,    608.63667,    413.93917,    1.2743133,    2.6000000,  4.737500e+5,    68930.959
2025-11-16 03:00:00.000   ,    633.19138,    413.46667,    1.2824781,    2.9916667,  4.095345e+5,    68577.067
2025-11-16 04:00:00.000   ,    628.78475,    452.54895,   0.73087889,    3.2348837,  3.503559e+5,    99991.764
2025-11-16 05:00:00.000   ,    698.41695,    491.63123,   0.35750940,    3.8277778,  4.505593e+5,  1.357447e+5
2025-11-16 06:00:00.000   ,    670.45000,    495.74524,   0.32539572,    3.2765957,  5.093500e+5,  1.397606e+5
2025-11-16 07:00:00.000   ,    662.81667,    499.80239,   0.29482904,    3.2473684,  5.383433e+5,  1.437681e+5
2025-11-16 08:00:00.000   ,    642.44000,    559.51544,  -0.05524886,    2.8457143,  6.297500e+5,  2.081580e+5
2025-11-16 09:00:00.000   ,    644.21228,    566.22770,  -0.08547408,    3.1347826,  6.757193e+5,  2.160291e+5
2025-11-16 10:00:00.000   ,    629.05357,    566.22770,  -0.08547408,    3.8160714,  4.800179e+5,  2.160291e+5
2025-11-16 11:00:00.000   ,    621.27414,    570.36610,  -0.10339201,    3.4086957,  4.986724e+5,  2.209458e+5
2025-11-16 12:00:00.000   ,    627.49492,    574.46270,  -0.12061527,    2.9849057,  4.458475e+5,  2.258607e+5
2025-11-16 13:00:00.000   ,    612.52807,    576.90119,  -0.13063280,    2.7395349,  4.375228e+5,  2.288089e+5
2025-11-16 14:00:00.000   ,    605.73000,    576.08995,  -0.12731926,    2.5659574,  3.636500e+5,  2.278262e+5
2025-11-16 15:00:00.000   ,    595.13051,    580.93386,  -0.14682770,    1.8978723,  3.052169e+5,  2.337216e+5
2025-11-16 16:00:00.000   ,    594.69298,    589.67290,  -0.18040635,    1.1851852,  2.452175e+5,  2.445263e+5
2025-11-16 17:00:00.000   ,    600.14483,    592.80738,  -0.19196851,    1.4314815,  2.495569e+5,  2.484545e+5
2025-11-16 18:00:00.000   ,    588.93929,    595.14363,  -0.20042785,    1.3460000,  2.397446e+5,  2.514005e+5
2025-11-16 19:00:00.000   ,    587.39821,    595.14363,  -0.20042785,    1.2392157,  2.001375e+5,  2.514005e+5
2025-11-16 20:00:00.000   ,    582.79655,    600.54757,  -0.21949323,    1.4071429,  2.029138e+5,  2.582742e+5
2025-11-16 21:00:00.000   ,    579.16607,    603.60663,  -0.22998497,   0.55660377,  2.343571e+5,  2.622021e+5
2025-11-16 22:00:00.000   ,    557.55400,    605.12595,  -0.23511739,   0.47058824,  2.755200e+5,  2.641628e+5
2025-11-16 23:00:00.000   ,    537.15676,    606.64527,  -0.24019866,   0.34857143,  2.105946e+5,  2.661300e+5
2025-11-17 00:00:00.000   ,    537.07167,    607.40180,  -0.24270995,   0.17586207,  2.215167e+5,  2.671121e+5
2025-11-17 01:00:00.000   ,    532.80000,    611.16598,  -0.25502199,   0.65862069,  1.408833e+5,  2.720223e+5
2025-11-17 02:00:00.000   ,    525.88333,    608.52674,  -0.24642124,   0.67692308,  1.436683e+5,  2.685753e+5
2025-11-17 03:00:00.000   ,    555.27241,    605.88750,  -0.23767069,   0.95000000,  1.439655e+5,  2.651480e+5
2025-11-17 04:00:00.000   ,    534.66833,    605.50798,  -0.23639987,   0.19433962,  1.882633e+5,  2.646568e+5
2025-11-17 05:00:00.000   ,    515.16610,    605.12847,  -0.23512586,   0.89038462,  1.724746e+5,  2.641660e+5
2025-11-17 06:00:00.000   ,    543.00339,    605.12847,  -0.23512586,   0.97708333,  2.192458e+5,  2.641660e+5
2025-11-17 07:00:00.000   ,    530.29000,    602.83802,  -0.22736885,    1.0065217,  1.366517e+5,  2.612127e+5
2025-11-17 08:00:00.000   ,    533.41333,    600.54757,  -0.21949323,   0.69512195,  1.964000e+5,  2.582742e+5
2025-11-17 09:00:00.000   ,    534.17119,    600.54757,  -0.21949323,    1.2074074,  2.252881e+5,  2.582742e+5
2025-11-17 10:00:00.000   ,    531.63636,    598.02534,  -0.21068050,    1.0206897,  2.150673e+5,  2.550557e+5
2025-11-17 11:00:00.000   ,    517.56833,    595.50310,  -0.20171767,   0.54137931,  2.313917e+5,  2.518552e+5
2025-11-17 12:00:00.000   ,    516.66545,    592.98087,  -0.19260131,   0.65000000,  1.833382e+5,  2.486727e+5
2025-11-17 13:00:00.000   ,    507.03571,    590.45863,  -0.18332789,    1.1379310,  1.508268e+5,  2.455084e+5
2025-11-17 14:00:00.000   ,    510.32881,    587.29552,  -0.17147060,    1.3666667,  1.366068e+5,  2.415655e+5
2025-11-17 15:00:00.000   ,    514.79828,    584.13241,  -0.15935319,    1.0658537,  1.362552e+5,  2.376510e+5
2025-11-17 16:00:00.000   ,    500.32281,    577.55412,  -0.13328603,    1.0151515,  1.270018e+5,  2.296012e+5
2025-11-17 17:00:00.000   ,    498.27895,    570.97583,  -0.10598735,    1.6666667,    87217.544,  2.216743e+5
2025-11-17 18:00:00.000   ,    494.82414,    564.39754,  -0.07737834,   0.78076923,    73703.448,  2.138703e+5
2025-11-17 19:00:00.000   ,    498.07500,    557.81925,  -0.04737376,    1.0589286,    65661.667,  2.061892e+5
2025-11-17 20:00:00.000   ,    495.41724,    556.96836,  -0.04338609,    3.2071429,    59758.621,  2.052046e+5
2025-11-17 21:00:00.000   ,    488.56964,    554.40433,  -0.03121729,    2.4461538,    61294.643,  2.022502e+5
2025-11-17 22:00:00.000   ,    487.82000,    551.51287,  -0.01721382,    1.8034483,    62170.000,  1.989409e+5
2025-11-17 23:00:00.000   ,    492.97200,    548.62140,  -0.00290451,    1.5400000,    51252.000,  1.956554e+5
2025-11-18 00:00:00.000   ,      N/A    ,    545.72994,   0.01171960,      N/A    ,      N/A    ,  1.923936e+5
2025-11-18 01:00:00.000   ,      N/A    ,    540.42605,   0.03939450,      N/A    ,      N/A    ,  1.864722e+5
2025-11-18 02:00:00.000   ,      N/A    ,    540.42605,   0.03939450,      N/A    ,      N/A    ,  1.864722e+5
2025-11-18 03:00:00.000   ,      N/A    ,    540.42605,   0.03939450,      N/A    ,      N/A    ,  1.864722e+5
2025-11-18 04:00:00.000   ,      N/A    ,    538.18594,   0.05142522,      N/A    ,      N/A    ,  1.839952e+5
2025-11-18 05:00:00.000   ,      N/A    ,    535.94582,   0.06366602,      N/A    ,      N/A    ,  1.815326e+5
2025-11-18 06:00:00.000   ,      N/A    ,    532.28181,   0.08415333,      N/A    ,      N/A    ,  1.775352e+5
2025-11-18 07:00:00.000   ,    471.18085,    528.61780,   0.10523831,    1.4825000,    14596.970,  1.735760e+5
2025-11-18 08:00:00.000   ,    467.18500,    524.95379,   0.12694441,    1.7964286,    19992.500,  1.696549e+5
2025-11-18 09:00:00.000   ,    463.14576,    533.23028,   0.07879356,   0.99454545,    17080.000,  1.785663e+5
2025-11-18 10:00:00.000   ,    460.26034,    528.80087,   0.10417024,   0.51724138,    19996.000,  1.737729e+5
2025-11-18 11:00:00.000   ,    453.16167,    524.37147,   0.13045298,   0.65254237,    16085.366,  1.690353e+5
2025-11-18 12:00:00.000   ,    451.26167,    519.94206,   0.15768542,   0.56842105,    19223.810,  1.643533e+5
2025-11-18 13:00:00.000   ,    451.42069,    515.51265,   0.18591390,   0.21034483,    17764.815,  1.597271e+5
2025-11-18 14:00:00.000   ,    444.70172,    511.63460,   0.21148495,   0.51206897,    15860.000,  1.557225e+5
2025-11-18 15:00:00.000   ,    441.66379,    507.75656,   0.23789206,   0.91929825,    20904.545,  1.517606e+5
2025-11-18 16:00:00.000   ,    438.13729,    503.90658,   0.26497138,    1.1543860,    12969.444,  1.478696e+5
2025-11-18 17:00:00.000   ,    435.07414,    500.05661,   0.29294908,   0.52500000,    17628.302,  1.440208e+5
2025-11-18 18:00:00.000   ,    437.52500,    496.20663,   0.32186532,   0.24745763,    27612.281,  1.402140e+5
2025-11-18 19:00:00.000   ,    430.38966,    492.35666,   0.35176258,   0.30689655,    29698.246,  1.364493e+5
2025-11-18 20:00:00.000   ,    420.97895,    488.50669,   0.38268572,   0.87777778,    28545.833,  1.327268e+5
2025-11-18 21:00:00.000   ,    426.98750,    483.22083,   0.42690055,   0.56315789,    26512.500,  1.276844e+5
2025-11-18 22:00:00.000   ,    481.91091,    481.06933,   0.44550662,   0.48064516,    25520.370,  1.256548e+5
2025-11-18 23:00:00.000   ,    411.56610,    478.91783,   0.46447900,   0.60943396,    17530.508,  1.236383e+5
2025-11-19 00:00:00.000   ,    415.45000,    478.91783,   0.46447900,   0.95000000,    20975.000,  1.236383e+5
2025-11-19 01:00:00.000   ,      N/A    ,    486.40434,   0.40002179,      N/A    ,      N/A    ,  1.307118e+5
2025-11-19 02:00:00.000   ,      N/A    ,    486.40434,   0.40002179,      N/A    ,      N/A    ,  1.307118e+5
2025-11-19 03:00:00.000   ,      N/A    ,    484.28607,   0.41782106,      N/A    ,      N/A    ,  1.286942e+5
2025-11-19 04:00:00.000   ,      N/A    ,    481.60195,   0.44086678,      N/A    ,      N/A    ,  1.261560e+5
2025-11-19 05:00:00.000   ,      N/A    ,    478.91783,   0.46447900,      N/A    ,      N/A    ,  1.236383e+5
2025-11-19 06:00:00.000   ,      N/A    ,    475.00751,   0.49993064,      N/A    ,      N/A    ,  1.200069e+5
2025-11-19 07:00:00.000   ,    403.85714,    471.09720,   0.53668534,    1.5357143,    22282.143,  1.164190e+5
2025-11-19 08:00:00.000   ,    400.67500,    467.18688,   0.57480775,    1.7425926,    18086.667,  1.128746e+5
2025-11-19 09:00:00.000   ,    402.71186,    463.27657,   0.61436658,    1.2509804,    24205.085,  1.093735e+5
2025-11-19 10:00:00.000   ,    401.87857,    462.12130,   0.62633934,    1.7111111,    25000.000,  1.083475e+5
2025-11-19 11:00:00.000   ,    401.81667,    460.37167,   0.64472708,    2.0266667,    26771.667,  1.068008e+5
2025-11-19 12:00:00.000   ,    396.74333,    458.62203,   0.66342843,    1.8516667,    30110.000,  1.052628e+5
2025-11-19 13:00:00.000   ,    394.97759,    455.42383,   0.69844752,    1.4948276,    29255.172,  1.024739e+5
2025-11-19 14:00:00.000   ,    391.00000,    452.22563,   0.73458420,    1.6732143,    29580.357,    99714.083
2025-11-19 15:00:00.000   ,    384.37321,    449.02743,   0.77188657,    1.6872727,    39632.143,    96983.298
2025-11-19 16:00:00.000   ,    366.09038,    447.17471,   0.79404894,    1.8843137,    46813.462,    95414.639
2025-11-19 17:00:00.000   ,    356.03000,    445.32199,   0.81662972,    1.4035088,    60100.000,    93855.730
2025-11-19 18:00:00.000   ,    372.63621,    445.00969,   0.82047796,    2.0428571,    41860.345,    93593.916
2025-11-19 19:00:00.000   ,    373.33833,    444.69739,   0.82433844,    2.0666667,    51625.000,    93332.379
2025-11-19 20:00:00.000   ,    374.77414,    444.38509,   0.82821121,    2.1293103,    44189.655,    93071.119
2025-11-19 21:00:00.000   ,    367.47797,    444.07279,   0.83209633,    2.2224138,    47552.542,    92810.137
2025-11-19 22:00:00.000   ,    369.93898,    440.64999,   0.87550120,    2.4983051,    46403.390,    89967.931
2025-11-19 23:00:00.000   ,    373.37288,    437.22720,   0.92046704,    2.7745763,    50864.407,    87159.001
2025-11-20 00:00:00.000   ,    371.60000,    433.80440,   0.96706958,    2.2000000,    51400.000,    84383.346
2025-11-20 01:00:00.000   ,      N/A    ,    431.13656,    1.0045796,      N/A    ,      N/A    ,    82242.984
2025-11-20 02:00:00.000   ,      N/A    ,    428.46873,    1.0431729,      N/A    ,      N/A    ,    80122.838
2025-11-20 03:00:00.000   ,      N/A    ,    431.15466,    1.0043217,      N/A    ,      N/A    ,    82257.430
2025-11-20 04:00:00.000   ,      N/A    ,    430.48549,    1.0138967,      N/A    ,      N/A    ,    81723.706
2025-11-20 05:00:00.000   ,      N/A    ,    429.81632,    1.0235405,      N/A    ,      N/A    ,    81191.253
2025-11-20 06:00:00.000   ,    370.37368,    432.48395,   0.98550250,    3.5750000,    60631.579,    83321.439
2025-11-20 07:00:00.000   ,    364.60690,    475.64478,   0.49406586,    4.3362069,    67246.552,  1.205958e+5
2025-11-20 08:00:00.000   ,    373.19322,    473.97690,   0.50948876,    5.3877193,    78272.881,  1.190571e+5
2025-11-20 09:00:00.000   ,    395.92456,    472.30902,   0.52515172,    4.8649123,    87350.877,  1.175263e+5
2025-11-20 10:00:00.000   ,    408.23148,    470.64115,   0.54105973,    5.6833333,    91596.296,  1.160034e+5
2025-11-20 11:00:00.000   ,    400.65893,    468.97327,   0.55721794,    6.4017857,    85710.714,  1.144884e+5
2025-11-20 12:00:00.000   ,    398.77119,    470.44961,   0.54290256,    5.8983051,    78332.203,  1.158290e+5
2025-11-20 13:00:00.000   ,    401.91667,    471.92594,   0.52878367,    5.1377358,  1.186667e+5,  1.171758e+5
2025-11-20 14:00:00.000   ,    412.58103,    473.40227,   0.51485771,    4.6115385,  1.047914e+5,  1.185288e+5
2025-11-20 15:00:00.000   ,    417.42632,    474.87861,   0.50112116,    6.2156863,  1.481386e+5,  1.198880e+5
2025-11-20 16:00:00.000   ,    412.46207,    476.35494,   0.48757061,    8.0204545,  1.773897e+5,  1.212533e+5
2025-11-20 17:00:00.000   ,    414.45690,    477.83128,   0.47420271,    7.8761905,  1.785086e+5,  1.226249e+5
2025-11-20 18:00:00.000   ,    416.35254,    486.40434,   0.40002179,    6.2436364,  1.293017e+5,  1.307118e+5
2025-11-20 19:00:00.000   ,    415.31500,    490.59351,   0.36579411,    5.6473684,  1.256333e+5,  1.347393e+5
2025-11-20 20:00:00.000   ,    406.89464,    500.80811,   0.28741548,    5.6488372,  1.433679e+5,  1.447688e+5
2025-11-20 21:00:00.000   ,    424.18276,    504.79791,   0.25862363,    4.3291667,  1.626293e+5,  1.487667e+5
2025-11-20 22:00:00.000   ,    423.70167,    506.77348,   0.24472341,    3.0591837,  2.290383e+5,  1.507631e+5
2025-11-20 23:00:00.000   ,    430.02222,    501.81049,   0.28008976,    2.2869565,  2.770000e+5,  1.457689e+5
2025-11-21 00:00:00.000   ,      N/A    ,    502.80955,   0.27285026,      N/A    ,      N/A    ,  1.467686e+5
2025-11-21 01:00:00.000   ,      N/A    ,    506.77348,   0.24472341,      N/A    ,      N/A    ,  1.507631e+5
2025-11-21 02:00:00.000   ,      N/A    ,    502.80955,   0.27285026,      N/A    ,      N/A    ,  1.467686e+5
2025-11-21 03:00:00.000   ,    449.73438,    498.24764,   0.30641637,    4.9956522,  2.378750e+5,  1.422269e+5
2025-11-21 04:00:00.000   ,    456.23167,    493.68573,   0.34132796,    4.5000000,  2.410667e+5,  1.377442e+5
2025-11-21 05:00:00.000   ,    452.84167,    489.12382,   0.37765791,    3.8509434,  2.393000e+5,  1.333207e+5
2025-11-21 06:00:00.000   ,    453.30167,    484.56191,   0.41548409,    4.5431373,  1.863000e+5,  1.289562e+5
2025-11-21 07:00:00.000   ,    435.20678,    480.00000,   0.45488981,    5.1125000,  1.822881e+5,  1.246509e+5
2025-11-21 08:00:00.000   ,    429.14310,    481.07785,   0.44543221,    5.3490196,  1.394948e+5,  1.256628e+5
2025-11-21 09:00:00.000   ,    429.40345,    483.22083,   0.42690055,    5.3716981,  1.348414e+5,  1.276844e+5
2025-11-21 10:00:00.000   ,    440.16167,    481.32682,   0.44326078,    5.1440678,  1.038100e+5,  1.258970e+5
2025-11-21 11:00:00.000   ,    441.34500,    479.43280,   0.45990400,    4.6259259,  1.061383e+5,  1.241197e+5
2025-11-21 12:00:00.000   ,    423.16333,    477.53879,   0.47683677,    5.2857143,    86725.000,  1.223527e+5
2025-11-21 13:00:00.000   ,    422.51786,    475.64478,   0.49406586,    5.5895833,    79732.143,  1.205958e+5
2025-11-21 14:00:00.000   ,    416.12414,    474.54470,   0.50421161,    5.3763636,    80420.690,  1.195800e+5
2025-11-21 15:00:00.000   ,    426.07018,    472.58607,   0.52253317,    4.4157895,    69724.561,  1.177800e+5
2025-11-21 16:00:00.000   ,    430.12909,    470.62744,   0.54119152,    4.7150943,    62478.182,  1.159909e+5
2025-11-21 17:00:00.000   ,    418.88621,    468.66881,   0.56019497,    4.7464286,    76400.000,  1.142127e+5
2025-11-21 18:00:00.000   ,    435.51186,    466.71018,   0.57955207,    4.3777778,    80818.644,  1.124454e+5
2025-11-21 19:00:00.000   ,    449.85000,    464.42641,   0.60258084,    2.4744681,  2.104183e+5,  1.103985e+5
2025-11-21 20:00:00.000   ,    438.05690,    463.85149,   0.60845752,    4.4900000,  1.861517e+5,  1.098856e+5
2025-11-21 21:00:00.000   ,    431.81053,    463.27657,   0.61436658,    5.0387755,  1.358281e+5,  1.093735e+5
2025-11-21 22:00:00.000   ,    432.87000,    459.09404,   0.65835204,    5.2568627,  1.135567e+5,  1.056769e+5
2025-11-21 23:00:00.000   ,    439.19167,    454.91151,   0.70415995,    5.0962963,    70271.667,  1.020299e+5
2025-11-22 00:00:00.000   ,    428.67241,    450.72898,   0.75189241,    4.0145455,  1.085517e+5,    98432.544
2025-11-22 01:00:00.000   ,    432.58305,    446.54644,   0.80165876,    3.7313725,  1.172085e+5,    94884.914
2025-11-22 02:00:00.000   ,    436.38167,    442.36391,   0.85357621,    3.6482143,  1.258967e+5,    91386.970
2025-11-22 03:00:00.000   ,    438.71017,    438.18138,   0.90777054,    3.8000000,  1.243153e+5,    87938.712
2025-11-22 04:00:00.000   ,    426.52000,    433.99885,   0.96437686,    3.5962264,  1.371333e+5,    84540.140
2025-11-22 05:00:00.000   ,    418.77833,    429.81632,    1.0235405,    3.6488889,  1.422150e+5,    81191.253
2025-11-22 06:00:00.000   ,    416.69667,    429.81632,    1.0235405,    3.6590909,  1.370000e+5,    81191.253
2025-11-22 07:00:00.000   ,    414.26333,    430.48549,    1.0138967,    3.8469388,  1.255317e+5,    81723.706
2025-11-22 08:00:00.000   ,    426.36102,    431.15466,    1.0043217,    4.0392857,    96200.000,    82257.430
2025-11-22 09:00:00.000   ,    428.88545,    429.81632,    1.0235405,    4.1500000,  1.009055e+5,    81191.253
2025-11-22 10:00:00.000   ,    432.21296,    429.81632,    1.0235405,    4.2886364,    95998.148,    81191.253
2025-11-22 11:00:00.000   ,    433.20000,    431.15466,    1.0043217,    4.4816327,  1.022482e+5,    82257.430
2025-11-22 12:00:00.000   ,    431.21250,    431.15466,    1.0043217,    4.4560000,    96994.643,    82257.430
2025-11-22 13:00:00.000   ,    423.51897,    429.81632,    1.0235405,    5.3775862,    84220.690,    81191.253
2025-11-22 14:00:00.000   ,    422.58966,    428.46873,    1.0431729,    4.6120690,    87270.690,    80122.838
2025-11-22 15:00:00.000   ,    421.91852,    427.10678,    1.0633062,    5.1634615,    75516.667,    79048.282
2025-11-22 16:00:00.000   ,    401.69636,    425.74482,    1.0837386,    4.5537037,    66267.273,    77978.994
2025-11-22 17:00:00.000   ,    418.65862,    424.36803,    1.1047037,    5.6551724,    53362.069,    76903.408
2025-11-22 18:00:00.000   ,    422.55167,    425.74482,    1.0837386,    6.5050000,    61810.000,    77978.994
2025-11-22 19:00:00.000   ,    420.13667,    424.36803,    1.1047037,    5.7783333,    53096.667,    76903.408
2025-11-22 20:00:00.000   ,    393.47333,    424.36803,    1.1047037,    4.1450000,    76018.333,    76903.408
2025-11-22 21:00:00.000   ,    420.18421,    424.36803,    1.1047037,    6.2614035,    45163.158,    76903.408
2025-11-22 22:00:00.000   ,    423.24333,    424.36803,    1.1047037,    6.3516667,    26586.667,    76903.408
2025-11-22 23:00:00.000   ,    387.79500,    424.36803,    1.1047037,    4.2183333,    41711.667,    76903.408
2025-11-23 00:00:00.000   ,    364.79167,    422.27158,    1.1372403,    3.4627907,    50741.667,    75275.950
2025-11-23 01:00:00.000   ,    358.08621,    420.17513,    1.1705372,    4.3651163,    41412.069,    73660.974
2025-11-23 02:00:00.000   ,    367.40169,    420.17513,    1.1705372,    3.2830189,  1.208915e+5,    73660.974
2025-11-23 03:00:00.000   ,    381.36610,    420.17513,    1.1705372,    5.1677966,    57196.610,    73660.974
2025-11-23 04:00:00.000   ,    386.63000,    420.17513,    1.1705372,    4.1491228,    71345.000,    73660.974
2025-11-23 05:00:00.000   ,    408.20167,    419.46542,    1.1819857,    3.9100000,  1.007550e+5,    73117.085
2025-11-23 06:00:00.000   ,    428.73667,    418.75571,    1.1935249,    6.6542373,    75178.333,    72574.626
2025-11-23 07:00:00.000   ,    430.59000,    417.32489,    1.2170689,    7.7150000,    59888.333,    71485.344
2025-11-23 08:00:00.000   ,    412.36610,    415.87630,    1.2412935,    7.4288136,    67632.203,    70388.461
2025-11-23 09:00:00.000   ,    418.66842,    414.42771,    1.2659172,    7.7086207,    66954.386,    69297.537
2025-11-23 10:00:00.000   ,    417.70345,    412.20771,    1.3044489,    8.4169492,    78282.759,    67637.227
2025-11-23 11:00:00.000   ,    426.55357,    409.98770,    1.3439718,    9.5392857,    64103.571,    65990.915
2025-11-23 12:00:00.000   ,    434.09828,    407.70625,    1.3856574,    10.924138,    70596.552,    64313.628
2025-11-23 13:00:00.000   ,    420.31500,    405.42481,    1.4284649,    8.5929825,    59546.667,    62651.123
2025-11-23 14:00:00.000   ,    443.96034,    403.07553,    1.4737606,    5.5363636,    68301.724,    60954.637
2025-11-23 15:00:00.000   ,    453.83966,    400.72625,    1.5203356,    5.8075472,    82420.690,    59273.826
2025-11-23 16:00:00.000   ,    462.81552,    398.30150,    1.5697998,    6.1388889,    77853.448,    57555.460
2025-11-23 17:00:00.000   ,    432.08103,    395.87676,    1.6207345,    6.2092593,  1.117000e+5,    55853.793
2025-11-23 18:00:00.000   ,    429.77931,    393.63233,    1.6692433,    6.5648148,  1.262345e+5,    54293.553
2025-11-23 19:00:00.000   ,    440.50172,    391.38790,    1.7191114,    5.5080000,  1.333672e+5,    52747.621
2025-11-23 20:00:00.000   ,    455.27333,    389.14347,    1.7703902,    7.5927273,  1.796733e+5,    51215.997
2025-11-23 21:00:00.000   ,    457.84576,    387.38311,    1.8116311,    6.7340000,  2.610508e+5,    50024.723
2025-11-23 22:00:00.000   ,    467.73333,    385.62276,    1.8537998,    6.3233333,  2.376150e+5,    48842.251
2025-11-23 23:00:00.000   ,    478.75833,    383.86241,    1.8969243,    6.0701754,  2.619350e+5,    47668.581
2025-11-24 00:00:00.000   ,    475.47000,    381.39288,    1.9590888,    6.1216667,  2.551667e+5,    46036.922
2025-11-24 01:00:00.000   ,    452.50000,    378.92336,    2.0232758,    6.1909091,  2.444237e+5,    44422.584
2025-11-24 02:00:00.000   ,    456.16271,    376.45383,    2.0895743,    6.4357143,  2.616441e+5,    42825.568
2025-11-24 03:00:00.000   ,    459.96897,    374.49169,    2.1438185,    6.4178571,  1.981207e+5,    41569.018
2025-11-24 04:00:00.000   ,    475.47667,    372.52954,    2.1995039,    5.7448276,  2.221017e+5,    40323.403
2025-11-24 05:00:00.000   ,    465.96000,    370.56739,    2.2566820,    5.6000000,  2.311167e+5,    39088.723
2025-11-24 06:00:00.000   ,    463.66833,    368.52567,    2.3178217,    5.9632653,  1.896167e+5,    37815.579
2025-11-24 07:00:00.000   ,    487.11667,    366.48395,    2.3806994,    5.9303030,  2.939767e+5,    36554.275
2025-11-24 08:00:00.000   ,    528.97167,    364.44223,    2.4453817,    7.2183333,  3.392667e+5,    35304.812
2025-11-24 09:00:00.000   ,    554.59310,    362.40051,    2.5119381,    6.6107143,  3.931897e+5,    34067.188
2025-11-24 10:00:00.000   ,    572.90000,    360.35879,    2.5804420,    4.9020833,  3.403846e+5,    32841.404
2025-11-24 11:00:00.000   ,    623.44464,    358.53546,    2.6433270,    3.8136364,  5.574107e+5,    31756.740
2025-11-24 12:00:00.000   ,    681.23793,    356.71213,    2.7078834,    2.7600000,  6.743448e+5,    30681.519
2025-11-24 13:00:00.000   ,    672.70500,    354.88879,    2.7741710,    3.2222222,  5.245333e+5,    29615.741
2025-11-24 14:00:00.000   ,    696.45517,    356.95379,    2.6992289,    2.8583333,  5.033448e+5,    30823.488
2025-11-24 15:00:00.000   ,    692.02909,    359.01879,    2.6264969,    2.2805556,  4.415455e+5,    32043.346
2025-11-24 16:00:00.000   ,    695.44655,    359.32004,    2.6160660,    2.0456522,  4.198103e+5,    32222.315
2025-11-24 17:00:00.000   ,    691.18772,    359.62129,    2.6056801,    1.5295455,  3.120526e+5,    32401.543
2025-11-24 18:00:00.000   ,    693.16207,    359.92254,    2.5953388,    1.5409091,  3.129828e+5,    32581.028
2025-11-24 19:00:00.000   ,    686.95690,    360.22379,    2.5850420,    1.5425000,  3.307241e+5,    32760.771
2025-11-24 20:00:00.000   ,    691.93051,    364.41379,    2.4462957,    1.9282609,  2.949153e+5,    35287.491
2025-11-24 21:00:00.000   ,    695.63898,    368.60379,    2.3154509,    1.8347826,  3.757458e+5,    37864.073
2025-11-24 22:00:00.000   ,    709.85500,    371.04379,    2.2426594,    2.0156863,  3.759333e+5,    39387.491
2025-11-24 23:00:00.000   ,    711.02564,    387.12879,    1.8176653,    1.9150000,  4.024615e+5,    49853.346
2025-11-25 00:00:00.000   ,    687.53333,    385.73879,    1.8509912,    1.6166667,  4.296667e+5,    48919.922
2025-11-25 01:00:00.000   ,      N/A    ,    384.34879,    1.8849118,      N/A    ,      N/A    ,    47991.986
2025-11-25 02:00:00.000   ,      N/A    ,    383.65046,    1.9021824,      N/A    ,      N/A    ,    47527.864
2025-11-25 03:00:00.000   ,      N/A    ,    382.95213,    1.9196085,      N/A    ,      N/A    ,    47065.126
2025-11-25 04:00:00.000   ,      N/A    ,    382.25379,    1.9371921,      N/A    ,      N/A    ,    46603.774
2025-11-25 05:00:00.000   ,      N/A    ,    393.54879,    1.6710746,      N/A    ,      N/A    ,    54235.760
2025-11-25 06:00:00.000   ,      N/A    ,    391.46629,    1.7173461,      N/A    ,      N/A    ,    52801.379
2025-11-25 07:00:00.000   ,    769.24444,    389.38379,    1.7648304,    2.0277778,  3.685000e+5,    51379.314
2025-11-25 08:00:00.000   ,    768.71500,    386.65379,    1.8289876,    1.6259259,  4.386833e+5,    49533.753
2025-11-25 09:00:00.000   ,    757.31379,    383.92379,    1.8954041,    2.4058824,  2.914655e+5,    47709.360
2025-11-25 10:00:00.000   ,    766.50351,    381.19379,    1.9641873,    2.1170213,  2.966316e+5,    45906.135
2025-11-25 11:00:00.000   ,    793.86610,    378.46379,    2.0354509,    2.2472727,  3.001525e+5,    44124.078
2025-11-25 12:00:00.000   ,    786.65345,    453.87460,   0.71580993,    2.5089286,  2.939828e+5,  1.011334e+5
2025-11-25 13:00:00.000   ,    781.98750,    480.00000,   0.45488981,    1.5540000,  3.033214e+5,  1.246509e+5
2025-11-25 14:00:00.000   ,    788.10893,    485.34722,   0.40886231,    1.2423077,  3.233750e+5,  1.297033e+5
2025-11-25 15:00:00.000   ,    795.28421,    540.42605,   0.03939450,    1.1796296,  3.452632e+5,  1.864722e+5
2025-11-25 16:00:00.000   ,    779.35185,    549.22383,  -0.00591148,    1.2404255,  2.880000e+5,  1.963380e+5
2025-11-25 17:00:00.000   ,    775.06207,    550.09221,  -0.01022202,    1.2040816,  2.992759e+5,  1.973237e+5
2025-11-25 18:00:00.000   ,    783.66491,    562.04596,  -0.06681734,    1.1509804,  3.298947e+5,  2.111104e+5
2025-11-25 19:00:00.000   ,    803.77119,    586.51565,  -0.16850748,    1.3107143,  4.146271e+5,  2.405977e+5
2025-11-25 20:00:00.000   ,    794.12203,    586.51565,  -0.16850748,    1.2929825,  4.009831e+5,  2.405977e+5
2025-11-25 21:00:00.000   ,    774.92712,    626.65609,  -0.30265501,    1.0941176,  3.162373e+5,  2.926524e+5
2025-11-25 22:00:00.000   ,    776.00167,    645.18152,  -0.35385628,    1.2745455,  3.248000e+5,  3.182197e+5
2025-11-25 23:00:00.000   ,    760.64167,    645.64735,  -0.35507026,    1.0758621,  2.883167e+5,  3.188752e+5
2025-11-26 00:00:00.000   ,    792.16667,    646.11318,  -0.35628082,    1.1683333,  2.949667e+5,  3.195313e+5
2025-11-26 01:00:00.000   ,    762.08667,    646.57902,  -0.35748798,    1.2166667,  2.489167e+5,  3.201880e+5
2025-11-26 02:00:00.000   ,    768.87414,    647.97091,  -0.36107478,    1.1983051,  2.809138e+5,  3.221539e+5
2025-11-26 03:00:00.000   ,    800.09310,    649.36281,  -0.36463163,    1.2200000,  3.081724e+5,  3.241253e+5
2025-11-26 04:00:00.000   ,    778.09333,    658.30992,  -0.38680190,    1.1183333,  2.976667e+5,  3.369287e+5
2025-11-26 05:00:00.000   ,    765.18000,    658.99156,  -0.38844316,    1.0850000,  2.385333e+5,  3.379135e+5
2025-11-26 06:00:00.000   ,    727.93333,    659.67319,  -0.39007785,   0.89655172,  2.250167e+5,  3.388995e+5
2025-11-26 07:00:00.000   ,    701.35667,    659.33259,  -0.38926184,   0.99285714,  2.357500e+5,  3.384067e+5
2025-11-26 08:00:00.000   ,    739.09333,    658.99199,  -0.38844420,    1.0916667,  3.219167e+5,  3.379141e+5
2025-11-26 09:00:00.000   ,    745.99492,    670.45806,  -0.41509342,    1.0403509,  3.448136e+5,  3.546768e+5
2025-11-26 10:00:00.000   ,    722.70169,    670.45806,  -0.41509342,   0.97833333,  3.378814e+5,  3.546768e+5
2025-11-26 11:00:00.000   ,    731.33103,    667.43790,  -0.40824558,   0.98644068,  3.243448e+5,  3.502253e+5
2025-11-26 12:00:00.000   ,    707.84000,    664.41774,  -0.40127677,    1.2203704,  2.949333e+5,  3.457997e+5
2025-11-26 13:00:00.000   ,    706.11000,    661.71165,  -0.39492755,    1.0392857,  2.899000e+5,  3.418563e+5
2025-11-26 14:00:00.000   ,    693.77667,    660.35353,  -0.39170291,    1.1469388,  2.759333e+5,  3.398850e+5
2025-11-26 15:00:00.000   ,    692.91818,    657.27637,  -0.38430062,    1.2250000,  2.754545e+5,  3.354381e+5
2025-11-26 16:00:00.000   ,    681.07895,    654.19921,  -0.37676239,    1.0489796,  2.613333e+5,  3.310180e+5
2025-11-26 17:00:00.000   ,    654.15000,    652.13189,  -0.37161998,    1.0020833,  1.925172e+5,  3.280636e+5
2025-11-26 18:00:00.000   ,    642.56316,    650.05645,  -0.36639307,   0.88235294,  1.985965e+5,  3.251098e+5
2025-11-26 19:00:00.000   ,    695.50345,    650.74917,  -0.36814489,    1.3068182,  3.377759e+5,  3.260943e+5
2025-11-26 20:00:00.000   ,    736.55085,    651.44099,  -0.36988717,    1.2508772,  3.913220e+5,  3.270789e+5
2025-11-26 21:00:00.000   ,    717.23167,    650.05645,  -0.36639307,    1.0678571,  3.773833e+5,  3.251098e+5
2025-11-26 22:00:00.000   ,    737.04667,    649.36235,  -0.36463046,    1.0732143,  4.060000e+5,  3.241246e+5
2025-11-26 23:00:00.000   ,    732.94783,    648.66825,  -0.36286048,    1.0739130,  4.599130e+5,  3.231409e+5
2025-11-27 00:00:00.000   ,    715.97000,    644.48135,  -0.35202515,    1.0847458,  3.589667e+5,  3.172357e+5
2025-11-27 01:00:00.000   ,    714.75667,    643.07816,  -0.34833193,    1.0879310,  3.484833e+5,  3.152678e+5
2025-11-27 02:00:00.000   ,    719.40333,    640.60736,  -0.34175152,    1.1633333,  4.096833e+5,  3.118162e+5
2025-11-27 03:00:00.000   ,    721.26964,    638.13656,  -0.33507094,    1.2851852,  3.943571e+5,  3.083820e+5
2025-11-27 04:00:00.000   ,    717.60339,    635.29106,  -0.32725047,    1.4296296,  3.692203e+5,  3.044484e+5
2025-11-27 05:00:00.000   ,    718.30667,    633.86226,  -0.32327147,    1.3275862,  3.628000e+5,  3.024819e+5
2025-11-27 06:00:00.000   ,    717.70667,    631.71138,  -0.31721468,    1.5603448,  2.861167e+5,  2.995326e+5
2025-11-27 07:00:00.000   ,    687.38833,    630.27018,  -0.31311073,    1.3058824,  2.726667e+5,  2.975637e+5
2025-11-27 08:00:00.000   ,    702.15833,    628.82899,  -0.30896966,    1.2490566,  2.708667e+5,  2.956008e+5
2025-11-27 09:00:00.000   ,    681.24667,    622.28112,  -0.28967546,    1.2285714,  3.003833e+5,  2.867566e+5
2025-11-27 10:00:00.000   ,    665.40172,    620.81398,  -0.28524157,    1.1812500,  2.267931e+5,  2.847917e+5
2025-11-27 11:00:00.000   ,    669.08983,    620.07816,  -0.28300219,    1.2428571,  2.500169e+5,  2.838085e+5
2025-11-27 12:00:00.000   ,    675.39483,    619.34235,  -0.28075227,    1.7566038,  2.144828e+5,  2.828268e+5
2025-11-27 13:00:00.000   ,    652.54483,    614.15561,  -0.26458789,    1.6727273,  1.575862e+5,  2.759509e+5
2025-11-27 14:00:00.000   ,    637.98393,    611.15635,  -0.25499086,    1.3285714,  1.624286e+5,  2.720097e+5
2025-11-27 15:00:00.000   ,    634.50364,    608.15708,  -0.24520473,    1.5156250,  1.449455e+5,  2.680941e+5
2025-11-27 16:00:00.000   ,    631.62264,    603.58366,  -0.22990700,    1.5837838,  1.331887e+5,  2.621725e+5
2025-11-27 17:00:00.000   ,    623.95833,    599.01024,  -0.21413944,    1.2970588,  2.193317e+5,  2.563103e+5
2025-11-27 18:00:00.000   ,    635.32586,    597.46762,  -0.20871167,    1.6181818,  2.911224e+5,  2.543464e+5
2025-11-27 19:00:00.000   ,    649.11017,    592.78239,  -0.19187730,    1.3392157,  2.666780e+5,  2.484231e+5
2025-11-27 20:00:00.000   ,    637.96786,    588.09716,  -0.17449994,    1.7000000,  2.715893e+5,  2.425621e+5
2025-11-27 21:00:00.000   ,    633.81167,    585.72271,  -0.16547837,    2.0355556,  1.931500e+5,  2.396155e+5
2025-11-27 22:00:00.000   ,    640.73833,    585.32550,  -0.16395479,    1.4945946,  2.858333e+5,  2.391242e+5
2025-11-27 23:00:00.000   ,    652.75667,    584.92830,  -0.16242703,    1.4800000,  3.131667e+5,  2.386333e+5
2025-11-28 00:00:00.000   ,    649.27167,    580.91474,  -0.14675201,    1.7297297,  2.853167e+5,  2.336982e+5
2025-11-28 01:00:00.000   ,    650.49500,    576.90119,  -0.13063280,    1.2589744,  2.706000e+5,  2.288089e+5
2025-11-28 02:00:00.000   ,    662.91833,    570.36610,  -0.10339201,    1.6241379,  2.052833e+5,  2.209458e+5
2025-11-28 03:00:00.000   ,    657.91864,    570.36610,  -0.10339201,    1.6222222,  1.996441e+5,  2.209458e+5
2025-11-28 04:00:00.000   ,    655.82241,    567.46320,  -0.09087921,    1.6395833,  1.879828e+5,  2.174919e+5
2025-11-28 05:00:00.000   ,    628.79831,    564.56029,  -0.07810264,    1.4056604,  1.690678e+5,  2.140619e+5
2025-11-28 06:00:00.000   ,    632.48167,    560.88881,  -0.06155384,    1.4637931,  1.557333e+5,  2.097580e+5
2025-11-28 07:00:00.000   ,    644.28167,    557.21732,  -0.04455540,    2.1915254,  1.581100e+5,  2.054925e+5
2025-11-28 08:00:00.000   ,    644.03833,    553.54583,  -0.02709091,    1.5333333,  2.522250e+5,  2.012652e+5
2025-11-28 09:00:00.000   ,    637.57458,    549.63788,  -0.00797028,    1.6666667,  2.116695e+5,  1.968077e+5
2025-11-28 10:00:00.000   ,    632.17333,    545.72994,   0.01171960,    1.4521739,  2.735500e+5,  1.923936e+5
2025-11-28 11:00:00.000   ,    637.62333,    541.73730,   0.03244785,    2.0358491,  2.401483e+5,  1.879287e+5
2025-11-28 12:00:00.000   ,    644.72414,    537.74466,   0.05381972,    1.4736842,  2.562931e+5,  1.835090e+5
2025-11-28 13:00:00.000   ,    638.06724,    533.23028,   0.07879356,    2.2314815,  2.186552e+5,  1.785663e+5
2025-11-28 14:00:00.000   ,    636.86780,    530.94358,   0.09178385,    1.8372549,  2.280678e+5,  1.760847e+5
2025-11-28 15:00:00.000   ,    629.75614,    528.65688,   0.10501020,    1.8641509,  2.204035e+5,  1.736180e+5
2025-11-28 16:00:00.000   ,    620.26724,    528.65688,   0.10501020,    2.3348837,  1.964655e+5,  1.736180e+5
2025-11-28 17:00:00.000   ,    607.88667,    525.87190,   0.12144571,    1.7857143,  1.874017e+5,  1.706339e+5
2025-11-28 18:00:00.000   ,    612.92759,    523.08693,   0.13825066,    1.7439024,  2.102224e+5,  1.676718e+5
2025-11-28 19:00:00.000   ,    592.97167,    519.29979,   0.16171570,    1.9875000,  1.762867e+5,  1.636791e+5
2025-11-28 20:00:00.000   ,    604.27797,    515.51265,   0.18591390,    2.3730769,  1.575915e+5,  1.597271e+5
2025-11-28 21:00:00.000   ,    615.75091,    512.12460,   0.20820863,    2.2468085,  1.637382e+5,  1.562261e+5
2025-11-28 22:00:00.000   ,    599.53704,    508.73654,   0.23113802,    1.1862069,  1.898333e+5,  1.527577e+5
2025-11-28 23:00:00.000   ,    603.59464,    521.20960,   0.14979279,    1.2600000,  1.407679e+5,  1.656874e+5
2025-11-29 00:00:00.000   ,    615.98103,    518.83934,   0.16461806,    1.5133333,  1.788276e+5,  1.631964e+5
2025-11-29 01:00:00.000   ,    612.66667,    516.46907,   0.17973192,    1.1470588,  2.032333e+5,  1.607213e+5
2025-11-29 02:00:00.000   ,    618.76833,    513.09127,   0.20178385,    1.0744186,  2.197333e+5,  1.572217e+5
2025-11-29 03:00:00.000   ,    619.89138,    509.71347,   0.22445992,    1.8280000,  1.531034e+5,  1.537545e+5
2025-11-29 04:00:00.000   ,    618.11695,    505.76198,   0.25181144,    1.3222222,  1.684407e+5,  1.497395e+5
2025-11-29 05:00:00.000   ,    620.24828,    501.81049,   0.28008976,    1.3750000,  1.333259e+5,  1.457689e+5
2025-11-29 06:00:00.000   ,    601.39667,    497.27160,   0.31377031,    1.2333333,  1.278667e+5,  1.412628e+5
2025-11-29 07:00:00.000   ,    605.48167,    492.73271,   0.34879783,    1.5233333,  1.122300e+5,  1.368152e+5
2025-11-29 08:00:00.000   ,    605.44667,    488.19383,   0.38524510,    1.3760000,  1.652417e+5,  1.324261e+5
2025-11-29 09:00:00.000   ,    611.51132,    483.65494,   0.42318989,    1.3392157,  1.352962e+5,  1.280956e+5
2025-11-29 10:00:00.000   ,    609.18571,    479.11606,   0.46271540,    1.7527273,  1.171089e+5,  1.238235e+5
2025-11-29 11:00:00.000   ,    594.73621,    474.57717,   0.50391064,    1.7843137,  1.291500e+5,  1.196100e+5
2025-11-29 12:00:00.000   ,    609.68333,    470.03829,   0.54687102,    2.2327273,  1.316650e+5,  1.154549e+5
2025-11-29 13:00:00.000   ,    612.98448,    465.49940,   0.59169883,    2.0614035,  1.500069e+5,  1.113584e+5
2025-11-29 14:00:00.000   ,    613.78644,    460.96052,   0.63850390,    2.2931034,  1.750797e+5,  1.073204e+5
2025-11-29 15:00:00.000   ,    617.42881,    459.63462,   0.65256655,    2.7844828,  1.607271e+5,  1.061519e+5
2025-11-29 16:00:00.000   ,    625.29322,    458.30872,   0.66681101,    2.6086207,  2.233898e+5,  1.049883e+5
2025-11-29 17:00:00.000   ,    619.19500,    456.98282,   0.68124045,    2.9050847,  2.208400e+5,  1.038298e+5
2025-11-29 18:00:00.000   ,    615.46833,    455.65692,   0.69585807,    2.3883333,  2.474167e+5,  1.026762e+5
2025-11-29 19:00:00.000   ,    611.58966,    454.33103,   0.71066717,    2.1111111,  2.986948e+5,  1.015276e+5
2025-11-29 20:00:00.000   ,    614.29333,    453.00513,   0.72567109,    2.1181818,  2.580817e+5,  1.003841e+5
2025-11-29 21:00:00.000   ,    623.11034,    451.67923,   0.74087328,    2.3220339,  2.518448e+5,    99245.478
2025-11-29 22:00:00.000   ,    610.27288,    450.35333,   0.75627724,    2.6275862,  2.193763e+5,    98111.892
2025-11-29 23:00:00.000   ,    620.37500,    449.02743,   0.77188657,    3.0324324,  2.322267e+5,    96983.298
2025-11-30 00:00:00.000   ,    620.93833,    445.02001,   0.82035053,    2.8038462,  1.910667e+5,    93602.568
2025-11-30 01:00:00.000   ,    618.04500,    441.01259,   0.87083038,    1.9792453,  1.854667e+5,    90267.450
2025-11-30 02:00:00.000   ,    619.04167,    437.00517,   0.92343949,    1.5250000,  1.695167e+5,    86977.945
2025-11-30 03:00:00.000   ,    617.92414,    432.99775,   0.97829932,    1.7660377,  1.507241e+5,    83734.053
2025-11-30 04:00:00.000   ,    619.41833,    428.99033,    1.0355401,    1.5227273,  1.852167e+5,    80535.773
2025-11-30 05:00:00.000   ,    608.44746,    424.98291,    1.0953017,    1.2900000,  1.762203e+5,    77383.105
2025-11-30 06:00:00.000   ,    607.80517,    420.97550,    1.1577342,    1.5340909,  1.573448e+5,    74276.051
2025-11-30 07:00:00.000   ,    598.09667,    416.96808,    1.2229993,    1.2852941,  2.187667e+5,    71214.608
2025-11-30 08:00:00.000   ,    597.84000,    412.96066,    1.2912709,    1.1194444,  2.568667e+5,    68198.778
2025-11-30 09:00:00.000   ,    585.06667,    411.47418,    1.3173966,    1.6914894,  1.955965e+5,    67091.709
2025-11-30 10:00:00.000   ,    577.27455,    409.98770,    1.3439718,    1.9000000,  2.192364e+5,    65990.915
2025-11-30 11:00:00.000   ,    589.99310,    408.48097,    1.3713782,    2.4928571,  1.531552e+5,    64881.535
2025-11-30 12:00:00.000   ,    597.99661,    407.72057,    1.3853923,    2.5389831,  1.318525e+5,    64324.109
2025-11-30 13:00:00.000   ,    579.23559,    406.96017,    1.3995310,    2.0518519,  1.970068e+5,    63768.324
2025-11-30 14:00:00.000   ,    588.47119,    404.63428,    1.4435669,    2.0666667,  1.931898e+5,    62078.510
2025-11-30 15:00:00.000   ,    574.69123,    402.30839,    1.4888263,    1.4860000,  2.003456e+5,    60404.060
2025-11-30 16:00:00.000   ,    575.18644,    400.71788,    1.5205039,    1.9706897,  1.432475e+5,    59267.864
2025-11-30 17:00:00.000   ,    564.32000,    399.12736,    1.5527902,    2.1396226,  1.230250e+5,    58138.852
2025-11-30 18:00:00.000   ,    566.96034,    397.51109,    1.5862390,    1.9214286,  1.484155e+5,    56998.919
2025-11-30 19:00:00.000   ,    564.81167,    395.86736,    1.6209348,    1.7254545,  1.350300e+5,    55847.233
2025-11-30 20:00:00.000   ,    555.72982,    394.22364,    1.6563335,    2.1857143,  1.027579e+5,    54703.220
2025-11-30 21:00:00.000   ,    553.59667,    394.22364,    1.6563335,    1.9500000,  1.336967e+5,    54703.220
2025-11-30 22:00:00.000   ,    558.64310,    394.22364,    1.6563335,    1.2488889,  1.727931e+5,    54703.220
2025-11-30 23:00:00.000   ,    552.98654,    392.54075,    1.6933238,    1.2025000,  1.589788e+5,    53539.901
2025-12-01 00:00:00.000   ,    539.58500,    390.85786,    1.7310921,    1.6750000,  1.513667e+5,    52384.626
2025-12-01 01:00:00.000   ,    535.87000,    389.13233,    1.7706482,    2.1237288,  1.082417e+5,    51208.434
2025-12-01 02:00:00.000   ,    526.88667,    387.40681,    1.8110699,    2.1400000,  1.120533e+5,    50040.699
2025-12-01 03:00:00.000   ,    512.11695,    385.63461,    1.8535128,    1.8628571,  1.639661e+5,    48850.180
2025-12-01 04:00:00.000   ,    505.16000,    383.86241,    1.8969243,    1.8942857,  1.564500e+5,    47668.581
2025-12-01 05:00:00.000   ,    501.44167,    382.05230,    1.9422951,    1.9609756,  1.496000e+5,    46470.916
2025-12-01 06:00:00.000   ,    511.07414,    380.20093,    1.9898118,    2.6294118,  1.262776e+5,    45255.573
2025-12-01 07:00:00.000   ,    498.88305,    378.34955,    2.0384889,    3.5650000,  1.197119e+5,    44049.965
2025-12-01 08:00:00.000   ,    495.68167,    376.43790,    2.0900091,    3.0233333,  1.141600e+5,    42815.319
2025-12-01 09:00:00.000   ,    499.72034,    374.52624,    2.1428509,    3.1542373,  1.192746e+5,    41591.052
2025-12-01 10:00:00.000   ,    497.22759,    373.89000,    2.1607387,    3.7362069,  1.132552e+5,    41185.892
2025-12-01 11:00:00.000   ,    486.20000,    375.48500,    2.1161809,    4.0000000,    93038.333,    42203.766
2025-12-01 12:00:00.000   ,    484.28833,    377.22500,    2.0686387,    4.0333333,    75088.333,    43322.415
2025-12-01 13:00:00.000   ,    466.99492,    374.37333,    2.1471359,    2.5929825,  1.005695e+5,    41493.575
2025-12-01 14:00:00.000   ,    452.98545,    371.52167,    2.2286841,    1.6300000,  1.114818e+5,    39687.833
2025-12-01 15:00:00.000   ,    448.58727,    368.67000,    2.3134435,    1.5522727,  1.078873e+5,    37905.187
2025-12-01 16:00:00.000   ,    455.03704,    365.81833,    2.4015849,    1.1512821,  1.325278e+5,    36145.637
2025-12-01 17:00:00.000   ,    441.23667,    362.96667,    2.4932906,    1.3255814,  1.214433e+5,    34409.185
2025-12-01 18:00:00.000   ,    436.52000,    360.11500,    2.5887555,    1.5057692,  1.051667e+5,    32695.829
2025-12-01 19:00:00.000   ,    434.55085,    359.93167,    2.5950263,    1.3703704,    83467.797,    32586.468
2025-12-01 20:00:00.000   ,    431.88966,    361.62125,    2.5378501,    1.5085106,    76274.138,    33597.946
2025-12-01 21:00:00.000   ,    429.15593,    369.41500,    2.2909808,    1.2796610,  1.033915e+5,    38368.675
2025-12-01 22:00:00.000   ,    425.95085,    369.10500,    2.3002999,    1.4607143,    96847.458,    38175.623
2025-12-01 23:00:00.000   ,    417.70339,    368.79500,    2.3096586,    1.4600000,  1.130661e+5,    37982.843
2025-12-02 00:00:00.000   ,    428.63000,    368.18250,    2.3282670,    1.6931034,    66673.333,    37602.750
2025-12-02 01:00:00.000   ,    415.93833,    367.57000,    2.3470327,    1.7035714,    56935.000,    37223.723
2025-12-02 02:00:00.000   ,    428.32333,    366.59500,    2.3772338,    1.8916667,    65260.000,    36622.571
2025-12-02 03:00:00.000   ,    410.01017,    364.23500,    2.4520504,    1.2080000,  1.322068e+5,    35178.654
2025-12-02 04:00:00.000   ,    430.61333,    361.87500,    2.5293811,    1.6654545,  1.129150e+5,    33750.555
2025-12-02 05:00:00.000   ,    443.69500,    364.55500,    2.4417609,    2.2305085,    88388.333,    35373.512
2025-12-02 06:00:00.000   ,    444.18448,    363.23167,    2.4846132,    2.1542373,  1.028379e+5,    34569.577
2025-12-02 07:00:00.000   ,    405.55593,    361.90833,    2.5282708,    1.5054545,  1.147305e+5,    33770.615
2025-12-02 08:00:00.000   ,    404.94000,    360.58500,    2.5727540,    1.2836364,  1.156700e+5,    32976.628
2025-12-02 09:00:00.000   ,    405.23667,    358.55500,    2.6426443,    1.6333333,    75431.667,    31768.314
2025-12-02 10:00:00.000   ,    388.97931,    357.89750,    2.6657213,    1.3780000,  1.082741e+5,    31379.461
2025-12-02 11:00:00.000   ,    394.11333,    357.24000,    2.6890183,    1.5508772,    89241.667,    30991.836
2025-12-02 12:00:00.000   ,    394.14667,    468.03500,   0.56641974,    1.5148148,  1.073917e+5,  1.136397e+5
2025-12-02 13:00:00.000   ,    393.13500,    578.83000,  -0.13843577,    1.5200000,    95363.333,  2.311529e+5
2025-12-02 14:00:00.000   ,    401.82105,    576.51143,  -0.12904316,    2.3472727,    84985.965,  2.283366e+5
2025-12-02 15:00:00.000   ,    397.42105,    574.19286,  -0.11949611,    2.3960784,    75008.772,  2.255355e+5
2025-12-02 16:00:00.000   ,    397.06102,    571.87429,  -0.10979122,    2.0860000,    80067.797,  2.227497e+5
2025-12-02 17:00:00.000   ,    395.34667,    569.55571,  -0.09992500,    1.9862745,  1.072183e+5,  2.199792e+5
2025-12-02 18:00:00.000   ,    391.89483,    567.23714,  -0.08989384,    1.9000000,  1.213190e+5,  2.172239e+5
2025-12-02 19:00:00.000   ,    386.08000,    564.91857,  -0.07969404,    1.7909091,  1.317083e+5,  2.144839e+5
2025-12-02 20:00:00.000   ,    390.91186,    562.60000,  -0.06932182,    1.8196429,    88603.390,  2.117592e+5
2025-12-02 21:00:00.000   ,    394.88136,    579.32545,  -0.14042314,    3.2033898,    49876.271,  2.317567e+5
2025-12-02 22:00:00.000   ,    393.02203,    579.32545,  -0.14042314,    3.6133333,    21984.746,  2.317567e+5
2025-12-02 23:00:00.000   ,    394.23455,    592.02586,  -0.18910874,    3.7055556,    22658.182,  2.474725e+5
2025-12-03 00:00:00.000   ,    403.30714,    681.69224,  -0.43954940,    4.3607143,    33780.357,  3.714627e+5
2025-12-03 01:00:00.000   ,    401.67193,    688.84528,  -0.45433032,    5.1157895,    43377.193,  3.823374e+5
2025-12-03 02:00:00.000   ,    395.98475,    697.18740,  -0.47084147,    5.4542373,    55261.017,  3.952034e+5
2025-12-03 03:00:00.000   ,    392.50517,    695.27273,  -0.46711876,    4.6172414,    52148.276,  3.922329e+5
2025-12-03 04:00:00.000   ,    394.29833,    709.79838,  -0.49441439,    5.9433333,    40461.667,  4.150285e+5
2025-12-03 05:00:00.000   ,    382.63137,    711.04523,  -0.49665909,    5.6921569,    28443.137,  4.170131e+5
2025-12-03 06:00:00.000   ,      N/A    ,    711.35647,  -0.49721709,      N/A    ,      N/A    ,  4.175092e+5
2025-12-03 07:00:00.000   ,    374.51186,    711.66772,  -0.49777415,    5.6135593,    26805.085,  4.180056e+5
2025-12-03 08:00:00.000   ,    372.80678,    714.15140,  -0.50218653,    6.3600000,    19338.596,  4.219765e+5
2025-12-03 09:00:00.000   ,    373.03167,    715.38952,  -0.50436442,    5.8350000,    20908.333,  4.239626e+5
2025-12-03 10:00:00.000   ,    370.59333,    717.85841,  -0.50866483,    7.9783333,    21948.333,  4.279359e+5
2025-12-03 11:00:00.000   ,    374.64000,    719.70372,  -0.51184261,    7.4250000,    25381.667,  4.309169e+5
2025-12-03 12:00:00.000   ,    389.77000,    718.67754,  -0.51007926,    12.163333,    31603.333,  4.292580e+5
2025-12-03 13:00:00.000   ,    390.97458,    717.65136,  -0.50830634,    11.894915,    44066.102,  4.276020e+5
2025-12-03 14:00:00.000   ,    397.11379,    716.62518,  -0.50652377,    10.117241,    65429.310,  4.259490e+5
2025-12-03 15:00:00.000   ,    422.83818,    716.00735,  -0.50544586,    9.9875000,    86438.182,  4.249552e+5
2025-12-03 16:00:00.000   ,    471.22727,    715.38952,  -0.50436442,    12.123636,  1.408582e+5,  4.239626e+5
2025-12-03 17:00:00.000   ,    481.10508,    721.54363,  -0.51498050,    13.077586,  1.850847e+5,  4.338989e+5
2025-12-03 18:00:00.000   ,    458.54167,    719.08922,  -0.51078782,    20.462069,  1.161650e+5,  4.299231e+5
2025-12-03 19:00:00.000   ,    448.01034,    761.33590,  -0.57606606,    29.786000,    69041.379,  5.007431e+5
2025-12-03 20:00:00.000   ,    455.16333,    761.33590,  -0.57606606,    19.394915,  1.211967e+5,  5.007431e+5
2025-12-03 21:00:00.000   ,    456.82833,    761.33590,  -0.57606606,    25.140000,  1.249917e+5,  5.007431e+5
2025-12-03 22:00:00.000   ,    494.79167,    764.21327,  -0.58002872,    7.0641509,  3.558100e+5,  5.057509e+5
2025-12-03 23:00:00.000   ,    533.47627,    762.48828,  -0.57765980,    5.7803571,  3.883220e+5,  5.027459e+5
2025-12-04 00:00:00.000   ,    588.03448,    761.33590,  -0.57606606,    5.4900000,  3.770345e+5,  5.007431e+5
2025-12-04 01:00:00.000   ,    615.17167,    761.33590,  -0.57606606,    5.4533333,  4.081333e+5,  5.007431e+5
2025-12-04 02:00:00.000   ,    642.54333,    769.93265,  -0.58774213,    5.1150000,  5.203833e+5,  5.157749e+5
2025-12-04 03:00:00.000   ,    646.03390,    788.48683,  -0.61135410,    5.1173913,  4.632695e+5,  5.489332e+5
2025-12-04 04:00:00.000   ,    675.36333,    790.97632,  -0.61436717,    3.2975000,  4.500000e+5,  5.534565e+5
2025-12-04 05:00:00.000   ,    701.48833,    793.46582,  -0.61734533,    2.7886792,  4.508167e+5,  5.579975e+5
2025-12-04 06:00:00.000   ,    689.05333,    793.46582,  -0.61734533,    3.1813953,  4.268667e+5,  5.579975e+5
2025-12-04 07:00:00.000   ,    686.76102,    787.06977,  -0.60962321,    2.8500000,  3.683898e+5,  5.463662e+5
2025-12-04 08:00:00.000   ,    676.14655,    780.67372,  -0.60166496,    2.9318182,  3.995172e+5,  5.348511e+5
2025-12-04 09:00:00.000   ,    681.65818,    789.59619,  -0.61270111,    2.6400000,  4.197273e+5,  5.509467e+5
2025-12-04 10:00:00.000   ,    681.06786,    785.70606,  -0.60794655,    2.4425000,  3.620357e+5,  5.439013e+5
2025-12-04 11:00:00.000   ,    700.80000,    794.56772,  -0.61865252,    2.0717391,  3.444909e+5,  5.600131e+5
2025-12-04 12:00:00.000   ,    690.68621,    799.50615,  -0.62442952,    1.9808511,  3.476034e+5,  5.690886e+5
2025-12-04 13:00:00.000   ,    673.22833,    797.86001,  -0.62251853,    2.0289474,  3.280833e+5,  5.660557e+5
2025-12-04 14:00:00.000   ,    691.43333,    796.21386,  -0.62059291,    2.0146341,  3.032733e+5,  5.630306e+5
2025-12-04 15:00:00.000   ,    671.75088,    794.56772,  -0.61865252,    2.5486486,  3.234561e+5,  5.600131e+5
2025-12-04 16:00:00.000   ,    669.36727,    795.11805,  -0.61930288,    2.3868421,  2.737273e+5,  5.610210e+5
2025-12-04 17:00:00.000   ,    641.32069,    792.91426,  -0.61668848,    2.5250000,  2.222759e+5,  5.569899e+5
2025-12-04 18:00:00.000   ,    642.64407,    792.36228,  -0.61602945,    2.3465116,  2.396610e+5,  5.559824e+5
2025-12-04 19:00:00.000   ,    649.12833,    787.93152,  -0.61067718,    2.0966667,  2.639333e+5,  5.479266e+5
2025-12-04 20:00:00.000   ,    661.15690,    785.98200,  -0.60828669,    1.5974359,  2.723966e+5,  5.443997e+5
2025-12-04 21:00:00.000   ,    634.63167,    784.03249,  -0.60587412,    2.1511628,  2.017450e+5,  5.408836e+5
2025-12-04 22:00:00.000   ,    661.33667,    775.60601,  -0.59518541,    2.0862069,  2.447833e+5,  5.258100e+5
2025-12-04 23:00:00.000   ,    698.77833,    767.89380,  -0.58501700,    1.7808511,  3.467000e+5,  5.121909e+5
2025-12-05 00:00:00.000   ,    702.41207,    760.18159,  -0.57446060,    1.9037037,  3.112069e+5,  4.987407e+5
2025-12-05 01:00:00.000   ,    671.82542,    764.78731,  -0.58081263,    1.8869565,  3.442034e+5,  5.067528e+5
2025-12-05 02:00:00.000   ,    628.81833,    759.29269,  -0.57321804,    2.0640000,  3.751000e+5,  4.972013e+5
2025-12-05 03:00:00.000   ,    633.82034,    753.79806,  -0.56541518,    1.9000000,  4.136780e+5,  4.877355e+5
2025-12-05 04:00:00.000   ,    649.07667,    754.38085,  -0.56625289,    2.0000000,  3.298167e+5,  4.887354e+5
2025-12-05 05:00:00.000   ,    656.98500,    748.53031,  -0.55773182,    1.8875000,  3.127500e+5,  4.787411e+5
2025-12-05 06:00:00.000   ,    676.97333,    745.58589,  -0.55334810,    1.8117647,  3.463500e+5,  4.737480e+5
2025-12-05 07:00:00.000   ,    703.95000,    745.58589,  -0.55334810,    1.5560000,  4.580167e+5,  4.737480e+5
2025-12-05 08:00:00.000   ,    653.07288,    741.72740,  -0.54750413,    1.5880000,  4.761356e+5,  4.672421e+5
2025-12-05 09:00:00.000   ,    649.42264,    737.86891,  -0.54154470,    1.7935484,  2.930755e+5,  4.607785e+5
2025-12-05 10:00:00.000   ,    626.96111,    730.06018,  -0.52911823,    1.4555556,  3.345000e+5,  4.478269e+5
2025-12-05 11:00:00.000   ,    613.94286,    724.13664,  -0.51935165,    1.4896552,  2.965893e+5,  4.381177e+5
2025-12-05 12:00:00.000   ,    613.72069,    718.21311,  -0.50927805,    1.7975610,  2.829655e+5,  4.285081e+5
2025-12-05 13:00:00.000   ,    602.53500,    712.28957,  -0.49888440,    1.8520000,  3.052333e+5,  4.189982e+5
2025-12-05 14:00:00.000   ,    607.62833,    706.64400,  -0.48866806,    1.9437500,  2.698167e+5,  4.100273e+5
2025-12-05 15:00:00.000   ,    606.95932,    700.99842,  -0.47813608,    2.3482759,  2.529831e+5,  4.011469e+5
2025-12-05 16:00:00.000   ,    611.50357,    696.21156,  -0.46894903,    3.2545455,  2.859875e+5,  3.936881e+5
2025-12-05 17:00:00.000   ,    604.73276,    691.42470,  -0.45951723,    3.3404762,  2.716310e+5,  3.862945e+5
2025-12-05 18:00:00.000   ,    613.36000,    684.91794,  -0.44628836,    2.3358974,  3.960567e+5,  3.763487e+5
2025-12-05 19:00:00.000   ,    628.76271,    678.41118,  -0.43256779,    2.3836735,  4.326085e+5,  3.665231e+5
2025-12-05 20:00:00.000   ,    646.27667,    678.41118,  -0.43256779,    2.7636364,  3.487333e+5,  3.665231e+5
2025-12-05 21:00:00.000   ,    650.11404,    673.43157,  -0.42172002,    2.8250000,  3.101333e+5,  3.590849e+5
2025-12-05 22:00:00.000   ,    651.14500,    668.45196,  -0.41055818,    2.3520000,  3.627500e+5,  3.517171e+5
2025-12-05 23:00:00.000   ,    657.77500,    662.69758,  -0.39725245,    1.8360000,  3.642333e+5,  3.432906e+5
2025-12-06 00:00:00.000   ,    656.03500,    656.94320,  -0.38349105,    2.0936170,  3.190167e+5,  3.349582e+5
2025-12-06 01:00:00.000   ,    663.30862,    654.88653,  -0.37845811,    1.9116279,  3.496207e+5,  3.320030e+5
2025-12-06 02:00:00.000   ,    677.00847,    647.92636,  -0.36096043,    2.1826923,  2.975254e+5,  3.220909e+5
2025-12-06 03:00:00.000   ,    682.18136,    640.96618,  -0.34271333,    1.9816327,  3.159153e+5,  3.123164e+5
2025-12-06 04:00:00.000   ,    683.90339,    637.05625,  -0.33211801,    2.1830189,  3.103898e+5,  3.068859e+5
2025-12-06 05:00:00.000   ,    669.81333,    633.14633,  -0.32126441,    2.0948718,  2.982667e+5,  3.014988e+5
2025-12-06 06:00:00.000   ,    665.77667,    629.17423,  -0.30996507,    1.9119048,  3.182833e+5,  2.960704e+5
2025-12-06 07:00:00.000   ,    669.11167,    625.20213,  -0.29838119,    1.5976744,  3.515167e+5,  2.906870e+5
2025-12-06 08:00:00.000   ,    663.10500,    618.99265,  -0.27967928,    2.2024390,  2.983000e+5,  2.823609e+5
2025-12-06 09:00:00.000   ,    672.07414,    612.78317,  -0.26021951,    2.2466667,  2.841034e+5,  2.741443e+5
2025-12-06 10:00:00.000   ,    676.99661,    606.57369,  -0.23996039,    1.7160714,  2.845915e+5,  2.660372e+5
2025-12-06 11:00:00.000   ,    664.63833,    600.36421,  -0.21885753,    1.9586957,  2.605333e+5,  2.580396e+5
2025-12-06 12:00:00.000   ,    661.42632,    594.15472,  -0.19686342,    1.6189189,  2.679474e+5,  2.501516e+5
2025-12-06 13:00:00.000   ,    671.93750,    587.94524,  -0.17392714,    1.7000000,  2.364821e+5,  2.423731e+5
2025-12-06 14:00:00.000   ,    670.40877,    581.73576,  -0.14999412,    1.3348837,  2.368596e+5,  2.347041e+5
2025-12-06 15:00:00.000   ,    666.60727,    581.73576,  -0.14999412,    1.7725000,  1.984545e+5,  2.347041e+5
2025-12-06 16:00:00.000   ,    641.51930,    576.46224,  -0.12884223,    1.6026316,  1.884509e+5,  2.282770e+5
2025-12-06 17:00:00.000   ,    643.06207,    571.18872,  -0.10689089,    1.6583333,  2.515483e+5,  2.219289e+5
2025-12-06 18:00:00.000   ,    637.31724,    569.53845,  -0.09985091,    2.0260000,  2.345862e+5,  2.199586e+5
2025-12-06 19:00:00.000   ,    636.62542,    567.88817,  -0.09272735,    1.8600000,  2.678136e+5,  2.179960e+5
2025-12-06 20:00:00.000   ,    640.65833,    564.54622,  -0.07804005,    2.0098039,  2.159117e+5,  2.140453e+5
2025-12-06 21:00:00.000   ,    657.78667,    561.20427,  -0.06299318,    2.0963636,  2.272900e+5,  2.101263e+5
2025-12-06 22:00:00.000   ,    645.77000,    555.26092,  -0.03530831,    1.5744681,  2.364833e+5,  2.032351e+5
2025-12-06 23:00:00.000   ,    628.06500,    552.66761,  -0.02284246,    1.5266667,  2.131500e+5,  2.002597e+5
2025-12-07 00:00:00.000   ,    626.73167,    550.07430,  -0.01013341,    1.7951220,  1.819833e+5,  1.973034e+5
2025-12-07 01:00:00.000   ,    613.98136,    547.48100,   0.00282520,    1.8857143,  1.618983e+5,  1.943661e+5
2025-12-07 02:00:00.000   ,    621.97759,    543.03326,   0.02565043,    2.0063830,  1.600000e+5,  1.893730e+5
2025-12-07 03:00:00.000   ,    612.70862,    538.58553,   0.04926391,    1.6482759,  1.944655e+5,  1.844360e+5
2025-12-07 04:00:00.000   ,    611.16500,    534.13779,   0.07370235,    1.7382353,  1.946500e+5,  1.795553e+5
2025-12-07 05:00:00.000   ,    598.30500,    535.04297,   0.06866008,    1.6400000,  1.781667e+5,  1.805440e+5
2025-12-07 06:00:00.000   ,    596.03667,    532.76823,   0.08139961,    1.4511111,  1.836333e+5,  1.780637e+5
2025-12-07 07:00:00.000   ,    585.10333,    530.49350,   0.09436831,    1.4371429,  1.967833e+5,  1.755981e+5
2025-12-07 08:00:00.000   ,    572.68333,    529.57641,   0.09966285,    1.5677419,  1.796717e+5,  1.746082e+5
2025-12-07 09:00:00.000   ,    566.62586,    529.26990,   0.10144098,    1.7355556,  1.675000e+5,  1.742779e+5
2025-12-07 10:00:00.000   ,    562.74815,    528.96339,   0.10322342,    2.2551020,  1.331630e+5,  1.739478e+5
2025-12-07 11:00:00.000   ,    513.72857,    528.65688,   0.10501020,    1.6354167,    86171.429,  1.736180e+5
2025-12-07 12:00:00.000   ,    487.66364,    526.80533,   0.11589647,    1.5390244,    92678.182,  1.716316e+5
2025-12-07 13:00:00.000   ,    481.53500,    524.95379,   0.12694441,    1.5250000,  1.067950e+5,  1.696549e+5
2025-12-07 14:00:00.000   ,    484.23667,    524.95379,   0.12694441,    1.4673469,  1.229117e+5,  1.696549e+5
2025-12-07 15:00:00.000   ,    477.94035,    521.66365,   0.14698519,    1.3241379,  1.740561e+5,  1.661664e+5
2025-12-07 16:00:00.000   ,    472.13333,    518.37351,   0.16756534,    1.5333333,  1.421579e+5,  1.627087e+5
2025-12-07 17:00:00.000   ,    470.04833,    516.46907,   0.17973192,    1.4485714,  1.432833e+5,  1.607213e+5
2025-12-07 18:00:00.000   ,    464.58814,    513.57822,   0.19856683,    1.0857143,  1.363949e+5,  1.577242e+5
2025-12-07 19:00:00.000   ,    451.63276,    510.68738,   0.21785643,   0.88529412,  1.690276e+5,  1.547508e+5
2025-12-07 20:00:00.000   ,    440.01500,    581.77524,  -0.15014954,    1.1538462,  1.865350e+5,  2.347525e+5
2025-12-07 21:00:00.000   ,    435.10508,    652.86310,  -0.37344610,    1.0277778,  1.828847e+5,  3.291072e+5
2025-12-07 22:00:00.000   ,    434.44667,    646.41144,  -0.35705411,    1.0444444,  1.614917e+5,  3.199517e+5
2025-12-07 23:00:00.000   ,    431.70667,    639.95977,  -0.34001033,   0.62972973,  2.009300e+5,  3.109144e+5
2025-12-08 00:00:00.000   ,    436.89833,    633.50810,  -0.32227974,   0.66521739,  1.631283e+5,  3.019954e+5
2025-12-08 01:00:00.000   ,    416.09500,    631.30904,  -0.31607270,   0.63773585,  1.745750e+5,  2.989823e+5
2025-12-08 02:00:00.000   ,    423.02833,    629.10998,  -0.30977998,   0.57647059,  1.318983e+5,  2.959830e+5
2025-12-08 03:00:00.000   ,    408.31579,    626.91092,  -0.30340002,   0.60000000,  1.186649e+5,  2.929974e+5
2025-12-08 04:00:00.000   ,    394.35000,    624.71185,  -0.29693119,   0.54324324,  1.193017e+5,  2.900256e+5
2025-12-08 05:00:00.000   ,    386.85000,    621.31498,  -0.28676032,   0.47619048,  1.109733e+5,  2.854620e+5
2025-12-08 06:00:00.000   ,    393.73667,    617.91810,  -0.27636713,   0.42666667,  1.275217e+5,  2.809312e+5
2025-12-08 07:00:00.000   ,    390.44000,    611.70560,  -0.25676237,   0.36382979,  1.390750e+5,  2.727296e+5
2025-12-08 08:00:00.000   ,    378.72667,    605.49310,  -0.23634998,   0.40600000,  1.136650e+5,  2.646376e+5
2025-12-08 09:00:00.000   ,    374.59000,    601.83144,  -0.22392250,   0.43076923,  1.058200e+5,  2.599195e+5
2025-12-08 10:00:00.000   ,    371.12414,    598.16977,  -0.21118917,   0.41702128,  1.006759e+5,  2.552395e+5
2025-12-08 11:00:00.000   ,    380.41864,    594.50810,  -0.19813988,   0.33469388,  1.149712e+5,  2.505976e+5
2025-12-08 12:00:00.000   ,    350.62712,    591.12910,  -0.18580851,   0.23962264,    35338.983,  2.463478e+5
2025-12-08 13:00:00.000   ,    347.67963,    587.75010,  -0.17319048,   0.26764706,    55601.852,  2.421304e+5
2025-12-08 14:00:00.000   ,    341.49643,    584.37110,  -0.16027684,   0.26206897,    49657.143,  2.379455e+5
2025-12-08 15:00:00.000   ,    336.93571,    580.99210,  -0.14705829,   0.28333333,    30219.643,  2.337929e+5
2025-12-08 16:00:00.000   ,    343.63103,    577.61310,  -0.13352513,   0.13000000,    36700.000,  2.296729e+5
2025-12-08 17:00:00.000   ,    332.45536,    574.23410,  -0.11966732,   0.21052632,    34667.857,  2.255852e+5
2025-12-08 18:00:00.000   ,    360.90714,    570.85510,  -0.10547438,   0.40000000,    57320.370,  2.215300e+5
2025-12-08 19:00:00.000   ,    350.13148,    567.47610,  -0.09093542,   0.21428571,    73207.692,  2.175072e+5
2025-12-08 20:00:00.000   ,    358.88136,    564.09710,  -0.07603909,   0.16944444,    74515.254,  2.135168e+5
2025-12-08 21:00:00.000   ,    349.87500,    560.71810,  -0.06077360,   0.25909091,    47756.667,  2.095589e+5
2025-12-08 22:00:00.000   ,    385.94500,    557.92029,  -0.04784563,   0.33000000,  1.232533e+5,  2.063062e+5
2025-12-08 23:00:00.000   ,    396.74571,    555.12248,  -0.03464889,   0.32592593,    99254.286,  2.030758e+5
2025-12-09 00:00:00.000   ,    366.70000,    552.32467,  -0.02117588,   0.42692308,  1.146196e+5,  1.998676e+5
2025-12-09 01:00:00.000   ,    369.71667,    549.52685,  -0.00741883,   0.58717949,  1.231733e+5,  1.966817e+5
2025-12-09 02:00:00.000   ,    384.05763,    546.72904,   0.00663029,   0.64782609,  1.419831e+5,  1.935180e+5
2025-12-09 03:00:00.000   ,    381.84138,    543.93123,   0.02097982,   0.55964912,  1.164500e+5,  1.903765e+5
2025-12-09 04:00:00.000   ,    383.15500,    541.13342,   0.03563839,   0.51833333,    92723.333,  1.872573e+5
2025-12-09 05:00:00.000   ,    382.70169,    538.33560,   0.05061492,   0.53389831,    93838.983,  1.841603e+5
2025-12-09 06:00:00.000   ,    385.26607,    535.53779,   0.06591868,   0.47500000,  1.101071e+5,  1.810855e+5
2025-12-09 07:00:00.000   ,    390.63833,    532.73998,   0.08155927,   0.60566038,  1.245333e+5,  1.780330e+5
2025-12-09 08:00:00.000   ,    398.09500,    529.94217,   0.09754666,   0.24418605,  1.172283e+5,  1.750027e+5
2025-12-09 09:00:00.000   ,    387.40690,    527.14435,   0.11389117,   0.17000000,    92454.386,  1.719946e+5
2025-12-09 10:00:00.000   ,    368.80714,    524.34654,   0.13060352,   0.18571429,    53780.357,  1.690088e+5
2025-12-09 11:00:00.000   ,    360.68966,    521.54873,   0.14769482,   0.16896552,    69601.724,  1.660451e+5
2025-12-09 12:00:00.000   ,    360.71000,    518.75092,   0.16517663,   0.37500000,    62775.439,  1.631038e+5
2025-12-09 13:00:00.000   ,    368.47119,    515.95310,   0.18306093,   0.30476190,  2.234339e+5,  1.601846e+5
2025-12-09 14:00:00.000   ,    363.09333,    513.67810,   0.19790858,    1.6777778,    32668.333,  1.578274e+5
2025-12-09 15:00:00.000   ,    369.28596,    511.40310,   0.21303750,    2.2631579,    26087.719,  1.554848e+5
2025-12-09 16:00:00.000   ,    370.67586,    509.12810,   0.22845484,    1.5438596,    41834.483,  1.531569e+5
2025-12-09 17:00:00.000   ,    376.06379,    506.48060,   0.24676951,    1.5716981,    58922.414,  1.504664e+5
2025-12-09 18:00:00.000   ,    369.97167,    503.83310,   0.26549682,    1.8980392,    62688.333,  1.477958e+5
2025-12-09 19:00:00.000   ,    360.92542,    499.48644,   0.29717129,    2.0000000,    56133.898,  1.434543e+5
2025-12-09 20:00:00.000   ,    354.04407,    495.13977,   0.33005001,    2.2465517,    48827.119,  1.391666e+5
2025-12-09 21:00:00.000   ,    351.39500,    490.79310,   0.36419479,    2.0913793,    51931.667,  1.349325e+5
2025-12-09 22:00:00.000   ,    347.78500,    489.22810,   0.37681102,    1.6771930,    65496.667,  1.334211e+5
2025-12-09 23:00:00.000   ,    335.27000,    487.66310,   0.38960307,   0.76315789,    52746.667,  1.319167e+5
2025-12-10 00:00:00.000   ,    337.96167,    486.62310,   0.39820272,    1.0525424,    45275.000,  1.309209e+5
2025-12-10 01:00:00.000   ,    353.85333,    484.22810,   0.41831290,   0.79830508,    55608.333,  1.286392e+5
2025-12-10 02:00:00.000   ,    371.22000,    481.83310,   0.43886008,    2.5183333,    31508.333,  1.263738e+5
2025-12-10 03:00:00.000   ,    379.69655,    482.19810,   0.43569994,    4.0724138,    40267.241,  1.267180e+5
2025-12-10 04:00:00.000   ,    394.57119,    478.31310,   0.46987887,    2.7568966,    50694.915,  1.230738e+5
2025-12-10 05:00:00.000   ,    411.28000,    474.42810,   0.50529301,    8.2083333,    63645.000,  1.194726e+5
2025-12-10 06:00:00.000   ,    398.30000,    472.22810,   0.52591784,    6.8566667,    61601.667,  1.174522e+5
2025-12-10 07:00:00.000   ,    399.67167,    472.92727,   0.51931749,    4.0683333,    69375.000,  1.180928e+5
2025-12-10 08:00:00.000   ,    389.75667,    473.62644,   0.51275988,    5.3410714,    85475.000,  1.187348e+5
2025-12-10 09:00:00.000   ,    381.60667,    473.52310,   0.51372639,    5.3433333,    77768.333,  1.186398e+5
2025-12-10 10:00:00.000   ,    380.24500,    480.46810,   0.45077106,    5.4872727,    70886.667,  1.250899e+5
2025-12-10 11:00:00.000   ,    380.17333,    476.31685,   0.48791791,    5.6931034,    66588.333,  1.212180e+5
2025-12-10 12:00:00.000   ,    377.80862,    472.16560,   0.52650995,    5.6224138,    55418.966,  1.173950e+5
2025-12-10 13:00:00.000   ,    377.50517,    468.01435,   0.56662314,    5.8482759,    43005.172,  1.136210e+5
2025-12-10 14:00:00.000   ,    375.00714,    463.86310,   0.60833848,    5.8910714,    34403.571,  1.098959e+5
2025-12-10 15:00:00.000   ,    378.77636,    466.14810,   0.58517356,    6.1490909,    33398.182,  1.119403e+5
2025-12-10 16:00:00.000   ,    396.91071,    470.48182,   0.54259243,    6.4428571,    45976.786,  1.158584e+5
2025-12-10 17:00:00.000   ,    399.60333,    474.81553,   0.50170426,    5.2716667,    48065.000,  1.198298e+5
2025-12-10 18:00:00.000   ,    397.69655,    479.14924,   0.46242049,    9.2827586,    44539.655,  1.238545e+5
2025-12-10 19:00:00.000   ,    401.87333,    483.48295,   0.42465826,    21.011864,    41465.000,  1.279326e+5
2025-12-10 20:00:00.000   ,    431.16842,    487.81667,   0.38834000,    12.037037,    44778.571,  1.320640e+5
2025-12-10 21:00:00.000   ,    447.15833,    484.78167,   0.41362640,    15.553333,    27249.153,  1.291651e+5
2025-12-10 22:00:00.000   ,    453.78000,    483.63296,   0.42337743,    15.696610,    28381.667,  1.280747e+5
2025-12-10 23:00:00.000   ,    447.23667,    482.48426,   0.43322971,    13.611864,    41110.169,  1.269881e+5
2025-12-11 00:00:00.000   ,    426.12333,    481.33556,   0.44318463,    8.4833333,    42223.333,  1.259052e+5
2025-12-11 01:00:00.000   ,    436.96167,    478.67926,   0.46660575,    7.7583333,    32915.000,  1.234155e+5
2025-12-11 02:00:00.000   ,    432.83500,    476.02296,   0.49060166,    8.3866667,    36263.333,  1.209458e+5
2025-12-11 03:00:00.000   ,    423.60847,    473.36667,   0.51519135,    6.2050847,    38830.508,  1.184961e+5
2025-12-11 04:00:00.000   ,    413.66610,    473.08167,   0.51786572,    3.8847458,    28683.051,  1.182345e+5
2025-12-11 05:00:00.000   ,    418.84407,    472.79667,   0.52054717,    4.0118644,    22593.220,  1.179730e+5
2025-12-11 06:00:00.000   ,    419.29500,    471.89667,   0.52906174,    5.3700000,    22438.333,  1.171491e+5
2025-12-11 07:00:00.000   ,    419.73333,    470.99667,   0.53764803,    6.8650000,    24211.667,  1.163274e+5
2025-12-11 08:00:00.000   ,    412.47759,    470.09667,   0.54630684,    7.8206897,    26758.621,  1.155080e+5
2025-12-11 09:00:00.000   ,    409.40167,    465.99167,   0.58674348,    7.4033333,    30755.000,  1.117999e+5
2025-12-11 10:00:00.000   ,    405.20000,    461.88667,   0.62878726,    10.044828,    42237.931,  1.081396e+5
2025-12-11 11:00:00.000   ,    416.68000,    479.52667,   0.45907243,    8.7983333,    63826.667,  1.242076e+5
2025-12-11 12:00:00.000   ,    416.62034,    476.59417,   0.48539218,    5.9813559,    62838.983,  1.214751e+5
2025-12-11 13:00:00.000   ,    413.46607,    473.66167,   0.51243058,    8.1563636,    69682.143,  1.187672e+5
2025-12-11 14:00:00.000   ,    408.04828,    470.72917,   0.54021401,    8.5471698,    50850.000,  1.160836e+5
2025-12-11 15:00:00.000   ,    382.04364,    467.79667,   0.56877011,    3.0666667,    97287.273,  1.134245e+5
2025-12-11 16:00:00.000   ,    422.64808,    534.66167,   0.07077978,    6.3220000,    81240.385,  1.801272e+5
2025-12-11 17:00:00.000   ,    428.27333,    529.08705,   0.10250380,    9.9450000,    33276.667,  1.740809e+5
2025-12-11 18:00:00.000   ,    426.40000,    523.51242,   0.13565882,    5.7877193,    42925.862,  1.681229e+5
2025-12-11 19:00:00.000   ,    412.64000,    517.93780,   0.17033222,    6.9866667,    65676.000,  1.622531e+5
2025-12-11 20:00:00.000   ,    415.11930,    512.36318,   0.20661815,    7.3280702,    70171.930,  1.564716e+5
2025-12-11 21:00:00.000   ,    415.30172,    506.78856,   0.24461818,    5.9672414,    56458.621,  1.507783e+5
2025-12-11 22:00:00.000   ,    412.02667,    503.05731,   0.27106442,    4.4116667,    49145.000,  1.470170e+5
2025-12-11 23:00:00.000   ,    413.03167,    499.32606,   0.29836262,    4.6172414,    59741.667,  1.432952e+5
2025-12-12 00:00:00.000   ,    434.49333,    495.59481,   0.32654976,    5.3350000,    76745.000,  1.396129e+5
2025-12-12 01:00:00.000   ,    447.82333,    493.75401,   0.34079513,    4.9950000,    77136.667,  1.378109e+5
2025-12-12 02:00:00.000   ,    459.22000,    491.91321,   0.35527120,    5.4120690,  1.072267e+5,  1.360184e+5
2025-12-12 03:00:00.000   ,    450.52414,    489.54937,   0.37420685,    5.0526316,  1.203414e+5,  1.337308e+5
2025-12-12 04:00:00.000   ,    439.72000,    487.18554,   0.39354215,    4.7857143,  1.098917e+5,  1.314591e+5
2025-12-12 05:00:00.000   ,    451.08793,    484.82170,   0.41328841,    4.2982759,    81827.586,  1.292032e+5
2025-12-12 06:00:00.000   ,    436.96167,    482.45786,   0.43345736,    5.5166667,    54991.667,  1.269632e+5
2025-12-12 07:00:00.000   ,    430.71833,    480.27392,   0.45247749,    4.1433333,    74161.667,  1.249077e+5
2025-12-12 08:00:00.000   ,    438.11250,    478.08999,   0.47187870,    2.7982143,    93201.786,  1.228659e+5
2025-12-12 09:00:00.000   ,    423.42667,    475.90606,   0.49167125,    5.0796610,    98363.333,  1.208375e+5
2025-12-12 10:00:00.000   ,    415.75500,    473.72212,   0.51186572,    4.7847458,    83648.333,  1.188227e+5
2025-12-12 11:00:00.000   ,    419.55833,    509.45937,   0.22619169,    5.9783333,    82140.000,  1.534950e+5
2025-12-12 12:00:00.000   ,    416.85833,    545.19661,   0.01445212,    6.8600000,    67310.000,  1.917946e+5
2025-12-12 13:00:00.000   ,    414.97627,    580.93386,  -0.14682770,    7.3762712,    69681.356,  2.337216e+5
2025-12-12 14:00:00.000   ,    423.49492,    583.33503,  -0.15625660,    8.4654545,    70591.525,  2.366688e+5
2025-12-12 15:00:00.000   ,    429.28246,    587.30713,  -0.17151458,    6.2714286,    55521.053,  2.415799e+5
2025-12-12 16:00:00.000   ,    434.16724,    615.64333,  -0.26927963,    8.2000000,    37938.596,  2.779153e+5
2025-12-12 17:00:00.000   ,    435.82667,    612.27723,  -0.25859934,    5.1983051,    37613.333,  2.734796e+5
2025-12-12 18:00:00.000   ,    432.76167,    608.91114,  -0.24768316,    3.5186441,    38055.000,  2.690761e+5
2025-12-12 19:00:00.000   ,    444.74655,    607.39932,  -0.24270175,    14.550000,    65782.759,  2.671088e+5
2025-12-12 20:00:00.000   ,    457.63684,    605.88750,  -0.23767069,    6.9403509,    99657.895,  2.651480e+5
2025-12-12 21:00:00.000   ,    452.98036,    607.20712,  -0.24206491,    7.4254545,  1.421375e+5,  2.668592e+5
2025-12-12 22:00:00.000   ,    459.06429,    608.52674,  -0.24642124,    7.3094340,  1.592857e+5,  2.685753e+5
2025-12-12 23:00:00.000   ,    464.68571,    609.84636,  -0.25074013,    7.7163636,  1.802500e+5,  2.702963e+5
2025-12-13 00:00:00.000   ,    489.93500,    611.16598,  -0.25502199,    4.0961538,  1.986333e+5,  2.720223e+5
2025-12-13 01:00:00.000   ,    484.93000,    608.90563,  -0.24766509,    4.5730769,  1.620167e+5,  2.690689e+5
2025-12-13 02:00:00.000   ,    483.97833,    606.64527,  -0.24019866,    4.6357143,  1.774900e+5,  2.661300e+5
2025-12-13 03:00:00.000   ,    491.14821,    608.15708,  -0.24520473,    4.6214286,  1.909464e+5,  2.680941e+5
2025-12-13 04:00:00.000   ,    491.42632,    605.09772,  -0.23502251,    3.6769231,  1.894789e+5,  2.641263e+5
2025-12-13 05:00:00.000   ,    512.19483,    602.03836,  -0.22463286,    2.9500000,  2.521621e+5,  2.601851e+5
2025-12-13 06:00:00.000   ,    519.50714,    598.97900,  -0.21403009,    3.2888889,  2.316607e+5,  2.562705e+5
2025-12-13 07:00:00.000   ,    498.50847,    595.91964,  -0.20320835,    4.0034483,  2.152458e+5,  2.523825e+5
2025-12-13 08:00:00.000   ,    520.71731,    616.38544,  -0.27160322,    4.9941176,  2.840096e+5,  2.788976e+5
2025-12-13 09:00:00.000   ,    565.86833,    612.66318,  -0.25983575,    3.0551020,  5.585267e+5,  2.739866e+5
2025-12-13 10:00:00.000   ,    554.27193,    617.12639,  -0.27391213,    2.8282051,  5.848807e+5,  2.798798e+5
2025-12-13 11:00:00.000   ,    551.92000,    621.54810,  -0.28746537,    3.3930233,  5.571567e+5,  2.857741e+5
2025-12-13 12:00:00.000   ,    543.26500,    632.42937,  -0.31924552,    2.9865385,  4.765317e+5,  3.005156e+5
2025-12-13 13:00:00.000   ,    549.63500,    640.26025,  -0.34081909,    3.2361702,  5.539333e+5,  3.113327e+5
2025-12-13 14:00:00.000   ,    574.37627,    639.90679,  -0.33986758,    2.0222222,  3.671864e+5,  3.108407e+5
2025-12-13 15:00:00.000   ,    619.12222,    639.55333,  -0.33891400,    1.3916667,  2.642185e+5,  3.103491e+5
2025-12-13 16:00:00.000   ,    614.07333,    644.48135,  -0.35202515,    1.6818182,  2.688833e+5,  3.172357e+5
2025-12-13 17:00:00.000   ,    634.38000,    651.44099,  -0.36988717,    1.7861111,  2.843000e+5,  3.270789e+5
2025-12-13 18:00:00.000   ,    663.05167,    650.05645,  -0.36639307,    1.9056604,  2.939333e+5,  3.251098e+5
2025-12-13 19:00:00.000   ,    666.51000,    649.01461,  -0.36374463,    1.7265306,  2.794067e+5,  3.236316e+5
2025-12-13 20:00:00.000   ,    665.85667,    647.97277,  -0.36107954,    1.4916667,  2.825500e+5,  3.221565e+5
2025-12-13 21:00:00.000   ,    655.55517,    647.97277,  -0.36107954,    1.2382979,  2.520862e+5,  3.221565e+5
2025-12-13 22:00:00.000   ,    659.61525,    646.22706,  -0.35657624,    1.3191489,  2.833898e+5,  3.196918e+5
2025-12-13 23:00:00.000   ,    646.72931,    644.48135,  -0.35202515,    1.2891304,  2.442759e+5,  3.172357e+5
2025-12-14 00:00:00.000   ,    647.57255,    644.48135,  -0.35202515,   0.95348837,  2.268431e+5,  3.172357e+5
2025-12-14 01:00:00.000   ,    640.31930,    645.18152,  -0.35385628,    1.0395349,  2.350526e+5,  3.182197e+5
2025-12-14 02:00:00.000   ,    625.05500,    641.67114,  -0.34459682,    1.2681818,  2.687167e+5,  3.133001e+5
2025-12-14 03:00:00.000   ,    608.72759,    640.25829,  -0.34081383,    1.0789474,  2.853793e+5,  3.113300e+5
2025-12-14 04:00:00.000   ,    587.58667,    638.84544,  -0.33699799,    1.2083333,  2.443333e+5,  3.093655e+5
2025-12-14 05:00:00.000   ,    607.12833,    638.13656,  -0.33507094,   0.93333333,  1.857833e+5,  3.083820e+5
2025-12-14 06:00:00.000   ,    607.54407,    638.13656,  -0.33507094,   0.82666667,  1.985085e+5,  3.083820e+5
2025-12-14 07:00:00.000   ,    595.48793,    633.14633,  -0.32126441,    1.0796296,  1.766207e+5,  3.014988e+5
2025-12-14 08:00:00.000   ,    574.48980,    631.70930,  -0.31720880,    1.4840000,  1.843612e+5,  2.995297e+5
2025-12-14 09:00:00.000   ,    572.11333,    630.27228,  -0.31311672,    1.9318182,  1.786450e+5,  2.975666e+5
2025-12-14 10:00:00.000   ,    570.41167,    626.64265,  -0.30261568,    1.5214286,  1.710400e+5,  2.926342e+5
2025-12-14 11:00:00.000   ,    570.57833,    623.01302,  -0.29187196,    1.6250000,  1.836500e+5,  2.877391e+5
2025-12-14 12:00:00.000   ,    569.43621,    621.54587,  -0.28745863,    1.4812500,  1.587224e+5,  2.857711e+5
2025-12-14 13:00:00.000   ,    557.42281,    620.07873,  -0.28300391,    1.4162162,  1.452982e+5,  2.838092e+5
2025-12-14 14:00:00.000   ,    540.27627,    619.34235,  -0.28075227,    1.5815789,  1.470780e+5,  2.828268e+5
2025-12-14 15:00:00.000   ,    540.14151,    616.38544,  -0.27160322,    1.3027778,  1.492151e+5,  2.788976e+5
2025-12-14 16:00:00.000   ,    539.82545,    614.90005,  -0.26694124,    1.5075472,  1.464709e+5,  2.769331e+5
2025-12-14 17:00:00.000   ,    523.93559,    611.91518,  -0.25743665,    1.0122807,    82347.458,  2.730044e+5
2025-12-14 18:00:00.000   ,    501.48333,    607.76090,  -0.24389765,    1.7807018,    97603.333,  2.675788e+5
2025-12-14 19:00:00.000   ,    498.70517,    603.60663,  -0.22998497,    1.5040816,  1.036810e+5,  2.622021e+5
2025-12-14 20:00:00.000   ,    507.50667,    599.48540,  -0.21580007,   0.98979592,  1.124117e+5,  2.569166e+5
2025-12-14 21:00:00.000   ,    512.84167,    595.36418,  -0.20121956,   0.84561404,  1.060600e+5,  2.516794e+5
2025-12-14 22:00:00.000   ,    487.87500,    591.24295,  -0.18622860,    1.3294118,  1.130083e+5,  2.464904e+5
2025-12-14 23:00:00.000   ,    495.32373,    585.72271,  -0.16547837,    1.2339286,    93435.593,  2.396155e+5
2025-12-15 00:00:00.000   ,    479.08103,    579.63956,  -0.14167957,    1.6084746,    91308.621,  2.321399e+5
2025-12-15 01:00:00.000   ,    471.36000,    573.55642,  -0.11684801,    1.7100000,    72503.333,  2.247693e+5
2025-12-15 02:00:00.000   ,    453.84333,    567.47327,  -0.09092308,    1.6913793,    99040.000,  2.175038e+5
2025-12-15 03:00:00.000   ,    462.34915,    561.39013,  -0.06383962,    1.2896552,    98862.712,  2.103434e+5
2025-12-15 04:00:00.000   ,    456.92000,    555.30698,  -0.03552757,    1.6166667,  1.097433e+5,  2.032882e+5
2025-12-15 05:00:00.000   ,    463.47333,    549.22383,  -0.00591148,    1.6400000,  1.046583e+5,  1.963380e+5
2025-12-15 06:00:00.000   ,    479.62167,    547.48100,   0.00282520,    3.2533333,    65176.667,  1.943661e+5
2025-12-15 07:00:00.000   ,    464.93793,    546.60547,   0.00725767,    2.4327586,    62744.828,  1.933788e+5
2025-12-15 08:00:00.000   ,    471.20638,    545.72994,   0.01171960,    2.4191489,    90108.511,  1.923936e+5
2025-12-15 09:00:00.000   ,    445.63559,    546.60547,   0.00725767,    2.5107143,    78940.678,  1.933788e+5
2025-12-15 10:00:00.000   ,    439.44667,    547.48100,   0.00282520,    2.7127273,  1.023317e+5,  1.943661e+5
2025-12-15 11:00:00.000   ,    456.06667,    548.35344,  -0.00156258,    1.3316667,    74458.333,  1.953521e+5
2025-12-15 12:00:00.000   ,    456.09667,    548.35344,  -0.00156258,    1.2816667,    70875.000,  1.953521e+5
2025-12-15 13:00:00.000   ,    459.03500,    544.83443,   0.01631411,    3.3372881,  1.193550e+5,  1.913882e+5
2025-12-15 14:00:00.000   ,    453.08276,    541.31542,   0.03467526,    3.2963636,  1.375810e+5,  1.874595e+5
2025-12-15 15:00:00.000   ,    451.32182,    539.08090,   0.04659380,    3.6520000,  1.244782e+5,  1.849831e+5
2025-12-15 16:00:00.000   ,    466.86207,    536.84638,   0.05871947,    2.4973684,  1.564983e+5,  1.825209e+5
2025-12-15 17:00:00.000   ,    472.89831,    533.66994,   0.07632254,    2.1320000,  1.607593e+5,  1.790451e+5
2025-12-15 18:00:00.000   ,    478.13898,    530.49350,   0.09436831,    2.3375000,  1.390475e+5,  1.755981e+5
2025-12-15 19:00:00.000   ,    474.29000,    531.40815,   0.08912577,    1.9333333,  1.187517e+5,  1.765877e+5
2025-12-15 20:00:00.000   ,    478.66167,    529.57151,   0.09969123,    2.3842105,  1.128200e+5,  1.746029e+5
2025-12-15 21:00:00.000   ,    479.58966,    527.73487,   0.11041118,    1.7327273,    80396.552,  1.726276e+5
2025-12-15 22:00:00.000   ,    480.94667,    524.94223,   0.12701389,    1.0627119,    61478.333,  1.696426e+5
2025-12-15 23:00:00.000   ,    497.98500,    522.14959,   0.14399176,    1.5912281,  1.095867e+5,  1.666797e+5
2025-12-16 00:00:00.000   ,    524.18621,    517.35191,   0.17406833,    1.3711538,  2.677931e+5,  1.616413e+5
2025-12-16 01:00:00.000   ,    528.84915,    512.55423,   0.20534680,    1.1615385,  2.484593e+5,  1.566683e+5
2025-12-16 02:00:00.000   ,    542.14500,    507.75656,   0.23789206,    3.7000000,  2.618050e+5,  1.517606e+5
2025-12-16 03:00:00.000   ,    558.17458,    504.78352,   0.25872571,    1.4703704,  3.260169e+5,  1.487522e+5
2025-12-16 04:00:00.000   ,    553.66500,    501.81049,   0.28008976,    1.7920000,  3.422000e+5,  1.457689e+5
2025-12-16 05:00:00.000   ,    574.33667,    497.63212,   0.31104679,    1.2688889,  5.130833e+5,  1.416186e+5
2025-12-16 06:00:00.000   ,    593.41167,    493.45375,   0.34314052,    1.4185185,  4.935500e+5,  1.375178e+5
2025-12-16 07:00:00.000   ,    570.99286,    489.27538,   0.37642730,   0.96060606,  4.335536e+5,  1.334667e+5
2025-12-16 08:00:00.000   ,    550.71250,    485.09702,   0.41096700,   0.84193548,  3.377479e+5,  1.294651e+5
2025-12-16 09:00:00.000   ,    574.05714,    480.91865,   0.44682330,    1.6162162,  3.239107e+5,  1.255131e+5
2025-12-16 10:00:00.000   ,    579.26111,    476.74028,   0.48406396,    1.1218750,  3.441111e+5,  1.216107e+5
2025-12-16 11:00:00.000   ,    586.01429,    492.66522,   0.34932924,    1.9177778,  3.496250e+5,  1.367495e+5
2025-12-16 12:00:00.000   ,    594.56071,    490.92931,   0.36310501,    2.1295455,  2.996964e+5,  1.350643e+5
2025-12-16 13:00:00.000   ,    647.88833,    489.19339,   0.37709282,    2.2982456,  3.781333e+5,  1.333877e+5
2025-12-16 14:00:00.000   ,    645.84828,    487.45748,   0.39129706,    2.6619048,  4.106690e+5,  1.317196e+5
2025-12-16 15:00:00.000   ,    648.86296,    509.80592,   0.22383080,    2.5764706,  3.669315e+5,  1.538489e+5
2025-12-16 16:00:00.000   ,    651.81607,    532.15435,   0.08487664,    2.1666667,  4.115893e+5,  1.773969e+5
2025-12-16 17:00:00.000   ,    663.43860,    554.50279,  -0.03168885,    1.9571429,  3.977368e+5,  2.023633e+5
2025-12-16 18:00:00.000   ,    627.60508,    576.85123,  -0.13042928,    1.6745098,  3.667542e+5,  2.287484e+5
2025-12-16 19:00:00.000   ,    595.37451,    599.19967,  -0.21480210,    1.8606061,  3.331627e+5,  2.565520e+5
2025-12-16 20:00:00.000   ,      N/A    ,    621.54810,  -0.28746537,      N/A    ,      N/A    ,  2.857741e+5
2025-12-16 21:00:00.000   ,    575.10000,    616.87203,  -0.27312075,    1.3555556,  2.953788e+5,  2.795425e+5
2025-12-16 22:00:00.000   ,      N/A    ,    612.19595,  -0.25833854,      N/A    ,      N/A    ,  2.733729e+5
2025-12-16 23:00:00.000   ,    642.60000,    607.51987,  -0.24310078,    2.8000000,  1.880000e+5,  2.672655e+5
2025-12-17 00:00:00.000   ,    616.48000,    602.84379,  -0.22738855,    2.9545455,  2.637000e+5,  2.612201e+5
2025-12-17 01:00:00.000   ,    615.63714,    611.91518,  -0.25743665,    3.0933333,  2.353143e+5,  2.730044e+5
2025-12-17 02:00:00.000   ,    587.13437,    649.36281,  -0.36463163,    2.7360000,  2.070625e+5,  3.241253e+5
2025-12-17 03:00:00.000   ,    561.19375,    654.19921,  -0.37676239,    1.3695652,  2.122844e+5,  3.310180e+5
2025-12-17 04:00:00.000   ,    576.51290,    661.71165,  -0.39492755,    2.1527778,  1.635806e+5,  3.418563e+5
2025-12-17 05:00:00.000   ,    569.33529,    670.45806,  -0.41509342,    1.7486486,  2.212941e+5,  3.546768e+5
2025-12-17 06:00:00.000   ,    576.68065,    673.12165,  -0.42103462,    3.0800000,  1.437419e+5,  3.586243e+5
2025-12-17 07:00:00.000   ,    561.72500,    676.43342,  -0.42829619,    2.6250000,  2.021786e+5,  3.635604e+5
2025-12-17 08:00:00.000   ,    574.45833,    677.75269,  -0.43115092,    3.1157895,  2.200833e+5,  3.655355e+5
2025-12-17 09:00:00.000   ,    574.39655,    680.38208,  -0.43677711,    2.5560000,  2.158621e+5,  3.694866e+5
2025-12-17 10:00:00.000   ,    587.98571,    679.06739,  -0.43397450,    2.2636364,  1.899524e+5,  3.675086e+5
2025-12-17 11:00:00.000   ,    598.40000,    677.75269,  -0.43115092,    2.1357143,  2.822857e+5,  3.655355e+5
2025-12-17 12:00:00.000   ,    609.39524,    684.30361,  -0.44501433,    3.5800000,  2.872857e+5,  3.754159e+5
2025-12-17 13:00:00.000   ,    627.33333,    684.95460,  -0.44636425,      N/A    ,  2.429333e+5,  3.764044e+5
2025-12-17 14:00:00.000   ,    639.70000,    682.99941,  -0.44229501,      N/A    ,  2.313333e+5,  3.734391e+5
2025-12-17 15:00:00.000   ,    633.75000,    686.90320,  -0.45037561,      N/A    ,  3.375000e+5,  3.793705e+5
2025-12-17 16:00:00.000   ,    646.40000,    684.29772,  -0.44500210,    1.7000000,  2.980000e+5,  3.754069e+5
2025-12-17 17:00:00.000   ,    659.03043,    681.69224,  -0.43954940,    2.1391304,  6.738391e+5,  3.714627e+5
2025-12-17 18:00:00.000   ,    644.80000,    682.99941,  -0.44229501,    1.8750000,  4.236591e+5,  3.734391e+5
2025-12-17 19:00:00.000   ,    644.96491,    682.99941,  -0.44229501,    2.0680000,  2.814211e+5,  3.734391e+5
2025-12-17 20:00:00.000   ,    652.29123,    682.99941,  -0.44229501,    2.0309524,  3.671754e+5,  3.734391e+5
2025-12-17 21:00:00.000   ,    643.78704,    682.34620,  -0.44092552,    2.0937500,  3.926741e+5,  3.724509e+5
2025-12-17 22:00:00.000   ,    656.97091,    680.37869,  -0.43676991,    1.4208333,  4.453273e+5,  3.694815e+5
2025-12-17 23:00:00.000   ,    658.83333,    678.41118,  -0.43256779,    1.3446809,  4.585439e+5,  3.665231e+5
2025-12-18 00:00:00.000   ,    650.75500,    675.77262,  -0.42685825,    1.7840909,  4.682167e+5,  3.625730e+5
2025-12-18 01:00:00.000   ,    653.20517,    675.77262,  -0.42685825,    1.4852941,  5.133448e+5,  3.625730e+5
2025-12-18 02:00:00.000   ,    650.98235,    672.78139,  -0.42028073,    1.5392857,  4.853922e+5,  3.581189e+5
2025-12-18 03:00:00.000   ,    649.60303,    669.79016,  -0.41358933,    1.3600000,  4.324545e+5,  3.536902e+5
2025-12-18 04:00:00.000   ,    687.86170,    666.43855,  -0.40595318,    1.2857143,  4.132766e+5,  3.487580e+5
2025-12-18 05:00:00.000   ,    695.28800,    667.11050,  -0.40749603,   0.99019608,  4.267800e+5,  3.497443e+5
2025-12-18 06:00:00.000   ,    676.80769,    664.41774,  -0.40127677,    1.1627451,  5.337308e+5,  3.457997e+5
2025-12-18 07:00:00.000   ,    686.42703,    661.03301,  -0.39331945,    1.1769231,  4.880811e+5,  3.408706e+5
2025-12-18 08:00:00.000   ,    653.05294,    662.38943,  -0.39652727,    1.2411765,  5.032941e+5,  3.428420e+5
2025-12-18 09:00:00.000   ,    638.86364,    660.00821,  -0.39087891,    1.2075000,  4.516727e+5,  3.393847e+5
2025-12-18 10:00:00.000   ,    630.20526,    657.62700,  -0.38515087,    1.5904762,  3.935088e+5,  3.359434e+5
2025-12-18 11:00:00.000   ,    618.78421,    652.82190,  -0.37334340,    1.6966667,  3.779825e+5,  3.290483e+5
2025-12-18 12:00:00.000   ,    609.53167,    650.39733,  -0.36725604,    1.6071429,  4.189667e+5,  3.255941e+5
2025-12-18 13:00:00.000   ,    612.40893,    647.97277,  -0.36107954,    1.7750000,  4.463214e+5,  3.221565e+5
2025-12-18 14:00:00.000   ,    612.80612,    642.37513,  -0.34646966,    1.7391304,  4.371633e+5,  3.142839e+5
2025-12-18 15:00:00.000   ,    601.20588,    638.47615,  -0.33599515,    1.8548387,  4.733529e+5,  3.088529e+5
2025-12-18 16:00:00.000   ,    590.18261,    634.57717,  -0.32526678,    1.6633333,  2.934913e+5,  3.034651e+5
2025-12-18 17:00:00.000   ,    585.95690,    631.70308,  -0.31719115,    2.5880000,  3.872759e+5,  2.995212e+5
2025-12-18 18:00:00.000   ,    603.72034,    628.82899,  -0.30896966,    1.9807692,  3.414407e+5,  2.956008e+5
2025-12-18 19:00:00.000   ,    601.03636,    623.71691,  -0.29397480,   0.81578947,  2.894473e+5,  2.886855e+5
2025-12-18 20:00:00.000   ,    626.71273,    618.60484,  -0.27848652,    1.0348837,  2.294909e+5,  2.818445e+5
2025-12-18 21:00:00.000   ,    604.76780,    614.13440,  -0.26452069,   0.96857143,  2.324966e+5,  2.759230e+5
2025-12-18 22:00:00.000   ,    597.55926,    609.66397,  -0.25014541,   0.92439024,  2.206667e+5,  2.700582e+5
2025-12-18 23:00:00.000   ,    597.52340,    604.33710,  -0.23245902,   0.96000000,  3.705319e+5,  2.631440e+5
2025-12-19 00:00:00.000   ,    601.41053,    599.01024,  -0.21413944,    1.2413793,  1.911842e+5,  2.563103e+5
2025-12-19 01:00:00.000   ,    591.92778,    593.55370,  -0.19468540,    1.1466667,  1.925889e+5,  2.493939e+5
2025-12-19 02:00:00.000   ,    594.83696,    588.09716,  -0.17449994,    1.2409091,  1.903630e+5,  2.425621e+5
2025-12-19 03:00:00.000   ,    624.45714,    582.00386,  -0.15104879,    1.1125000,  2.677714e+5,  2.350329e+5
2025-12-19 04:00:00.000   ,    602.46250,    575.91056,  -0.12658395,    1.0589744,  2.159750e+5,  2.276092e+5
2025-12-19 05:00:00.000   ,    590.36591,    569.81726,  -0.10104614,    1.1297297,  1.861364e+5,  2.202909e+5
2025-12-19 06:00:00.000   ,    579.62273,    563.72396,  -0.07437167,   0.86875000,  2.038409e+5,  2.130781e+5
2025-12-19 07:00:00.000   ,    580.22581,    558.89058,  -0.05235918,   0.99545455,  1.852903e+5,  2.074317e+5
2025-12-19 08:00:00.000   ,    562.14000,    554.05721,  -0.02955202,   0.88823529,  1.873667e+5,  2.018517e+5
2025-12-19 09:00:00.000   ,    554.45349,    549.22383,  -0.00591148,    1.1135135,  1.596721e+5,  1.963380e+5
2025-12-19 10:00:00.000   ,    545.62222,    544.79783,   0.01650253,    1.0352941,  1.967778e+5,  1.913472e+5
2025-12-19 11:00:00.000   ,    534.27317,    540.37183,   0.03968324,    1.1081081,  1.720780e+5,  1.864121e+5
2025-12-19 12:00:00.000   ,    523.43077,    535.94582,   0.06366602,    1.0857143,  1.790000e+5,  1.815326e+5
2025-12-19 13:00:00.000   ,    515.88864,    530.71953,   0.09306922,    1.4000000,  1.709432e+5,  1.758424e+5
2025-12-19 14:00:00.000   ,    522.22115,    525.49324,   0.12370869,    1.3140000,  1.491346e+5,  1.702298e+5
2025-12-19 15:00:00.000   ,    522.94419,    520.26694,   0.15565472,    1.6586207,  1.479279e+5,  1.646948e+5
2025-12-19 16:00:00.000   ,    517.24107,    516.64703,   0.17858700,    2.1136364,  1.310911e+5,  1.609066e+5
2025-12-19 17:00:00.000   ,    529.83966,    513.02711,   0.20220870,    1.7921569,  1.237948e+5,  1.571555e+5
2025-12-19 18:00:00.000   ,    509.27018,    509.40719,   0.22654774,    1.7381818,  1.140474e+5,  1.534417e+5
2025-12-19 19:00:00.000   ,    517.88246,    505.78727,   0.25163345,    1.4293103,  1.293404e+5,  1.497651e+5
2025-12-19 20:00:00.000   ,    519.19811,    501.46713,   0.28259210,    1.6214286,  1.398868e+5,  1.454260e+5
2025-12-19 21:00:00.000   ,    487.98909,    497.14698,   0.31471373,    2.2732143,    86516.364,  1.411399e+5
2025-12-19 22:00:00.000   ,    482.30000,    492.82683,   0.34805735,      N/A    ,  1.219500e+5,  1.369068e+5
2025-12-19 23:00:00.000   ,    472.50645,    488.50669,   0.38268572,    2.6740741,    57422.581,  1.327268e+5
2025-12-20 00:00:00.000   ,    457.41538,    497.76868,   0.31001732,    2.3923077,    66053.846,  1.417535e+5
2025-12-20 01:00:00.000   ,    471.29231,    507.03068,   0.24293067,    1.8230769,    78930.769,  1.510238e+5
2025-12-20 02:00:00.000   ,    468.63846,    516.29268,   0.18086841,    2.2384615,    49161.538,  1.605377e+5
2025-12-20 03:00:00.000   ,    470.06087,    515.57018,   0.18554068,    2.6304348,    50056.522,  1.597868e+5
2025-12-20 04:00:00.000   ,      N/A    ,    514.84768,   0.19024073,      N/A    ,      N/A    ,  1.590374e+5
2025-12-20 05:00:00.000   ,      N/A    ,    514.38018,   0.19329684,      N/A    ,      N/A    ,  1.585533e+5
2025-12-20 06:00:00.000   ,      N/A    ,    513.91268,   0.19636475,      N/A    ,      N/A    ,  1.580697e+5
2025-12-20 07:00:00.000   ,      N/A    ,    515.72018,   0.18456838,      N/A    ,      N/A    ,  1.599426e+5
2025-12-20 08:00:00.000   ,      N/A    ,    517.52768,   0.17294562,      N/A    ,      N/A    ,  1.618247e+5
2025-12-20 09:00:00.000   ,      N/A    ,    534.61268,   0.07105257,      N/A    ,      N/A    ,  1.800737e+5
2025-12-20 10:00:00.000   ,      N/A    ,    530.66351,   0.09339097,      N/A    ,      N/A    ,  1.757818e+5
2025-12-20 11:00:00.000   ,    447.87500,    526.71435,   0.11643557,    3.8121951,    49467.500,  1.715342e+5
2025-12-20 12:00:00.000   ,    446.86897,    522.76518,   0.14021647,    4.0593220,    53324.138,  1.673310e+5
2025-12-20 13:00:00.000   ,    442.35000,    521.84099,   0.14589141,    4.5160714,    67262.500,  1.663537e+5
2025-12-20 14:00:00.000   ,    444.40444,    520.91679,   0.15160883,    7.9181818,    60506.667,  1.653788e+5
2025-12-20 15:00:00.000   ,    444.42500,    519.99260,   0.15736915,    9.3600000,    45125.000,  1.644064e+5
2025-12-20 16:00:00.000   ,    442.20769,    539.98911,   0.04172483,    9.2140000,    54678.846,  1.859879e+5
2025-12-20 17:00:00.000   ,    437.27167,    548.71268,  -0.00336097,    9.6344828,    52756.667,  1.957588e+5
2025-12-20 18:00:00.000   ,    420.29655,    566.96268,  -0.08869529,    11.849123,    30949.123,  2.168988e+5
2025-12-20 19:00:00.000   ,    414.59298,    562.24768,  -0.06773036,    12.668519,    40232.143,  2.113465e+5
2025-12-20 20:00:00.000   ,    410.07963,    564.29435,  -0.07691866,    10.509091,    50783.333,  2.137488e+5
2025-12-20 21:00:00.000   ,    399.29107,    566.34101,  -0.08597180,    14.690909,    34210.714,  2.161631e+5
2025-12-20 22:00:00.000   ,    398.12807,    568.38768,  -0.09489241,    14.494643,    40677.193,  2.185892e+5
2025-12-20 23:00:00.000   ,    419.24750,    570.04101,  -0.10200361,    13.010000,    83625.000,  2.205578e+5
2025-12-21 00:00:00.000   ,    412.86333,    571.69435,  -0.10903134,    10.536667,    81425.000,  2.225341e+5
2025-12-21 01:00:00.000   ,    445.19661,    573.34768,  -0.11597690,    8.1711864,    82505.085,  2.245182e+5
2025-12-21 02:00:00.000   ,    467.31500,    567.51018,  -0.09108380,    7.7220339,    99460.000,  2.175476e+5
2025-12-21 03:00:00.000   ,    468.63137,    561.67268,  -0.06512426,    7.4145833,  1.156392e+5,  2.106737e+5
2025-12-21 04:00:00.000   ,    499.92679,    558.27768,  -0.04951185,    7.1321429,  1.455196e+5,  2.067205e+5
2025-12-21 05:00:00.000   ,    536.69123,    554.88268,  -0.03350506,    5.3315789,  1.919649e+5,  2.028000e+5
2025-12-21 06:00:00.000   ,    550.81667,    554.92268,  -0.03369600,    5.2163636,  2.353500e+5,  2.028460e+5
2025-12-21 07:00:00.000   ,    585.32609,    563.96768,  -0.07546126,    4.8866667,  3.658696e+5,  2.133646e+5
2025-12-21 08:00:00.000   ,    578.56667,    570.16712,  -0.10254259,    4.3200000,  3.457119e+5,  2.207083e+5
2025-12-21 09:00:00.000   ,    635.04000,    576.36657,  -0.12845123,    2.9137931,  4.171091e+5,  2.281611e+5
2025-12-21 10:00:00.000   ,    629.28113,    569.29962,  -0.09882520,    3.1500000,  4.726226e+5,  2.196741e+5
2025-12-21 11:00:00.000   ,    619.23750,    562.23268,  -0.06766251,    4.6433333,  3.521964e+5,  2.113289e+5
2025-12-21 12:00:00.000   ,    626.60877,    557.56668,  -0.04619270,    3.6304348,  4.373333e+5,  2.058967e+5
2025-12-21 13:00:00.000   ,    667.57018,    552.90068,  -0.02397266,    3.1148148,  4.106667e+5,  2.005263e+5
2025-12-21 14:00:00.000   ,    659.77333,    548.23468,  -0.00096701,    3.9277778,  3.642117e+5,  1.952178e+5
2025-12-21 15:00:00.000   ,    633.14737,    543.56868,   0.02286172,    3.4000000,  3.486491e+5,  1.899711e+5
2025-12-21 16:00:00.000   ,    626.84909,    538.90268,   0.04755326,    3.5714286,  3.255273e+5,  1.847862e+5
2025-12-21 17:00:00.000   ,    626.94746,    534.04435,   0.07422494,    4.6022222,  2.872373e+5,  1.794533e+5
2025-12-21 18:00:00.000   ,    609.55000,    529.18601,   0.10192837,    3.7774194,  3.586333e+5,  1.741875e+5
2025-12-21 19:00:00.000   ,    604.31356,    524.32768,   0.13071746,    4.4263158,  3.470847e+5,  1.689887e+5
2025-12-21 20:00:00.000   ,    636.78276,    530.88268,   0.09213301,    4.4800000,  4.786190e+5,  1.760189e+5
2025-12-21 21:00:00.000   ,    687.01636,    528.47982,   0.10604430,    3.4756098,  5.746727e+5,  1.734277e+5
2025-12-21 22:00:00.000   ,    695.81481,    526.07696,   0.12022308,    2.8489796,  4.727222e+5,  1.708529e+5
2025-12-21 23:00:00.000   ,    687.05439,    523.67411,   0.13467626,    2.2408163,  3.852105e+5,  1.682944e+5
2025-12-22 00:00:00.000   ,    689.34138,    521.27125,   0.14941098,    2.3860000,  2.731207e+5,  1.657524e+5
2025-12-22 01:00:00.000   ,    677.96897,    518.86839,   0.16443458,    3.0000000,  1.917759e+5,  1.632268e+5
2025-12-22 02:00:00.000   ,    678.52373,    516.46554,   0.17975467,    2.6961538,  2.014407e+5,  1.607176e+5
2025-12-22 03:00:00.000   ,    677.29153,    514.06268,   0.19537911,    2.7229167,  2.333729e+5,  1.582248e+5
2025-12-22 04:00:00.000   ,    683.26444,    517.35810,   0.17402878,    3.2157895,  2.255778e+5,  1.616478e+5
2025-12-22 05:00:00.000   ,    699.71154,    520.65352,   0.15324538,    3.4943396,  2.237308e+5,  1.651016e+5
2025-12-22 06:00:00.000   ,    681.86667,    523.94894,   0.13300901,    3.1416667,  1.828431e+5,  1.685862e+5
2025-12-22 07:00:00.000   ,    672.89512,    527.24436,   0.11330066,    2.4878049,  2.141951e+5,  1.721017e+5
2025-12-22 08:00:00.000   ,    717.54865,    530.53978,   0.09410209,    2.3485714,  3.463243e+5,  1.756481e+5
2025-12-22 09:00:00.000   ,    745.45094,    533.83520,   0.07539589,    2.8788462,  3.187547e+5,  1.792253e+5
2025-12-22 10:00:00.000   ,    731.69070,    537.13062,   0.05716536,    2.1651163,  2.780465e+5,  1.828333e+5
2025-12-22 11:00:00.000   ,    756.40851,    540.42605,   0.03939450,    2.8583333,  3.300851e+5,  1.864722e+5
2025-12-22 12:00:00.000   ,    752.09149,    578.51893,  -0.13718445,    2.1020000,  2.799830e+5,  2.307742e+5
2025-12-22 13:00:00.000   ,    753.77292,    595.91964,  -0.20320835,    1.8448980,  3.213125e+5,  2.523825e+5
2025-12-22 14:00:00.000   ,    759.09286,    624.47352,  -0.29622470,    2.4132075,  2.920607e+5,  2.897043e+5
2025-12-22 15:00:00.000   ,    739.43111,    652.13189,  -0.37161998,    2.7717949,  3.054000e+5,  3.280636e+5
2025-12-22 16:00:00.000   ,    735.59750,    662.38943,  -0.39652727,    2.4400000,  2.569175e+5,  3.428420e+5
2025-12-22 17:00:00.000   ,    730.71463,    665.09217,  -0.40284361,    1.8300000,  2.743902e+5,  3.467857e+5
2025-12-22 18:00:00.000   ,    744.22917,    674.44870,  -0.42396091,    2.2941176,  2.107083e+5,  3.605985e+5
2025-12-22 19:00:00.000   ,    726.81667,    684.95460,  -0.44636425,    2.3745098,  2.172292e+5,  3.764044e+5
2025-12-22 20:00:00.000   ,    727.27333,    695.91164,  -0.46836536,    2.3489362,  2.111333e+5,  3.932230e+5
2025-12-22 21:00:00.000   ,    726.55833,    706.04254,  -0.48756128,    2.1236842,  2.025806e+5,  4.090769e+5
2025-12-22 22:00:00.000   ,    735.49259,    772.77500,  -0.59149664,    2.6428571,  2.313704e+5,  5.207911e+5
2025-12-22 23:00:00.000   ,    726.15385,    763.50483,  -0.57905824,    2.4076923,  2.017692e+5,  5.045157e+5
2025-12-23 00:00:00.000   ,    707.46667,    754.23465,  -0.56604297,    2.5037037,  1.577407e+5,  4.884845e+5
2025-12-23 01:00:00.000   ,    701.37500,    744.96447,  -0.55241460,    2.3833333,  1.492500e+5,  4.726974e+5
2025-12-23 02:00:00.000   ,    728.32500,    735.69430,  -0.53813400,    1.8000000,  2.345000e+5,  4.571543e+5
2025-12-23 03:00:00.000   ,    723.17826,    726.42412,  -0.52315889,    1.4476190,  2.160870e+5,  4.418553e+5
2025-12-23 04:00:00.000   ,    730.77500,    765.36089,  -0.58159372,    1.1500000,  2.140000e+5,  5.077548e+5
2025-12-23 05:00:00.000   ,    716.92667,    764.21327,  -0.58002872,    2.3071429,  1.809333e+5,  5.057509e+5
2025-12-23 06:00:00.000   ,    707.87273,    767.65050,  -0.58469000,    2.7145833,  1.634250e+5,  5.117640e+5
2025-12-23 07:00:00.000   ,    696.94483,    765.93400,  -0.58237198,    2.1333333,  1.541517e+5,  5.087570e+5
2025-12-23 08:00:00.000   ,    708.40263,    760.18159,  -0.57446060,    2.3361111,  1.328026e+5,  4.987407e+5
2025-12-23 09:00:00.000   ,    693.35741,    757.86718,  -0.57121400,    2.5509804,  1.313426e+5,  4.947373e+5
2025-12-23 10:00:00.000   ,    697.58036,    759.02536,  -0.57284329,    1.7509804,  2.005179e+5,  4.967388e+5
2025-12-23 11:00:00.000   ,    696.03833,    757.28514,  -0.57039170,    2.6409091,  1.966650e+5,  4.937329e+5
2025-12-23 12:00:00.000   ,    712.78136,    755.54493,  -0.56791894,    2.3527273,  1.877661e+5,  4.907356e+5
2025-12-23 13:00:00.000   ,    690.96607,    753.79806,  -0.56541518,    2.2481481,  2.002679e+5,  4.877355e+5
2025-12-23 14:00:00.000   ,    691.53784,    752.04669,  -0.56288306,    2.1115385,  2.381081e+5,  4.847364e+5
2025-12-23 15:00:00.000   ,    691.73158,    769.36281,  -0.58698318,    3.0656250,  1.824211e+5,  5.147720e+5
2025-12-23 16:00:00.000   ,    705.05283,    767.65050,  -0.58469000,    2.5215686,  4.080887e+5,  5.117640e+5
2025-12-23 17:00:00.000   ,    714.64828,    768.79250,  -0.58622152,    1.8981132,  2.563276e+5,  5.137692e+5
2025-12-23 18:00:00.000   ,    699.79153,    760.75899,  -0.57526480,    2.5872727,  2.332034e+5,  4.997418e+5
2025-12-23 19:00:00.000   ,    694.27759,    760.75899,  -0.57526480,    2.5000000,  2.207069e+5,  4.997418e+5
2025-12-23 20:00:00.000   ,    688.23898,    754.35072,  -0.56620964,    1.8906977,  2.469153e+5,  4.886837e+5
2025-12-23 21:00:00.000   ,    691.80000,    747.94245,  -0.55686179,    1.8871795,  2.519298e+5,  4.777423e+5
2025-12-23 22:00:00.000   ,    688.60200,    749.11764,  -0.55859854,    1.7697674,  2.535180e+5,  4.797400e+5
2025-12-23 23:00:00.000   ,    681.07593,    748.53031,  -0.55773182,    2.1553191,  2.140185e+5,  4.787411e+5
2025-12-24 00:00:00.000   ,    686.47018,    742.62844,  -0.54887904,    2.3769231,  2.114386e+5,  4.687576e+5
2025-12-24 01:00:00.000   ,    677.13793,    740.54709,  -0.54569353,    2.2770833,  1.929138e+5,  4.652604e+5
2025-12-24 02:00:00.000   ,    684.79655,    738.46573,  -0.54247416,    2.3767857,  1.738707e+5,  4.617755e+5
2025-12-24 03:00:00.000   ,    725.42069,    730.00468,  -0.52902812,    2.3068966,  2.077241e+5,  4.477355e+5
2025-12-24 04:00:00.000   ,    703.88140,    721.54363,  -0.51498050,    2.3404255,  2.189767e+5,  4.338989e+5
2025-12-24 05:00:00.000   ,    703.96667,    715.98288,  -0.50540310,    2.1459459,  2.245000e+5,  4.249159e+5
2025-12-24 06:00:00.000   ,    729.16667,    710.42212,  -0.49553918,    1.8093023,  2.169556e+5,  4.160208e+5
2025-12-24 07:00:00.000   ,    718.68824,    716.00766,  -0.50544640,    2.0945946,  2.163529e+5,  4.249557e+5
2025-12-24 08:00:00.000   ,    708.80667,    710.42212,  -0.49553918,    2.1096774,  2.114067e+5,  4.160208e+5
2025-12-24 09:00:00.000   ,    721.68636,    720.31762,  -0.51289297,    2.2958333,  1.786864e+5,  4.319108e+5
2025-12-24 10:00:00.000   ,    710.96098,    717.85841,  -0.50866483,    1.9904762,  1.765805e+5,  4.279359e+5
2025-12-24 11:00:00.000   ,    709.05532,    716.00490,  -0.50544159,    1.6958333,  2.177447e+5,  4.249513e+5
2025-12-24 12:00:00.000   ,    699.58864,    714.15140,  -0.50218653,    1.9276596,  1.971114e+5,  4.219765e+5
2025-12-24 13:00:00.000   ,    694.10222,    713.53141,  -0.50109055,    1.7714286,  1.855711e+5,  4.209836e+5
2025-12-24 14:00:00.000   ,    699.88776,    709.17401,  -0.49328468,    1.5297297,  2.260000e+5,  4.140363e+5
2025-12-24 15:00:00.000   ,    694.89556,    706.66496,  -0.48870657,    1.6048780,  2.564681e+5,  4.100604e+5
2025-12-24 16:00:00.000   ,    675.04872,    704.15592,  -0.48406614,    1.9682927,  1.972436e+5,  4.061024e+5
2025-12-24 17:00:00.000   ,    703.05000,    700.36493,  -0.47693402,    2.3285714,  1.905087e+5,  4.001561e+5
2025-12-24 18:00:00.000   ,    674.70000,    695.89481,  -0.46833259,    1.9422222,  1.766762e+5,  3.931969e+5
2025-12-24 19:00:00.000   ,    652.40444,    691.42470,  -0.45951723,    1.9386364,  1.885733e+5,  3.862945e+5
2025-12-24 20:00:00.000   ,    645.70816,    687.55128,  -0.45170008,    1.9480000,  1.525429e+5,  3.803594e+5
2025-12-24 21:00:00.000   ,    635.68889,    681.69224,  -0.43954940,    2.1315789,  1.704167e+5,  3.714627e+5
2025-12-24 22:00:00.000   ,    629.83913,    692.06778,  -0.46079888,    2.2782609,  1.744783e+5,  3.872840e+5
2025-12-24 23:00:00.000   ,    624.59524,    685.23948,  -0.44695344,    1.8440000,  1.467619e+5,  3.768374e+5
2025-12-25 00:00:00.000   ,    636.58000,    678.41118,  -0.43256779,    1.8406250,  1.553360e+5,  3.665231e+5
2025-12-25 01:00:00.000   ,    609.37619,    681.03754,  -0.43816662,    2.6629630,  1.553333e+5,  3.704746e+5
2025-12-25 02:00:00.000   ,    619.43158,    673.40166,  -0.42165392,    3.0869565,  1.744000e+5,  3.590404e+5
2025-12-25 03:00:00.000   ,    592.95000,    665.76577,  -0.40440240,    6.2000000,  2.192500e+5,  3.477718e+5
2025-12-25 04:00:00.000   ,      N/A    ,    660.66937,  -0.39245513,      N/A    ,      N/A    ,  3.403430e+5
2025-12-25 05:00:00.000   ,      N/A    ,    655.57297,  -0.38014474,      N/A    ,      N/A    ,  3.329880e+5
2025-12-25 06:00:00.000   ,      N/A    ,    654.88653,  -0.37845811,      N/A    ,      N/A    ,  3.320030e+5
2025-12-25 07:00:00.000   ,      N/A    ,    649.06658,  -0.36387715,      N/A    ,      N/A    ,  3.237053e+5
2025-12-25 08:00:00.000   ,    606.19744,    643.24663,  -0.34877701,    2.2472222,  1.635128e+5,  3.155038e+5
2025-12-25 09:00:00.000   ,    593.32041,    637.42668,  -0.33313276,    2.1847826,  1.513469e+5,  3.073985e+5
2025-12-25 10:00:00.000   ,    591.31667,    632.04139,  -0.31814925,    1.6333333,  1.620000e+5,  2.999842e+5
2025-12-25 11:00:00.000   ,    588.79118,    626.65609,  -0.30265501,    2.4138889,  1.539706e+5,  2.926524e+5
2025-12-25 12:00:00.000   ,    597.01563,    622.63046,  -0.29072516,    1.9852941,  1.257281e+5,  2.872254e+5
2025-12-25 13:00:00.000   ,    577.08387,    618.60484,  -0.27848652,    2.2846154,  1.954387e+5,  2.818445e+5
2025-12-25 14:00:00.000   ,    572.15946,    612.24617,  -0.25849968,    2.2657143,  1.406541e+5,  2.734388e+5
2025-12-25 15:00:00.000   ,    583.00588,    605.88750,  -0.23767069,    2.4027778,  1.316029e+5,  2.651480e+5
2025-12-25 16:00:00.000   ,    578.68750,    601.52746,  -0.22287720,    3.6538462,  1.490083e+5,  2.595295e+5
2025-12-25 17:00:00.000   ,    577.95909,    597.16742,  -0.20764888,    1.9083333,  1.180182e+5,  2.539650e+5
2025-12-25 18:00:00.000   ,    593.33913,    592.80738,  -0.19196851,    1.8178571,  1.057696e+5,  2.484545e+5
2025-12-25 19:00:00.000   ,    570.57273,    587.23490,  -0.17124086,    2.1789474,  2.347364e+5,  2.414902e+5
2025-12-25 20:00:00.000   ,    563.40909,    581.66243,  -0.14970528,    2.1555556,  1.291818e+5,  2.346141e+5
2025-12-25 21:00:00.000   ,    555.58750,    576.08995,  -0.12731926,    2.0000000,  1.272500e+5,  2.278262e+5
2025-12-25 22:00:00.000   ,      N/A    ,    571.52535,  -0.10831678,      N/A    ,      N/A    ,  2.223318e+5
2025-12-25 23:00:00.000   ,      N/A    ,    566.96074,  -0.08868680,      N/A    ,      N/A    ,  2.168965e+5
2025-12-26 00:00:00.000   ,      N/A    ,    562.39613,  -0.06840140,      N/A    ,      N/A    ,  2.115203e+5
2025-12-26 01:00:00.000   ,      N/A    ,    557.83152,  -0.04743107,      N/A    ,      N/A    ,  2.062034e+5
2025-12-26 02:00:00.000   ,    561.40323,    553.26691,  -0.02574462,    1.6129032,  1.375903e+5,  2.009456e+5
2025-12-26 03:00:00.000   ,    529.12037,    548.70230,  -0.00330907,    2.2900000,  1.346759e+5,  1.957470e+5
2025-12-26 04:00:00.000   ,    529.35111,    544.13769,   0.01991048,    1.5038462,  1.280511e+5,  1.906076e+5
2025-12-26 05:00:00.000   ,    525.24889,    539.57308,   0.04395098,    1.6923077,  1.325244e+5,  1.855274e+5
2025-12-26 06:00:00.000   ,    534.40000,    535.00847,   0.06885161,    1.4081081,  1.418844e+5,  1.805063e+5
2025-12-26 07:00:00.000   ,    528.23333,    530.44386,   0.09465389,    1.3437500,  1.258500e+5,  1.755444e+5
2025-12-26 08:00:00.000   ,    526.45294,    525.87925,   0.12140188,    1.9833333,  1.130853e+5,  1.706417e+5
2025-12-26 09:00:00.000   ,    529.26444,    521.31464,   0.14914237,    1.8355556,  1.209644e+5,  1.657982e+5
2025-12-26 10:00:00.000   ,    543.31707,    516.75003,   0.17792507,    1.9111111,  1.188951e+5,  1.610138e+5
2025-12-26 11:00:00.000   ,    520.02326,    512.18542,   0.20780286,    1.5785714,  1.237419e+5,  1.562887e+5
2025-12-26 12:00:00.000   ,    516.56341,    507.62081,   0.23883200,    2.2250000,  1.185293e+5,  1.516227e+5
2025-12-26 13:00:00.000   ,    535.97632,    503.05620,   0.27107241,    2.2945946,  1.464211e+5,  1.470159e+5
2025-12-26 14:00:00.000   ,    528.31020,    498.49159,   0.30458798,    2.3315789,  1.326184e+5,  1.424682e+5
2025-12-26 15:00:00.000   ,    514.15227,    493.92698,   0.33944685,    2.3216216,  1.156682e+5,  1.379798e+5
2025-12-26 16:00:00.000   ,    512.63529,    489.36237,   0.37572176,    2.0513514,  1.026176e+5,  1.335505e+5
2025-12-26 17:00:00.000   ,    518.42000,    484.79776,   0.41349048,    1.7162162,    84800.000,  1.291804e+5
2025-12-26 18:00:00.000   ,    527.93929,    480.23315,   0.45283615,    1.8454545,    95214.286,  1.248695e+5
2025-12-26 19:00:00.000   ,    504.67917,    475.66854,   0.49384782,    1.8125000,    94562.500,  1.206178e+5
2025-12-26 20:00:00.000   ,    524.05405,    471.10393,   0.53662087,    2.0525000,    95754.054,  1.164252e+5
2025-12-26 21:00:00.000   ,    514.56800,    466.53932,   0.58125765,    2.1782609,    94784.000,  1.122918e+5
2025-12-26 22:00:00.000   ,    506.66000,    461.97471,   0.62786801,    2.7200000,  1.061800e+5,  1.082176e+5
2025-12-26 23:00:00.000   ,    511.04167,    457.41011,   0.67657004,    2.9777778,  1.174500e+5,  1.042026e+5
2025-12-27 00:00:00.000   ,    518.33750,    452.84550,   0.72749080,    2.4875000,  1.180375e+5,  1.002467e+5
2025-12-27 01:00:00.000   ,    518.71111,    448.28089,   0.78076714,    2.4444444,  1.487778e+5,    96350.041
2025-12-27 02:00:00.000   ,    519.73333,    443.71628,   0.83654661,    2.4833333,    89711.111,    92512.546
2025-12-27 03:00:00.000   ,    499.36000,    439.15167,   0.89498851,    2.0285714,  1.051200e+5,    88734.229
2025-12-27 04:00:00.000   ,    507.88500,    439.25500,   0.89363482,    1.9555556,  1.013850e+5,    88819.108
2025-12-27 05:00:00.000   ,    491.88667,    437.18561,   0.92102323,    2.0440000,  1.071000e+5,    87125.080
2025-12-27 06:00:00.000   ,    491.38644,    435.11623,   0.94901015,    2.1312500,  1.122695e+5,    85443.216
2025-12-27 07:00:00.000   ,    494.40217,    432.46628,   0.98575092,    2.3000000,    97889.130,    83307.262
2025-12-27 08:00:00.000   ,    490.22619,    429.81632,    1.0235405,    2.3880000,  1.062833e+5,    81191.253
2025-12-27 09:00:00.000   ,    488.40508,    427.53788,    1.0569012,    1.7500000,  1.335492e+5,    79387.848
2025-12-27 10:00:00.000   ,    495.24314,    425.25944,    1.0910939,    1.4218750,  1.464196e+5,    77599.186
2025-12-27 11:00:00.000   ,    507.55849,    422.98100,    1.1261462,    1.2893617,  1.035566e+5,    75825.270
2025-12-27 12:00:00.000   ,    500.37091,    420.15295,    1.1708937,    1.3396226,  1.169873e+5,    73643.949
2025-12-27 13:00:00.000   ,    480.39792,    417.32489,    1.2170689,    1.8527778,  1.018896e+5,    71485.344
2025-12-27 14:00:00.000   ,    495.91455,    414.87916,    1.2582000,    2.5358974,  2.789291e+5,    69636.879
2025-12-27 15:00:00.000   ,    480.97736,    412.43343,    1.3004864,    2.4869565,  1.329642e+5,    67805.402
2025-12-27 16:00:00.000   ,    474.22941,    409.98770,    1.3439718,    2.3375000,    71588.235,    65990.915
2025-12-27 17:00:00.000   ,    467.60175,    407.70625,    1.3856574,    2.7294118,    96342.105,    64313.628
2025-12-27 18:00:00.000   ,    480.88421,    405.42481,    1.4284649,    1.6105263,    74264.912,    62651.123
2025-12-27 19:00:00.000   ,    472.87288,    403.86660,    1.4583677,    2.4033333,    92911.864,    61524.144
2025-12-27 20:00:00.000   ,    468.85690,    402.30839,    1.4888263,    2.2458333,  1.110552e+5,    60404.060
2025-12-27 21:00:00.000   ,    477.06316,    400.71788,    1.5205039,    1.9264706,  1.082298e+5,    59267.864
2025-12-27 22:00:00.000   ,    471.81481,    399.12736,    1.5527902,    2.2586207,  1.065852e+5,    58138.852
2025-12-27 23:00:00.000   ,    468.79649,    395.87676,    1.6207345,    2.8918919,  1.035088e+5,    55853.793
2025-12-28 00:00:00.000   ,    469.16250,    395.05020,    1.6384440,    2.5611111,    97048.214,    55277.536
2025-12-28 01:00:00.000   ,    478.37400,    394.22364,    1.6563335,    2.3645833,    98804.000,    54703.220
2025-12-28 02:00:00.000   ,    475.74792,    395.47098,    1.6294060,    2.3600000,  1.032208e+5,    55570.657
2025-12-28 03:00:00.000   ,    461.82941,    396.71833,    1.6028859,    2.9660377,    99039.216,    56442.513
2025-12-28 04:00:00.000   ,    460.02273,    394.14715,    1.6579981,    2.8604651,  1.088000e+5,    54650.173
2025-12-28 05:00:00.000   ,    458.62157,    391.57596,    1.7148794,    3.1291667,  1.313451e+5,    52876.609
2025-12-28 06:00:00.000   ,    452.98163,    389.00478,    1.7736063,    3.1645161,  1.197184e+5,    51121.823
2025-12-28 07:00:00.000   ,    451.39487,    386.43359,    1.8342596,    2.9481481,  1.132974e+5,    49385.813
2025-12-28 08:00:00.000   ,    455.51176,    383.86241,    1.8969243,    3.4378378,    84385.294,    47668.581
2025-12-28 09:00:00.000   ,    465.97917,    382.05230,    1.9422951,    3.6041667,    67431.250,    46470.916
2025-12-28 10:00:00.000   ,      N/A    ,    381.13374,    1.9657279,      N/A    ,      N/A    ,    45866.704
2025-12-28 11:00:00.000   ,    455.55333,    380.21517,    1.9894418,    1.3538462,  1.352667e+5,    45264.888
2025-12-28 12:00:00.000   ,    445.91905,    382.05230,    1.9422951,    3.1115385,  1.033262e+5,    46470.916
2025-12-28 13:00:00.000   ,    451.42857,    382.05230,    1.9422951,    3.3863636,    83830.357,    46470.916
2025-12-28 14:00:00.000   ,    461.62157,    382.05230,    1.9422951,    2.2416667,  1.775196e+5,    46470.916
2025-12-28 15:00:00.000   ,    484.60698,    382.05230,    1.9422951,    1.3193548,  1.456140e+5,    46470.916
2025-12-28 16:00:00.000   ,    480.79107,    381.13374,    1.9657279,   0.98867925,    80125.000,    45866.704
2025-12-28 17:00:00.000   ,    474.53966,    380.21517,    1.9894418,    1.9438596,    87939.655,    45264.888
2025-12-28 18:00:00.000   ,    477.79322,    378.34955,    2.0384889,    5.4086207,    83647.458,    44049.965
2025-12-28 19:00:00.000   ,    471.02373,    382.05230,    1.9422951,    4.4372881,    63976.271,    46470.916
2025-12-28 20:00:00.000   ,    460.02667,    384.35849,    1.8846730,    5.0166667,    67356.667,    47998.441
2025-12-28 21:00:00.000   ,    453.39333,    386.66468,    1.8287273,    4.4087719,    62848.333,    49541.071
2025-12-28 22:00:00.000   ,    452.57321,    388.97087,    1.7743935,    4.4560000,    59571.429,    51098.807
2025-12-28 23:00:00.000   ,    433.44000,    391.27706,    1.7216102,    3.8140351,    68831.667,    52671.649
2025-12-29 00:00:00.000   ,    434.99153,    393.58325,    1.6703190,    4.1264151,    71386.441,    54259.597
2025-12-29 01:00:00.000   ,    440.30175,    395.88944,    1.6204642,    4.3875000,    61643.860,    55862.650
2025-12-29 02:00:00.000   ,    429.72931,    398.19563,    1.5719927,    3.6724138,    64560.345,    57480.809
2025-12-29 03:00:00.000   ,    432.66250,    400.50182,    1.5248537,    4.3196429,    52907.143,    59114.075
2025-12-29 04:00:00.000   ,    438.83729,    398.18737,    1.5721638,    2.1879310,    80511.864,    57474.991
2025-12-29 05:00:00.000   ,    431.15965,    395.87293,    1.6208161,    3.1526316,    58498.246,    55851.121
2025-12-29 06:00:00.000   ,    424.03500,    393.55848,    1.6708620,    3.7762712,    62836.667,    54242.465
2025-12-29 07:00:00.000   ,    427.07045,    391.24404,    1.7223552,    4.7181818,    49220.455,    52649.023
2025-12-29 08:00:00.000   ,    429.82683,    439.00183,   0.89695398,    2.8682927,    57373.171,    88611.207
2025-12-29 09:00:00.000   ,    422.27586,    442.81632,   0.84785296,    3.2344828,    77441.379,    91762.935
2025-12-29 10:00:00.000   ,    418.61538,    452.67244,   0.72946673,    4.5098039,    60411.538,  1.000979e+5
2025-12-29 11:00:00.000   ,    416.38070,    453.87460,   0.71580993,    4.1807018,    73385.965,  1.011334e+5
2025-12-29 12:00:00.000   ,    414.18070,    455.07053,   0.70238378,    3.2339286,    90736.842,  1.021676e+5
2025-12-29 13:00:00.000   ,    412.23750,    455.07053,   0.70238378,    4.9036364,    69542.857,  1.021676e+5
2025-12-29 14:00:00.000   ,    418.75385,    458.62203,   0.66342843,    5.5176471,    44342.308,  1.052628e+5
2025-12-29 15:00:00.000   ,    414.52182,    459.79413,   0.65086522,    5.1509434,    46016.364,  1.062922e+5
2025-12-29 16:00:00.000   ,    400.97619,    463.27657,   0.61436658,    4.2742857,  1.343333e+5,  1.093735e+5
2025-12-29 17:00:00.000   ,    397.70377,    473.43998,   0.51450453,    3.3647059,  1.063019e+5,  1.185634e+5
2025-12-29 18:00:00.000   ,    387.53529,    474.54470,   0.50421161,    3.8872340,    64192.157,  1.195800e+5
2025-12-29 19:00:00.000   ,    384.14000,    477.83128,   0.47420271,    4.9115385,    46636.364,  1.226249e+5
2025-12-29 20:00:00.000   ,    386.27551,    477.83128,   0.47420271,    5.0130435,    59308.163,  1.226249e+5
2025-12-29 21:00:00.000   ,    387.61087,    477.83128,   0.47420271,    4.9062500,    44700.000,  1.226249e+5
2025-12-29 22:00:00.000   ,    391.92439,    477.28578,   0.47912101,    4.7204545,    50831.707,  1.221174e+5
2025-12-29 23:00:00.000   ,    395.23333,    476.74028,   0.48406396,    4.3979167,    45251.111,  1.216107e+5
2025-12-30 00:00:00.000   ,    391.64318,    532.82904,   0.08105613,    2.2979167,    83911.364,  1.781298e+5
2025-12-30 01:00:00.000   ,    390.52667,    532.48618,   0.08299510,    1.8977778,    86764.444,  1.777572e+5
2025-12-30 02:00:00.000   ,    391.74318,    532.14332,   0.08493928,    2.8000000,    74218.182,  1.773849e+5
2025-12-30 03:00:00.000   ,    389.62791,    531.80046,   0.08688871,    3.0543478,    57751.163,  1.770129e+5
2025-12-30 04:00:00.000   ,    394.66571,    531.45761,   0.08884340,    2.7769231,    77317.143,  1.766413e+5
2025-12-30 05:00:00.000   ,    395.09091,    531.11475,   0.09080336,    2.7702703,    77481.818,  1.762700e+5
2025-12-30 06:00:00.000   ,    394.94706,    530.77189,   0.09276862,    2.3324324,    75426.471,  1.758990e+5
2025-12-30 07:00:00.000   ,    396.86800,    530.42904,   0.09473920,    2.2777778,    67636.000,  1.755284e+5
2025-12-30 08:00:00.000   ,    384.11600,    529.08195,   0.10253342,    3.5720000,    57424.000,  1.740754e+5
2025-12-30 09:00:00.000   ,    398.73125,    527.73487,   0.11041118,    3.0411765,    75225.000,  1.726276e+5
2025-12-30 10:00:00.000   ,      N/A    ,    527.73487,   0.11041118,      N/A    ,      N/A    ,  1.726276e+5
2025-12-30 11:00:00.000   ,      N/A    ,    588.88575,  -0.17746378,      N/A    ,      N/A    ,  2.435442e+5
2025-12-30 12:00:00.000   ,      N/A    ,    588.88575,  -0.17746378,      N/A    ,      N/A    ,  2.435442e+5
2025-12-30 13:00:00.000   ,    414.48889,    585.72271,  -0.16547837,    3.3156250,    76997.222,  2.396155e+5
2025-12-30 14:00:00.000   ,    414.42326,    588.09716,  -0.17449994,    5.5130435,  1.448953e+5,  2.425621e+5
2025-12-30 15:00:00.000   ,    418.66170,    607.40180,  -0.24270995,    8.6473684,  2.403804e+5,  2.671121e+5
2025-12-30 16:00:00.000   ,    414.42105,    611.91518,  -0.25743665,    5.2634615,  1.013088e+5,  2.730044e+5
2025-12-30 17:00:00.000   ,    409.23220,    616.38544,  -0.27160322,    5.0859649,    96637.288,  2.788976e+5
2025-12-30 18:00:00.000   ,    406.16140,    623.01302,  -0.29187196,    3.9877193,    93017.544,  2.877391e+5
2025-12-30 19:00:00.000   ,    399.61000,    620.43960,  -0.28410351,    4.8616667,    62981.667,  2.842912e+5
2025-12-30 20:00:00.000   ,    395.35593,    617.86618,  -0.27620652,    5.1271186,    52972.881,  2.808622e+5
2025-12-30 21:00:00.000   ,    389.24333,    617.86618,  -0.27620652,    4.5372881,    55115.000,  2.808622e+5
2025-12-30 22:00:00.000   ,    391.81455,    625.92965,  -0.30052459,    2.4511111,    68194.545,  2.916696e+5
2025-12-30 23:00:00.000   ,    402.27667,    628.10575,  -0.30687743,    3.3150943,    89728.333,  2.946179e+5
2025-12-31 00:00:00.000   ,    409.71167,    635.59196,  -0.32808396,    6.1383333,    79091.667,  3.048633e+5
2025-12-31 01:00:00.000   ,    416.67288,    643.07816,  -0.34833193,    5.0305085,    75267.797,  3.152678e+5
2025-12-31 02:00:00.000   ,    421.34068,    654.42197,  -0.37731272,    4.6881356,    74608.475,  3.313371e+5
2025-12-31 03:00:00.000   ,    416.42586,    665.76577,  -0.40440240,    5.6448276,    77362.069,  3.477718e+5
2025-12-31 04:00:00.000   ,    414.82759,    663.39939,  -0.39889924,    3.7846154,  1.112845e+5,  3.443133e+5
2025-12-31 05:00:00.000   ,    422.89500,    661.03301,  -0.39331945,    4.6844828,  1.249467e+5,  3.408706e+5
2025-12-31 06:00:00.000   ,    426.26500,    670.45806,  -0.41509342,    6.0779661,    99535.000,  3.546768e+5
2025-12-31 07:00:00.000   ,    427.19744,    675.77262,  -0.42685825,    6.0358974,    84035.897,  3.625730e+5
2025-12-31 08:00:00.000   ,    432.53171,    694.63313,  -0.46586643,    6.5268293,    95890.244,  3.912429e+5
2025-12-31 09:00:00.000   ,    417.82982,    700.99842,  -0.47813608,    4.4642857,  1.002035e+5,  4.011469e+5
2025-12-31 10:00:00.000   ,    424.29615,    693.95081,  -0.46452559,    5.3000000,  1.008846e+5,  3.901881e+5
2025-12-31 11:00:00.000   ,    441.19091,    686.90320,  -0.45037561,    4.2777778,    93970.909,  3.793705e+5
2025-12-31 12:00:00.000   ,    467.16071,    686.25403,  -0.44904410,    15.058824,    74505.357,  3.783811e+5
2025-12-31 13:00:00.000   ,    470.90167,    685.60486,  -0.44770774,    8.5796610,  1.164700e+5,  3.773930e+5
2025-12-31 14:00:00.000   ,    500.86607,    678.31740,  -0.43236633,    1.3255814,  1.877393e+5,  3.663824e+5
2025-12-31 15:00:00.000   ,    489.96889,    671.02994,  -0.41637670,    1.4296296,  2.436733e+5,  3.555226e+5
2025-12-31 16:00:00.000   ,    456.93962,    663.74248,  -0.39970181,   0.82800000,  1.558283e+5,  3.448137e+5
2025-12-31 17:00:00.000   ,    470.32667,    667.11050,  -0.40749603,   0.27804878,  2.235833e+5,  3.497443e+5
2025-12-31 18:00:00.000   ,    494.96780,    715.38952,  -0.50436442,   0.23018868,  1.415305e+5,  4.239626e+5
2025-12-31 19:00:00.000   ,    461.61273,    716.00766,  -0.50544640,    1.3021739,    80758.182,  4.249557e+5
2025-12-31 20:00:00.000   ,    444.22759,    709.13553,  -0.49321494,   0.82708333,    88606.897,  4.139752e+5
2025-12-31 21:00:00.000   ,    458.53559,    702.26340,  -0.48052404,   0.62631579,    64328.814,  4.031288e+5
2025-12-31 22:00:00.000   ,    465.64694,    693.99284,  -0.46460832,   0.65238095,    64687.755,  3.902531e+5
2025-12-31 23:00:00.000   ,    487.91538,    695.91164,  -0.46836536,   0.76458333,    81415.385,  3.932230e+5
2026-01-01 00:00:00.000   ,    477.96667,    700.36493,  -0.47693402,    2.2160000,  1.788574e+5,  4.001561e+5
2026-01-01 01:00:00.000   ,    474.69623,    692.71017,  -0.46207458,    2.2957447,  1.404906e+5,  3.882736e+5
2026-01-01 02:00:00.000   ,    473.95800,    697.80253,  -0.47202919,    2.6540000,  1.482500e+5,  3.961599e+5
2026-01-01 03:00:00.000   ,    468.98400,    702.89490,  -0.48171002,    2.2187500,  1.839480e+5,  4.041199e+5
2026-01-01 04:00:00.000   ,    467.71875,    706.04254,  -0.48756128,    2.8425532,  1.810208e+5,  4.090769e+5
2026-01-01 05:00:00.000   ,    472.99038,    701.38429,  -0.47886624,    2.6750000,  2.060577e+5,  4.017510e+5
2026-01-01 06:00:00.000   ,    476.28600,    696.72604,  -0.46994801,    3.2000000,  1.593660e+5,  3.944867e+5
2026-01-01 07:00:00.000   ,    460.35625,    692.06778,  -0.46079888,    5.4500000,    70881.250,  3.872840e+5
2026-01-01 08:00:00.000   ,    472.70588,    693.99284,  -0.46460832,    6.0303030,    75785.294,  3.902531e+5
2026-01-01 09:00:00.000   ,    483.40784,    697.17888,  -0.47082500,    4.2916667,    82086.275,  3.951902e+5
2026-01-01 10:00:00.000   ,    487.95455,    700.36493,  -0.47693402,    4.8272727,    86554.545,  4.001561e+5
2026-01-01 11:00:00.000   ,    475.68750,    699.73077,  -0.47572653,    2.7500000,  1.153450e+5,  3.991653e+5
2026-01-01 12:00:00.000   ,    483.58222,    693.28121,  -0.46320482,    3.4394737,  1.069800e+5,  3.891543e+5
2026-01-01 13:00:00.000   ,    482.95556,    686.83165,  -0.45022908,    2.6093023,  1.022867e+5,  3.792614e+5
2026-01-01 14:00:00.000   ,    482.63469,    680.38208,  -0.43677711,    1.7893617,  1.356816e+5,  3.694866e+5
2026-01-01 15:00:00.000   ,    501.05455,    673.12165,  -0.42103462,    1.2475000,  1.581591e+5,  3.586243e+5
2026-01-01 16:00:00.000   ,    489.35625,    674.44713,  -0.42395747,   0.77142857,  1.601063e+5,  3.605962e+5
2026-01-01 17:00:00.000   ,    489.97143,    675.77262,  -0.42685825,    2.3714286,  1.866286e+5,  3.625730e+5
2026-01-01 18:00:00.000   ,    489.19412,    671.44156,  -0.41729775,    2.2761905,  1.384029e+5,  3.561320e+5
2026-01-01 19:00:00.000   ,    483.40645,    667.11050,  -0.40749603,    1.7800000,  1.424000e+5,  3.497443e+5
2026-01-01 20:00:00.000   ,    477.94063,    658.87433,  -0.38816138,    2.4700000,    85521.875,  3.377440e+5
2026-01-01 21:00:00.000   ,    491.54118,    650.63816,  -0.36786465,    2.0333333,  1.421529e+5,  3.259364e+5
2026-01-01 22:00:00.000   ,      N/A    ,    642.40199,  -0.34654095,      N/A    ,      N/A    ,  3.143215e+5
2026-01-01 23:00:00.000   ,      N/A    ,    634.16582,  -0.32411980,      N/A    ,      N/A    ,  3.028992e+5
2026-01-02 00:00:00.000   ,      N/A    ,    625.92965,  -0.30052459,      N/A    ,      N/A    ,  2.916696e+5
2026-01-02 01:00:00.000   ,      N/A    ,    627.38146,  -0.30477259,      N/A    ,      N/A    ,  2.936351e+5
2026-01-02 02:00:00.000   ,    494.30000,    624.47352,  -0.29622470,      N/A    ,  2.770000e+5,  2.897043e+5
2026-01-02 03:00:00.000   ,    500.83095,    622.28112,  -0.28967546,    3.0090909,  1.631619e+5,  2.867566e+5
2026-01-02 04:00:00.000   ,    487.30179,    620.81173,  -0.28523476,    1.6869565,  1.950518e+5,  2.847887e+5
2026-01-02 05:00:00.000   ,    485.08793,    619.34235,  -0.28075227,    1.3160000,  2.054414e+5,  2.828268e+5
2026-01-02 06:00:00.000   ,    477.18667,    642.37513,  -0.34646966,    3.0428571,    99435.000,  3.142839e+5
2026-01-02 07:00:00.000   ,    472.60811,    643.07816,  -0.34833193,    2.4933333,  1.489838e+5,  3.152678e+5
2026-01-02 08:00:00.000   ,    523.69024,    641.67114,  -0.34459682,   0.47500000,  2.262537e+5,  3.133001e+5
2026-01-02 09:00:00.000   ,    520.47458,    636.42398,  -0.33038060,   0.61250000,  2.304102e+5,  3.060118e+5
2026-01-02 10:00:00.000   ,    553.93393,    631.17682,  -0.31569676,    1.6454545,  1.468911e+5,  2.988016e+5
2026-01-02 11:00:00.000   ,    569.51034,    625.92965,  -0.30052459,    1.2750000,  2.290879e+5,  2.916696e+5
2026-01-02 12:00:00.000   ,    584.61404,    621.52802,  -0.28740467,    2.3108696,  1.946930e+5,  2.857472e+5
2026-01-02 13:00:00.000   ,    583.05500,    617.12639,  -0.27391213,    2.4076923,  2.520000e+5,  2.798798e+5
2026-01-02 14:00:00.000   ,    596.83729,    612.26409,  -0.25855718,    1.9909091,  2.684881e+5,  2.734624e+5
2026-01-02 15:00:00.000   ,    614.75690,    607.40180,  -0.24270995,    2.1378378,  2.972724e+5,  2.671121e+5
2026-01-02 16:00:00.000   ,    629.13448,    604.35804,  -0.23252974,    2.4216216,  3.477448e+5,  2.631710e+5
2026-01-02 17:00:00.000   ,    612.35424,    601.31427,  -0.22214286,    2.0450000,  3.237746e+5,  2.592562e+5
2026-01-02 18:00:00.000   ,    596.78947,    594.32366,  -0.19747403,    1.7448276,  3.219825e+5,  2.503648e+5
2026-01-02 19:00:00.000   ,    587.93898,    587.33305,  -0.17161280,   0.98000000,  2.944153e+5,  2.416121e+5
2026-01-02 20:00:00.000   ,    582.36964,    580.34244,  -0.14448106,    1.9925000,  2.588625e+5,  2.329983e+5
2026-01-02 21:00:00.000   ,    593.95273,    573.35183,  -0.11599422,    1.4408163,  3.074727e+5,  2.245232e+5
2026-01-02 22:00:00.000   ,    582.83947,    566.36121,  -0.08606050,    1.2655172,  2.956842e+5,  2.161870e+5
2026-01-02 23:00:00.000   ,    563.79592,    559.37060,  -0.05458024,    1.0774194,  3.025592e+5,  2.079895e+5
2026-01-03 00:00:00.000   ,    551.03019,    552.37999,  -0.02144502,   0.63333333,  2.700566e+5,  1.999309e+5
2026-01-03 01:00:00.000   ,    566.78868,    545.38938,   0.01346320,   0.89047619,  2.403208e+5,  1.920110e+5
2026-01-03 02:00:00.000   ,    595.86667,    538.39877,   0.05027323,    1.0214286,  3.448235e+5,  1.842300e+5
2026-01-03 03:00:00.000   ,    587.97308,    531.40815,   0.08912577,   0.95882353,  3.008269e+5,  1.765877e+5
2026-01-03 04:00:00.000   ,    585.86279,    525.83755,   0.12165074,    1.0150000,  2.901302e+5,  1.705972e+5
2026-01-03 05:00:00.000   ,    584.82000,    520.26694,   0.15565472,   0.70454545,  2.828000e+5,  1.646948e+5
2026-01-03 06:00:00.000   ,    584.41739,    516.64703,   0.17858700,    1.1000000,  2.563696e+5,  1.609066e+5
2026-01-03 07:00:00.000   ,    540.87778,    513.02711,   0.20220870,   0.55000000,  1.932333e+5,  1.571555e+5
2026-01-03 08:00:00.000   ,    515.54194,    509.40719,   0.22654774,    1.1285714,  1.695161e+5,  1.534417e+5
2026-01-03 09:00:00.000   ,    527.19783,    505.78727,   0.25163345,   0.80869565,  2.146522e+5,  1.497651e+5
2026-01-03 10:00:00.000   ,      N/A    ,    501.27601,   0.28398809,      N/A    ,      N/A    ,  1.452353e+5
2026-01-03 11:00:00.000   ,      N/A    ,    496.76475,   0.31761368,      N/A    ,      N/A    ,  1.407633e+5
2026-01-03 12:00:00.000   ,    506.83061,    493.11142,   0.34582201,    1.3871795,  1.816571e+5,  1.371841e+5
2026-01-03 13:00:00.000   ,    513.18214,    489.45809,   0.37494600,   0.71800000,  1.661750e+5,  1.336428e+5
2026-01-03 14:00:00.000   ,    506.52037,    485.80477,   0.40502569,    1.8325000,  1.631574e+5,  1.301394e+5
2026-01-03 15:00:00.000   ,    491.42703,    482.15144,   0.43610337,    3.7277778,  3.180737e+5,  1.266740e+5
2026-01-03 16:00:00.000   ,    502.23167,    477.94015,   0.47322400,   0.70000000,  1.871850e+5,  1.227263e+5
2026-01-03 17:00:00.000   ,    494.34333,    473.72887,   0.51180271,   0.67692308,  1.587783e+5,  1.188289e+5
2026-01-03 18:00:00.000   ,    466.44483,    469.51758,   0.55191686,   0.81428571,  1.284707e+5,  1.149820e+5
2026-01-03 19:00:00.000   ,    461.16316,    465.30630,   0.59364904,    1.2795918,  1.127912e+5,  1.111854e+5
2026-01-03 20:00:00.000   ,    459.48333,    461.09501,   0.63708744,    1.2627451,  1.093233e+5,  1.074392e+5
2026-01-03 21:00:00.000   ,    441.22982,    456.88373,   0.68232637,    1.2666667,    69028.070,  1.037434e+5
2026-01-03 22:00:00.000   ,    445.72037,    452.67244,   0.72946673,    1.1156863,    94212.963,  1.000979e+5
2026-01-03 23:00:00.000   ,    454.18136,    452.67244,   0.72946673,    1.1101695,  1.018492e+5,  1.000979e+5
2026-01-04 00:00:00.000   ,    449.71053,    449.80589,   0.76269695,   0.88723404,  1.229614e+5,    97645.311
2026-01-04 01:00:00.000   ,    440.14068,    446.93934,   0.79689418,    1.0783784,  1.114373e+5,    95216.054
2026-01-04 02:00:00.000   ,    437.21897,    444.07279,   0.83209633,    1.2859649,    73932.759,    92810.137
2026-01-04 03:00:00.000   ,    434.27931,    462.12130,   0.62633934,    1.1764706,    76524.138,  1.083475e+5
2026-01-04 04:00:00.000   ,    453.46111,    459.98983,   0.64878145,   0.30000000,  1.584222e+5,  1.064644e+5
2026-01-04 05:00:00.000   ,    422.00182,    457.85836,   0.67169131,   0.57948718,    90985.455,  1.045942e+5
2026-01-04 06:00:00.000   ,    424.85741,    455.72689,   0.69508201,   0.32857143,  1.369278e+5,  1.027369e+5
2026-01-04 07:00:00.000   ,    425.13793,    453.59542,   0.71896709,   0.19285714,  1.575069e+5,  1.008926e+5
2026-01-04 08:00:00.000   ,    435.18158,    451.46394,   0.74336060,   0.28620690,  1.415921e+5,    99061.079
2026-01-04 09:00:00.000   ,    409.57193,    447.85601,   0.78585113,   0.20243902,  1.629158e+5,    95990.345
2026-01-04 10:00:00.000   ,    420.73922,    444.24807,   0.82991423,   0.21351351,  1.585353e+5,    92956.583
2026-01-04 11:00:00.000   ,    423.33529,    440.64013,   0.87562845,   0.26000000,  1.418882e+5,    89959.792
2026-01-04 12:00:00.000   ,    431.53333,    437.03220,   0.92307735,   0.20222222,  1.423235e+5,    86999.974
2026-01-04 13:00:00.000   ,    450.65417,    433.42426,   0.97234980,   0.30750000,  1.367583e+5,    84077.128
2026-01-04 14:00:00.000   ,    450.38627,    429.81632,    1.0235405,   0.16410256,    70525.490,    81191.253
2026-01-04 15:00:00.000   ,    447.29412,    426.27338,    1.0757731,   0.24193548,    72508.000,    78393.347
2026-01-04 16:00:00.000   ,    450.26327,    422.73044,    1.1300546,   0.18636364,  1.003204e+5,    75631.093
2026-01-04 17:00:00.000   ,    451.04681,    419.18750,    1.1864935,   0.31951220,    95034.043,    72904.491
2026-01-04 18:00:00.000   ,    450.32600,    415.64456,    1.2452056,   0.30222222,    45748.000,    70213.541
2026-01-04 19:00:00.000   ,    444.83333,    412.10163,    1.3063146,   0.34864865,    51288.095,    67558.242
2026-01-04 20:00:00.000   ,    449.68545,    408.55869,    1.3699529,   0.80769231,    70101.818,    64938.595
2026-01-04 21:00:00.000   ,    466.32708,    405.01575,    1.4362620,    1.6883721,    79843.750,    62354.600
2026-01-04 22:00:00.000   ,    470.64483,    401.47281,    1.5053934,   0.93103448,    79417.241,    59806.257
2026-01-04 23:00:00.000   ,    464.17429,    397.92987,    1.5775095,    2.1137931,  1.173286e+5,    57293.566
2026-01-05 00:00:00.000   ,    453.24000,    394.38693,    1.6527849,    2.9458333,  1.236000e+5,    54816.527
2026-01-05 01:00:00.000   ,    467.72353,    390.84399,    1.7314066,    1.6656250,    99332.353,    52375.139
2026-01-05 02:00:00.000   ,    448.30667,    387.30105,    1.8135761,    4.0900000,    57963.333,    49969.403
2026-01-05 03:00:00.000   ,    439.10000,    383.75811,    1.8995100,    4.4700000,    42960.000,    47599.320
2026-01-05 04:00:00.000   ,    448.19286,    380.21517,    1.9894418,    3.8428571,    40214.286,    45264.888
2026-01-05 05:00:00.000   ,    434.73333,    378.23300,    2.0415930,    4.2866667,    51580.000,    43974.394
2026-01-05 06:00:00.000   ,    437.23226,    377.50800,    2.0610092,    4.4483871,    68590.323,    43505.169
2026-01-05 07:00:00.000   ,    433.88571,    376.78300,    2.0806119,    3.9400000,    60928.571,    43037.438
2026-01-05 08:00:00.000   ,    419.48108,    376.05800,    2.1004035,    2.8351351,    50994.595,    42571.199
2026-01-05 09:00:00.000   ,    416.04138,    375.33300,    2.1203865,    2.9362069,    59413.793,    42106.453
2026-01-05 10:00:00.000   ,    415.02414,    378.43800,    2.0361364,    2.9948276,    55875.862,    44107.342
2026-01-05 11:00:00.000   ,    414.52542,    379.25800,    2.0144562,    3.6250000,    42730.508,    44640.327
2026-01-05 12:00:00.000   ,    416.44182,    380.07800,    1.9930074,    1.7941176,    62641.818,    45175.223
2026-01-05 13:00:00.000   ,    408.80833,    377.45050,    2.0625571,   0.89318182,    53445.833,    43468.019
2026-01-05 14:00:00.000   ,    409.89302,    374.82300,    2.1345594,    1.0282051,    61304.651,    41780.423
2026-01-05 15:00:00.000   ,    404.33171,    372.99948,    2.1860330,   0.92972973,    70858.537,    40620.737
2026-01-05 16:00:00.000   ,    394.77500,    371.17596,    2.2387851,    1.6023810,    57948.214,    39470.495
2026-01-05 17:00:00.000   ,    391.62500,    369.35244,    2.2928582,    1.4022222,    49616.364,    38329.697
2026-01-05 18:00:00.000   ,    400.52203,    367.80300,    2.3398754,    1.1888889,    65413.559,    37367.782
2026-01-05 19:00:00.000   ,    393.24912,    397.09800,    1.5948934,   0.87272727,    36843.860,    56708.764
2026-01-05 20:00:00.000   ,    400.93621,    395.73300,    1.6238017,    1.2859649,    44534.483,    55753.430
2026-01-05 21:00:00.000   ,    403.40909,    394.36800,    1.6531959,    2.7448276,    43270.909,    54803.389
2026-01-05 22:00:00.000   ,    386.45000,    392.44300,    1.6954959,    1.5595745,    54863.043,    53472.580
2026-01-05 23:00:00.000   ,    370.50625,    390.92800,    1.7295021,    1.7040000,    42410.417,    52432.617
2026-01-06 00:00:00.000   ,    371.26863,    389.41300,    1.7641558,    1.3679245,    56119.608,    51399.173
2026-01-06 01:00:00.000   ,    362.81489,    387.89800,    1.7994737,    1.8729167,    62121.277,    50372.249
2026-01-06 02:00:00.000   ,    371.96000,    385.04800,    1.8677736,    1.5244898,    80206.000,    48458.077
2026-01-06 03:00:00.000   ,    372.20200,    382.19800,    1.9386038,   0.84090909,    77450.000,    46566.974
2026-01-06 04:00:00.000   ,    372.33265,    382.28300,    1.9364535,    1.8627907,    57232.653,    46623.042
2026-01-06 05:00:00.000   ,    357.47059,    425.04800,    1.0943102,    1.8941176,    45380.392,    77433.944
2026-01-06 06:00:00.000   ,    354.17647,    421.92800,    1.1426445,    2.0814815,    33213.725,    75010.420
2026-01-06 07:00:00.000   ,    354.52000,    418.80800,    1.1926717,    2.9222222,    28144.000,    72614.543
2026-01-06 08:00:00.000   ,    367.34444,    415.68800,    1.2444715,    2.4138889,    59241.667,    70246.315
2026-01-06 09:00:00.000   ,    378.51228,    414.00800,    1.2731276,   0.43793103,    49444.444,    68982.567
2026-01-06 10:00:00.000   ,    378.30000,    412.32800,    1.3023359,   0.10625000,    29522.500,    67726.835
2026-01-06 11:00:00.000   ,    379.80213,    410.64800,    1.3321108,   0.17200000,    31468.085,    66479.119
2026-01-06 12:00:00.000   ,    381.23571,    408.96800,    1.3624671,   0.19166667,    28904.878,    65239.420
2026-01-06 13:00:00.000   ,    383.87174,    408.00300,    1.3801727,    9.3893617,    16338.462,    64530.956
2026-01-06 14:00:00.000   ,    380.37907,    407.03800,    1.3980781,    10.600000,    12260.000,    63825.136
2026-01-06 15:00:00.000   ,    375.64048,    404.29300,    1.4501302,    13.760465,    13284.615,    61831.853
2026-01-06 16:00:00.000   ,    371.12222,    403.90967,    1.4575339,    9.4300000,    17012.500,    61555.198
2026-01-06 17:00:00.000   ,    368.83659,    403.52633,    1.4649711,    8.7177778,    18174.359,    61278.961
2026-01-06 18:00:00.000   ,    362.71316,    403.14300,    1.4724421,    4.6820513,    42952.632,    61003.141
2026-01-06 19:00:00.000   ,    343.36444,    400.83300,    1.5181908,    2.7102041,    30325.000,    59349.861
2026-01-06 20:00:00.000   ,    345.95263,    400.16550,    1.5316470,    2.8650000,    24534.211,    58874.950
2026-01-06 21:00:00.000   ,    345.78621,    399.49800,    1.5452113,    3.1055556,    22444.828,    58401.305
2026-01-06 22:00:00.000   ,    336.06429,    408.17300,    1.3770392,    2.5533333,    38221.429,    64655.571
2026-01-06 23:00:00.000   ,    342.94783,    406.28800,    1.4121340,    3.1629630,    30126.087,    63278.399
2026-01-07 00:00:00.000   ,    344.87391,    404.40300,    1.4480119,    3.1206897,    26143.478,    61911.318
2026-01-07 01:00:00.000   ,    328.46087,    402.94300,    1.4763536,    2.2032258,    40060.870,    60859.401
2026-01-07 02:00:00.000   ,    344.19565,    401.48300,    1.5051903,    3.8517241,    31300.000,    59813.537
2026-01-07 03:00:00.000   ,    344.36111,    403.16112,    1.4720881,    2.9550000,    36127.778,    61016.173
2026-01-07 04:00:00.000   ,      N/A    ,    404.83925,    1.4396377,      N/A    ,      N/A    ,    62226.807
2026-01-07 05:00:00.000   ,      N/A    ,    403.82300,    1.4592124,      N/A    ,      N/A    ,    61492.708
2026-01-07 06:00:00.000   ,      N/A    ,    406.54800,    1.4072473,      N/A    ,      N/A    ,    63467.753
2026-01-07 07:00:00.000   ,      N/A    ,    435.51300,   0.94359694,      N/A    ,      N/A    ,    85764.743
2026-01-07 08:00:00.000   ,      N/A    ,    432.37967,   0.98696922,      N/A    ,      N/A    ,    83237.789
2026-01-07 09:00:00.000   ,      N/A    ,    429.24633,    1.0318097,      N/A    ,      N/A    ,    80738.719
2026-01-07 10:00:00.000   ,    330.76038,    426.11300,    1.0781853,    2.6940000,    38377.358,    78267.534
2026-01-07 11:00:00.000   ,    322.94651,    422.97967,    1.1261670,    3.1232558,    29579.070,    75824.234
2026-01-07 12:00:00.000   ,    329.52667,    419.84633,    1.1758299,    2.8545455,    70100.000,    73408.819
2026-01-07 13:00:00.000   ,    348.90600,    416.71300,    1.2272533,    3.7133333,    42224.000,    71021.289
2026-01-07 14:00:00.000   ,    359.46458,    419.69300,    1.1783047,    6.8611111,  2.508583e+5,    73291.334
2026-01-07 15:00:00.000   ,    332.90250,    415.93300,    1.2403378,    4.5166667,  1.120400e+5,    70431.281
2026-01-07 16:00:00.000   ,    328.94464,    412.17300,    1.3050590,    2.9730769,    43012.727,    67611.383
2026-01-07 17:00:00.000   ,    332.35500,    413.67800,    1.2788209,    4.6000000,    33978.333,    68735.272
2026-01-07 18:00:00.000   ,    339.90345,    415.18300,    1.2530282,    4.5290909,    29646.552,    69865.595
2026-01-07 19:00:00.000   ,    345.77368,    422.69359,    1.1306305,    4.9824561,    21266.071,    75602.545
2026-01-07 20:00:00.000   ,    347.88475,    430.20417,    1.0179425,    7.0000000,    19498.305,    81499.709
2026-01-07 21:00:00.000   ,    352.23500,    437.71476,   0.91396370,    9.7250000,    20586.441,    87557.088
2026-01-07 22:00:00.000   ,    349.82885,    436.40706,   0.93148150,    7.7127273,    20527.451,    86490.890
2026-01-07 23:00:00.000   ,    349.47455,    435.09935,   0.94924091,    6.9783333,    22625.455,    85429.549
2026-01-08 00:00:00.000   ,    355.08704,    433.79165,   0.96724639,    5.6285714,    23309.259,    84373.066
2026-01-08 01:00:00.000   ,    352.07273,    432.48395,   0.98550250,    4.6084746,    25832.727,    83321.439
2026-01-08 02:00:00.000   ,    355.92759,    431.81704,   0.99491080,    7.8932203,    29722.414,    82786.998
2026-01-08 03:00:00.000   ,    366.00862,    431.15013,    1.0043861,    15.484483,    41817.241,    82253.820
2026-01-08 04:00:00.000   ,    372.37500,    430.48323,    1.0139291,    20.819512,    49655.769,    81721.905
2026-01-08 05:00:00.000   ,    373.35769,    429.81632,    1.0235405,    8.2527273,    48203.846,    81191.253
2026-01-08 06:00:00.000   ,    367.31887,    431.15466,    1.0043217,    10.292308,    38679.245,    82257.430
2026-01-08 07:00:00.000   ,    370.00000,    432.47953,   0.98556459,    6.6954545,    66200.000,    83317.895
2026-01-08 08:00:00.000   ,    368.51429,    433.80440,   0.96706958,    7.3567568,    50534.286,    84383.346
2026-01-08 09:00:00.000   ,    377.99808,    441.67530,   0.86233869,    7.9415094,    34205.769,    90815.833
2026-01-08 10:00:00.000   ,    381.90213,    449.54620,   0.76575460,    7.9978723,    27876.087,    97424.275
2026-01-08 11:00:00.000   ,    380.47872,    457.41710,   0.67649374,    8.5473684,    22763.830,  1.042087e+5
2026-01-08 12:00:00.000   ,    373.20417,    465.28800,   0.59383404,    7.1111111,    39706.250,  1.111690e+5
2026-01-08 13:00:00.000   ,    381.79630,    471.53717,   0.53248284,    8.1000000,    38678.846,  1.168206e+5
2026-01-08 14:00:00.000   ,    372.78039,    477.78633,   0.47460702,    7.7358491,    25256.863,  1.225830e+5
2026-01-08 15:00:00.000   ,    388.42708,    484.03550,   0.41994895,    7.2829787,    30933.333,  1.284564e+5
2026-01-08 16:00:00.000   ,    396.92439,    490.28467,   0.36827446,    3.2078947,  1.103927e+5,  1.344407e+5
2026-01-08 17:00:00.000   ,    415.11957,    496.53383,   0.31937028,    3.8270270,  1.655109e+5,  1.405359e+5
2026-01-08 18:00:00.000   ,    408.00952,    502.78300,   0.27304186,    4.2592593,  1.722190e+5,  1.467420e+5
2026-01-08 19:00:00.000   ,    421.46250,    539.60136,   0.04379941,    5.4952381,  2.011750e+5,  1.855587e+5
2026-01-08 20:00:00.000   ,    416.35000,    576.41972,  -0.12866851,    4.8820513,  1.658595e+5,  2.282255e+5
2026-01-08 21:00:00.000   ,    422.62424,    613.23809,  -0.26167179,    5.5388889,  1.497364e+5,  2.747425e+5
2026-01-08 22:00:00.000   ,    412.57308,    650.05645,  -0.36639307,    6.3714286,  1.389269e+5,  3.251098e+5
2026-01-08 23:00:00.000   ,    405.69000,    720.93093,  -0.51393892,    5.5387097,  1.345233e+5,  4.329048e+5
2026-01-09 00:00:00.000   ,    413.92400,    757.86718,  -0.57121400,    5.6000000,  1.297920e+5,  4.947373e+5
2026-01-09 01:00:00.000   ,    401.70690,    761.12828,  -0.57577797,    5.1468750,  1.310517e+5,  5.003826e+5
2026-01-09 02:00:00.000   ,    407.43333,    764.38939,  -0.58026946,    5.5147059,  1.182167e+5,  5.060582e+5
2026-01-09 03:00:00.000   ,    406.11304,    767.65050,  -0.58469000,    7.6548387,  1.106478e+5,  5.117640e+5
2026-01-09 04:00:00.000   ,    401.61765,    759.55620,  -0.57358696,    10.639130,  1.066471e+5,  4.976574e+5
2026-01-09 05:00:00.000   ,    455.83182,    751.46189,  -0.56203264,    6.6633333,  1.726364e+5,  4.837369e+5
2026-01-09 06:00:00.000   ,    472.45294,    743.11597,  -0.54962036,    4.3347826,  1.586588e+5,  4.695785e+5
2026-01-09 07:00:00.000   ,    464.41667,    734.77005,  -0.53667285,    3.6600000,  1.317000e+5,  4.556180e+5
2026-01-09 08:00:00.000   ,    545.63077,    726.42412,  -0.52315889,    4.9733333,  2.944615e+5,  4.418553e+5
2026-01-09 09:00:00.000   ,    534.87059,    720.31762,  -0.51289297,    6.2142857,  3.641765e+5,  4.319108e+5
2026-01-09 10:00:00.000   ,      N/A    ,    711.15119,  -0.49684915,      N/A    ,      N/A    ,  4.171820e+5
2026-01-09 11:00:00.000   ,    522.08545,    701.98475,  -0.47999943,    5.1459459,  3.487491e+5,  4.026918e+5
2026-01-09 12:00:00.000   ,    525.61500,    692.81831,  -0.46228891,    5.2552632,  3.711500e+5,  3.884403e+5
2026-01-09 13:00:00.000   ,    503.35763,    683.65188,  -0.44365794,    4.2823529,  2.806237e+5,  3.744274e+5
2026-01-09 14:00:00.000   ,    490.80909,    692.06778,  -0.46079888,    3.7714286,  1.806023e+5,  3.872840e+5
2026-01-09 15:00:00.000   ,    480.12439,    686.25440,  -0.44904485,    4.1437500,  2.239463e+5,  3.783817e+5
2026-01-09 16:00:00.000   ,    487.90175,    696.46226,  -0.46943618,    4.5851852,  1.799404e+5,  3.940772e+5
2026-01-09 17:00:00.000   ,    501.44828,    706.67012,  -0.48871605,    5.0166667,  1.953362e+5,  4.100686e+5
2026-01-09 18:00:00.000   ,    500.92373,    740.25296,  -0.54524066,    3.8642857,  2.561186e+5,  4.647672e+5
2026-01-09 19:00:00.000   ,    490.88983,    728.68793,  -0.52688237,    4.1033333,  2.189237e+5,  4.455688e+5
2026-01-09 20:00:00.000   ,    512.48103,    717.12290,  -0.50738956,    3.9160000,  1.948310e+5,  4.267504e+5
2026-01-09 21:00:00.000   ,    478.21515,    705.55787,  -0.48666677,    4.3312500,  2.229394e+5,  4.083118e+5
2026-01-09 22:00:00.000   ,    473.63137,    693.99284,  -0.46460832,    4.1418605,  2.164706e+5,  3.902531e+5
2026-01-09 23:00:00.000   ,    481.93036,    713.53141,  -0.50109055,    4.4227273,  1.802321e+5,  4.209836e+5
2026-01-10 00:00:00.000   ,    476.41053,    691.42470,  -0.45951723,    4.9782609,  1.566509e+5,  3.862945e+5
2026-01-10 01:00:00.000   ,    483.70714,    701.26011,  -0.47863142,    6.4898305,  1.204839e+5,  4.015565e+5
2026-01-10 02:00:00.000   ,    472.34576,    711.09552,  -0.49674930,    5.8423729,  1.470780e+5,  4.170933e+5
2026-01-10 03:00:00.000   ,    480.52414,    720.93093,  -0.51393892,    4.7771930,  1.705862e+5,  4.329048e+5
2026-01-10 04:00:00.000   ,    486.69623,    719.70372,  -0.51184261,    5.2385965,  1.316189e+5,  4.309169e+5
2026-01-10 05:00:00.000   ,    482.81071,    729.45559,  -0.52813511,    4.7683333,  1.215964e+5,  4.468314e+5
2026-01-10 06:00:00.000   ,    479.17818,    747.35409,  -0.55598842,    3.2258621,  1.144473e+5,  4.767435e+5
2026-01-10 07:00:00.000   ,    472.00909,    739.36213,  -0.54386486,    3.6208333,  1.015818e+5,  4.632749e+5
2026-01-10 08:00:00.000   ,    477.39250,    731.37017,  -0.53123790,    3.7666667,  1.112625e+5,  4.499876e+5
2026-01-10 09:00:00.000   ,    473.96897,    723.37821,  -0.51807927,    4.0425926,    92067.241,  4.368818e+5
2026-01-10 10:00:00.000   ,    477.00196,    719.70372,  -0.51184261,    3.5000000,    63966.667,  4.309169e+5
2026-01-10 11:00:00.000   ,    479.27593,    714.43886,  -0.50269347,    3.3879310,    45288.889,  4.224372e+5
2026-01-10 12:00:00.000   ,    477.24906,    709.17401,  -0.49328468,    4.3368421,    46843.396,  4.140363e+5
2026-01-10 13:00:00.000   ,    484.47018,    706.66496,  -0.48870657,    5.6220000,    33981.250,  4.100604e+5
2026-01-10 14:00:00.000   ,    478.27692,    704.15592,  -0.48406614,    5.4261905,    21760.000,  4.061024e+5
2026-01-10 15:00:00.000   ,    473.75472,    703.52574,  -0.48289071,    7.2529412,    92148.077,  4.051111e+5
2026-01-10 16:00:00.000   ,    467.52353,    692.69315,  -0.46204085,    7.8923077,    21259.184,  3.882474e+5
2026-01-10 17:00:00.000   ,    466.67115,    681.86057,  -0.43990409,    6.3320755,    29110.000,  3.717169e+5
2026-01-10 18:00:00.000   ,    464.21667,    671.02798,  -0.41637231,    5.6735849,  1.397377e+5,  3.555197e+5
2026-01-10 19:00:00.000   ,    505.66596,    660.19539,  -0.39132577,    5.8533333,  1.372356e+5,  3.396559e+5
2026-01-10 20:00:00.000   ,    575.29020,    649.36281,  -0.36463163,    5.2812500,  2.695647e+5,  3.241253e+5
2026-01-10 21:00:00.000   ,    566.55625,    646.57152,  -0.35746859,    6.1280000,  1.875917e+5,  3.201774e+5
2026-01-10 22:00:00.000   ,    551.12857,    643.78023,  -0.35018373,    3.3857143,  2.245000e+5,  3.162517e+5
2026-01-10 23:00:00.000   ,    534.01429,    645.88074,  -0.35567719,   0.88823529,  4.163405e+5,  3.192038e+5
2026-01-11 00:00:00.000   ,    534.21282,    638.69215,  -0.33658199,    1.3322581,  4.598462e+5,  3.091527e+5
2026-01-11 01:00:00.000   ,    533.24516,    631.50356,  -0.31662518,   0.68235294,  5.297419e+5,  2.992483e+5
2026-01-11 02:00:00.000   ,    517.05000,    624.31497,  -0.29575413,   0.50000000,  2.850000e+5,  2.894907e+5
2026-01-11 03:00:00.000   ,    516.47500,    617.12639,  -0.27391213,   0.96666667,  3.910000e+5,  2.798798e+5
2026-01-11 04:00:00.000   ,    538.24386,    617.49629,  -0.27506069,    1.3631579,  3.726667e+5,  2.803708e+5
2026-01-11 05:00:00.000   ,    536.99333,    617.86618,  -0.27620652,    1.3710526,  3.551500e+5,  2.808622e+5
2026-01-11 06:00:00.000   ,    527.90333,    610.80889,  -0.25386694,    1.9707317,  3.246667e+5,  2.715548e+5
2026-01-11 07:00:00.000   ,    524.83077,    603.75160,  -0.23047692,    2.1937500,  2.970385e+5,  2.623889e+5
2026-01-11 08:00:00.000   ,    516.94667,    596.69430,  -0.20596956,    2.4864865,  2.317333e+5,  2.533644e+5
2026-01-11 09:00:00.000   ,    522.13200,    591.20850,  -0.18610153,    2.4200000,  2.053700e+5,  2.464473e+5
2026-01-11 10:00:00.000   ,    535.91455,    585.72271,  -0.16547837,    3.3740741,  1.872182e+5,  2.396155e+5
2026-01-11 11:00:00.000   ,    541.25000,    582.12082,  -0.15150829,    3.6727273,  1.375000e+5,  2.351764e+5
2026-01-11 12:00:00.000   ,    528.04035,    578.51893,  -0.13718445,    3.5016667,  1.485211e+5,  2.307742e+5
2026-01-11 13:00:00.000   ,    514.77966,    573.34401,  -0.11596156,    5.5754386,  1.176203e+5,  2.245138e+5
2026-01-11 14:00:00.000   ,    520.86250,    568.16909,  -0.09394590,    2.6314815,  1.392964e+5,  2.183295e+5
2026-01-11 15:00:00.000   ,    511.19649,    562.99417,  -0.07109747,    2.1300000,  1.221053e+5,  2.122213e+5
2026-01-11 16:00:00.000   ,    510.44727,    557.81925,  -0.04737376,    6.0480769,    80080.000,  2.061892e+5
2026-01-11 17:00:00.000   ,    527.29818,    554.38892,  -0.03114342,    5.1518519,    43785.455,  2.022325e+5
2026-01-11 18:00:00.000   ,    532.11754,    550.95858,  -0.01449473,    1.9894737,    35601.754,  1.983093e+5
2026-01-11 19:00:00.000   ,    536.49535,    547.90493,   0.00068947,    2.8512195,    58318.605,  1.948450e+5
2026-01-11 20:00:00.000   ,    538.33833,    544.85129,   0.01622733,    2.1551020,    60672.881,  1.914072e+5
2026-01-11 21:00:00.000   ,    542.79000,    554.70579,  -0.03266000,    1.4672414,    40870.000,  2.025966e+5
2026-01-11 22:00:00.000   ,    531.85000,    564.56029,  -0.07810264,    1.3788462,    73448.000,  2.140619e+5
2026-01-11 23:00:00.000   ,    541.26364,    558.74908,  -0.05170292,   0.87627119,    88010.909,  2.072674e+5
2026-01-12 00:00:00.000   ,    532.48909,    552.93786,  -0.02415276,   0.75102041,  1.154145e+5,  2.005689e+5
2026-01-12 01:00:00.000   ,    529.03214,    547.12664,   0.00461567,    1.1000000,  1.406821e+5,  1.939662e+5
2026-01-12 02:00:00.000   ,    545.72143,    541.31542,   0.03467526,    1.1135593,  1.020929e+5,  1.874595e+5
2026-01-12 03:00:00.000   ,    535.67818,    536.23997,   0.06204656,    1.0280702,    87785.455,  1.818551e+5
2026-01-12 04:00:00.000   ,    529.84630,    531.16452,   0.09051853,    1.0448276,    77329.630,  1.763239e+5
2026-01-12 05:00:00.000   ,    513.83455,    526.08907,   0.12015097,    1.3655172,  1.149945e+5,  1.708658e+5
2026-01-12 06:00:00.000   ,    520.15926,    521.01362,   0.15100782,    1.4527273,    89940.741,  1.654809e+5
2026-01-12 07:00:00.000   ,    510.96667,    515.93817,   0.18315748,    1.4307692,  1.248542e+5,  1.601691e+5
2026-01-12 08:00:00.000   ,    516.03830,    510.86272,   0.21667319,   0.74347826,    69570.213,  1.549305e+5
2026-01-12 09:00:00.000   ,    510.70172,    505.78727,   0.25163345,    1.1444444,    73796.552,  1.497651e+5
2026-01-12 10:00:00.000   ,    524.09000,    506.77348,   0.24472341,   0.67115385,    70650.000,  1.507631e+5
2026-01-12 11:00:00.000   ,    548.54694,    503.28793,   0.26940548,   0.50625000,    79020.408,  1.472483e+5
2026-01-12 12:00:00.000   ,    537.29796,    499.80239,   0.29482904,    1.1913043,    74681.633,  1.437681e+5
2026-01-12 13:00:00.000   ,    519.47500,    496.76475,   0.31761368,    1.1333333,  1.197981e+5,  1.407633e+5
2026-01-12 14:00:00.000   ,    555.98627,    493.67913,   0.34137947,    1.2875000,  1.903333e+5,  1.377378e+5
2026-01-12 15:00:00.000   ,    566.70962,    490.59351,   0.36579411,    1.3148936,  2.562885e+5,  1.347393e+5
2026-01-12 16:00:00.000   ,    560.69800,    508.73654,   0.23113802,    1.9680851,  2.803100e+5,  1.527577e+5
2026-01-12 17:00:00.000   ,    562.09600,    524.95379,   0.12694441,    1.6702128,  2.877800e+5,  1.696549e+5
2026-01-12 18:00:00.000   ,    599.72449,    522.14959,   0.14399176,    1.6311111,  2.553102e+5,  1.666797e+5
2026-01-12 19:00:00.000   ,    565.88824,    520.26155,   0.15568840,    1.2358974,  2.600765e+5,  1.646892e+5
2026-01-12 20:00:00.000   ,    561.75319,    518.37351,   0.16756534,    1.5151515,  1.869383e+5,  1.627087e+5
2026-01-12 21:00:00.000   ,    565.03953,    517.42268,   0.17361610,    1.6583333,  1.923837e+5,  1.617152e+5
2026-01-12 22:00:00.000   ,    579.72121,    517.42268,   0.17361610,   0.98571429,  3.233030e+5,  1.617152e+5
2026-01-12 23:00:00.000   ,    557.76486,    513.07961,   0.20186104,    1.2500000,  2.170568e+5,  1.572097e+5
2026-01-13 00:00:00.000   ,    572.79062,    508.73654,   0.23113802,    1.3909091,  2.760000e+5,  1.527577e+5
2026-01-13 01:00:00.000   ,    597.01714,    519.15648,   0.16261788,   0.95641026,  2.160286e+5,  1.635288e+5
2026-01-13 02:00:00.000   ,    579.55556,    529.57641,   0.09966285,   0.84516129,  2.521389e+5,  1.746082e+5
2026-01-13 03:00:00.000   ,    578.20000,    592.80738,  -0.19196851,   0.97500000,  2.832333e+5,  2.484545e+5
2026-01-13 04:00:00.000   ,    559.95000,    588.31340,  -0.17531427,    1.0000000,  2.429333e+5,  2.428312e+5
2026-01-13 05:00:00.000   ,    543.05714,    583.81943,  -0.15813978,    1.0500000,  4.012500e+5,  2.372653e+5
2026-01-13 06:00:00.000   ,    542.52143,    579.32545,  -0.14042314,    1.1967742,  3.741786e+5,  2.317567e+5
2026-01-13 07:00:00.000   ,    541.26364,    574.85403,  -0.12223453,    1.3000000,  3.865455e+5,  2.263327e+5
2026-01-13 08:00:00.000   ,    561.39200,    570.38261,  -0.10346244,   0.75217391,  4.479200e+5,  2.209655e+5
2026-01-13 09:00:00.000   ,    553.97931,    565.91119,  -0.08408165,   0.37037037,  5.303414e+5,  2.156551e+5
2026-01-13 10:00:00.000   ,    547.85417,    561.43978,  -0.06406556,   0.23000000,  5.992833e+5,  2.104015e+5
2026-01-13 11:00:00.000   ,    592.20870,    556.96836,  -0.04338609,   0.20000000,  5.318696e+5,  2.052046e+5
2026-01-13 12:00:00.000   ,    559.65625,    554.40433,  -0.03121729,   0.23333333,  4.813375e+5,  2.022502e+5
2026-01-13 13:00:00.000   ,    559.22222,    554.61848,  -0.03224248,   0.28000000,  4.469222e+5,  2.024963e+5
2026-01-13 14:00:00.000   ,    531.07778,    554.83263,  -0.03326605,   0.30000000,  3.482222e+5,  2.027424e+5
2026-01-13 15:00:00.000   ,    553.08235,    555.04677,  -0.03428799,    6.2750000,  3.885235e+5,  2.029887e+5
2026-01-13 16:00:00.000   ,    530.45517,    555.26092,  -0.03530831,   0.47674419,  3.869534e+5,  2.032351e+5
2026-01-13 17:00:00.000   ,    537.97586,    560.36077,  -0.05913716,   0.31282051,  3.701362e+5,  2.091422e+5
2026-01-13 18:00:00.000   ,    515.19500,    554.40433,  -0.03121729,   0.67619048,  3.240333e+5,  2.022502e+5
2026-01-13 19:00:00.000   ,    506.26364,    562.88585,  -0.07061004,   0.67804878,  3.530164e+5,  2.120943e+5
2026-01-13 20:00:00.000   ,    509.68364,    562.88585,  -0.07061004,   0.48157895,  4.075273e+5,  2.120943e+5
2026-01-13 21:00:00.000   ,    525.74000,    566.22770,  -0.08547408,   0.47500000,  3.606000e+5,  2.160291e+5
2026-01-13 22:00:00.000   ,    516.73500,    569.54181,  -0.09986536,   0.48679245,  3.488000e+5,  2.199626e+5
2026-01-13 23:00:00.000   ,    503.29000,    574.43363,  -0.12049482,   0.43888889,  2.468667e+5,  2.258257e+5
2026-01-14 00:00:00.000   ,    502.67833,    579.32545,  -0.14042314,   0.42727273,  2.109000e+5,  2.317567e+5
2026-01-14 01:00:00.000   ,    499.62667,    579.32545,  -0.14042314,   0.43125000,  2.013167e+5,  2.317567e+5
2026-01-14 02:00:00.000   ,    497.17833,    586.51565,  -0.16850748,   0.39245283,  1.979167e+5,  2.405977e+5
2026-01-14 03:00:00.000   ,    500.05273,    588.88575,  -0.17746378,   0.43541667,  1.985455e+5,  2.435442e+5
2026-01-14 04:00:00.000   ,    500.17627,    593.97705,  -0.19622048,   0.37307692,  2.055593e+5,  2.499275e+5
2026-01-14 05:00:00.000   ,    490.16667,    594.36625,  -0.19762786,   0.33636364,  1.798000e+5,  2.504185e+5
2026-01-14 06:00:00.000   ,    490.21500,    594.36625,  -0.19762786,   0.44210526,  1.879833e+5,  2.504185e+5
2026-01-14 07:00:00.000   ,    475.09600,    594.36625,  -0.19762786,   0.50454545,  1.384000e+5,  2.504185e+5
2026-01-14 08:00:00.000   ,    477.85909,    593.58682,  -0.19480564,   0.54736842,  1.711955e+5,  2.494356e+5
2026-01-14 09:00:00.000   ,    522.24483,    592.80738,  -0.19196851,   0.94615385,  1.382448e+5,  2.484545e+5
2026-01-14 10:00:00.000   ,    519.42500,    588.86784,  -0.17739665,   0.94000000,  1.594268e+5,  2.435219e+5
2026-01-14 11:00:00.000   ,    514.51379,    584.92830,  -0.16242703,    1.0950000,  1.845690e+5,  2.386333e+5
2026-01-14 12:00:00.000   ,    521.42500,    581.73576,  -0.14999412,    1.2619048,  1.955411e+5,  2.347041e+5
2026-01-14 13:00:00.000   ,    502.95167,    579.32545,  -0.14042314,    1.5200000,  1.750167e+5,  2.317567e+5
2026-01-14 14:00:00.000   ,    524.89831,    578.11332,  -0.13554876,   0.68787879,  2.035475e+5,  2.302807e+5
2026-01-14 15:00:00.000   ,    517.83860,    576.90119,  -0.13063280,   0.81785714,  1.911404e+5,  2.288089e+5
2026-01-14 16:00:00.000   ,    540.30345,    576.90119,  -0.13063280,   0.59800000,  2.312828e+5,  2.288089e+5
2026-01-14 17:00:00.000   ,    533.65333,    576.90119,  -0.13063280,   0.58888889,  1.303217e+5,  2.288089e+5
2026-01-14 18:00:00.000   ,    522.51786,    575.27713,  -0.12398019,   0.21250000,  1.585500e+5,  2.268435e+5
2026-01-14 19:00:00.000   ,    514.32712,    573.64665,  -0.11722419,   0.15600000,  1.590881e+5,  2.248778e+5
2026-01-14 20:00:00.000   ,    521.48621,    573.64665,  -0.11722419,   0.31333333,  1.856276e+5,  2.248778e+5
2026-01-14 21:00:00.000   ,    531.02203,    571.18125,  -0.10685920,   0.94102564,  2.228102e+5,  2.219200e+5
2026-01-14 22:00:00.000   ,    560.96897,    568.71584,  -0.09631059,    1.2827586,  1.898569e+5,  2.189793e+5
2026-01-14 23:00:00.000   ,    564.79167,    568.30201,  -0.09452163,   0.95254237,  2.628000e+5,  2.184874e+5
2026-01-15 00:00:00.000   ,    545.86500,    567.88817,  -0.09272735,   0.51864407,  2.485500e+5,  2.179960e+5
2026-01-15 01:00:00.000   ,    533.13167,    561.57455,  -0.06467839,   0.59821429,  2.269333e+5,  2.105590e+5
2026-01-15 02:00:00.000   ,    525.02833,    555.26092,  -0.03530831,   0.18510638,  1.928750e+5,  2.032351e+5
2026-01-15 03:00:00.000   ,    510.84068,    556.96836,  -0.04338609,   0.37254902,  1.614559e+5,  2.052046e+5
2026-01-15 04:00:00.000   ,    492.53103,    553.96347,  -0.02910159,   0.81355932,    95901.724,  2.017441e+5
2026-01-15 05:00:00.000   ,    488.11525,    550.95858,  -0.01449473,   0.40961538,  1.272508e+5,  1.983093e+5
2026-01-15 06:00:00.000   ,    538.77667,    548.34426,  -0.00151660,   0.76101695,  1.509100e+5,  1.953418e+5
2026-01-15 07:00:00.000   ,    582.31200,    545.72994,   0.01171960,   0.65416667,  1.837200e+5,  1.923936e+5
2026-01-15 08:00:00.000   ,    619.33913,    540.42605,   0.03939450,    1.3304348,  2.435435e+5,  1.864722e+5
2026-01-15 09:00:00.000   ,    624.47833,    536.82816,   0.05881920,    1.2233333,  2.299500e+5,  1.825009e+5
2026-01-15 10:00:00.000   ,    621.03167,    533.23028,   0.07879356,   0.91034483,  2.250200e+5,  1.785663e+5
2026-01-15 11:00:00.000   ,    624.18333,    530.02033,   0.09709524,   0.27500000,  2.491517e+5,  1.750870e+5
2026-01-15 12:00:00.000   ,    587.21176,    526.81037,   0.11586663,   0.23469388,  2.132353e+5,  1.716370e+5
2026-01-15 13:00:00.000   ,    570.22500,    522.56448,   0.14144528,   0.60000000,  1.426750e+5,  1.671185e+5
2026-01-15 14:00:00.000   ,    591.63793,    518.31858,   0.16791361,    1.0465517,  1.579500e+5,  1.626512e+5
2026-01-15 15:00:00.000   ,    623.96429,    514.07269,   0.19531337,    1.6519231,  2.175179e+5,  1.582352e+5
2026-01-15 16:00:00.000   ,    619.88500,    509.65116,   0.22488423,    1.3423729,  2.414700e+5,  1.536908e+5
2026-01-15 17:00:00.000   ,    622.60167,    505.22964,   0.25556614,   0.47592593,  2.874333e+5,  1.492020e+5
2026-01-15 18:00:00.000   ,    622.24310,    500.80811,   0.28741548,   0.36363636,  2.781034e+5,  1.447688e+5
2026-01-15 19:00:00.000   ,    605.65167,    499.80070,   0.29484158,   0.30925926,  3.135833e+5,  1.437664e+5
2026-01-15 20:00:00.000   ,    592.31525,    498.79328,   0.30233212,   0.24468085,  2.714983e+5,  1.427670e+5
2026-01-15 21:00:00.000   ,    581.30345,    495.74524,   0.32539572,   0.16923077,  2.479138e+5,  1.397606e+5
2026-01-15 22:00:00.000   ,    574.13167,    493.33239,   0.34409025,   0.24912281,  2.764500e+5,  1.373995e+5
2026-01-15 23:00:00.000   ,    553.87667,    490.91954,   0.36318312,   0.35932203,  2.495500e+5,  1.350549e+5
2026-01-16 00:00:00.000   ,    550.50500,    488.50669,   0.38268572,    1.3116667,  2.065000e+5,  1.327268e+5
2026-01-16 01:00:00.000   ,    552.90000,    483.71226,   0.42270108,   0.88135593,  2.211500e+5,  1.281499e+5
2026-01-16 02:00:00.000   ,    586.92667,    478.91783,   0.46447900,    1.6964912,  2.951000e+5,  1.236383e+5
2026-01-16 03:00:00.000   ,    662.39831,    475.97764,   0.49101616,    2.3345455,  4.705593e+5,  1.209038e+5
2026-01-16 04:00:00.000   ,    687.43390,    473.03746,   0.51828121,    2.5652174,  4.239661e+5,  1.181939e+5
2026-01-16 05:00:00.000   ,    697.88966,    470.09727,   0.54630102,    1.8978261,  4.101207e+5,  1.155085e+5
2026-01-16 06:00:00.000   ,    684.90500,    480.56526,   0.44991838,    1.8280702,  2.783000e+5,  1.251811e+5
2026-01-16 07:00:00.000   ,    679.84583,    491.03326,   0.36227416,    1.8500000,  2.733333e+5,  1.351650e+5
2026-01-16 08:00:00.000   ,    671.81667,    495.83681,   0.32469392,    2.3238095,  3.460667e+5,  1.398506e+5
2026-01-16 09:00:00.000   ,    642.19667,    500.64037,   0.28864756,    2.5814815,  2.674833e+5,  1.446017e+5
2026-01-16 10:00:00.000   ,    614.29500,    505.44392,   0.25405272,    3.1648148,  2.359467e+5,  1.494183e+5
2026-01-16 11:00:00.000   ,    600.56167,    510.24748,   0.22083250,    2.5291667,  2.056967e+5,  1.543005e+5
2026-01-16 12:00:00.000   ,    637.46167,    515.05103,   0.18891503,    1.5347826,  3.646183e+5,  1.592482e+5
2026-01-16 13:00:00.000   ,    656.83860,    514.04464,   0.19549754,    1.2846154,  3.422684e+5,  1.582062e+5
2026-01-16 14:00:00.000   ,    669.62931,    513.03826,   0.20213488,    2.0150943,  3.152897e+5,  1.571670e+5
2026-01-16 15:00:00.000   ,    659.96429,    508.49951,   0.23276660,    3.8980000,  2.910321e+5,  1.525163e+5
2026-01-16 16:00:00.000   ,    683.96667,    503.96076,   0.26458421,    3.1128205,  4.391667e+5,  1.479241e+5
2026-01-16 17:00:00.000   ,    706.87759,    499.42201,   0.29764972,    3.4170213,  3.779776e+5,  1.433904e+5
2026-01-16 18:00:00.000   ,    698.56102,    494.88326,   0.33202925,    2.8739130,  3.688644e+5,  1.389152e+5
2026-01-16 19:00:00.000   ,    698.05789,    495.18076,   0.32973417,    3.4344828,  4.166228e+5,  1.392068e+5
2026-01-16 20:00:00.000   ,    692.06102,    495.47826,   0.32744503,    3.1558140,  4.039492e+5,  1.394985e+5
2026-01-16 21:00:00.000   ,    674.01724,    515.24087,   0.18767942,    2.5769231,  5.316034e+5,  1.594451e+5
2026-01-16 22:00:00.000   ,    691.68983,    535.00349,   0.06887923,    2.8375000,  4.700000e+5,  1.805009e+5
2026-01-16 23:00:00.000   ,    676.37833,    554.76611,  -0.03294831,    3.1857143,  4.479000e+5,  2.026659e+5
2026-01-17 00:00:00.000   ,    675.77000,    549.74040,  -0.00847904,    2.3800000,  3.923617e+5,  1.969241e+5
2026-01-17 01:00:00.000   ,    685.96500,    544.71468,   0.01693083,    2.4468085,  4.228083e+5,  1.912540e+5
2026-01-17 02:00:00.000   ,    724.82833,    539.68897,   0.04333014,    1.5420000,  3.161667e+5,  1.856556e+5
2026-01-17 03:00:00.000   ,    742.84407,    534.66326,   0.07077094,    1.2750000,  2.614525e+5,  1.801290e+5
2026-01-17 04:00:00.000   ,    734.77119,    529.63754,   0.09930873,    1.7581818,  2.370254e+5,  1.746741e+5
2026-01-17 05:00:00.000   ,    729.96552,    528.27861,   0.10722123,    1.7673077,  2.598448e+5,  1.732114e+5
2026-01-17 06:00:00.000   ,    724.78929,    526.91968,   0.11521947,    1.5217391,  2.894804e+5,  1.717540e+5
2026-01-17 07:00:00.000   ,    712.38571,    525.56076,   0.12330469,    2.0019608,  2.148036e+5,  1.703018e+5
2026-01-17 08:00:00.000   ,    695.13448,    524.20183,   0.13147815,    1.8608696,  1.936103e+5,  1.688549e+5
2026-01-17 09:00:00.000   ,    696.87458,    522.84290,   0.13974115,    2.1315789,  1.928220e+5,  1.674132e+5
2026-01-17 10:00:00.000   ,    697.85000,    521.48397,   0.14809500,    1.3760870,  2.681000e+5,  1.659768e+5
2026-01-17 11:00:00.000   ,    698.21167,    520.12504,   0.15654103,    1.5959184,  2.527000e+5,  1.645456e+5
2026-01-17 12:00:00.000   ,    680.60500,    518.76611,   0.16508060,    1.5656250,  2.697333e+5,  1.631197e+5
2026-01-17 13:00:00.000   ,    682.85085,    517.40718,   0.17371510,    1.5444444,  2.824610e+5,  1.616990e+5
2026-01-17 14:00:00.000   ,    682.42373,    516.04826,   0.18244595,    1.8702703,  2.482203e+5,  1.602835e+5
2026-01-17 15:00:00.000   ,    699.55893,    527.74826,   0.11033248,    1.2860465,  2.851964e+5,  1.726420e+5
2026-01-17 16:00:00.000   ,    708.25593,    537.84826,   0.05325686,   0.83333333,  2.847627e+5,  1.836231e+5
2026-01-17 17:00:00.000   ,    700.02500,    522.29826,   0.14307829,    1.6448980,  2.130783e+5,  1.668369e+5
2026-01-17 18:00:00.000   ,    702.52414,    520.25111,   0.15575355,    1.1367347,  1.994276e+5,  1.646782e+5
2026-01-17 19:00:00.000   ,    696.12203,    518.20397,   0.16864081,    1.1055556,  1.443017e+5,  1.625314e+5
2026-01-17 20:00:00.000   ,    688.09464,    516.15683,   0.18174482,   0.89677419,  2.367286e+5,  1.603964e+5
2026-01-17 21:00:00.000   ,    686.78070,    514.10968,   0.19507048,   0.40000000,  2.697807e+5,  1.582734e+5
2026-01-17 22:00:00.000   ,    689.79444,    512.06254,   0.20862282,   0.69459459,  2.300611e+5,  1.561623e+5
2026-01-17 23:00:00.000   ,    679.30000,    510.01540,   0.22240700,    1.4333333,  1.734821e+5,  1.540631e+5
2026-01-18 00:00:00.000   ,    683.87667,    507.96826,   0.23642834,    1.4363636,  1.532333e+5,  1.519758e+5
2026-01-18 01:00:00.000   ,    676.67000,    506.81576,   0.24442846,   0.68536585,  2.170500e+5,  1.508059e+5
2026-01-18 02:00:00.000   ,    672.04746,    505.66326,   0.25250648,    1.0220000,  1.492983e+5,  1.496398e+5
2026-01-18 03:00:00.000   ,    660.79310,    505.60918,   0.25288742,    1.6666667,  1.711414e+5,  1.495852e+5
2026-01-18 04:00:00.000   ,    662.77500,    505.55511,   0.25326854,    1.2980769,  1.837667e+5,  1.495306e+5
2026-01-18 05:00:00.000   ,    632.77500,    505.50103,   0.25364983,    1.2944444,  1.332733e+5,  1.494760e+5
2026-01-18 06:00:00.000   ,    621.48475,    510.03159,   0.22229706,    1.0810345,  1.119508e+5,  1.540796e+5
2026-01-18 07:00:00.000   ,    605.21818,    522.76112,   0.14024128,    1.0000000,  1.152909e+5,  1.673267e+5
2026-01-18 08:00:00.000   ,    575.65400,    535.49065,   0.06617937,    1.2857143,    92794.000,  1.810339e+5
2026-01-18 09:00:00.000   ,    565.51167,    548.22019,  -0.00089430,   0.89795918,    96345.000,  1.952014e+5
2026-01-18 10:00:00.000   ,    566.48793,    560.94972,  -0.06183203,   0.63181818,  1.434362e+5,  2.098291e+5
2026-01-18 11:00:00.000   ,    570.75000,    573.67925,  -0.11736004,   0.53333333,  2.074067e+5,  2.249171e+5
2026-01-18 12:00:00.000   ,    553.08667,    586.40879,  -0.16810022,   0.84062500,  1.795900e+5,  2.404653e+5
2026-01-18 13:00:00.000   ,    537.21667,    599.13832,  -0.21458758,   0.71794872,  1.419033e+5,  2.564737e+5
2026-01-18 14:00:00.000   ,    549.28421,    611.86785,  -0.25728445,   0.54285714,  1.909123e+5,  2.729424e+5
2026-01-18 15:00:00.000   ,    521.01964,    624.59738,  -0.29659200,   0.24666667,  2.149964e+5,  2.898713e+5
2026-01-18 16:00:00.000   ,    541.88679,    637.32692,  -0.33285969,   0.11627907,  4.022377e+5,  3.072604e+5
2026-01-18 17:00:00.000   ,    503.63103,    650.05645,  -0.36639307,   0.12121212,  2.734172e+5,  3.251098e+5
2026-01-18 18:00:00.000   ,    523.51429,    671.79144,  -0.41807894,   0.13142857,  2.097107e+5,  3.566504e+5
2026-01-18 19:00:00.000   ,    497.76333,    692.71017,  -0.46207458,   0.16764706,  1.633267e+5,  3.882736e+5
2026-01-18 20:00:00.000   ,    485.96034,    691.10068,  -0.45886974,   0.32857143,  1.248690e+5,  3.857964e+5
2026-01-18 21:00:00.000   ,    494.22333,    689.49120,  -0.45563618,   0.31276596,  1.260883e+5,  3.833265e+5
2026-01-18 22:00:00.000   ,    498.01667,    437.71476,   0.91396370,   0.25454545,  1.440283e+5,    87557.088
2026-01-18 23:00:00.000   ,    495.69310,    447.79917,   0.78653285,   0.21363636,  1.648345e+5,    95942.268
2026-01-19 00:00:00.000   ,    476.64576,    451.46394,   0.74336060,   0.26562500,  1.552339e+5,    99061.079
2026-01-19 01:00:00.000   ,    460.82333,    449.02743,   0.77188657,    1.1339286,    33196.667,    96983.298
2026-01-19 02:00:00.000   ,    445.63833,    450.24898,   0.75749822,   0.97250000,    37191.667,    98022.889
2026-01-19 03:00:00.000   ,    434.90508,    501.65860,   0.28119580,   0.54571429,    36567.797,  1.456172e+5
2026-01-19 04:00:00.000   ,    438.54667,    553.06821,  -0.02478385,    1.9135593,    26445.000,  2.007181e+5
2026-01-19 05:00:00.000   ,    430.84576,    604.47783,  -0.23293426,    1.7948276,    24957.627,  2.633256e+5
2026-01-19 06:00:00.000   ,    426.38833,    655.88744,  -0.38091513,    1.5766667,    24510.000,  3.334397e+5
2026-01-19 07:00:00.000   ,    425.27143,    707.29705,  -0.48986575,    1.5909091,    27409.524,  4.110604e+5
2026-01-19 08:00:00.000   ,    412.31765,    717.24210,  -0.50759658,   0.32978723,    54209.804,  4.269424e+5
2026-01-19 09:00:00.000   ,    345.95833,    721.54363,  -0.51498050,   0.72564103,    69058.333,  4.338989e+5
2026-01-19 10:00:00.000   ,    287.73509,    723.37821,  -0.51807927,    1.3893617,    74438.596,  4.368818e+5
2026-01-19 11:00:00.000   ,    288.06167,    726.42412,  -0.52315889,    1.7583333,    72406.667,  4.418553e+5
2026-01-19 12:00:00.000   ,    288.65556,    729.45559,  -0.52813511,    1.6891304,    75118.519,  4.468314e+5
2026-01-19 13:00:00.000   ,    286.52759,    733.67585,  -0.53493407,    1.0710526,    74586.207,  4.538024e+5
2026-01-19 14:00:00.000   ,    288.69828,    735.47617,  -0.53778980,    1.2428571,    72603.448,  4.567915e+5
2026-01-19 15:00:00.000   ,    288.60536,    738.46573,  -0.54247416,    2.7434783,    71232.143,  4.617755e+5
2026-01-19 16:00:00.000   ,    288.69667,    741.44177,  -0.54706696,    3.4117647,    71195.000,  4.667622e+5
2026-01-19 17:00:00.000   ,    289.32000,    740.84763,  -0.54615560,    6.4433333,    69731.667,  4.657646e+5
2026-01-19 18:00:00.000   ,    290.65333,    744.75822,  -0.55210411,    13.547826,    69546.667,  4.723489e+5
2026-01-19 19:00:00.000   ,    290.90690,    748.66880,  -0.55793643,    17.340000,    66668.966,  4.789766e+5
2026-01-19 20:00:00.000   ,    289.63390,    752.57939,  -0.56365557,    6.4166667,    65213.559,  4.856477e+5
2026-01-19 21:00:00.000   ,    822.62407,    756.48997,  -0.56926444,    6.8179487,  4.197475e+5,  4.923623e+5
2026-01-19 22:00:00.000   ,    1081.7203,    760.40056,  -0.57476585,    4.1169492,  4.007966e+5,  4.991203e+5
2026-01-19 23:00:00.000   ,    1044.5983,    764.31115,  -0.58016254,    3.1352941,  3.303448e+5,  5.059217e+5
2026-01-20 00:00:00.000   ,    1035.3183,    768.22173,  -0.58545713,    4.0370370,    97838.333,  5.127665e+5
2026-01-20 01:00:00.000   ,    996.89167,    767.65050,  -0.58469000,    3.8750000,    47335.000,  5.117640e+5
2026-01-20 02:00:00.000   ,    943.82833,    768.79250,  -0.58622152,    4.1272727,    34611.667,  5.137692e+5
2026-01-20 03:00:00.000   ,    904.89492,    768.22173,  -0.58545713,    1.9000000,    32642.373,  5.127665e+5
2026-01-20 04:00:00.000   ,    912.14000,    765.93400,  -0.58237198,    1.9696429,    25906.667,  5.087570e+5
2026-01-20 05:00:00.000   ,    886.42000,    766.50663,  -0.58314744,   0.69215686,    88410.000,  5.097592e+5
2026-01-20 06:00:00.000   ,    948.83000,    772.20745,  -0.59075105,   0.18043478,  3.663333e+5,  5.197876e+5
2026-01-20 07:00:00.000   ,    939.38000,    771.07097,  -0.58925194,   0.57500000,  2.054500e+5,  5.177810e+5
2026-01-20 08:00:00.000   ,    932.92264,    769.07488,  -0.58659891,    2.2865385,  1.392981e+5,  5.142656e+5
2026-01-20 09:00:00.000   ,    927.34000,    767.07880,  -0.58392010,    2.1400000,  1.319233e+5,  5.107615e+5
2026-01-20 10:00:00.000   ,    937.48966,    763.06375,  -0.57845232,    2.7981481,    82031.034,  5.037474e+5
2026-01-20 11:00:00.000   ,    928.23833,    757.28735,  -0.57039482,    2.5000000,    89831.667,  4.937367e+5
2026-01-20 12:00:00.000   ,    937.10833,    755.25106,  -0.56749925,    2.4066667,  1.058317e+5,  4.902303e+5
2026-01-20 13:00:00.000   ,    900.19500,    753.21477,  -0.56457431,   0.29322034,  1.807433e+5,  4.867357e+5
2026-01-20 14:00:00.000   ,    876.06552,    748.23644,  -0.55729722,   0.29827586,  1.527052e+5,  4.782417e+5
2026-01-20 15:00:00.000   ,    859.20364,    743.22098,  -0.54977980,   0.56909091,  1.052509e+5,  4.697555e+5
2026-01-20 16:00:00.000   ,    869.52281,    741.73697,  -0.54751877,   0.32982456,  2.990000e+5,  4.672582e+5
2026-01-20 17:00:00.000   ,    840.56610,    740.25296,  -0.54524066,    1.2763636,  1.282017e+5,  4.647672e+5
2026-01-20 18:00:00.000   ,    862.94746,    740.25296,  -0.54524066,   0.72291667,  2.214864e+5,  4.647672e+5
2026-01-20 19:00:00.000   ,    870.08393,    732.47287,  -0.53301108,   0.42553191,  3.284821e+5,  4.518101e+5
2026-01-20 20:00:00.000   ,    858.35965,    728.53560,  -0.52663318,   0.19565217,  2.516579e+5,  4.453185e+5
2026-01-20 21:00:00.000   ,    820.51930,    724.59832,  -0.52012373,   0.59803922,  2.310035e+5,  4.388709e+5
2026-01-20 22:00:00.000   ,    822.53929,    720.31762,  -0.51289297,   0.26153846,  2.753750e+5,  4.319108e+5
2026-01-20 23:00:00.000   ,    798.82881,    716.24996,  -0.50586955,   0.25416667,  2.116661e+5,  4.253453e+5
2026-01-21 00:00:00.000   ,    750.66379,    712.18229,  -0.49869313,   0.15681818,  1.300207e+5,  4.188269e+5
2026-01-21 01:00:00.000   ,    775.56000,    708.11463,  -0.49135923,   0.62678571,  1.383950e+5,  4.123554e+5
2026-01-21 02:00:00.000   ,    784.37500,    704.04697,  -0.48386321,    1.1666667,    55208.333,  4.059309e+5
2026-01-21 03:00:00.000   ,    769.33220,    699.97930,  -0.47620025,   0.49322034,    60198.305,  3.995535e+5
2026-01-21 04:00:00.000   ,    754.14667,    695.91164,  -0.46836536,    1.5783333,    61285.000,  3.932230e+5
2026-01-21 05:00:00.000   ,    737.61667,    701.78490,  -0.47962267,    1.4233333,    43656.667,  4.023786e+5
2026-01-21 06:00:00.000   ,    723.96000,    707.65815,  -0.49052618,    1.2750000,    41271.667,  4.116321e+5
2026-01-21 07:00:00.000   ,    721.59000,    713.53141,  -0.50109055,    1.5900000,    37245.000,  4.209836e+5
2026-01-21 08:00:00.000   ,    693.58519,    716.00766,  -0.50544640,    1.2500000,    51290.741,  4.249557e+5
2026-01-21 09:00:00.000   ,    680.63500,    708.02770,  -0.49120074,   0.47659574,  1.240733e+5,  4.122176e+5
2026-01-21 10:00:00.000   ,    676.22679,    700.04774,  -0.47633058,   0.27727273,  2.755071e+5,  3.996604e+5
2026-01-21 11:00:00.000   ,    683.79000,    692.06778,  -0.46079888,   0.10909091,  1.598000e+5,  3.872840e+5
2026-01-21 12:00:00.000   ,      N/A    ,    688.37203,  -0.45337059,      N/A    ,      N/A    ,  3.816134e+5
2026-01-21 13:00:00.000   ,      N/A    ,    684.67629,  -0.44578773,      N/A    ,      N/A    ,  3.759816e+5
2026-01-21 14:00:00.000   ,      N/A    ,    680.98054,  -0.43804599,      N/A    ,      N/A    ,  3.703886e+5
2026-01-21 15:00:00.000   ,      N/A    ,    677.28479,  -0.43014090,      N/A    ,      N/A    ,  3.648344e+5
2026-01-21 16:00:00.000   ,      N/A    ,    673.58904,  -0.42206782,      N/A    ,      N/A    ,  3.593190e+5
2026-01-21 17:00:00.000   ,      N/A    ,    669.89330,  -0.41382196,      N/A    ,      N/A    ,  3.538424e+5
2026-01-21 18:00:00.000   ,      N/A    ,    666.19755,  -0.40539836,      N/A    ,      N/A    ,  3.484046e+5
2026-01-21 19:00:00.000   ,      N/A    ,    662.50180,  -0.39679187,      N/A    ,      N/A    ,  3.430056e+5
2026-01-21 20:00:00.000   ,      N/A    ,    658.80605,  -0.38799716,      N/A    ,      N/A    ,  3.376454e+5
2026-01-21 21:00:00.000   ,      N/A    ,    655.11031,  -0.37900869,      N/A    ,      N/A    ,  3.323239e+5
2026-01-21 22:00:00.000   ,      N/A    ,    651.41456,  -0.36982075,      N/A    ,      N/A    ,  3.270413e+5
2026-01-21 23:00:00.000   ,    624.34000,    647.71881,  -0.36042737,   0.30000000,  1.219400e+5,  3.217974e+5
2026-01-22 00:00:00.000   ,    586.10678,    644.02306,  -0.35082239,   0.49555556,  1.731051e+5,  3.165924e+5
2026-01-22 01:00:00.000   ,    541.38136,    640.32732,  -0.34099941,    1.2576271,    83557.627,  3.114261e+5
2026-01-22 02:00:00.000   ,    549.64167,    636.63157,  -0.33095177,   0.77241379,  1.362700e+5,  3.062986e+5
2026-01-22 03:00:00.000   ,    546.27759,    632.93582,  -0.32067258,    1.1709091,    92008.621,  3.012100e+5
2026-01-22 04:00:00.000   ,    575.29333,    629.24007,  -0.31015467,   0.45200000,  2.990950e+5,  2.961601e+5
2026-01-22 05:00:00.000   ,    576.26667,    625.54433,  -0.29939058,   0.36808511,  2.918633e+5,  2.911490e+5
2026-01-22 06:00:00.000   ,    594.81667,    621.84858,  -0.28837257,   0.15434783,  2.763633e+5,  2.861767e+5
2026-01-22 07:00:00.000   ,    575.93333,    618.15283,  -0.27709259,   0.22142857,  3.384333e+5,  2.812432e+5
2026-01-22 08:00:00.000   ,    561.55614,    614.45708,  -0.26554228,    1.3087719,    28785.714,  2.763485e+5
2026-01-22 09:00:00.000   ,    555.30517,    610.76134,  -0.25371292,    2.5877193,    21211.905,  2.714926e+5
2026-01-22 10:00:00.000   ,    546.01552,    607.06559,  -0.24159545,    2.2551724,    26447.273,  2.666754e+5
2026-01-22 11:00:00.000   ,    535.42000,    603.36984,  -0.22918043,    1.5600000,    32723.214,  2.618971e+5
2026-01-22 12:00:00.000   ,    532.91000,    599.67409,  -0.21645806,   0.82666667,    37973.333,  2.571576e+5
2026-01-22 13:00:00.000   ,    530.14138,    595.97834,  -0.20341809,    2.9303571,    45943.103,  2.524568e+5
2026-01-22 14:00:00.000   ,    522.00351,    592.28260,  -0.19004987,    2.6877193,    43219.643,  2.477949e+5
2026-01-22 15:00:00.000   ,    526.93585,    588.58685,  -0.17634229,    1.5076923,  1.103660e+5,  2.431717e+5
2026-01-22 16:00:00.000   ,    533.98571,    584.89110,  -0.16228376,    1.7854545,  1.850893e+5,  2.385874e+5
2026-01-22 17:00:00.000   ,    523.27143,    581.19535,  -0.14786219,    1.8600000,  2.441411e+5,  2.340418e+5
2026-01-22 18:00:00.000   ,    513.54915,    577.49961,  -0.13306499,    1.9650000,  2.432051e+5,  2.295350e+5
2026-01-22 19:00:00.000   ,    521.73621,    573.80386,  -0.11787899,    2.0657895,  3.258448e+5,  2.250670e+5
2026-01-22 20:00:00.000   ,    525.70536,    570.10811,  -0.10229045,    1.7897959,  2.729464e+5,  2.206379e+5
2026-01-22 21:00:00.000   ,    525.72545,    566.41236,  -0.08628501,    1.4207547,  1.467091e+5,  2.162475e+5
2026-01-22 22:00:00.000   ,    507.58182,    562.71662,  -0.06984768,   0.27142857,    99512.727,  2.118959e+5
2026-01-22 23:00:00.000   ,    507.70333,    559.02087,  -0.05296278,   0.20000000,  1.449267e+5,  2.075831e+5
2026-01-23 00:00:00.000   ,    497.80000,    555.32512,  -0.03561391,   0.11153846,  1.695767e+5,  2.033090e+5
2026-01-23 01:00:00.000   ,    504.90169,    551.62937,  -0.01778391,   0.25636364,  1.306763e+5,  1.990738e+5
2026-01-23 02:00:00.000   ,    502.47458,    547.93363,   0.00054518,   0.58245614,  1.688763e+5,  1.948774e+5
2026-01-23 03:00:00.000   ,    504.28136,    544.23788,   0.01939215,    1.1649123,  1.974237e+5,  1.907198e+5
2026-01-23 04:00:00.000   ,    512.32000,    540.54213,   0.03877670,    1.5333333,  2.269500e+5,  1.866009e+5
2026-01-23 05:00:00.000   ,    512.20667,    536.84638,   0.05871947,    2.9085106,  2.447667e+5,  1.825209e+5
2026-01-23 06:00:00.000   ,    527.54500,    536.39610,   0.06118842,    1.5611111,  2.481167e+5,  1.820264e+5
2026-01-23 07:00:00.000   ,    515.34444,    535.94582,   0.06366602,    2.2250000,  2.167222e+5,  1.815326e+5
2026-01-23 08:00:00.000   ,    564.60833,    535.34315,   0.06699577,    1.1333333,  1.935833e+5,  1.808724e+5
2026-01-23 09:00:00.000   ,    566.87143,    534.74047,   0.07034118,    1.6811321,  1.804696e+5,  1.802133e+5
2026-01-23 10:00:00.000   ,    561.86491,    534.13779,   0.07370235,    2.2173077,  1.759632e+5,  1.795553e+5
2026-01-23 11:00:00.000   ,    546.45000,    533.22910,   0.07880020,    2.4901961,  1.702367e+5,  1.785650e+5
2026-01-23 12:00:00.000   ,    562.40667,    532.32041,   0.08393444,    1.8566667,  2.073850e+5,  1.775771e+5
2026-01-23 13:00:00.000   ,    577.48667,    535.94582,   0.06366602,    1.4914286,  2.249667e+5,  1.815326e+5
2026-01-23 14:00:00.000   ,    585.80179,    533.21966,   0.07885336,    1.4000000,  1.891500e+5,  1.785548e+5
2026-01-23 15:00:00.000   ,    588.71053,    530.49350,   0.09436831,   0.98400000,  1.950105e+5,  1.755981e+5
2026-01-23 16:00:00.000   ,    586.33818,    528.65688,   0.10501020,    1.1166667,  1.850182e+5,  1.736180e+5
2026-01-23 17:00:00.000   ,    590.53393,    527.37474,   0.11253152,   0.72619048,  1.834000e+5,  1.722415e+5
2026-01-23 18:00:00.000   ,    568.82321,    526.09261,   0.12012990,    2.0300000,  1.706250e+5,  1.708696e+5
2026-01-23 19:00:00.000   ,    561.01379,    524.81047,   0.12780639,    2.0846154,  1.406655e+5,  1.695023e+5
2026-01-23 20:00:00.000   ,    570.18036,    523.52834,   0.13556206,    1.4531250,  1.789643e+5,  1.681398e+5
2026-01-23 21:00:00.000   ,    553.58421,    522.24620,   0.14339801,   0.82258065,  1.559719e+5,  1.667819e+5
2026-01-23 22:00:00.000   ,    566.84074,    520.96407,   0.15131535,   0.60344828,  1.914500e+5,  1.654286e+5
2026-01-23 23:00:00.000   ,    560.48448,    519.68193,   0.15931520,   0.71666667,  2.527931e+5,  1.640801e+5
2026-01-24 00:00:00.000   ,    553.54833,    518.39980,   0.16739873,    1.9964286,  1.208983e+5,  1.627362e+5
2026-01-24 01:00:00.000   ,    560.86833,    517.11766,   0.17556710,    2.0966102,  1.123350e+5,  1.613970e+5
2026-01-24 02:00:00.000   ,    544.45085,    515.83553,   0.18382151,    1.9790698,  1.217949e+5,  1.600624e+5
2026-01-24 03:00:00.000   ,    543.56140,    514.55339,   0.19216315,    1.9372549,  1.149895e+5,  1.587326e+5
2026-01-24 04:00:00.000   ,    547.65167,    516.46907,   0.17973192,    1.2702703,  1.453067e+5,  1.607213e+5
2026-01-24 05:00:00.000   ,    553.25000,    517.42268,   0.17361610,    1.3508772,  1.117167e+5,  1.617152e+5
2026-01-24 06:00:00.000   ,    546.27833,    515.51265,   0.18591390,    1.0088889,  1.292717e+5,  1.597271e+5
2026-01-24 07:00:00.000   ,    545.26000,    518.37351,   0.16756534,    1.3181818,  1.485000e+5,  1.627087e+5
2026-01-24 08:00:00.000   ,    557.46304,    516.46907,   0.17973192,   0.14516129,  2.167500e+5,  1.607213e+5
2026-01-24 09:00:00.000   ,    515.34833,    517.42268,   0.17361610,    1.3096774,  1.353017e+5,  1.617152e+5
2026-01-24 10:00:00.000   ,    515.15614,    517.42268,   0.17361610,    1.7708333,  1.018158e+5,  1.617152e+5
2026-01-24 11:00:00.000   ,    557.89831,    514.55339,   0.19216315,    1.7173077,  1.047661e+5,  1.587326e+5
2026-01-24 12:00:00.000   ,    536.72679,    516.46907,   0.17973192,    1.8629630,    87094.643,  1.607213e+5
2026-01-24 13:00:00.000   ,    521.83448,    518.37351,   0.16756534,    1.7413793,  1.450241e+5,  1.627087e+5
2026-01-24 14:00:00.000   ,    517.21071,    524.95379,   0.12694441,    2.0567568,  1.226911e+5,  1.696549e+5
2026-01-24 15:00:00.000   ,    530.73091,    524.02165,   0.13256852,    1.9282609,  1.004982e+5,  1.686635e+5
2026-01-24 16:00:00.000   ,    546.55000,    520.26694,   0.15565472,   0.32195122,  1.465107e+5,  1.646948e+5
2026-01-24 17:00:00.000   ,    515.81071,    519.32023,   0.16158713,   0.52500000,  1.660143e+5,  1.637005e+5
2026-01-24 18:00:00.000   ,    512.56207,    518.37351,   0.16756534,    1.4750000,  1.302603e+5,  1.627087e+5
2026-01-24 19:00:00.000   ,    508.54107,    517.17628,   0.17519176,    1.1925926,  1.504179e+5,  1.614581e+5
2026-01-24 20:00:00.000   ,    519.67288,    515.97906,   0.18289315,   0.74000000,  1.848407e+5,  1.602116e+5
2026-01-24 21:00:00.000   ,    505.00339,    514.78183,   0.19067049,    1.4729730,  1.462475e+5,  1.589692e+5
2026-01-24 22:00:00.000   ,    512.71167,    513.58460,   0.19852479,    1.0040000,  1.701133e+5,  1.577308e+5
2026-01-24 23:00:00.000   ,    522.87333,    512.38737,   0.20645706,    1.4828571,  1.942550e+5,  1.564965e+5
2026-01-25 00:00:00.000   ,    534.67000,    511.19014,   0.21446834,    1.5300000,  2.375883e+5,  1.552663e+5
2026-01-25 01:00:00.000   ,    539.42667,    509.99292,   0.22255968,    1.7947368,  2.088833e+5,  1.540401e+5
2026-01-25 02:00:00.000   ,    538.17333,    508.79569,   0.23073215,    1.3928571,  2.431167e+5,  1.528180e+5
2026-01-25 03:00:00.000   ,    554.38421,    507.59846,   0.23898685,    2.2448980,  1.492632e+5,  1.516000e+5
2026-01-25 04:00:00.000   ,    580.25833,    506.40123,   0.24732487,    2.6559322,  1.312183e+5,  1.503860e+5
2026-01-25 05:00:00.000   ,    577.29000,    505.20401,   0.25574735,    2.0288136,  1.395817e+5,  1.491762e+5
2026-01-25 06:00:00.000   ,    567.77000,    504.00678,   0.26425542,    1.7490566,  1.621300e+5,  1.479704e+5
2026-01-25 07:00:00.000   ,    588.86000,    502.80955,   0.27285026,    1.2066667,  1.275533e+5,  1.467686e+5
2026-01-25 08:00:00.000   ,    578.13529,    500.80811,   0.28741548,    1.5479167,  1.906882e+5,  1.447688e+5
2026-01-25 09:00:00.000   ,    577.53500,    502.97815,   0.27163462,    1.7351852,  1.569733e+5,  1.469376e+5
2026-01-25 10:00:00.000   ,    568.17667,    505.14818,   0.25614214,    1.9939394,  1.822400e+5,  1.491199e+5
2026-01-25 11:00:00.000   ,    555.26271,    507.31822,   0.24093108,    1.5309524,  1.567610e+5,  1.513155e+5
2026-01-25 12:00:00.000   ,    557.32881,    509.48825,   0.22599464,   0.98260870,  1.615576e+5,  1.535245e+5
2026-01-25 13:00:00.000   ,    527.21017,    511.65829,   0.21132626,    1.5625000,  1.950610e+5,  1.557468e+5
2026-01-25 14:00:00.000   ,    518.63898,    510.68738,   0.21785643,    1.9854167,  1.450119e+5,  1.547508e+5
2026-01-25 15:00:00.000   ,    509.30526,    516.46907,   0.17973192,    2.4880000,    93949.123,  1.607213e+5
2026-01-25 16:00:00.000   ,    505.88621,    516.46907,   0.17973192,    1.7466667,  1.687655e+5,  1.607213e+5
2026-01-25 17:00:00.000   ,    499.64310,    514.06368,   0.19537253,    1.1000000,  1.623414e+5,  1.582258e+5
2026-01-25 18:00:00.000   ,    504.79455,    511.65829,   0.21132626,    1.5200000,  1.793855e+5,  1.557468e+5
2026-01-25 19:00:00.000   ,    525.57857,    508.72278,   0.23123248,    2.3294118,  1.184393e+5,  1.527437e+5
2026-01-25 20:00:00.000   ,    515.76379,    505.78727,   0.25163345,    1.3250000,  1.638862e+5,  1.497651e+5
2026-01-25 21:00:00.000   ,    510.40000,    502.80955,   0.27285026,    1.9297872,  1.455424e+5,  1.467686e+5
2026-01-25 22:00:00.000   ,    533.70833,    501.30971,   0.28374174,    1.7314815,  1.375333e+5,  1.452689e+5
2026-01-25 23:00:00.000   ,    491.02833,    519.52719,   0.16028635,   0.81600000,  1.685950e+5,  1.639176e+5
2026-01-26 00:00:00.000   ,    497.40357,    537.74466,   0.05381972,   0.54117647,  2.015625e+5,  1.835090e+5
2026-01-26 01:00:00.000   ,    502.99333,    534.13779,   0.07370235,    1.2783784,  1.752117e+5,  1.795553e+5
2026-01-26 02:00:00.000   ,    488.77000,    535.04297,   0.06866008,    1.1128205,  1.474333e+5,  1.805440e+5
2026-01-26 03:00:00.000   ,    484.27544,    533.68169,   0.07625662,    1.1192308,  1.584807e+5,  1.790579e+5
2026-01-26 04:00:00.000   ,    491.41167,    532.32041,   0.08393444,    1.4740741,  1.106467e+5,  1.775771e+5
2026-01-26 05:00:00.000   ,    485.96333,    531.40815,   0.08912577,    1.4877551,  1.027317e+5,  1.765877e+5
2026-01-26 06:00:00.000   ,    503.07627,    528.65688,   0.10501020,    1.4222222,  1.630017e+5,  1.736180e+5
2026-01-26 07:00:00.000   ,    527.95714,    527.73487,   0.11041118,    1.0214286,  1.742143e+5,  1.726276e+5
2026-01-26 08:00:00.000   ,    471.84706,    522.74252,   0.14035511,   0.32916667,  1.433647e+5,  1.673070e+5
2026-01-26 09:00:00.000   ,    489.87455,    517.75016,   0.17152681,    1.2257143,  1.316436e+5,  1.620571e+5
2026-01-26 10:00:00.000   ,    527.39821,    512.75781,   0.20399431,    2.1081081,  1.441125e+5,  1.568780e+5
2026-01-26 11:00:00.000   ,    517.42679,    507.76546,   0.23783046,    1.8218750,  1.642393e+5,  1.517696e+5
2026-01-26 12:00:00.000   ,    503.33448,    502.77310,   0.27311328,    1.0217391,  1.554500e+5,  1.467321e+5
2026-01-26 13:00:00.000   ,    490.98667,    497.78075,   0.30992641,    2.5132075,  1.072300e+5,  1.417654e+5
2026-01-26 14:00:00.000   ,    494.38667,    496.76475,   0.31761368,    2.0618182,  1.291933e+5,  1.407633e+5
2026-01-26 15:00:00.000   ,    482.31273,    494.72218,   0.33327438,    2.6250000,  1.080491e+5,  1.387575e+5
2026-01-26 16:00:00.000   ,    499.25893,    494.72218,   0.33327438,    2.9727273,  1.007375e+5,  1.387575e+5
2026-01-26 17:00:00.000   ,    510.21964,    513.12323,   0.20157235,    3.0714286,    96217.857,  1.572546e+5
2026-01-26 18:00:00.000   ,    498.97966,    531.52427,   0.08846290,    2.1632653,  1.239169e+5,  1.767135e+5
2026-01-26 19:00:00.000   ,    485.74107,    549.92532,  -0.00939578,    1.9700000,  1.406411e+5,  1.971341e+5
2026-01-26 20:00:00.000   ,    469.25167,    568.32637,  -0.09462710,    2.5909091,  1.086450e+5,  2.185164e+5
2026-01-26 21:00:00.000   ,    463.17333,    586.72742,  -0.16931368,    2.9333333,  1.043300e+5,  2.408604e+5
2026-01-26 22:00:00.000   ,    454.04138,    605.12847,  -0.23512586,    2.1473684,  1.295379e+5,  2.641660e+5
2026-01-26 23:00:00.000   ,    441.86333,    612.66318,  -0.25983575,    2.8118644,  1.000300e+5,  2.739866e+5
2026-01-27 00:00:00.000   ,    437.78833,    611.91338,  -0.25743085,    3.1711538,  1.300500e+5,  2.730021e+5
2026-01-27 01:00:00.000   ,    435.93333,    611.16357,  -0.25501421,    3.1473684,  1.041400e+5,  2.720192e+5
2026-01-27 02:00:00.000   ,    433.71695,    610.41377,  -0.25258576,    3.6000000,    97137.288,  2.710379e+5
2026-01-27 03:00:00.000   ,    426.30351,    609.66397,  -0.25014541,    3.7931034,    88814.035,  2.700582e+5
2026-01-27 04:00:00.000   ,    418.55333,    607.77573,  -0.24394664,    3.7600000,    71778.333,  2.675980e+5
2026-01-27 05:00:00.000   ,    416.50500,    605.88750,  -0.23767069,    3.4550000,    75001.667,  2.651480e+5
2026-01-27 06:00:00.000   ,    417.64167,    603.98359,  -0.23126319,    3.1545455,    87538.333,  2.626880e+5
2026-01-27 07:00:00.000   ,    418.60000,    602.07968,  -0.22477458,    2.9375000,    87225.000,  2.602382e+5
2026-01-27 08:00:00.000   ,    411.47885,    608.56076,  -0.24653307,    2.8750000,    86344.231,  2.686196e+5
2026-01-27 09:00:00.000   ,    409.39333,    615.04185,  -0.26738820,    3.3616667,  1.060367e+5,  2.771204e+5
2026-01-27 10:00:00.000   ,    422.90893,    621.52293,  -0.28738929,    3.9250000,  1.084554e+5,  2.857404e+5
2026-01-27 11:00:00.000   ,    421.52414,    628.00401,  -0.30658234,    3.5932203,    82575.862,  2.944798e+5
2026-01-27 12:00:00.000   ,    413.71525,    634.48510,  -0.32501031,    3.5766667,    64542.373,  3.033384e+5
2026-01-27 13:00:00.000   ,    413.45333,    640.96618,  -0.34271333,    3.9400000,    73611.667,  3.123164e+5
2026-01-27 14:00:00.000   ,    420.72941,    660.35353,  -0.39170291,    6.7303030,    65641.176,  3.398850e+5
2026-01-27 15:00:00.000   ,    429.07500,    653.14900,  -0.37415794,    9.5415094,    44137.500,  3.295156e+5
2026-01-27 16:00:00.000   ,    417.05094,    645.94448,  -0.35584281,    5.6471698,    67224.528,  3.192936e+5
2026-01-27 17:00:00.000   ,    412.37069,    638.73996,  -0.33671177,    4.7327586,    80381.034,  3.092190e+5
2026-01-27 18:00:00.000   ,    416.93793,    631.53543,  -0.31671564,    3.8620690,    68748.276,  2.992919e+5
2026-01-27 19:00:00.000   ,    446.23455,    624.33091,  -0.29580145,    5.1039216,  1.197218e+5,  2.895122e+5
2026-01-27 20:00:00.000   ,    450.78621,    617.12639,  -0.27391213,    4.9276596,  1.318638e+5,  2.798798e+5
2026-01-27 21:00:00.000   ,    461.48667,    612.64174,  -0.25976713,    4.2000000,  1.166733e+5,  2.739584e+5
2026-01-27 22:00:00.000   ,    465.32333,    608.15708,  -0.24520473,    3.8372549,  1.218667e+5,  2.680941e+5
2026-01-27 23:00:00.000   ,    464.64000,    651.44099,  -0.36988717,    4.0647059,  1.401000e+5,  3.270789e+5
2026-01-28 00:00:00.000   ,    450.44667,    651.44099,  -0.36988717,    4.7724138,  1.076817e+5,  3.270789e+5
2026-01-28 01:00:00.000   ,    452.66167,    619.34235,  -0.28075227,    4.5350000,  1.047283e+5,  2.828268e+5
2026-01-28 02:00:00.000   ,    465.16167,    612.23541,  -0.25846516,    4.1566667,  1.210917e+5,  2.734247e+5
2026-01-28 03:00:00.000   ,    470.25088,    605.12847,  -0.23512586,    4.1741379,  1.237860e+5,  2.641660e+5
2026-01-28 04:00:00.000   ,    470.28276,    605.59289,  -0.23668447,    4.9084746,  1.111034e+5,  2.647667e+5
2026-01-28 05:00:00.000   ,    463.49667,    606.05732,  -0.23823832,    4.9288136,    93535.000,  2.653680e+5
2026-01-28 06:00:00.000   ,    468.00333,    606.52174,  -0.23978742,    5.4203704,  1.440000e+5,  2.659698e+5
2026-01-28 07:00:00.000   ,    499.71111,    606.98617,  -0.24133181,    3.5777778,  1.834444e+5,  2.665723e+5
2026-01-28 08:00:00.000   ,    535.10377,    607.45059,  -0.24287150,    1.3088235,  2.381509e+5,  2.671754e+5
2026-01-28 09:00:00.000   ,    596.56500,    607.91501,  -0.24440650,   0.75652174,  4.973833e+5,  2.677792e+5
2026-01-28 10:00:00.000   ,    596.89821,    608.37944,  -0.24593684,   0.37428571,  4.817839e+5,  2.683835e+5
2026-01-28 11:00:00.000   ,    607.26102,    608.84386,  -0.24746253,   0.71000000,  3.919322e+5,  2.689884e+5
2026-01-28 12:00:00.000   ,    569.67857,    609.30829,  -0.24898360,   0.30238095,  3.685714e+5,  2.695940e+5
2026-01-28 13:00:00.000   ,    605.41379,    609.77271,  -0.25050006,    1.1903846,  3.540517e+5,  2.702002e+5
2026-01-28 14:00:00.000   ,    575.49322,    610.23713,  -0.25201194,    1.0307692,  2.820000e+5,  2.708069e+5
2026-01-28 15:00:00.000   ,    560.98814,    610.70156,  -0.25351924,    1.6342105,  2.665051e+5,  2.714143e+5
2026-01-28 16:00:00.000   ,    554.68833,    611.16598,  -0.25502199,    1.2279070,  3.962300e+5,  2.720223e+5
2026-01-28 17:00:00.000   ,    564.39828,    605.82520,  -0.23746230,    1.3288889,  2.978414e+5,  2.650674e+5
2026-01-28 18:00:00.000   ,    589.73833,    600.48441,  -0.21927436,    1.2621622,  3.503700e+5,  2.581934e+5
2026-01-28 19:00:00.000   ,    622.01667,    595.14363,  -0.20042785,    1.2854167,  3.663000e+5,  2.514005e+5
2026-01-28 20:00:00.000   ,    600.96140,    590.13923,  -0.18214215,    1.6688889,  3.562614e+5,  2.451089e+5
2026-01-28 21:00:00.000   ,    591.66441,    585.13482,  -0.16322192,    1.4139535,  2.817729e+5,  2.388885e+5
2026-01-28 22:00:00.000   ,    620.35000,    580.13042,  -0.14363747,    1.4208333,  2.982583e+5,  2.327392e+5
2026-01-28 23:00:00.000   ,    621.62667,    580.93386,  -0.14682770,    1.0125000,  3.581333e+5,  2.337216e+5
2026-01-29 00:00:00.000   ,    643.82000,    579.32545,  -0.14042314,    1.0542857,  4.274433e+5,  2.317567e+5
2026-01-29 01:00:00.000   ,    645.45333,    577.71084,  -0.13392110,   0.98837209,  4.603333e+5,  2.297916e+5
2026-01-29 02:00:00.000   ,    654.52833,    579.31928,  -0.14039843,   0.91951220,  4.493167e+5,  2.317492e+5
2026-01-29 03:00:00.000   ,    640.52203,    580.92771,  -0.14680337,   0.77916667,  4.068729e+5,  2.337141e+5
2026-01-29 04:00:00.000   ,    677.19138,    582.53615,  -0.15313699,   0.54782609,  4.452724e+5,  2.356864e+5
2026-01-29 05:00:00.000   ,    656.04237,    592.02586,  -0.18910874,   0.40217391,  4.108678e+5,  2.474725e+5
2026-01-29 06:00:00.000   ,    661.99167,    590.45863,  -0.18332789,   0.49148936,  3.815833e+5,  2.455084e+5
2026-01-29 07:00:00.000   ,    652.08571,    591.24295,  -0.18622860,   0.68000000,  3.234286e+5,  2.464904e+5
2026-01-29 08:00:00.000   ,    656.58679,    596.30714,  -0.20459135,   0.74444444,  3.350132e+5,  2.528735e+5
2026-01-29 09:00:00.000   ,    640.22712,    599.01024,  -0.21413944,   0.74000000,  3.054068e+5,  2.563103e+5
2026-01-29 10:00:00.000   ,    678.78500,    602.07968,  -0.22477458,   0.68431373,  3.252017e+5,  2.602382e+5
2026-01-29 11:00:00.000   ,    663.07167,    608.58620,  -0.24661665,   0.60000000,  3.590833e+5,  2.686527e+5
2026-01-29 12:00:00.000   ,    658.43898,    615.09272,  -0.26754845,   0.80425532,  2.618983e+5,  2.771876e+5
2026-01-29 13:00:00.000   ,    699.18103,    621.59924,  -0.28761987,   0.77450980,  3.286207e+5,  2.858426e+5
2026-01-29 14:00:00.000   ,    690.47647,    628.10575,  -0.30687743,   0.72058824,  2.907353e+5,  2.946179e+5
2026-01-29 15:00:00.000   ,    668.48983,    620.75787,  -0.28507118,   0.79090909,  2.524237e+5,  2.847166e+5
2026-01-29 16:00:00.000   ,    670.04483,    613.40999,  -0.26221944,   0.83333333,  2.692103e+5,  2.749687e+5
2026-01-29 17:00:00.000   ,    667.18667,    611.53698,  -0.25621918,   0.80909091,  1.580367e+5,  2.725085e+5
2026-01-29 18:00:00.000   ,    669.13500,    609.66397,  -0.25014541,   0.74313725,  1.780717e+5,  2.700582e+5
2026-01-29 19:00:00.000   ,    681.72241,    605.88750,  -0.23767069,   0.66382979,  2.226759e+5,  2.651480e+5
2026-01-29 20:00:00.000   ,    682.84915,    603.60663,  -0.22998497,   0.65227273,  2.325576e+5,  2.622021e+5
2026-01-29 21:00:00.000   ,    679.54386,    605.88750,  -0.23767069,   0.83846154,  2.178579e+5,  2.651480e+5
2026-01-29 22:00:00.000   ,    662.89286,    604.36818,  -0.23256402,   0.68510638,  2.000179e+5,  2.631841e+5
2026-01-29 23:00:00.000   ,    630.87857,    606.64527,  -0.24019866,   0.43529412,  1.891464e+5,  2.661300e+5
2026-01-30 00:00:00.000   ,    596.40000,    602.44243,  -0.22601717,   0.56222222,  1.051345e+5,  2.607041e+5
2026-01-30 01:00:00.000   ,    587.76000,    598.23959,  -0.21143490,   0.81600000,  2.044517e+5,  2.553284e+5
2026-01-30 02:00:00.000   ,    589.36333,    595.52348,  -0.20179071,   0.85428571,  1.869933e+5,  2.518810e+5
2026-01-30 03:00:00.000   ,    590.45593,    592.80738,  -0.19196851,   0.80000000,  1.841356e+5,  2.484545e+5
2026-01-30 04:00:00.000   ,    576.91500,    588.07120,  -0.17440212,   0.94473684,  1.915500e+5,  2.425298e+5
2026-01-30 05:00:00.000   ,    595.00172,    583.33503,  -0.15625660,   0.98301887,  1.622241e+5,  2.366688e+5
2026-01-30 06:00:00.000   ,    585.14746,    579.30608,  -0.14034556,    1.1800000,  1.434407e+5,  2.317331e+5
2026-01-30 07:00:00.000   ,    606.18333,    575.27713,  -0.12398019,    1.8500000,  1.229833e+5,  2.268435e+5
2026-01-30 08:00:00.000   ,    560.04231,    572.53768,  -0.11258435,    1.1722222,  1.663846e+5,  2.235452e+5
2026-01-30 09:00:00.000   ,    552.29643,    569.79824,  -0.10096469,    1.1615385,  1.326250e+5,  2.202683e+5
2026-01-30 10:00:00.000   ,    541.07273,    567.05880,  -0.08911530,    1.1170213,  1.420800e+5,  2.170126e+5
2026-01-30 11:00:00.000   ,    544.74655,    563.28712,  -0.07241388,    1.0358491,  1.266190e+5,  2.125651e+5
2026-01-30 12:00:00.000   ,    545.93051,    559.51544,  -0.05524886,    1.1016949,  1.085610e+5,  2.081580e+5
2026-01-30 13:00:00.000   ,    534.05517,    558.02200,  -0.04832028,    1.0189189,  1.411155e+5,  2.064241e+5
2026-01-30 14:00:00.000   ,    529.41379,    556.52857,  -0.04131519,    1.3137255,  1.168534e+5,  2.046965e+5
2026-01-30 15:00:00.000   ,    548.13448,    555.03513,  -0.03423247,    1.5022222,  1.325448e+5,  2.029753e+5
2026-01-30 16:00:00.000   ,    517.61500,    553.54169,  -0.02707098,    1.2000000,  1.490333e+5,  2.012604e+5
2026-01-30 17:00:00.000   ,    511.46897,    552.04826,  -0.01982953,    1.1913043,  1.484517e+5,  1.995519e+5
2026-01-30 18:00:00.000   ,    503.93559,    550.55482,  -0.01250693,    1.4071429,  1.636847e+5,  1.978497e+5
2026-01-30 19:00:00.000   ,    494.53167,    549.06138,  -0.00510196,    1.6233333,  1.524050e+5,  1.961538e+5
2026-01-30 20:00:00.000   ,    496.54655,    547.56795,   0.00238661,    1.6848485,  1.395914e+5,  1.944643e+5
2026-01-30 21:00:00.000   ,    494.88621,    546.07451,   0.00996005,    1.6769231,  1.148759e+5,  1.927811e+5
2026-01-30 22:00:00.000   ,    488.30862,    544.58107,   0.01761964,    1.7103448,  1.054655e+5,  1.911042e+5
2026-01-30 23:00:00.000   ,    490.34500,    543.08764,   0.02536671,    1.6304348,  1.077700e+5,  1.894337e+5
2026-01-31 00:00:00.000   ,    473.27167,    537.38246,   0.05579127,    1.9619048,  1.037183e+5,  1.831103e+5
2026-01-31 01:00:00.000   ,    468.42167,    531.67729,   0.08759034,    1.8884615,    89991.667,  1.768794e+5
2026-01-31 02:00:00.000   ,    467.89333,    525.97212,   0.12084796,    1.8450980,  1.019317e+5,  1.707409e+5
2026-01-31 03:00:00.000   ,    460.97586,    520.26694,   0.15565472,    1.8346154,  1.004776e+5,  1.646948e+5
2026-01-31 04:00:00.000   ,    462.21333,    519.32023,   0.16158713,    1.8830508,    86290.000,  1.637005e+5
2026-01-31 05:00:00.000   ,    463.58305,    518.37351,   0.16756534,    1.9701754,    77628.814,  1.627087e+5
2026-01-31 06:00:00.000   ,    454.33898,    516.46907,   0.17973192,    1.9365385,    88433.898,  1.607213e+5
2026-01-31 07:00:00.000   ,    460.78000,    513.57822,   0.19856683,    2.4000000,  1.271000e+5,  1.577242e+5
2026-01-31 08:00:00.000   ,    444.17143,    510.68738,   0.21785643,    2.0423077,    94026.786,  1.547508e+5
2026-01-31 09:00:00.000   ,    442.17586,    508.73043,   0.23118000,    2.2436364,    88506.897,  1.527515e+5
2026-01-31 10:00:00.000   ,    435.58333,    506.77348,   0.24472341,    2.0000000,    79031.667,  1.507631e+5
2026-01-31 11:00:00.000   ,    436.11000,    500.80811,   0.28741548,    2.0779661,    73530.000,  1.447688e+5
2026-01-31 12:00:00.000   ,    433.88983,    499.29443,   0.29859778,    2.1186441,    64415.254,  1.432638e+5
2026-01-31 13:00:00.000   ,    428.44483,    497.78075,   0.30992641,    2.0017241,    66915.517,  1.417654e+5
2026-01-31 14:00:00.000   ,    424.17500,    494.72218,   0.33327438,    2.0964912,    74951.786,  1.387575e+5
2026-01-31 15:00:00.000   ,    427.21111,    492.65785,   0.34938731,    2.0681818,  1.013519e+5,  1.367423e+5
2026-01-31 16:00:00.000   ,    422.17119,    490.59351,   0.36579411,    1.9062500,  1.161356e+5,  1.347393e+5
2026-01-31 17:00:00.000   ,    416.83000,    488.49893,   0.38274911,    2.0130435,    95130.000,  1.327193e+5
2026-01-31 18:00:00.000   ,    403.67759,    486.40434,   0.40002179,    2.2375000,  1.084966e+5,  1.307118e+5
2026-01-31 19:00:00.000   ,    398.46500,    483.20217,   0.42706034,    2.4285714,  1.040433e+5,  1.276668e+5
2026-01-31 20:00:00.000   ,    388.04483,    480.00000,   0.45488981,    2.5607143,    87655.172,  1.246509e+5
2026-01-31 21:00:00.000   ,    390.65254,    476.60862,   0.48526072,    2.5596491,  1.008102e+5,  1.214886e+5
2026-01-31 22:00:00.000   ,    386.82881,    473.21724,   0.51659265,    2.4913793,  1.090373e+5,  1.183589e+5
2026-01-31 23:00:00.000   ,    385.70862,    469.82586,   0.54892657,    2.3659574,  1.175810e+5,  1.152619e+5
2026-02-01 00:00:00.000   ,    388.99000,    466.43448,   0.58230567,    1.9971429,  1.188267e+5,  1.121976e+5
2026-02-01 01:00:00.000   ,    381.89167,    463.04310,   0.61677548,    2.1938776,    85913.333,  1.091659e+5
2026-02-01 02:00:00.000   ,    370.21833,    459.65172,   0.65238404,    2.7116667,    46248.333,  1.061669e+5
2026-02-01 03:00:00.000   ,    373.56780,    456.26034,   0.68918208,    3.3610169,    17557.627,  1.032006e+5
2026-02-01 04:00:00.000   ,    377.46667,    455.07053,   0.70238378,    3.5566667,    36960.000,  1.021676e+5
2026-02-01 05:00:00.000   ,    357.67833,    456.26034,   0.68918208,    2.7400000,    62526.667,  1.032006e+5
2026-02-01 06:00:00.000   ,    353.62881,    452.06900,   0.73638362,    1.5533333,    84084.746,    99579.661
2026-02-01 07:00:00.000   ,    354.35000,    449.93408,   0.76119052,    1.8125000,    77587.500,    97754.492
2026-02-01 08:00:00.000   ,    338.50500,    447.79917,   0.78653285,    1.3290909,    59421.667,    95942.268
2026-02-01 09:00:00.000   ,    342.98305,    449.02743,   0.77188657,    1.5553571,    64130.508,    96983.298
2026-02-01 10:00:00.000   ,    342.24333,    446.95950,   0.79665025,    2.0500000,    41775.000,    95233.055
2026-02-01 11:00:00.000   ,    342.19000,    444.89156,   0.82193673,    2.3672414,    27233.898,    93494.958
2026-02-01 12:00:00.000   ,    341.92069,    442.82363,   0.84776082,    2.2844828,    24375.862,    91769.007
2026-02-01 13:00:00.000   ,    340.97759,    440.75569,   0.87413787,    1.9137931,    25296.552,    90055.201
2026-02-01 14:00:00.000   ,    330.58814,    438.68775,   0.90108379,    1.4166667,    53142.373,    88353.542
2026-02-01 15:00:00.000   ,    320.37500,    436.61982,   0.92861504,    1.3888889,    54876.786,    86664.028
2026-02-01 16:00:00.000   ,    297.61930,    434.55188,   0.95674871,    1.1111111,    39051.786,    84986.661
2026-02-01 17:00:00.000   ,    296.86271,    432.48395,   0.98550250,    1.1615385,    31748.276,    83321.439
2026-02-01 18:00:00.000   ,    300.47000,    433.80440,   0.96706958,    1.1191489,    37708.333,    84383.346
2026-02-01 19:00:00.000   ,    301.67167,    432.47953,   0.98556459,    1.5105263,    33253.333,    83317.895
2026-02-01 20:00:00.000   ,    296.15833,    431.15466,    1.0043217,    1.4948276,    32969.492,    82257.430
2026-02-01 21:00:00.000   ,    323.95690,    432.48395,   0.98550250,    1.6086957,    51174.138,    83321.439
2026-02-01 22:00:00.000   ,    319.98667,    428.46873,    1.0431729,    2.2327273,    47585.000,    80122.838
2026-02-01 23:00:00.000   ,    325.19138,    426.63948,    1.0702827,    2.4525424,    28841.379,    78680.811
2026-02-02 00:00:00.000   ,    329.03621,    424.81024,    1.0979356,    2.7050847,    27487.931,    77248.289
2026-02-02 01:00:00.000   ,    316.55490,    422.98100,    1.1261462,    3.1392157,    28507.843,    75825.270
2026-02-02 02:00:00.000   ,    316.66000,    419.43167,    1.1825324,    2.8200000,    27880.000,    73091.254
2026-02-02 03:00:00.000   ,      N/A    ,    415.88234,    1.2411917,      N/A    ,      N/A    ,    70393.019
2026-02-02 04:00:00.000   ,      N/A    ,    413.91746,    1.2746875,      N/A    ,      N/A    ,    68914.686
2026-02-02 05:00:00.000   ,      N/A    ,    411.95258,    1.3089399,      N/A    ,      N/A    ,    67447.318
2026-02-02 06:00:00.000   ,      N/A    ,    409.98770,    1.3439718,      N/A    ,      N/A    ,    65990.915
2026-02-02 07:00:00.000   ,      N/A    ,    406.93105,    1.4000750,      N/A    ,      N/A    ,    63747.070
2026-02-02 08:00:00.000   ,      N/A    ,    403.87439,    1.4582168,      N/A    ,      N/A    ,    61529.762
2026-02-02 09:00:00.000   ,    298.69722,    401.66894,    1.5014898,    2.3483871,    52336.111,    59946.400
2026-02-02 10:00:00.000   ,    301.27963,    399.46349,    1.5459155,    2.7129630,    33388.889,    58376.853
2026-02-02 11:00:00.000   ,    305.48966,    397.25804,    1.5915353,    3.2931034,    21936.207,    56821.121
2026-02-02 12:00:00.000   ,    307.14500,    395.05259,    1.6383924,    3.4350000,    20083.333,    55279.204
2026-02-02 13:00:00.000   ,    306.71207,    391.91734,    1.7072227,    3.6051724,    25572.414,    53111.004
2026-02-02 14:00:00.000   ,    300.03750,    388.78209,    1.7787821,    3.0196429,    34542.857,    50970.723
2026-02-02 15:00:00.000   ,    306.64035,    385.64683,    1.8532168,    3.9678571,    28598.214,    48858.361
2026-02-02 16:00:00.000   ,    300.76102,    383.83628,    1.8975718,    3.8122807,    28045.763,    47651.226
2026-02-02 17:00:00.000   ,    307.40667,    382.02572,    1.9429691,    4.2672414,    25245.000,    46453.402
2026-02-02 18:00:00.000   ,    301.98333,    380.21517,    1.9894418,    4.6086207,    37603.333,    45264.888
2026-02-02 19:00:00.000   ,    302.13448,    377.37071,    2.0647070,    5.2578947,    43222.414,    43416.479
2026-02-02 20:00:00.000   ,    305.84167,    374.52624,    2.1428509,    5.3945455,    36878.333,    41591.052
2026-02-02 21:00:00.000   ,    310.19661,    371.98517,    2.2152153,    4.5086207,    31254.237,    39979.762
2026-02-02 22:00:00.000   ,    302.04746,    369.44410,    2.2901080,    3.8745763,    34091.525,    38386.812
2026-02-02 23:00:00.000   ,    299.97069,    366.90303,    2.3676483,    3.5915254,    26250.000,    36812.202
2026-02-03 00:00:00.000   ,    295.99492,    364.36196,    2.4479624,    3.1066667,    23647.458,    35255.931
2026-02-03 01:00:00.000   ,    293.81833,    361.82089,    2.5311843,    3.0516667,    21481.667,    33718.000
2026-02-03 02:00:00.000   ,    288.32500,    359.27983,    2.6174559,    2.8566667,    21535.000,    32198.408
2026-02-03 03:00:00.000   ,    283.77931,    356.73876,    2.7069282,    2.5362069,    25332.759,    30697.156
2026-02-03 04:00:00.000   ,    283.57500,    354.19769,    2.7997615,    2.8016667,    24675.000,    29214.243
2026-02-03 05:00:00.000   ,    283.83500,    351.65662,    2.8961262,    3.0200000,    26805.000,    27749.669
2026-02-03 06:00:00.000   ,    283.82167,    349.11555,    2.9962037,    3.2233333,    26975.000,    26303.436
2026-02-03 07:00:00.000   ,    288.84286,    346.57448,    3.1001874,    3.7857143,    38814.286,    24875.541
2026-02-03 08:00:00.000   ,    292.51864,    344.03341,    3.2082830,    4.2550000,    34415.254,    23465.986
2026-02-03 09:00:00.000   ,    289.63051,    341.49234,    3.3207103,    3.8084746,    31861.017,    22074.771
2026-02-03 10:00:00.000   ,    291.05500,    338.95128,    3.4377040,    3.9333333,    31806.667,    20701.895
2026-02-03 11:00:00.000   ,    297.59091,    336.41021,    3.5595146,    4.0857143,    30341.818,    19347.359
2026-02-03 12:00:00.000   ,    292.65273,    333.86914,    3.6864102,    3.9854545,    33736.364,    18011.162
2026-02-03 13:00:00.000   ,    291.13448,    331.32807,    3.8186780,    4.0689655,    34158.621,    16693.304
2026-02-03 14:00:00.000   ,    293.98305,    328.78700,    3.9566255,    4.3135593,    34564.407,    15393.786
2026-02-03 15:00:00.000   ,    301.60877,    326.24593,    4.1005826,    5.0456140,    37040.351,    14112.608
2026-02-03 16:00:00.000   ,    309.84655,    323.70486,    4.2509034,    5.5785714,    30382.759,    12849.769
2026-02-03 17:00:00.000   ,    311.52881,    321.16379,    4.4079688,    6.7762712,    31730.508,    11605.270
2026-02-03 18:00:00.000   ,    320.68500,    397.51109,    1.5862390,    6.0474576,    36930.000,    56998.919
2026-02-03 19:00:00.000   ,    310.92833,    397.51109,    1.5862390,    4.6342105,    59111.864,    56998.919
2026-02-03 20:00:00.000   ,    312.04333,    397.51109,    1.5862390,    4.5058824,    57750.000,    56998.919
2026-02-03 21:00:00.000   ,    308.75593,    395.87676,    1.6207345,    3.9113208,    65908.475,    55853.793
2026-02-03 22:00:00.000   ,    311.96500,    317.08913,    4.6749440,    2.4833333,    68185.000,    10000.000
2026-02-03 23:00:00.000   ,    307.64746,    344.82697,    3.1740708,    2.5039216,    75071.186,    23904.213
2026-02-04 00:00:00.000   ,    301.70345,    372.56482,    2.1984897,    2.0122449,    46358.621,    40345.702
2026-02-04 01:00:00.000   ,    301.33833,    396.36998,    1.6102519,    2.6068966,    56308.333,    56198.577
2026-02-04 02:00:00.000   ,    301.53833,    420.17513,    1.1705372,    2.4711864,    47133.333,    73660.974
2026-02-04 03:00:00.000   ,    302.26780,    416.72211,    1.2271012,    3.4847458,    40605.085,    71028.190
2026-02-04 04:00:00.000   ,    307.00000,    413.26909,    1.2859054,    3.4966102,    44208.333,    68429.271
2026-02-04 05:00:00.000   ,    320.57167,    409.81606,    1.3470697,    2.9816667,    39420.000,    65864.218
2026-02-04 06:00:00.000   ,    313.20333,    406.36304,    1.4107221,    3.8900000,    39083.333,    63333.030
2026-02-04 07:00:00.000   ,    320.78824,    402.91002,    1.4769995,    2.9666667,    41788.235,    60835.707
2026-02-04 08:00:00.000   ,    337.48448,    399.45699,    1.5460481,    1.9693878,    58068.966,    58372.249
2026-02-04 09:00:00.000   ,    341.60345,    396.00397,    1.6180247,    1.9571429,    80055.172,    55942.656
2026-02-04 10:00:00.000   ,    343.17667,    392.55095,    1.6930972,    1.4739130,    81735.000,    53546.928
2026-02-04 11:00:00.000   ,    338.09455,    389.71067,    1.7572951,    1.8044444,    60385.455,    51601.710
2026-02-04 12:00:00.000   ,    332.39483,    386.87039,    1.8238163,    2.1173077,    62834.483,    49679.405
2026-02-04 13:00:00.000   ,    332.59649,    384.03011,    1.8927740,    2.0130435,    71270.175,    47780.012
2026-02-04 14:00:00.000   ,    376.05517,    381.18983,    1.9642889,    5.3750000,  1.455776e+5,    45903.533
2026-02-04 15:00:00.000   ,    425.13684,    378.34955,    2.0384889,    6.1000000,  2.068912e+5,    44049.965
2026-02-04 16:00:00.000   ,    430.81053,    377.40169,    2.0638719,    5.5310345,  2.404386e+5,    43436.491
2026-02-04 17:00:00.000   ,    436.01695,    376.45383,    2.0895743,    5.1275862,  2.595576e+5,    42825.568
2026-02-04 18:00:00.000   ,    420.07458,    394.22364,    1.6563335,    6.6176471,  2.332627e+5,    54703.220
2026-02-04 19:00:00.000   ,    447.16833,    392.55095,    1.6930972,    8.6125000,  1.950317e+5,    53546.928
2026-02-04 20:00:00.000   ,    440.44167,    391.98658,    1.7056736,    8.6549020,  2.120667e+5,    53158.590
2026-02-04 21:00:00.000   ,    435.27966,    391.42222,    1.7183383,    8.3580000,  1.732593e+5,    52771.156
2026-02-04 22:00:00.000   ,    455.35833,    390.85786,    1.7310921,    24.342373,  1.038000e+5,    52384.626
2026-02-04 23:00:00.000   ,    472.99167,    403.90879,    1.4575508,    6.4471698,  2.429167e+5,    61554.568
2026-02-05 00:00:00.000   ,    462.71356,    403.45379,    1.4663823,    13.511864,  1.760169e+5,    61226.734
2026-02-05 01:00:00.000   ,    483.58276,    402.99879,    1.4752615,    6.5254545,  2.292931e+5,    60899.488
2026-02-05 02:00:00.000   ,    489.56500,    401.85879,    1.4977200,    3.0212766,  1.666500e+5,    60082.156
2026-02-05 03:00:00.000   ,    503.54746,    405.80373,    1.4212757,    4.6525424,    97732.203,    62926.220
2026-02-05 04:00:00.000   ,    502.65000,    409.74866,    1.3482879,    2.7620690,    69518.333,    65814.486
2026-02-05 05:00:00.000   ,    507.23667,    413.69360,    1.2785513,    4.6666667,    23723.333,    68746.952
2026-02-05 06:00:00.000   ,    514.50333,    417.63853,    1.2118757,    8.3750000,    75648.333,    71723.620
2026-02-05 07:00:00.000   ,    504.00000,    421.58346,    1.1480844,    3.5437500,  1.320667e+5,    74744.489
2026-02-05 08:00:00.000   ,    546.74828,    418.44550,    1.1985975,    4.6258621,  1.610259e+5,    72337.966
2026-02-05 09:00:00.000   ,    544.73929,    415.30753,    1.2509136,    1.4088889,  2.167125e+5,    69959.411
2026-02-05 10:00:00.000   ,    532.56071,    412.16956,    1.3051195,    1.3638889,  2.241089e+5,    67608.823
2026-02-05 11:00:00.000   ,    542.13455,    409.03160,    1.3613072,    1.0600000,  3.041527e+5,    65286.202
2026-02-05 12:00:00.000   ,    557.72333,    405.89363,    1.4195747,    1.0352941,  4.472867e+5,    62991.549
2026-02-05 13:00:00.000   ,    571.94000,    402.75566,    1.4800258,   0.94074074,  3.532450e+5,    60724.863
2026-02-05 14:00:00.000   ,    571.06379,    399.61769,    1.5427710,    1.3272727,  2.674828e+5,    58486.144
2026-02-05 15:00:00.000   ,    575.52712,    396.47973,    1.6079278,    1.2909091,  3.094119e+5,    56275.393
2026-02-05 16:00:00.000   ,    573.09333,    393.34176,    1.6756216,    1.7440000,  3.001300e+5,    54092.609
2026-02-05 17:00:00.000   ,    574.63448,    390.20379,    1.7459856,    2.2153846,  3.135397e+5,    51937.793
2026-02-05 18:00:00.000   ,    571.53390,    389.75527,    1.7562693,    1.7678571,  3.274288e+5,    51632.083
2026-02-05 19:00:00.000   ,    602.81167,    389.30676,    1.7666108,    1.3500000,  2.431167e+5,    51326.945
2026-02-05 20:00:00.000   ,    603.90333,    388.85824,    1.7770106,    1.1259259,  2.339333e+5,    51022.378
2026-02-05 21:00:00.000   ,    599.99661,    388.90963,    1.7758161,    1.2923077,  2.789831e+5,    51057.244
2026-02-05 22:00:00.000   ,    596.01034,    388.96102,    1.7746223,    1.0962963,  2.550776e+5,    51092.119
2026-02-05 23:00:00.000   ,    589.90167,    389.01240,    1.7734293,    1.0476190,  1.791500e+5,    51127.000
2026-02-06 00:00:00.000   ,    594.44237,    389.06379,    1.7722371,    1.2500000,  1.861525e+5,    51161.889
2026-02-06 01:00:00.000   ,    600.88103,    387.08379,    1.8187350,    1.0939394,  2.188103e+5,    49823.041
2026-02-06 02:00:00.000   ,    604.42881,    385.10379,    1.8664126,    1.1391304,  2.152542e+5,    48495.328
2026-02-06 03:00:00.000   ,    580.81864,    383.12379,    1.9153102,    1.3000000,  1.795932e+5,    47178.750
2026-02-06 04:00:00.000   ,    577.74167,    381.14379,    1.9654698,    1.3823529,  2.305067e+5,    45873.306
2026-02-06 05:00:00.000   ,    576.03500,    420.27004,    1.1690130,    1.1478261,  2.161667e+5,    73733.817
2026-02-06 06:00:00.000   ,    570.72000,    422.16379,    1.1389335,   0.95161290,  2.330200e+5,    75192.611
2026-02-06 07:00:00.000   ,    571.40000,    418.65338,    1.1951964,    1.2857143,  1.746667e+5,    72496.525
2026-02-06 08:00:00.000   ,    569.64667,    415.14296,    1.2537087,    1.2081081,  1.827383e+5,    69835.440
2026-02-06 09:00:00.000   ,    561.05517,    411.63254,    1.3145920,    1.1225806,  2.400724e+5,    67209.355
2026-02-06 10:00:00.000   ,    580.54464,    408.12213,    1.3779762,    1.0090909,  3.512768e+5,    64618.271
2026-02-06 11:00:00.000   ,    577.01167,    410.03379,    1.3431409,    1.1897436,  2.898350e+5,    66024.957
2026-02-06 12:00:00.000   ,    557.01333,    408.65944,    1.3681070,    1.1093023,  2.409617e+5,    65012.597
2026-02-06 13:00:00.000   ,    562.16333,    407.28508,    1.3934744,    1.1166667,  2.504700e+5,    64005.603
2026-02-06 14:00:00.000   ,    555.36667,    405.91072,    1.4192515,    1.3131579,  1.940982e+5,    63003.973
2026-02-06 15:00:00.000   ,    557.13729,    404.53636,    1.4454473,    1.1243902,  2.795169e+5,    62007.708
2026-02-06 16:00:00.000   ,    585.83793,    403.16201,    1.4720709,   0.89038462,  3.868379e+5,    61016.808
2026-02-06 17:00:00.000   ,    541.52931,    424.36803,    1.1047037,    1.0535714,  2.634121e+5,    76903.408
2026-02-06 18:00:00.000   ,    536.73448,    426.41838,    1.0735960,    1.0785714,  2.254397e+5,    78507.153
2026-02-06 19:00:00.000   ,    545.76964,    428.46873,    1.0431729,    1.0648649,  2.862839e+5,    80122.838
2026-02-06 20:00:00.000   ,    527.89455,    432.48395,   0.98550250,    1.4285714,  2.283618e+5,    83321.439
2026-02-06 21:00:00.000   ,    531.80333,    429.81632,    1.0235405,    1.2666667,  2.422517e+5,    81191.253
2026-02-06 22:00:00.000   ,    519.30667,    427.09218,    1.0635237,    1.3033333,  2.458750e+5,    79036.792
2026-02-06 23:00:00.000   ,    514.01000,    424.36803,    1.1047037,    1.4240000,  2.756417e+5,    76903.408
2026-02-07 00:00:00.000   ,    532.72333,    422.91626,    1.1271551,    1.3260870,  2.496333e+5,    75775.078
2026-02-07 01:00:00.000   ,    523.60678,    421.46449,    1.1499677,    1.3731707,  2.441186e+5,    74652.734
2026-02-07 02:00:00.000   ,    510.49655,    420.01271,    1.1731493,    1.7073171,  2.067241e+5,    73536.376
2026-02-07 03:00:00.000   ,    507.26379,    418.56094,    1.1967078,    1.6050000,  2.000517e+5,    72426.005
2026-02-07 04:00:00.000   ,    502.01951,    417.10917,    1.2206514,    1.8192308,  2.067561e+5,    71321.619
2026-02-07 05:00:00.000   ,      N/A    ,    414.12361,    1.2711380,      N/A    ,      N/A    ,    69069.276
2026-02-07 06:00:00.000   ,    499.64375,    411.13806,    1.3233661,    1.6650000,  1.528438e+5,    66842.250
2026-02-07 07:00:00.000   ,    513.45714,    408.15250,    1.3774167,    1.5714286,  1.134429e+5,    64640.540
2026-02-07 08:00:00.000   ,    515.02833,    424.21675,    1.1070266,    1.6584906,  1.352900e+5,    76785.553
2026-02-07 09:00:00.000   ,    482.95593,    440.28100,   0.88027230,    2.0038462,  1.705576e+5,    89663.519
2026-02-07 10:00:00.000   ,    469.84211,    445.32199,   0.81662972,    1.8800000,  1.494649e+5,    93855.730
2026-02-07 11:00:00.000   ,    466.93966,    445.32199,   0.81662972,    1.6000000,  1.536534e+5,    93855.730
2026-02-07 12:00:00.000   ,    470.23833,    467.84427,   0.56830028,    2.0750000,  1.295800e+5,  1.134674e+5
2026-02-07 13:00:00.000   ,    473.20169,    491.63123,   0.35750940,    1.6037037,  1.538407e+5,  1.357447e+5
2026-02-07 14:00:00.000   ,    456.05000,    489.18284,   0.37717847,    2.1255319,  1.241672e+5,  1.333775e+5
2026-02-07 15:00:00.000   ,    459.10877,    486.73446,   0.39727813,    1.9708333,    93219.298,  1.310274e+5
2026-02-07 16:00:00.000   ,    461.94386,    484.28607,   0.41782106,    2.5666667,    72775.439,  1.286942e+5
2026-02-07 17:00:00.000   ,    455.96786,    489.55201,   0.37418549,    1.6600000,  1.008625e+5,  1.337334e+5
2026-02-07 18:00:00.000   ,    451.80678,    488.15042,   0.38560080,   0.70000000,    94089.831,  1.323844e+5
2026-02-07 19:00:00.000   ,    455.82241,    486.74882,   0.39715894,   0.73333333,  1.004466e+5,  1.310411e+5
2026-02-07 20:00:00.000   ,    455.93684,    485.34722,   0.40886231,   0.47857143,  1.051211e+5,  1.297033e+5
2026-02-07 21:00:00.000   ,      N/A    ,    481.58925,   0.44097715,      N/A    ,      N/A    ,  1.261440e+5
2026-02-07 22:00:00.000   ,      N/A    ,    477.83128,   0.47420271,      N/A    ,      N/A    ,  1.226249e+5
2026-02-07 23:00:00.000   ,    457.40000,    477.28578,   0.47912101,   0.10000000,    80920.000,  1.221174e+5
2026-02-08 00:00:00.000   ,    441.65000,    476.74028,   0.48406396,   0.99090909,  1.255558e+5,  1.216107e+5
2026-02-08 01:00:00.000   ,      N/A    ,    473.43998,   0.51450453,      N/A    ,      N/A    ,  1.185634e+5
2026-02-08 02:00:00.000   ,    467.20000,    469.66709,   0.55046559,   0.13333333,  1.417167e+5,  1.151177e+5
2026-02-08 03:00:00.000   ,    445.52632,    465.89419,   0.58772285,    1.6867925,    60363.158,  1.117124e+5
2026-02-08 04:00:00.000   ,    458.80678,    462.12130,   0.62633934,   0.53800000,  1.142220e+5,  1.083475e+5
2026-02-08 05:00:00.000   ,    457.35833,    464.42641,   0.60258084,   0.54411765,  1.497633e+5,  1.103985e+5
2026-02-08 06:00:00.000   ,    472.73621,    461.30778,   0.63485042,   0.40625000,  1.902241e+5,  1.076273e+5
2026-02-08 07:00:00.000   ,    423.07500,    458.18916,   0.66810458,   0.23333333,    70475.000,  1.048836e+5
2026-02-08 08:00:00.000   ,    445.47500,    455.07053,   0.70238378,   0.67826087,  1.291867e+5,  1.021676e+5
2026-02-08 09:00:00.000   ,    453.28772,    451.43485,   0.74369715,    1.3705882,  1.068000e+5,    99036.169
2026-02-08 10:00:00.000   ,    447.04464,    447.79917,   0.78653285,    2.2000000,    78696.429,    95942.268
2026-02-08 11:00:00.000   ,    463.48214,    444.86673,   0.82224366,    2.9224490,    87133.929,    93474.157
2026-02-08 12:00:00.000   ,    457.95424,    441.93428,   0.85903599,    3.0941176,  1.021508e+5,    91030.470
2026-02-08 13:00:00.000   ,    439.06500,    439.00183,   0.89695398,    3.0173913,    84530.000,    88611.207
2026-02-08 14:00:00.000   ,    436.69667,    439.00183,   0.89695398,    3.2609756,    78215.000,    88611.207
2026-02-08 15:00:00.000   ,    432.06271,    439.00183,   0.89695398,    1.8666667,  1.161475e+5,    88611.207
2026-02-08 16:00:00.000   ,    432.91000,    440.89239,   0.87237684,    2.4520833,    82185.000,    90168.117
2026-02-08 17:00:00.000   ,    445.75000,    442.78295,   0.84827427,    1.0365385,    61991.071,    91735.180
2026-02-08 18:00:00.000   ,    436.27833,    444.67351,   0.82463411,    2.4724138,    61310.000,    93312.394
2026-02-08 19:00:00.000   ,    422.73898,    446.56407,   0.80144462,    1.9740000,    57274.576,    94899.759
2026-02-08 20:00:00.000   ,    433.25789,    449.02743,   0.77188657,    1.5565217,    80568.421,    96983.298
2026-02-08 21:00:00.000   ,    442.64333,    450.24898,   0.75749822,   0.50952381,    86010.000,    98022.889
2026-02-08 22:00:00.000   ,    425.82833,    459.04662,   0.65886091,    1.4500000,    65598.333,  1.056352e+5
2026-02-08 23:00:00.000   ,    403.20000,    467.84427,   0.56830028,   0.80192308,    56700.000,  1.134674e+5
2026-02-09 00:00:00.000   ,    409.61000,    473.43998,   0.51450453,   0.17567568,    81625.000,  1.185634e+5
2026-02-09 01:00:00.000   ,    409.96333,    475.07012,   0.49935293,   0.11891892,    81336.667,  1.200647e+5
2026-02-09 02:00:00.000   ,    408.39667,    476.70026,   0.48442757,   0.48421053,    79296.667,  1.215736e+5
2026-02-09 03:00:00.000   ,    408.66724,    478.33040,   0.46972397,   0.76046512,    84443.103,  1.230900e+5
2026-02-09 04:00:00.000   ,    422.46897,    479.96055,   0.45523776,   0.86944444,  1.056414e+5,  1.246139e+5
2026-02-09 05:00:00.000   ,    405.41667,    481.59069,   0.44096467,   0.55526316,  1.219950e+5,  1.261454e+5
2026-02-09 06:00:00.000   ,    411.81167,    483.22083,   0.42690055,   0.54054054,  1.160333e+5,  1.276844e+5
2026-02-09 07:00:00.000   ,    421.31250,    483.22083,   0.42690055,   0.72500000,  1.232875e+5,  1.276844e+5
2026-02-09 08:00:00.000   ,    430.00167,    484.28607,   0.41782106,    1.2816327,  1.039483e+5,  1.286942e+5
2026-02-09 09:00:00.000   ,    412.63898,    521.20960,   0.14979279,    1.0301887,    86028.814,  1.656874e+5
2026-02-09 10:00:00.000   ,    403.69273,    532.32041,   0.08393444,    1.3428571,    93898.182,  1.775771e+5
2026-02-09 11:00:00.000   ,    416.82857,    532.32041,   0.08393444,    2.0285714,    80453.571,  1.775771e+5
2026-02-09 12:00:00.000   ,    416.50179,    531.40815,   0.08912577,    1.5880000,  1.020464e+5,  1.765877e+5
2026-02-09 13:00:00.000   ,    423.76071,    532.32041,   0.08393444,    2.0129630,  1.023054e+5,  1.775771e+5
2026-02-09 14:00:00.000   ,    410.04375,    536.84638,   0.05871947,   0.91379310,  1.532521e+5,  1.825209e+5
2026-02-09 15:00:00.000   ,    416.22414,    535.94582,   0.06366602,    1.4625000,  1.252897e+5,  1.815326e+5
2026-02-09 16:00:00.000   ,    406.14667,    537.29326,   0.05627770,    1.1777778,    90878.333,  1.830122e+5
2026-02-09 17:00:00.000   ,    390.30690,    538.64069,   0.04896608,   0.94523810,    68784.483,  1.844969e+5
2026-02-09 18:00:00.000   ,    383.99167,    542.20261,   0.02999953,   0.73265306,    62410.000,  1.884467e+5
2026-02-09 19:00:00.000   ,    386.12982,    542.20261,   0.02999953,   0.31363636,    67222.807,  1.884467e+5
2026-02-09 20:00:00.000   ,    383.29138,    542.20261,   0.02999953,   0.47254902,    42727.586,  1.884467e+5
2026-02-09 21:00:00.000   ,    386.80339,    542.20261,   0.02999953,   0.21785714,    67344.068,  1.884467e+5
2026-02-09 22:00:00.000   ,    401.02833,    540.42605,   0.03939450,   0.65744681,    73437.288,  1.864722e+5
2026-02-09 23:00:00.000   ,    412.20333,    539.53337,   0.04416384,   0.92553191,  1.390750e+5,  1.854834e+5
2026-02-10 00:00:00.000   ,    414.97500,    538.64069,   0.04896608,   0.95918367,  1.627800e+5,  1.844969e+5
2026-02-10 01:00:00.000   ,    416.17333,    534.13779,   0.07370235,    1.3844828,  1.226083e+5,  1.795553e+5
2026-02-10 02:00:00.000   ,    416.86000,    537.74466,   0.05381972,    1.3631579,  1.488767e+5,  1.835090e+5
2026-02-10 03:00:00.000   ,    406.22241,    534.13779,   0.07370235,    1.5840909,  1.151431e+5,  1.795553e+5
2026-02-10 04:00:00.000   ,    406.23333,    530.47408,   0.09447999,    1.8375000,  1.206333e+5,  1.755771e+5
2026-02-10 05:00:00.000   ,    421.42857,    526.81037,   0.11586663,    1.0571429,  1.190714e+5,  1.716370e+5
2026-02-10 06:00:00.000   ,    408.63167,    525.41601,   0.12417105,    1.0204082,    96744.068,  1.701475e+5
2026-02-10 07:00:00.000   ,    427.17391,    524.02165,   0.13256852,    2.6173913,  1.258478e+5,  1.686635e+5
2026-02-10 08:00:00.000   ,    432.63167,    520.72217,   0.15281832,    3.4596154,  1.343283e+5,  1.651739e+5
2026-02-10 09:00:00.000   ,    430.87627,    517.42268,   0.17361610,    3.6881356,  1.140525e+5,  1.617152e+5
2026-02-10 10:00:00.000   ,    427.05333,    513.56808,   0.19863373,    2.9895833,  1.559500e+5,  1.577137e+5
2026-02-10 11:00:00.000   ,    453.21356,    509.71347,   0.22445992,    3.2725000,  1.781034e+5,  1.537545e+5
2026-02-10 12:00:00.000   ,    450.05357,    504.67311,   0.25950954,    3.2903226,  1.913750e+5,  1.486410e+5
2026-02-10 13:00:00.000   ,    449.74138,    499.63274,   0.29608590,    3.5058824,  1.561724e+5,  1.435996e+5
2026-02-10 14:00:00.000   ,    446.60976,    494.59238,   0.33427898,    3.9576923,  1.685122e+5,  1.386304e+5
2026-02-10 15:00:00.000   ,    436.23455,    489.55201,   0.37418549,    4.0510204,  1.502164e+5,  1.337334e+5
2026-02-10 16:00:00.000   ,    450.97586,    498.79328,   0.30233212,    2.7714286,  1.043345e+5,  1.427670e+5
2026-02-10 17:00:00.000   ,    462.17167,    503.80535,   0.26569539,    3.8966102,  1.087133e+5,  1.477679e+5
2026-02-10 18:00:00.000   ,    478.43276,    500.79305,   0.28752605,    3.8444444,  1.444776e+5,  1.447537e+5
2026-02-10 19:00:00.000   ,    477.29833,    497.78075,   0.30992641,    3.3208333,  1.681750e+5,  1.417654e+5
2026-02-10 20:00:00.000   ,    476.31897,    495.73813,   0.32545019,    3.2826923,  1.655655e+5,  1.397536e+5
2026-02-10 21:00:00.000   ,    461.11379,    493.69552,   0.34125157,    2.6589744,  1.803103e+5,  1.377538e+5
2026-02-10 22:00:00.000   ,    454.60000,    490.04993,   0.37016415,    2.8256410,  1.624167e+5,  1.342139e+5
2026-02-10 23:00:00.000   ,    447.35833,    486.40434,   0.40002179,    2.8777778,  1.573833e+5,  1.307118e+5
2026-02-11 00:00:00.000   ,    449.74667,    482.00876,   0.43733800,    2.9675676,  1.293300e+5,  1.265394e+5
2026-02-11 01:00:00.000   ,    459.00667,    477.61317,   0.47616627,    3.0830189,  1.105633e+5,  1.224219e+5
2026-02-11 02:00:00.000   ,    454.81667,    473.21758,   0.51658943,    3.0477273,  1.384467e+5,  1.183592e+5
2026-02-11 03:00:00.000   ,    471.09492,    468.82200,   0.55869602,    2.5888889,  1.368746e+5,  1.143514e+5
2026-02-11 04:00:00.000   ,    455.87759,    464.42641,   0.60258084,    2.0666667,  1.496190e+5,  1.103985e+5
2026-02-11 05:00:00.000   ,    465.48983,    465.56313,   0.59105606,    2.9644444,  1.187695e+5,  1.114155e+5
2026-02-11 06:00:00.000   ,    485.32833,    466.69984,   0.57965516,    3.0816667,  1.141533e+5,  1.124362e+5
2026-02-11 07:00:00.000   ,    481.23462,    467.83656,   0.56837637,    3.5615385,  1.175577e+5,  1.134605e+5
2026-02-11 08:00:00.000   ,    469.64667,    468.97327,   0.55721794,    1.6260870,  1.335517e+5,  1.144884e+5
2026-02-11 09:00:00.000   ,    467.64237,    467.84427,   0.56830028,    3.0473684,  1.241847e+5,  1.134674e+5
2026-02-11 10:00:00.000   ,    470.04483,    469.82338,   0.54895056,    3.7333333,  1.293224e+5,  1.152596e+5
2026-02-11 11:00:00.000   ,    480.72881,    471.80250,   0.52995675,    2.2758621,  1.351627e+5,  1.170630e+5
2026-02-11 12:00:00.000   ,    454.98772,    467.40901,   0.57260436,    2.2321429,  1.626895e+5,  1.130748e+5
2026-02-11 13:00:00.000   ,    451.78214,    463.01552,   0.61706035,    2.3475000,  1.524000e+5,  1.091414e+5
2026-02-11 14:00:00.000   ,    456.53793,    458.62203,   0.66342843,    2.4229167,  1.173897e+5,  1.052628e+5
2026-02-11 15:00:00.000   ,    446.34068,    457.44414,   0.67619888,    3.1394737,  1.173610e+5,  1.042323e+5
2026-02-11 16:00:00.000   ,    471.32500,    455.65937,   0.69583094,    3.3000000,  1.139933e+5,  1.026783e+5
2026-02-11 17:00:00.000   ,    440.45714,    453.87460,   0.71580993,    2.9976744,  1.080643e+5,  1.011334e+5
2026-02-11 18:00:00.000   ,    449.67000,    453.87460,   0.71580993,    3.2631579,  1.096950e+5,  1.011334e+5
2026-02-11 19:00:00.000   ,    454.05690,    508.20750,   0.23477729,    3.5631579,  1.105603e+5,  1.522191e+5
2026-02-11 20:00:00.000   ,    434.26102,    506.76750,   0.24476512,    3.2822222,  1.297627e+5,  1.507570e+5
2026-02-11 21:00:00.000   ,    423.12241,    505.32750,   0.25487463,    3.0450000,  1.656052e+5,  1.493008e+5
2026-02-11 22:00:00.000   ,    425.25500,    503.88750,   0.26510781,    3.2655172,  1.347350e+5,  1.478505e+5
2026-02-11 23:00:00.000   ,    424.45333,    501.24393,   0.28422266,    2.4411765,  1.133200e+5,  1.452033e+5
2026-02-12 00:00:00.000   ,    424.41333,    498.60036,   0.30377403,    2.6557692,  1.077383e+5,  1.425759e+5
2026-02-12 01:00:00.000   ,    414.32500,    495.95679,   0.32377530,    2.2840000,  1.154972e+5,  1.399684e+5
2026-02-12 02:00:00.000   ,    403.99322,    493.31321,   0.34424039,    3.0057143,  1.382169e+5,  1.373808e+5
2026-02-12 03:00:00.000   ,    406.18621,    490.66964,   0.36518375,    2.4400000,  1.675544e+5,  1.348130e+5
2026-02-12 04:00:00.000   ,    401.30500,    488.02607,   0.38662040,    3.7200000,  1.474683e+5,  1.322650e+5
2026-02-12 05:00:00.000   ,    409.71356,    485.38250,   0.40856595,    3.0481481,  1.394881e+5,  1.297369e+5
2026-02-12 06:00:00.000   ,    406.33729,    484.18625,   0.41866818,    3.0675676,  1.166034e+5,  1.285995e+5
2026-02-12 07:00:00.000   ,    417.98065,    482.99000,   0.42887948,    4.2130435,  1.059806e+5,  1.274660e+5
2026-02-12 08:00:00.000   ,    390.38814,    481.79375,   0.43920142,    3.1280000,  1.146610e+5,  1.263367e+5
2026-02-12 09:00:00.000   ,    387.85179,    480.59750,   0.44963562,    3.0111111,  1.025250e+5,  1.252114e+5
2026-02-12 10:00:00.000   ,    390.73519,    490.65361,   0.36531225,    2.4000000,    95451.852,  1.347975e+5
2026-02-12 11:00:00.000   ,    378.96610,    500.70972,   0.28813794,    3.3175000,  1.114136e+5,  1.446707e+5
2026-02-12 12:00:00.000   ,    374.19500,    499.05319,   0.30039339,    4.0090909,    94951.667,  1.430246e+5
2026-02-12 13:00:00.000   ,    373.17119,    497.39666,   0.31282458,    3.4392157,    81116.949,  1.413862e+5
2026-02-12 14:00:00.000   ,    381.90175,    495.74013,   0.32543488,    3.3632653,    70871.930,  1.397556e+5
2026-02-12 15:00:00.000   ,    375.86271,    494.08360,   0.33822775,    3.1393939,    97486.441,  1.381328e+5
2026-02-12 16:00:00.000   ,    389.57667,    492.42707,   0.35120673,    1.7196078,    79393.333,  1.365178e+5
2026-02-12 17:00:00.000   ,    386.39000,    490.77054,   0.36437545,    1.8916667,    76753.333,  1.349106e+5
2026-02-12 18:00:00.000   ,    399.45345,    489.11401,   0.37773762,   0.89298246,    62489.655,  1.333112e+5
2026-02-12 19:00:00.000   ,    396.28333,    487.45748,   0.39129706,    1.1892857,    64856.667,  1.317196e+5
2026-02-12 20:00:00.000   ,    396.34655,    499.80239,   0.29482904,    1.8701754,    61084.483,  1.437681e+5
2026-02-12 21:00:00.000   ,    380.13667,    498.79328,   0.30233212,    2.1362069,    62873.333,  1.427670e+5
2026-02-12 22:00:00.000   ,    389.40893,    497.78075,   0.30992641,    3.7211538,    92776.786,  1.417654e+5
2026-02-12 23:00:00.000   ,    393.25500,    499.80239,   0.29482904,    3.6983051,    98911.667,  1.437681e+5
2026-02-13 00:00:00.000   ,    388.08167,    500.80811,   0.28741548,    4.0224138,    68391.667,  1.447688e+5
2026-02-13 01:00:00.000   ,    399.61333,    502.79022,   0.27298975,    2.2879310,    82798.333,  1.467493e+5
2026-02-13 02:00:00.000   ,    398.67167,    504.77233,   0.25880514,    1.0490566,  1.118117e+5,  1.487409e+5
2026-02-13 03:00:00.000   ,    383.21695,    506.75444,   0.24485629,    1.1150000,    80628.814,  1.507438e+5
2026-02-13 04:00:00.000   ,    378.66833,    508.73654,   0.23113802,   0.75882353,    95015.000,  1.527577e+5
2026-02-13 05:00:00.000   ,    365.77167,    505.74359,   0.25194083,    2.0822222,    62030.000,  1.497210e+5
2026-02-13 06:00:00.000   ,    358.37119,    502.75065,   0.27327539,    2.3159091,    35393.220,  1.467096e+5
2026-02-13 07:00:00.000   ,    371.20000,    499.75770,   0.29515998,    2.0393939,    37955.882,  1.437237e+5
2026-02-13 08:00:00.000   ,    386.45833,    496.76475,   0.31761368,    1.8857143,    70538.333,  1.407633e+5
2026-02-13 09:00:00.000   ,    423.47018,    494.72218,   0.33327438,   0.81153846,    95775.439,  1.387575e+5
2026-02-13 10:00:00.000   ,    420.96481,    520.26694,   0.15565472,   0.39210526,    96925.926,  1.646948e+5
2026-02-13 11:00:00.000   ,    406.01379,    518.04172,   0.16967143,   0.68888889,    83320.690,  1.623617e+5
2026-02-13 12:00:00.000   ,    390.47667,    515.81649,   0.18394471,   0.60000000,    48305.000,  1.600427e+5
2026-02-13 13:00:00.000   ,    396.27931,    513.59127,   0.19848084,    1.0672727,    49124.138,  1.577377e+5
2026-02-13 14:00:00.000   ,    418.96441,    517.42268,   0.17361610,    1.3588235,    87172.881,  1.617152e+5
2026-02-13 15:00:00.000   ,    422.56842,    517.42268,   0.17361610,   0.58000000,    96043.860,  1.617152e+5
2026-02-13 16:00:00.000   ,    434.54167,    517.42268,   0.17361610,   0.23396226,    99898.333,  1.617152e+5
2026-02-13 17:00:00.000   ,    424.63667,    523.08693,   0.13825066,   0.13157895,  1.097000e+5,  1.676718e+5
2026-02-13 18:00:00.000   ,    419.61167,    525.88335,   0.12137742,   0.61754386,    69248.333,  1.706461e+5
2026-02-13 19:00:00.000   ,    420.51500,    526.81037,   0.11586663,   0.23061224,  1.034200e+5,  1.716370e+5
2026-02-13 20:00:00.000   ,    415.65167,    526.81037,   0.11586663,   0.21372549,  1.041600e+5,  1.716370e+5
2026-02-13 21:00:00.000   ,    419.10000,    659.26750,  -0.38910572,   0.62631579,  1.239083e+5,  3.383125e+5
2026-02-13 22:00:00.000   ,    463.87000,    652.11250,  -0.37157144,   0.72037037,  2.130867e+5,  3.280359e+5
2026-02-13 23:00:00.000   ,    436.77069,    644.95750,  -0.35327126,   0.15918367,  2.522155e+5,  3.179047e+5
2026-02-14 00:00:00.000   ,    463.31000,    637.80250,  -0.33415991,   0.32682927,  3.862150e+5,  3.079190e+5
2026-02-14 01:00:00.000   ,    487.43500,    630.64750,  -0.31418875,   0.34782609,  4.860983e+5,  2.980786e+5
2026-02-14 02:00:00.000   ,    480.06333,    623.49250,  -0.29330540,   0.18421053,  2.911783e+5,  2.883836e+5
2026-02-14 03:00:00.000   ,    471.56271,    616.33750,  -0.27145346,   0.23913043,  3.280932e+5,  2.788341e+5
2026-02-14 04:00:00.000   ,    453.01333,    609.18250,  -0.24857209,   0.20666667,  2.465683e+5,  2.694299e+5
2026-02-14 05:00:00.000   ,    440.53333,    602.02750,  -0.22459559,   0.10188679,    95676.667,  2.601712e+5
2026-02-14 06:00:00.000   ,    442.20667,    594.87250,  -0.19945295,   0.14318182,  1.130750e+5,  2.510578e+5
2026-02-14 07:00:00.000   ,    436.19750,    589.36543,  -0.17925884,   0.77666667,  1.249575e+5,  2.441425e+5
2026-02-14 08:00:00.000   ,    430.90667,    583.85836,  -0.15829087,    1.0638889,  1.269567e+5,  2.373132e+5
2026-02-14 09:00:00.000   ,    437.65593,    578.35129,  -0.13650899,    1.1943396,  1.786508e+5,  2.305702e+5
2026-02-14 10:00:00.000   ,    418.41852,    572.84422,  -0.11387052,    1.8451613,  1.830185e+5,  2.239132e+5
2026-02-14 11:00:00.000   ,    408.37321,    567.33715,  -0.09032996,    1.7250000,  1.373339e+5,  2.173424e+5
2026-02-14 12:00:00.000   ,    406.54737,    561.83008,  -0.06583874,    2.5418605,  1.611404e+5,  2.108578e+5
2026-02-14 13:00:00.000   ,    385.09000,    556.32301,  -0.04034496,    3.7680000,  1.711300e+5,  2.044592e+5
2026-02-14 14:00:00.000   ,    381.18103,    550.81594,  -0.01379316,    4.7026316,  1.335259e+5,  1.981469e+5
2026-02-14 15:00:00.000   ,    390.35614,    545.30887,   0.01387605,    4.9022727,  1.246860e+5,  1.919206e+5
2026-02-14 16:00:00.000   ,    424.71864,    539.80180,   0.04272624,    5.6614035,    86152.542,  1.857805e+5
2026-02-14 17:00:00.000   ,    439.32000,    534.29473,   0.07282559,    6.2192982,  1.287383e+5,  1.797265e+5
2026-02-14 18:00:00.000   ,    450.84333,    528.78766,   0.10424728,    4.7195652,  1.692367e+5,  1.737587e+5
2026-02-14 19:00:00.000   ,    473.09153,    523.28059,   0.13706991,    2.9240000,  2.336864e+5,  1.678770e+5
2026-02-14 20:00:00.000   ,    479.57119,    517.77352,   0.17137801,   0.90465116,  3.422814e+5,  1.620815e+5
2026-02-14 21:00:00.000   ,    480.62542,    512.26645,   0.20726261,   0.94047619,  3.633542e+5,  1.563720e+5
2026-02-14 22:00:00.000   ,    496.38833,    506.75938,   0.24482179,   0.86363636,  3.844833e+5,  1.507488e+5
2026-02-14 23:00:00.000   ,    518.78644,    501.25231,   0.28416138,    1.2704545,  3.632237e+5,  1.452116e+5
2026-02-15 00:00:00.000   ,    544.84237,    495.74524,   0.32539572,    1.2608696,  4.052373e+5,  1.397606e+5
2026-02-15 01:00:00.000   ,    560.90833,    485.34722,   0.40886231,    1.3652174,  3.249500e+5,  1.297033e+5
2026-02-15 02:00:00.000   ,    580.28333,    569.84750,  -0.10117563,    1.1708333,  3.563667e+5,  2.203270e+5
2026-02-15 03:00:00.000   ,    613.77414,    563.83350,  -0.07486163,   0.66585366,  4.591897e+5,  2.132069e+5
2026-02-15 04:00:00.000   ,    597.78500,    557.81950,  -0.04737493,    1.0547619,  3.615000e+5,  2.061895e+5
2026-02-15 05:00:00.000   ,    593.42333,    551.80550,  -0.01864480,    1.4025000,  2.885500e+5,  1.992748e+5
2026-02-15 06:00:00.000   ,    595.19500,    545.79150,   0.01140490,    2.0431818,  2.815500e+5,  1.924628e+5
2026-02-15 07:00:00.000   ,    589.72500,    539.77750,   0.04285625,    1.5405405,  3.331769e+5,  1.857536e+5
2026-02-15 08:00:00.000   ,    603.57759,    535.30654,   0.06719856,    1.3906977,  3.572983e+5,  1.808324e+5
2026-02-15 09:00:00.000   ,    610.90167,    530.83557,   0.09240321,    1.8775510,  3.307500e+5,  1.759679e+5
2026-02-15 10:00:00.000   ,    627.78500,    526.36461,   0.11851143,    1.1361702,  2.899500e+5,  1.711602e+5
2026-02-15 11:00:00.000   ,    666.67500,    521.89364,   0.14556693,    1.8259259,  3.103017e+5,  1.664093e+5
2026-02-15 12:00:00.000   ,    638.32069,    517.42268,   0.17361610,    1.3960784,  2.812793e+5,  1.617152e+5
2026-02-15 13:00:00.000   ,    668.38929,    518.37351,   0.16756534,    1.3069767,  3.930000e+5,  1.627087e+5
2026-02-15 14:00:00.000   ,    654.06552,    543.95766,   0.02084281,    1.5320000,  3.561207e+5,  1.904061e+5
2026-02-15 15:00:00.000   ,    631.99091,    569.54181,  -0.09986536,    1.5500000,  3.866600e+5,  2.199626e+5
2026-02-15 16:00:00.000   ,    624.74386,    574.46270,  -0.12061527,    1.1950000,  4.273000e+5,  2.258607e+5
2026-02-15 17:00:00.000   ,    641.46610,    580.93386,  -0.14682770,    1.4000000,  4.173407e+5,  2.337216e+5
2026-02-15 18:00:00.000   ,    632.44000,    589.67290,  -0.18040635,    1.3121951,  3.709300e+5,  2.445263e+5
2026-02-15 19:00:00.000   ,    646.35000,    592.80738,  -0.19196851,    1.1594595,  4.470500e+5,  2.484545e+5
2026-02-15 20:00:00.000   ,    637.18500,    590.45227,  -0.18330428,    1.5452381,  3.973917e+5,  2.455004e+5
2026-02-15 21:00:00.000   ,    623.62712,    588.09716,  -0.17449994,    1.4785714,  4.198610e+5,  2.425621e+5
2026-02-15 22:00:00.000   ,    601.01333,    595.14363,  -0.20042785,   0.91944444,  3.576933e+5,  2.514005e+5
2026-02-15 23:00:00.000   ,    629.79167,    603.60663,  -0.22998497,    1.0000000,  2.917833e+5,  2.622021e+5
2026-02-16 00:00:00.000   ,    639.65424,    614.90005,  -0.26694124,   0.94736842,  2.471695e+5,  2.769331e+5
2026-02-16 01:00:00.000   ,    619.53559,    618.60484,  -0.27848652,    1.8482759,  2.221525e+5,  2.818445e+5
2026-02-16 02:00:00.000   ,    610.79000,    617.86618,  -0.27620652,    1.7658537,  2.696950e+5,  2.808622e+5
2026-02-16 03:00:00.000   ,    623.16441,    626.65609,  -0.30265501,    1.0979167,  3.086271e+5,  2.926524e+5
2026-02-16 04:00:00.000   ,    602.62667,    624.47352,  -0.29622470,   0.94736842,  2.859983e+5,  2.897043e+5
2026-02-16 05:00:00.000   ,    595.16667,    628.10575,  -0.30687743,    1.1416667,  2.676217e+5,  2.946179e+5
2026-02-16 06:00:00.000   ,    601.93833,    639.30772,  -0.33825016,    2.6775862,  1.905333e+5,  3.100076e+5
2026-02-16 07:00:00.000   ,    574.56316,    650.50968,  -0.36754007,    2.2000000,  2.122000e+5,  3.257538e+5
2026-02-16 08:00:00.000   ,    567.81695,    661.71165,  -0.39492755,    1.7093023,  2.670492e+5,  3.418563e+5
2026-02-16 09:00:00.000   ,    576.31379,    658.05749,  -0.38619239,    1.5685714,  2.203086e+5,  3.365644e+5
2026-02-16 10:00:00.000   ,    598.75179,    654.40333,  -0.37726670,    2.4240741,  1.581875e+5,  3.313104e+5
2026-02-16 11:00:00.000   ,    615.97500,    650.74917,  -0.36814489,    1.8740000,  1.892733e+5,  3.260943e+5
2026-02-16 12:00:00.000   ,    621.52000,    661.71165,  -0.39492755,    2.0708333,  2.228000e+5,  3.418563e+5
2026-02-16 13:00:00.000   ,    640.49828,    663.06469,  -0.39811472,    2.1346939,  2.592724e+5,  3.438254e+5
2026-02-16 14:00:00.000   ,    628.94643,    664.41774,  -0.40127677,    2.0612245,  2.413393e+5,  3.457997e+5
2026-02-16 15:00:00.000   ,    648.36140,    668.45196,  -0.41055818,    1.4950000,  3.170702e+5,  3.517171e+5
2026-02-16 16:00:00.000   ,    661.47115,    663.74248,  -0.39970181,    1.8358974,  2.783462e+5,  3.448137e+5
2026-02-16 17:00:00.000   ,    682.84286,    666.43855,  -0.40595318,    1.1035714,  2.476071e+5,  3.487580e+5
2026-02-16 18:00:00.000   ,    658.89286,    667.11050,  -0.40749603,    2.6125000,  2.808393e+5,  3.497443e+5
2026-02-16 19:00:00.000   ,    668.13390,    673.78556,  -0.42250141,    2.5375000,  3.100000e+5,  3.596113e+5
2026-02-16 20:00:00.000   ,    661.75833,    673.12165,  -0.42103462,    1.9254545,  2.912667e+5,  3.586243e+5
2026-02-16 21:00:00.000   ,    652.51833,    673.78556,  -0.42250141,    2.0237288,  2.657250e+5,  3.596113e+5
2026-02-16 22:00:00.000   ,    660.14000,    675.43950,  -0.42613130,    1.7779661,  2.310983e+5,  3.620757e+5
2026-02-16 23:00:00.000   ,    645.39000,    677.09344,  -0.42972707,    1.4469388,  2.760333e+5,  3.645479e+5
2026-02-17 00:00:00.000   ,    639.23103,    676.43342,  -0.42829619,    1.7946429,  2.204483e+5,  3.635604e+5
2026-02-17 01:00:00.000   ,    661.64000,    676.43342,  -0.42829619,    1.4338983,  2.252000e+5,  3.635604e+5
2026-02-17 02:00:00.000   ,    654.67333,    673.12165,  -0.42103462,    1.5913793,  2.213500e+5,  3.586243e+5
2026-02-17 03:00:00.000   ,    649.47119,    671.12515,  -0.41658994,    1.5947368,  2.061864e+5,  3.556636e+5
2026-02-17 04:00:00.000   ,    644.25000,    668.10866,  -0.40977680,    1.2379310,  1.787417e+5,  3.512117e+5
2026-02-17 05:00:00.000   ,    622.34000,    665.09217,  -0.40284361,    1.3181818,  1.516667e+5,  3.467857e+5
2026-02-17 06:00:00.000   ,    616.60500,    661.71165,  -0.39492755,    1.6603448,  1.121233e+5,  3.418563e+5
2026-02-17 07:00:00.000   ,    607.12000,    667.11050,  -0.40749603,   0.74761905,  1.876833e+5,  3.497443e+5
2026-02-17 08:00:00.000   ,    587.62034,    666.43855,  -0.40595318,    1.1045455,  1.664390e+5,  3.487580e+5
2026-02-17 09:00:00.000   ,    594.10172,    665.09217,  -0.40284361,   0.40588235,  1.918966e+5,  3.467857e+5
2026-02-17 10:00:00.000   ,    575.00862,    663.74248,  -0.39970181,    1.4000000,  1.793190e+5,  3.448137e+5
2026-02-17 11:00:00.000   ,    570.41833,    658.97084,  -0.38839339,   0.94285714,  1.700283e+5,  3.378835e+5
2026-02-17 12:00:00.000   ,    572.36250,    654.19921,  -0.37676239,    2.0187500,  1.138571e+5,  3.310180e+5
2026-02-17 13:00:00.000   ,    577.71786,    649.34028,  -0.36457430,    1.6690909,    90501.786,  3.240933e+5
2026-02-17 14:00:00.000   ,    588.82586,    644.48135,  -0.35202515,   0.61250000,  1.579224e+5,  3.172357e+5
2026-02-17 15:00:00.000   ,    562.14909,    638.09636,  -0.33496142,    1.9634615,  1.023218e+5,  3.083262e+5
2026-02-17 16:00:00.000   ,    571.46610,    631.71138,  -0.31721468,    1.8982143,  1.077898e+5,  2.995326e+5
2026-02-17 17:00:00.000   ,    559.47966,    627.58837,  -0.30537485,    1.6731707,  1.560220e+5,  2.939157e+5
2026-02-17 18:00:00.000   ,    554.09661,    623.46536,  -0.29322437,    1.6780000,  1.480339e+5,  2.883471e+5
2026-02-17 19:00:00.000   ,    557.93559,    619.34235,  -0.28075227,    1.3528302,  1.554661e+5,  2.828268e+5
2026-02-17 20:00:00.000   ,    541.57500,    611.91518,  -0.25743665,   0.98148148,  1.525567e+5,  2.730044e+5
2026-02-17 21:00:00.000   ,    533.72667,    610.03613,  -0.25135816,    1.4940000,  1.343100e+5,  2.705442e+5
2026-02-17 22:00:00.000   ,    551.52833,    608.15708,  -0.24520473,    2.1716667,    78496.667,  2.680941e+5
2026-02-17 23:00:00.000   ,    536.52833,    603.60663,  -0.22998497,    1.9500000,    92850.000,  2.622021e+5
2026-02-18 00:00:00.000   ,    548.66667,    599.76313,  -0.21676827,    1.5508772,  1.240017e+5,  2.572713e+5
2026-02-18 01:00:00.000   ,    537.01207,    595.91964,  -0.20320835,    1.7333333,  1.262328e+5,  2.523825e+5
2026-02-18 02:00:00.000   ,    539.89661,    594.36625,  -0.19762786,    1.5945455,  1.256305e+5,  2.504185e+5
2026-02-18 03:00:00.000   ,    543.18305,    598.23959,  -0.21143490,    1.6175000,  1.418305e+5,  2.553284e+5
2026-02-18 04:00:00.000   ,    545.32333,    595.91355,  -0.20318657,    1.2818182,  1.214350e+5,  2.523748e+5
2026-02-18 05:00:00.000   ,    534.12333,    593.58751,  -0.19480815,    2.1040000,  1.162717e+5,  2.494365e+5
2026-02-18 06:00:00.000   ,    533.22667,    590.45863,  -0.18332789,    2.3327586,    97691.667,  2.455084e+5
2026-02-18 07:00:00.000   ,    532.75614,    587.30713,  -0.17151458,    1.7571429,  1.207947e+5,  2.415799e+5
2026-02-18 08:00:00.000   ,    530.07167,    587.30713,  -0.17151458,    1.6000000,  1.375500e+5,  2.415799e+5
2026-02-18 09:00:00.000   ,    520.99298,    581.62042,  -0.14953976,    1.6230769,  1.501930e+5,  2.345626e+5
2026-02-18 10:00:00.000   ,    520.68246,    575.93371,  -0.12667890,    2.1724138,  1.362281e+5,  2.276372e+5
2026-02-18 11:00:00.000   ,    523.56500,    570.24700,  -0.10288373,    2.6796296,  1.112383e+5,  2.208036e+5
2026-02-18 12:00:00.000   ,    504.49333,    564.56029,  -0.07810264,    1.6000000,  1.381367e+5,  2.140619e+5
2026-02-18 13:00:00.000   ,    501.02931,    562.46053,  -0.06869231,    2.2523810,  1.363793e+5,  2.115958e+5
2026-02-18 14:00:00.000   ,    495.45667,    560.36077,  -0.05913716,    3.2176471,    84011.667,  2.091422e+5
2026-02-18 15:00:00.000   ,    480.91186,    556.11559,  -0.03936442,    3.0808511,    84888.136,  2.042199e+5
2026-02-18 16:00:00.000   ,    476.57333,    555.68825,  -0.03733957,    2.8052632,    94206.667,  2.037273e+5
2026-02-18 17:00:00.000   ,    472.86271,    555.26092,  -0.03530831,    2.2242424,  1.221475e+5,  2.032351e+5
2026-02-18 18:00:00.000   ,    462.79483,    557.81925,  -0.04737376,    2.7170732,  1.086586e+5,  2.061892e+5
2026-02-18 19:00:00.000   ,    458.14167,    556.96836,  -0.04338609,    2.8905660,    86273.333,  2.052046e+5
2026-02-18 20:00:00.000   ,    452.98103,    556.11559,  -0.03936442,    3.6000000,    63751.724,  2.042199e+5
2026-02-18 21:00:00.000   ,    460.08036,    552.66971,  -0.02285265,    2.2565217,  1.005589e+5,  2.002621e+5
2026-02-18 22:00:00.000   ,    470.07358,    549.22383,  -0.00591148,    1.5183673,    89188.679,  1.963380e+5
2026-02-18 23:00:00.000   ,    457.07414,    547.03756,   0.00506649,    2.6641509,    80958.621,  1.938658e+5
2026-02-19 00:00:00.000   ,    472.29623,    544.85129,   0.01622733,    2.4500000,    93383.019,  1.914072e+5
2026-02-19 01:00:00.000   ,      N/A    ,    542.63867,   0.02771300,      N/A    ,      N/A    ,  1.889327e+5
2026-02-19 02:00:00.000   ,    473.34583,    540.42605,   0.03939450,    2.0833333,    76408.333,  1.864722e+5
2026-02-19 03:00:00.000   ,    470.36379,    538.18594,   0.05142522,    1.8563636,  1.011672e+5,  1.839952e+5
2026-02-19 04:00:00.000   ,    471.82000,    535.94582,   0.06366602,    2.1217391,  1.359067e+5,  1.815326e+5
2026-02-19 05:00:00.000   ,    468.05500,    536.84638,   0.05871947,    3.2365385,    88778.333,  1.825209e+5
2026-02-19 06:00:00.000   ,    472.29833,    533.23028,   0.07879356,    3.4969697,  1.137483e+5,  1.785663e+5
2026-02-19 07:00:00.000   ,    469.02167,    530.16074,   0.09628495,    2.7555556,  1.335433e+5,  1.752386e+5
2026-02-19 08:00:00.000   ,    466.96833,    527.09120,   0.11420523,    3.0436364,    82896.667,  1.719377e+5
2026-02-19 09:00:00.000   ,    471.63667,    524.02165,   0.13256852,    3.7054545,    94293.333,  1.686635e+5
2026-02-19 10:00:00.000   ,    477.49483,    520.24536,   0.15578945,    4.6045455,    97277.586,  1.646721e+5
2026-02-19 11:00:00.000   ,    483.06441,    516.46907,   0.17973192,    2.8166667,  1.264695e+5,  1.607213e+5
2026-02-19 12:00:00.000   ,    490.75254,    513.09127,   0.20178385,    3.5016949,    80110.169,  1.572217e+5
2026-02-19 13:00:00.000   ,    491.83833,    509.71347,   0.22445992,    2.4116279,  1.038617e+5,  1.537545e+5
2026-02-19 14:00:00.000   ,    523.56034,    508.73347,   0.23115908,    2.9842105,    95451.724,  1.527546e+5
2026-02-19 15:00:00.000   ,    527.13729,    507.75348,   0.23791338,    2.4288136,    95816.949,  1.517575e+5
2026-02-19 16:00:00.000   ,    523.56786,    506.77348,   0.24472341,    2.6037037,    89119.643,  1.507631e+5
2026-02-19 17:00:00.000   ,    498.16833,    503.80535,   0.26569539,    2.6244898,  1.235567e+5,  1.477679e+5
2026-02-19 18:00:00.000   ,    499.96140,    498.82784,   0.30207409,    2.5176471,  1.036807e+5,  1.428012e+5
2026-02-19 19:00:00.000   ,    502.33621,    493.85034,   0.34004402,    2.5509434,    92513.793,  1.379049e+5
2026-02-19 20:00:00.000   ,    496.83750,    488.87284,   0.37969937,    2.7875000,    88375.000,  1.330790e+5
2026-02-19 21:00:00.000   ,      N/A    ,    483.89533,   0.42114137,      N/A    ,      N/A    ,  1.283234e+5
2026-02-19 22:00:00.000   ,    499.40000,    478.91783,   0.46447900,    2.9861111,  1.156800e+5,  1.236383e+5
2026-02-19 23:00:00.000   ,    497.49667,    490.36416,   0.36763542,    3.0534884,  1.062900e+5,  1.345175e+5
2026-02-20 00:00:00.000   ,    489.69500,    501.81049,   0.28008976,    2.8431373,  1.144383e+5,  1.457689e+5
2026-02-20 01:00:00.000   ,    476.90333,    509.71347,   0.22445992,    3.0153846,    97995.000,  1.537545e+5
2026-02-20 02:00:00.000   ,    476.89322,    509.71347,   0.22445992,    3.1447368,  1.058186e+5,  1.537545e+5
2026-02-20 03:00:00.000   ,    473.78070,    507.75656,   0.23789206,    2.9159091,  1.086070e+5,  1.517606e+5
2026-02-20 04:00:00.000   ,    476.07833,    504.76880,   0.25883018,    2.7578947,  1.106633e+5,  1.487374e+5
2026-02-20 05:00:00.000   ,    481.75167,    501.78104,   0.28030405,    2.7344828,  1.176083e+5,  1.457395e+5
2026-02-20 06:00:00.000   ,    477.34833,    498.79328,   0.30233212,    2.5071429,  1.409750e+5,  1.427670e+5
2026-02-20 07:00:00.000   ,    477.95833,    494.72218,   0.33327438,    1.6750000,  1.871900e+5,  1.387575e+5
2026-02-20 08:00:00.000   ,    486.08983,    491.84684,   0.35579754,    1.6042553,  2.101254e+5,  1.359540e+5
2026-02-20 09:00:00.000   ,    492.98833,    488.97150,   0.37889630,    1.6603448,  1.508950e+5,  1.331740e+5
2026-02-20 10:00:00.000   ,    465.82414,    486.09616,   0.40259042,    1.9719298,    74162.069,  1.304175e+5
2026-02-20 11:00:00.000   ,    470.76897,    483.22083,   0.42690055,    1.9571429,  1.094793e+5,  1.276844e+5
2026-02-20 12:00:00.000   ,    455.81186,    484.28607,   0.41782106,    1.4545455,  1.004525e+5,  1.286942e+5
2026-02-20 13:00:00.000   ,    457.28644,    484.28607,   0.41782106,    3.5038462,  1.207847e+5,  1.286942e+5
2026-02-20 14:00:00.000   ,    465.41207,    485.34722,   0.40886231,    3.7793103,    98974.138,  1.297033e+5
2026-02-20 15:00:00.000   ,    474.12881,    485.34722,   0.40886231,    4.5224138,  1.035017e+5,  1.297033e+5
2026-02-20 16:00:00.000   ,    476.53898,    486.40434,   0.40002179,    5.5051724,  1.005000e+5,  1.307118e+5
2026-02-20 17:00:00.000   ,    478.87759,    486.40434,   0.40002179,    5.5456140,  1.188397e+5,  1.307118e+5
2026-02-20 18:00:00.000   ,    475.52333,    485.34722,   0.40886231,    4.8830508,  1.124400e+5,  1.297033e+5
2026-02-20 19:00:00.000   ,    469.45439,    485.34722,   0.40886231,    4.1961538,  1.635228e+5,  1.297033e+5
2026-02-20 20:00:00.000   ,    464.12143,    484.28607,   0.41782106,    4.8980392,  1.398625e+5,  1.286942e+5
2026-02-20 21:00:00.000   ,    466.47679,    485.34722,   0.40886231,    6.9035714,    76378.571,  1.297033e+5
2026-02-20 22:00:00.000   ,    470.88704,    485.34722,   0.40886231,    7.4981481,    90222.222,  1.297033e+5
2026-02-20 23:00:00.000   ,    487.65263,    486.40434,   0.40002179,    6.7625000,  1.172772e+5,  1.307118e+5
2026-02-21 00:00:00.000   ,    505.83500,    488.50669,   0.38268572,    10.210000,    72078.333,  1.327268e+5
2026-02-21 01:00:00.000   ,    492.51667,    488.50669,   0.38268572,    14.888333,    52023.333,  1.327268e+5
2026-02-21 02:00:00.000   ,    494.32000,    488.50669,   0.38268572,    11.583333,    52491.667,  1.327268e+5
2026-02-21 03:00:00.000   ,    515.47069,    488.50669,   0.38268572,    2.2534483,  1.505690e+5,  1.327268e+5
2026-02-21 04:00:00.000   ,    538.12586,    487.98257,   0.38697736,    2.4745763,    82089.655,  1.322233e+5
2026-02-21 05:00:00.000   ,    525.80500,    487.45748,   0.39129706,    2.6450000,    42625.000,  1.317196e+5
2026-02-21 06:00:00.000   ,    505.16833,    487.10643,   0.39419622,    4.0266667,    50496.667,  1.313833e+5
2026-02-21 07:00:00.000   ,    498.75667,    486.75539,   0.39710445,    7.1816667,    49956.667,  1.310474e+5
2026-02-21 08:00:00.000   ,    507.50667,    486.40434,   0.40002179,    5.7433333,    46028.333,  1.307118e+5
2026-02-21 09:00:00.000   ,    512.21724,    485.34722,   0.40886231,    5.8793103,    67555.172,  1.297033e+5
2026-02-21 10:00:00.000   ,    503.96727,    484.28607,   0.41782106,    5.7218182,    36185.455,  1.286942e+5
2026-02-21 11:00:00.000   ,    490.55614,    483.21875,   0.42691830,    6.3086207,    28389.474,  1.276825e+5
2026-02-21 12:00:00.000   ,    464.37857,    482.15144,   0.43610337,    7.4482143,    22666.071,  1.266740e+5
2026-02-21 13:00:00.000   ,    470.30500,    481.07785,   0.44543221,    5.7701754,    20606.780,  1.256628e+5
2026-02-21 14:00:00.000   ,    469.98667,    480.00000,   0.45488981,    4.4310345,    30226.667,  1.246509e+5
2026-02-21 15:00:00.000   ,    484.16034,    477.83128,   0.47420271,    3.6000000,    32820.690,  1.226249e+5
2026-02-21 16:00:00.000   ,    484.43167,    476.73803,   0.48408444,    4.7900000,    35338.333,  1.216086e+5
2026-02-21 17:00:00.000   ,    497.80833,    475.64478,   0.49406586,    3.9086207,    61606.667,  1.205958e+5
2026-02-21 18:00:00.000   ,    487.48167,    473.43998,   0.51450453,    3.3766667,    50138.333,  1.185634e+5
2026-02-21 19:00:00.000   ,    497.55167,    472.32816,   0.52497065,    3.9362069,    54073.333,  1.175438e+5
2026-02-21 20:00:00.000   ,    513.20862,    471.21634,   0.53554564,    4.4214286,    95794.828,  1.165277e+5
2026-02-21 21:00:00.000   ,    536.35085,    467.84427,   0.56830028,    6.1150000,  2.188305e+5,  1.134674e+5
2026-02-21 22:00:00.000   ,    540.20667,    465.56042,   0.59108338,    4.1576271,  3.168833e+5,  1.114131e+5
2026-02-21 23:00:00.000   ,    548.31000,    463.27657,   0.61436658,    4.9813559,  2.903500e+5,  1.093735e+5
2026-02-22 00:00:00.000   ,    567.26000,    461.53535,   0.63246290,    4.6431034,  3.376667e+5,  1.078286e+5
2026-02-22 01:00:00.000   ,    553.75167,    459.79413,   0.65086522,    5.8189655,  3.798667e+5,  1.062922e+5
2026-02-22 02:00:00.000   ,    561.58333,    474.54470,   0.50421161,    5.7316667,  3.415667e+5,  1.195800e+5
2026-02-22 03:00:00.000   ,    550.44576,    472.88052,   0.51975750,    5.6672414,  2.960508e+5,  1.180499e+5
2026-02-22 04:00:00.000   ,    549.46897,    471.21634,   0.53554564,    4.2500000,  3.445172e+5,  1.165277e+5
2026-02-22 05:00:00.000   ,    538.16610,    470.31510,   0.54419856,    3.5312500,  4.230508e+5,  1.157067e+5
2026-02-22 06:00:00.000   ,    527.19167,    469.41387,   0.55292483,    3.2972222,  4.477117e+5,  1.148879e+5
2026-02-22 07:00:00.000   ,    535.03833,    468.51264,   0.56172527,    3.3030303,  4.372500e+5,  1.140714e+5
2026-02-22 08:00:00.000   ,    591.91333,    467.61141,   0.57060073,    3.4750000,  2.979050e+5,  1.132573e+5
2026-02-22 09:00:00.000   ,    634.59500,    466.71018,   0.57955207,    3.5260000,  3.037917e+5,  1.124454e+5
2026-02-22 10:00:00.000   ,    639.59500,    463.27657,   0.61436658,    2.9534884,  3.206983e+5,  1.093735e+5
2026-02-22 11:00:00.000   ,    649.71500,    464.42641,   0.60258084,    2.7673077,  3.191633e+5,  1.103985e+5
2026-02-22 12:00:00.000   ,    623.22203,    465.57092,   0.59097749,    3.5209302,  2.486085e+5,  1.114225e+5
2026-02-22 13:00:00.000   ,    627.31207,    462.09648,   0.62659806,    2.7853659,  3.235172e+5,  1.083255e+5
2026-02-22 14:00:00.000   ,    614.91017,    458.62203,   0.66342843,    2.9425532,  2.177458e+5,  1.052628e+5
2026-02-22 15:00:00.000   ,    602.79492,    457.44414,   0.67619888,    2.8469388,  1.786271e+5,  1.042323e+5
2026-02-22 16:00:00.000   ,    627.81000,    456.25733,   0.68921523,    2.4902439,  2.964517e+5,  1.031979e+5
2026-02-22 17:00:00.000   ,    652.42321,    455.07053,   0.70238378,    2.5095238,  2.908750e+5,  1.021676e+5
2026-02-22 18:00:00.000   ,    638.78103,    452.67244,   0.72946673,    2.7420000,  2.509655e+5,  1.000979e+5
2026-02-22 19:00:00.000   ,    642.05439,    452.06819,   0.73639282,    2.5259259,  2.524561e+5,    99578.974
2026-02-22 20:00:00.000   ,    642.82982,    451.46394,   0.74336060,    2.7029412,  2.800702e+5,    99061.079
2026-02-22 21:00:00.000   ,    662.02373,    534.13779,   0.07370235,    2.2867925,  2.697102e+5,  1.795553e+5
2026-02-22 22:00:00.000   ,    642.22759,    608.15708,  -0.24520473,    2.6384615,  2.404483e+5,  2.680941e+5
2026-02-22 23:00:00.000   ,    640.55000,    622.28112,  -0.28967546,    2.5305085,  1.852833e+5,  2.867566e+5
2026-02-23 00:00:00.000   ,    634.05000,    633.86226,  -0.32327147,    2.0377358,  2.000333e+5,  3.024819e+5
2026-02-23 01:00:00.000   ,    640.99833,    666.43855,  -0.40595318,    1.8275862,  3.533533e+5,  3.487580e+5
2026-02-23 02:00:00.000   ,    678.08167,    663.74248,  -0.39970181,    1.5833333,  3.491833e+5,  3.448137e+5
2026-02-23 03:00:00.000   ,    695.58136,    665.76577,  -0.40440240,    1.4431373,  2.881525e+5,  3.477718e+5
2026-02-23 04:00:00.000   ,    681.36833,    671.12515,  -0.41658994,    1.6436364,  3.118333e+5,  3.556636e+5
2026-02-23 05:00:00.000   ,    687.93276,    674.44870,  -0.42396091,    1.8036364,  2.951034e+5,  3.605985e+5
2026-02-23 06:00:00.000   ,    690.37458,    680.38208,  -0.43677711,    1.9250000,  2.440000e+5,  3.694866e+5
2026-02-23 07:00:00.000   ,    700.73333,    681.69224,  -0.43954940,    2.1178571,  2.503833e+5,  3.714627e+5
2026-02-23 08:00:00.000   ,    682.28167,    687.55128,  -0.45170008,    2.2173077,  2.309667e+5,  3.803594e+5
2026-02-23 09:00:00.000   ,    687.74833,    684.30361,  -0.44501433,    1.9054545,  2.642833e+5,  3.754159e+5
2026-02-23 10:00:00.000   ,    687.77414,    685.60486,  -0.44770774,    1.8921569,  2.330534e+5,  3.773930e+5
2026-02-23 11:00:00.000   ,    688.05167,    692.06778,  -0.46079888,    1.8207547,  2.465500e+5,  3.872840e+5
2026-02-23 12:00:00.000   ,    679.18833,    691.42470,  -0.45951723,    1.9948276,  2.083333e+5,  3.862945e+5
2026-02-23 13:00:00.000   ,    683.81429,    697.18740,  -0.47084147,    1.6094340,  2.022143e+5,  3.952034e+5
2026-02-23 14:00:00.000   ,    681.55714,    699.09595,  -0.47451357,    1.7678571,  1.596964e+5,  3.981747e+5
2026-02-23 15:00:00.000   ,    675.30364,    706.04254,  -0.48756128,    2.1245283,  1.551600e+5,  4.090769e+5
2026-02-23 16:00:00.000   ,    681.23667,    705.41432,  -0.48640139,    1.9086207,  1.657033e+5,  4.080853e+5
2026-02-23 17:00:00.000   ,    649.64333,    711.04523,  -0.49665909,    1.5982456,  1.768383e+5,  4.170131e+5
2026-02-23 18:00:00.000   ,    659.13500,    719.08922,  -0.51078782,    1.4033333,  1.922583e+5,  4.299231e+5
2026-02-23 19:00:00.000   ,    650.37667,    716.62518,  -0.50652377,    1.1203390,  2.021517e+5,  4.259490e+5
2026-02-23 20:00:00.000   ,    648.54576,    733.67585,  -0.53493407,    1.3150000,  1.947627e+5,  4.538024e+5
2026-02-23 21:00:00.000   ,    649.72931,    731.26765,  -0.53107253,    1.4035088,  2.030810e+5,  4.498183e+5
2026-02-23 22:00:00.000   ,    621.16154,    732.47287,  -0.53301108,    1.2151515,  1.983949e+5,  4.518101e+5
2026-02-23 23:00:00.000   ,    619.10000,    739.06202,  -0.54339996,    1.1750000,  2.093750e+5,  4.627726e+5
2026-02-24 00:00:00.000   ,    626.06000,    739.06202,  -0.54339996,    1.6410714,  1.569333e+5,  4.627726e+5
2026-02-24 01:00:00.000   ,    603.04000,    739.65776,  -0.54432212,    1.6280000,  1.799000e+5,  4.637699e+5
2026-02-24 02:00:00.000   ,    613.56167,    737.86891,  -0.54154470,    1.3097561,  1.858167e+5,  4.607785e+5
2026-02-24 03:00:00.000   ,    606.11864,    735.47617,  -0.53778980,    1.2780488,  1.855593e+5,  4.567915e+5
2026-02-24 04:00:00.000   ,    597.99661,    738.46573,  -0.54247416,    1.4555556,  1.858017e+5,  4.617755e+5
2026-02-24 05:00:00.000   ,    607.33051,    736.07518,  -0.53873413,    1.4023810,  1.897119e+5,  4.577881e+5
2026-02-24 06:00:00.000   ,    610.23898,    734.87662,  -0.53684169,    1.4285714,  1.649661e+5,  4.557950e+5
2026-02-24 07:00:00.000   ,    612.06167,    730.66420,  -0.53009736,    1.7981132,  1.573283e+5,  4.488226e+5
2026-02-24 08:00:00.000   ,    600.64500,    726.10392,  -0.52262868,    1.6921569,  1.710817e+5,  4.413312e+5
2026-02-24 09:00:00.000   ,    593.18667,    721.54363,  -0.51498050,    1.5800000,  1.777000e+5,  4.338989e+5
2026-02-24 10:00:00.000   ,    599.18833,    723.98856,  -0.51910362,    1.6166667,  1.767283e+5,  4.378763e+5
2026-02-24 11:00:00.000   ,    587.87500,    718.47412,  -0.50972857,    1.7148936,  1.737283e+5,  4.289295e+5
2026-02-24 12:00:00.000   ,    592.35667,    716.62244,  -0.50651900,    1.8510638,  1.555917e+5,  4.259446e+5
2026-02-24 13:00:00.000   ,    588.05088,    714.77076,  -0.50327780,    2.1702128,  1.542070e+5,  4.229695e+5
2026-02-24 14:00:00.000   ,    584.25172,    708.83283,  -0.49266578,    2.1367347,  1.432983e+5,  4.134946e+5
2026-02-24 15:00:00.000   ,    590.26552,    702.89490,  -0.48171002,    1.7145455,  1.337638e+5,  4.041199e+5
2026-02-24 16:00:00.000   ,    587.16500,    703.52574,  -0.48289071,    1.6859649,  1.365900e+5,  4.051111e+5
2026-02-24 17:00:00.000   ,    583.47500,    699.09595,  -0.47451357,    1.5270833,  1.362393e+5,  3.981747e+5
2026-02-24 18:00:00.000   ,    576.30500,    692.71017,  -0.46207458,    1.9660714,  1.167417e+5,  3.882736e+5
2026-02-24 19:00:00.000   ,    566.50862,    686.18066,  -0.44889330,    1.9090909,  1.373586e+5,  3.782694e+5
2026-02-24 20:00:00.000   ,    543.15818,    679.65115,  -0.43522152,    1.6521739,  1.114745e+5,  3.683863e+5
2026-02-24 21:00:00.000   ,    559.79464,    673.12165,  -0.42103462,    1.6784314,  1.237732e+5,  3.586243e+5
2026-02-24 22:00:00.000   ,    541.70727,    666.39742,  -0.40585854,    1.4681818,  1.706545e+5,  3.486977e+5
2026-02-24 23:00:00.000   ,    548.12500,    659.67319,  -0.39007785,    1.6089286,  1.185967e+5,  3.388995e+5
2026-02-25 00:00:00.000   ,    537.07167,    656.59209,  -0.38263619,    1.4322581,  1.601667e+5,  3.344529e+5
2026-02-25 01:00:00.000   ,    536.62333,    653.51100,  -0.37505751,   0.84782609,  1.633267e+5,  3.300331e+5
2026-02-25 02:00:00.000   ,    526.25833,    650.74917,  -0.36814489,    1.2562500,  1.333350e+5,  3.260943e+5
2026-02-25 03:00:00.000   ,    537.69492,    649.70871,  -0.36551094,   0.88750000,  1.973339e+5,  3.246160e+5
2026-02-25 04:00:00.000   ,    538.76333,    648.66825,  -0.36286048,    1.2560976,  1.573533e+5,  3.231409e+5
2026-02-25 05:00:00.000   ,    538.08305,    641.67114,  -0.34459682,    1.1916667,  1.694746e+5,  3.133001e+5
2026-02-25 06:00:00.000   ,    561.98276,    651.44099,  -0.36988717,   0.59361702,  1.564138e+5,  3.270789e+5
2026-02-25 07:00:00.000   ,    564.67333,    650.40190,  -0.36726758,   0.87758621,  1.904733e+5,  3.256006e+5
2026-02-25 08:00:00.000   ,    549.24333,    649.36281,  -0.36463163,    1.3810811,  2.180333e+5,  3.241253e+5
2026-02-25 09:00:00.000   ,    548.96833,    644.19596,  -0.35127654,    2.1881356,  1.584067e+5,  3.168350e+5
2026-02-25 10:00:00.000   ,    560.37759,    639.02911,  -0.33749591,    1.7741379,  1.696207e+5,  3.096205e+5
2026-02-25 11:00:00.000   ,    545.30167,    633.86226,  -0.32327147,    1.6826923,  1.711750e+5,  3.024819e+5
2026-02-25 12:00:00.000   ,    557.93167,    630.27228,  -0.31311672,    1.3421053,  1.679883e+5,  2.975666e+5
2026-02-25 13:00:00.000   ,    553.53684,    625.54313,  -0.29938705,    1.7931818,  1.973754e+5,  2.911474e+5
2026-02-25 14:00:00.000   ,    555.32414,    620.81398,  -0.28524157,    1.2962264,  1.930879e+5,  2.847917e+5
2026-02-25 15:00:00.000   ,    558.91053,    620.81398,  -0.28524157,   0.75849057,  1.903316e+5,  2.847917e+5
2026-02-25 16:00:00.000   ,    562.93220,    618.22865,  -0.27732670,   0.98275862,  1.796915e+5,  2.813440e+5
2026-02-25 17:00:00.000   ,    557.40667,    615.64333,  -0.26927963,   0.56333333,  1.405583e+5,  2.779153e+5
2026-02-25 18:00:00.000   ,    550.40179,    610.86698,  -0.25405501,   0.75000000,  1.720875e+5,  2.716308e+5
2026-02-25 19:00:00.000   ,    537.50169,    606.09063,  -0.23834957,    1.3326087,  1.288814e+5,  2.654111e+5
2026-02-25 20:00:00.000   ,    544.50000,    601.31427,  -0.22214286,    1.6363636,  1.080793e+5,  2.592562e+5
2026-02-25 21:00:00.000   ,    527.22679,    597.06083,  -0.20727100,    1.4205128,  1.204554e+5,  2.538297e+5
2026-02-25 22:00:00.000   ,    515.99636,    592.80738,  -0.19196851,    1.6178571,  1.373127e+5,  2.484545e+5
2026-02-25 23:00:00.000   ,    525.53898,    586.06641,  -0.16679339,    1.7583333,  1.021780e+5,  2.400411e+5
2026-02-26 00:00:00.000   ,    529.57667,    579.32545,  -0.14042314,    1.7965517,    93200.000,  2.317567e+5
2026-02-26 01:00:00.000   ,    533.46500,    578.11332,  -0.13554876,    1.7314815,    98475.000,  2.302807e+5
2026-02-26 02:00:00.000   ,    530.78667,    576.90119,  -0.13063280,    1.8500000,    96341.667,  2.288089e+5
2026-02-26 03:00:00.000   ,    528.26724,    572.00967,  -0.11036233,    2.1642857,    89913.793,  2.229120e+5
2026-02-26 04:00:00.000   ,    545.45333,    567.02782,  -0.08897996,    1.8461538,  1.639833e+5,  2.169759e+5
2026-02-26 05:00:00.000   ,    553.99667,    562.04596,  -0.06681734,    1.2320000,  1.579333e+5,  2.111104e+5
2026-02-26 06:00:00.000   ,    554.18814,    559.93260,  -0.05717073,    1.8172414,  1.320797e+5,  2.086434e+5
2026-02-26 07:00:00.000   ,    544.94655,    557.81925,  -0.04737376,    1.3849057,  1.482328e+5,  2.061892e+5
2026-02-26 08:00:00.000   ,    535.99333,    555.26092,  -0.03530831,    1.4673469,  1.419583e+5,  2.032351e+5
2026-02-26 09:00:00.000   ,    535.44833,    562.40137,  -0.06842507,    1.2000000,  1.481183e+5,  2.115265e+5
2026-02-26 10:00:00.000   ,    528.02593,    569.54181,  -0.09986536,    1.2511111,  1.508333e+5,  2.199626e+5
2026-02-26 11:00:00.000   ,    519.95690,    568.30031,  -0.09451426,    1.2590909,  1.267741e+5,  2.184854e+5
2026-02-26 12:00:00.000   ,    516.43276,    567.05880,  -0.08911530,    1.1823529,  1.517138e+5,  2.170126e+5
2026-02-26 13:00:00.000   ,    523.36316,    562.04596,  -0.06681734,   0.60833333,  1.738596e+5,  2.111104e+5
2026-02-26 14:00:00.000   ,    540.87500,    558.62283,  -0.05111686,   0.56153846,  1.714625e+5,  2.071209e+5
2026-02-26 15:00:00.000   ,    525.49821,    555.19970,  -0.03501679,    1.1098039,  1.479000e+5,  2.031647e+5
2026-02-26 16:00:00.000   ,    536.31167,    551.77657,  -0.01850346,   0.81206897,  1.693900e+5,  1.992418e+5
2026-02-26 17:00:00.000   ,    513.68983,    548.35344,  -0.00156258,    1.0658537,  1.364831e+5,  1.953521e+5
2026-02-26 18:00:00.000   ,    522.45500,    547.04169,   0.00504560,    1.2473684,  1.315133e+5,  1.938704e+5
2026-02-26 19:00:00.000   ,    522.47069,    545.72994,   0.01171960,   0.86956522,  1.583638e+5,  1.923936e+5
2026-02-26 20:00:00.000   ,    508.74833,    540.25865,   0.04028634,    1.0487805,  1.432900e+5,  1.862866e+5
2026-02-26 21:00:00.000   ,    527.37000,    534.78737,   0.07008030,   0.46607143,  1.366083e+5,  1.802646e+5
2026-02-26 22:00:00.000   ,    501.31667,    529.31608,   0.10117278,    1.1285714,  1.204733e+5,  1.743276e+5
2026-02-26 23:00:00.000   ,    490.12931,    523.84480,   0.13364036,    1.8357143,    81231.034,  1.684756e+5
2026-02-27 00:00:00.000   ,    480.75254,    518.37351,   0.16756534,    1.6979592,    83588.136,  1.627087e+5
2026-02-27 01:00:00.000   ,    474.76833,    513.59127,   0.19848084,    1.2500000,  1.216633e+5,  1.577377e+5
2026-02-27 02:00:00.000   ,    472.98667,    511.65237,   0.21136592,    1.0227273,  1.269100e+5,  1.557407e+5
2026-02-27 03:00:00.000   ,    466.02373,    509.71347,   0.22445992,    1.7032258,    94544.068,  1.537545e+5
2026-02-27 04:00:00.000   ,    459.93500,    507.25569,   0.24136550,    1.6974359,    93555.000,  1.512520e+5
2026-02-27 05:00:00.000   ,    452.60167,    504.79791,   0.25862363,    1.6900000,  1.012183e+5,  1.487667e+5
2026-02-27 06:00:00.000   ,    456.36610,    499.57159,   0.29653943,    1.7538462,  1.157119e+5,  1.435389e+5
2026-02-27 07:00:00.000   ,    459.86897,    494.34527,   0.33619471,    1.6333333,  1.040966e+5,  1.383886e+5
2026-02-27 08:00:00.000   ,    472.35254,    489.11894,   0.37769752,    1.1305556,  1.254932e+5,  1.333160e+5
2026-02-27 09:00:00.000   ,    462.27000,    483.89262,   0.42116444,    1.0243902,  1.088767e+5,  1.283209e+5
2026-02-27 10:00:00.000   ,    449.84310,    478.66630,   0.46672138,    1.6650000,  1.051586e+5,  1.234034e+5
2026-02-27 11:00:00.000   ,    455.20833,    473.43998,   0.51450453,    1.2833333,  1.097117e+5,  1.185634e+5
2026-02-27 12:00:00.000   ,    481.16379,    474.54470,   0.50421161,    1.9333333,    95955.172,  1.195800e+5
2026-02-27 13:00:00.000   ,    479.02167,    474.54470,   0.50421161,    2.1316667,    92088.333,  1.195800e+5
2026-02-27 14:00:00.000   ,    448.01667,    471.19448,   0.53575460,    1.9860465,    89471.667,  1.165078e+5
2026-02-27 15:00:00.000   ,    443.23966,    467.84427,   0.56830028,    1.7125000,  1.064845e+5,  1.134674e+5
2026-02-27 16:00:00.000   ,    450.41034,    465.54968,   0.59119162,    1.3916667,    95855.172,  1.114035e+5
2026-02-27 17:00:00.000   ,    436.49492,    463.25510,   0.61458785,    1.9142857,  1.039254e+5,  1.093544e+5
2026-02-27 18:00:00.000   ,    433.92500,    460.96052,   0.63850390,   0.97500000,  1.065317e+5,  1.073204e+5
2026-02-27 19:00:00.000   ,    442.02542,    459.79413,   0.65086522,    2.3200000,    81252.542,  1.062922e+5
2026-02-27 20:00:00.000   ,    432.93898,    459.79413,   0.65086522,    2.1156863,    76832.203,  1.062922e+5
2026-02-27 21:00:00.000   ,    441.91607,    457.43233,   0.67632767,    1.2037037,    74194.643,  1.042220e+5
2026-02-27 22:00:00.000   ,    428.81636,    455.07053,   0.70238378,   0.79310345,  1.169564e+5,  1.021676e+5
2026-02-27 23:00:00.000   ,    434.01228,    456.26034,   0.68918208,   0.92142857,    79480.702,  1.032006e+5
2026-02-28 00:00:00.000   ,    446.84035,    452.67244,   0.72946673,   0.51320755,    73129.825,  1.000979e+5
2026-02-28 01:00:00.000   ,    438.19167,    450.23581,   0.75765245,    1.4310345,    76220.000,    98011.656
2026-02-28 02:00:00.000   ,    440.93000,    447.79917,   0.78653285,    1.4160714,    79473.333,    95942.268
2026-02-28 03:00:00.000   ,    431.80339,    445.93598,   0.80909945,    1.7480769,    71318.644,    94371.272
2026-02-28 04:00:00.000   ,    419.53500,    444.07279,   0.83209633,    1.1937500,    84715.000,    92810.137
2026-02-28 05:00:00.000   ,    421.68333,    442.17690,   0.85594986,    1.6781818,    75331.667,    91231.723
2026-02-28 06:00:00.000   ,    424.12667,    440.28100,   0.88027230,   0.68536585,    99958.333,    89663.519
2026-02-28 07:00:00.000   ,    436.82000,    438.35031,   0.90553588,   0.99272727,    83875.000,    88077.021
2026-02-28 08:00:00.000   ,    435.23448,    436.41962,   0.93131206,   0.67884615,    83079.310,    86501.110
2026-02-28 09:00:00.000   ,    428.53390,    434.55802,   0.95666424,   0.98979592,    79896.610,    84991.624
2026-02-28 10:00:00.000   ,    417.79818,    432.69643,   0.98251892,   0.73673469,    86383.636,    83491.981
2026-02-28 11:00:00.000   ,    404.18000,    430.83483,    1.0088894,    1.9966102,    47755.000,    82002.181
2026-02-28 12:00:00.000   ,    403.52333,    428.97324,    1.0357896,    2.0233333,    42640.000,    80522.224
2026-02-28 13:00:00.000   ,    396.99500,    427.11164,    1.0632338,    1.2574074,    55966.667,    79052.110
2026-02-28 14:00:00.000   ,    400.65862,    423.20728,    1.1226258,    2.0129630,    39934.483,    76000.782
2026-02-28 15:00:00.000   ,    410.06296,    419.30292,    1.1846198,    1.3886792,    45920.370,    72992.751
2026-02-28 16:00:00.000   ,    420.12593,    415.39856,    1.2493698,   0.63090909,    51981.481,    70028.016
2026-02-28 17:00:00.000   ,    410.62759,    411.49420,    1.3170418,    1.7810345,    35998.276,    67106.578
2026-02-28 18:00:00.000   ,    409.37273,    407.58984,    1.3878142,    1.9381818,    38685.455,    64228.437
2026-02-28 19:00:00.000   ,    395.58276,    403.68548,    1.4618794,    2.0896552,    40589.655,    61393.592
2026-02-28 20:00:00.000   ,    382.24333,    399.78112,    1.5394448,    1.9350000,    32286.441,    58602.044
2026-02-28 21:00:00.000   ,    382.54333,    395.87676,    1.6207345,    2.1016949,    32670.000,    55853.793
2026-02-28 22:00:00.000   ,    390.01667,    406.96017,    1.3995310,    2.3250000,    33552.542,    63768.324
2026-02-28 23:00:00.000   ,    393.17833,    405.42481,    1.4284649,    1.4866667,    37960.000,    62651.123
2026-03-01 00:00:00.000   ,    394.16949,    406.96017,    1.3995310,    2.5883333,    31622.034,    63768.324
2026-03-01 01:00:00.000   ,    393.10000,    403.84321,    1.4588208,    2.1050847,    31962.069,    61507.278
2026-03-01 02:00:00.000   ,    395.44333,    400.72625,    1.5203356,   0.68500000,    44126.667,    59273.826
2026-03-01 03:00:00.000   ,    382.12807,    398.00115,    1.5760281,    2.0660714,    53510.526,    57343.768
2026-03-01 04:00:00.000   ,    377.87333,    395.27605,    1.6335872,    1.9339623,    64426.667,    55434.802
2026-03-01 05:00:00.000   ,    383.33559,    392.55095,    1.6930972,    1.2250000,    75789.831,    53546.928
2026-03-01 06:00:00.000   ,    380.00500,    390.84721,    1.7313336,    2.4327586,    51123.333,    52377.340
2026-03-01 07:00:00.000   ,    381.30167,    389.14347,    1.7703902,    1.0339286,    73635.000,    51215.997
2026-03-01 08:00:00.000   ,    393.87193,    387.38311,    1.8116311,   0.34035088,    46240.351,    50024.723
2026-03-01 09:00:00.000   ,    394.56607,    385.62276,    1.8537998,    2.5625000,    43242.857,    48842.251
2026-03-01 10:00:00.000   ,    401.90364,    383.86241,    1.8969243,    2.6272727,    40474.545,    47668.581
2026-03-01 11:00:00.000   ,    405.24464,    381.39288,    1.9590888,    2.3339286,    35294.643,    46036.922
2026-03-01 12:00:00.000   ,    401.07833,    378.92336,    2.0232758,   0.76779661,    59880.000,    44422.584
2026-03-01 13:00:00.000   ,    398.96000,    376.45383,    2.0895743,    1.7220339,    55055.932,    42825.568
2026-03-01 14:00:00.000   ,    353.85172,    375.49003,    2.1160418,    1.4178571,    43127.586,    42206.991
2026-03-01 15:00:00.000   ,    361.32373,    374.52624,    2.1428509,    1.6844828,    37348.276,    41591.052
2026-03-01 16:00:00.000   ,    355.79833,    374.52624,    2.1428509,    2.3116667,    36320.000,    41591.052
2026-03-01 17:00:00.000   ,    359.48947,    374.52624,    2.1428509,    2.1298246,    39208.772,    41591.052
2026-03-01 18:00:00.000   ,    359.08448,    375.36247,    2.1195705,    2.1649123,    43965.517,    42125.314
2026-03-01 19:00:00.000   ,    360.89833,    376.19870,    2.0965478,    3.2781818,    39380.000,    42661.563
2026-03-01 20:00:00.000   ,    365.12167,    377.03493,    2.0737790,    5.1283333,    27820.000,    43199.798
2026-03-01 21:00:00.000   ,    360.89492,    377.87116,    2.0512604,    3.0517857,    36168.966,    43740.019
2026-03-01 22:00:00.000   ,    358.03000,    378.70738,    2.0289884,    4.7610169,    28715.000,    44282.226
2026-03-01 23:00:00.000   ,    350.92500,    379.54361,    2.0069593,    5.0500000,    29165.000,    44826.420
2026-03-02 00:00:00.000   ,    355.42333,    380.37984,    1.9851697,    7.6400000,    26763.333,    45372.599
2026-03-02 01:00:00.000   ,    353.50702,    381.21607,    1.9636161,    8.1896552,    23401.754,    45920.765
2026-03-02 02:00:00.000   ,    344.44576,    382.05230,    1.9422951,    4.3122807,    34947.458,    46470.916
2026-03-02 03:00:00.000   ,    344.94237,    381.13374,    1.9657279,    2.6830508,    46323.729,    45866.704
2026-03-02 04:00:00.000   ,    345.78833,    380.21517,    1.9894418,    2.1057692,    62026.667,    45264.888
2026-03-02 05:00:00.000   ,    342.10667,    382.05230,    1.9422951,    3.9050000,    35991.667,    46470.916
2026-03-02 06:00:00.000   ,    341.64833,    382.05230,    1.9422951,    5.2483333,    29836.667,    46470.916
2026-03-02 07:00:00.000   ,    342.52333,    381.13374,    1.9657279,    7.1551724,    29253.333,    45866.704
2026-03-02 08:00:00.000   ,    341.05000,    380.21517,    1.9894418,    5.9140351,    33688.333,    45264.888
2026-03-02 09:00:00.000   ,    338.60169,    380.21517,    1.9894418,    5.4781818,    35916.949,    45264.888
2026-03-02 10:00:00.000   ,    335.70714,    380.21517,    1.9894418,    4.9157895,    31505.357,    45264.888
2026-03-02 11:00:00.000   ,    340.20167,    382.05230,    1.9422951,    5.5200000,    39431.667,    46470.916
2026-03-02 12:00:00.000   ,    341.33898,    381.13374,    1.9657279,    5.2333333,    41772.881,    45866.704
2026-03-02 13:00:00.000   ,    331.82545,    380.21517,    1.9894418,    4.3981818,    39072.727,    45264.888
2026-03-02 14:00:00.000   ,    327.13276,    380.21517,    1.9894418,    4.4810345,    39046.552,    45264.888
2026-03-02 15:00:00.000   ,    324.28772,    380.21517,    1.9894418,    4.6228070,    47580.702,    45264.888
2026-03-02 16:00:00.000   ,    326.83269,    380.21517,    1.9894418,    5.2415094,    43084.615,    45264.888
2026-03-02 17:00:00.000   ,    323.75254,    380.21517,    1.9894418,    4.5038462,    48603.390,    45264.888
2026-03-02 18:00:00.000   ,    316.45593,    378.34955,    2.0384889,    4.9267857,    44772.881,    44049.965
2026-03-02 19:00:00.000   ,    320.22712,    378.34955,    2.0384889,    5.4000000,    31747.458,    44049.965
2026-03-02 20:00:00.000   ,    311.16102,    377.40169,    2.0638719,    6.8898305,    35254.237,    43436.491
2026-03-02 21:00:00.000   ,    315.68500,    376.45383,    2.0895743,    6.3483333,    35646.667,    42825.568
2026-03-02 22:00:00.000   ,    314.36500,    376.45383,    2.0895743,    6.0118644,    35080.000,    42825.568
2026-03-02 23:00:00.000   ,    338.32333,    374.52624,    2.1428509,    6.0266667,    53925.000,    41591.052
2026-03-03 00:00:00.000   ,    352.48500,    373.54553,    2.1704872,    5.5700000,    53690.000,    40967.011
2026-03-03 01:00:00.000   ,    356.82414,    372.56482,    2.1984897,    4.3344828,    59332.759,    40345.702
2026-03-03 02:00:00.000   ,    362.79661,    372.56482,    2.1984897,    2.0629630,    74447.458,    40345.702
2026-03-03 03:00:00.000   ,    375.22881,    397.35249,    1.5895565,    2.3339286,  1.171373e+5,    56887.464
2026-03-03 04:00:00.000   ,    371.82333,    422.14017,    1.1393049,    2.7294118,  1.107750e+5,    75174.349
2026-03-03 05:00:00.000   ,    378.00667,    446.92784,   0.79703334,    3.2964286,  1.284117e+5,    95206.358
2026-03-03 06:00:00.000   ,    382.43667,    471.71552,   0.53078417,    3.2955556,  1.398633e+5,  1.169835e+5
2026-03-03 07:00:00.000   ,    390.41500,    466.84218,   0.57823614,    2.4574468,  1.463717e+5,  1.125642e+5
2026-03-03 08:00:00.000   ,    386.63667,    461.96885,   0.62792921,    2.7816327,  1.224517e+5,  1.082124e+5
2026-03-03 09:00:00.000   ,    375.02456,    457.09552,   0.68000675,    2.9171429,  1.178614e+5,  1.039280e+5
2026-03-03 10:00:00.000   ,    372.37091,    468.00667,   0.56669881,    3.8756098,  1.029836e+5,  1.136141e+5
2026-03-03 11:00:00.000   ,    386.41607,    478.91783,   0.46447900,    2.8220000,    99487.500,  1.236383e+5
2026-03-03 12:00:00.000   ,    396.55000,    482.15144,   0.43610337,    3.7650000,  1.449732e+5,  1.266740e+5
2026-03-03 13:00:00.000   ,    391.14828,    477.83128,   0.47420271,    3.1344828,  1.548483e+5,  1.226249e+5
2026-03-03 14:00:00.000   ,    413.47931,    483.69165,   0.42287684,    2.7370370,  1.044241e+5,  1.281303e+5
2026-03-03 15:00:00.000   ,    404.13684,    489.55201,   0.37418549,    3.0380000,  1.186456e+5,  1.337334e+5
2026-03-03 16:00:00.000   ,    414.68793,    488.64052,   0.38159306,    2.2775510,  1.258276e+5,  1.328555e+5
2026-03-03 17:00:00.000   ,    405.33448,    486.40434,   0.40002179,    4.7927273,  1.266776e+5,  1.307118e+5
2026-03-03 18:00:00.000   ,    404.93333,    484.28607,   0.41782106,    3.3979592,  1.259912e+5,  1.286942e+5
2026-03-03 19:00:00.000   ,    416.18500,    489.99052,   0.37064306,    1.7017857,  1.120417e+5,  1.341565e+5
2026-03-03 20:00:00.000   ,    419.34237,    486.29962,   0.40089384,    2.4301887,  1.349017e+5,  1.306117e+5
2026-03-03 21:00:00.000   ,    421.93833,    482.60873,   0.43215725,    3.2627119,  1.210133e+5,  1.271057e+5
2026-03-03 22:00:00.000   ,    417.08500,    478.91783,   0.46447900,    2.9717391,  1.378367e+5,  1.236383e+5
2026-03-03 23:00:00.000   ,    423.83500,    475.29497,   0.49728086,    2.5410714,  1.399450e+5,  1.202724e+5
2026-03-04 00:00:00.000   ,    426.20000,    471.67212,   0.53119724,    2.1115385,  1.405533e+5,  1.169438e+5
2026-03-04 01:00:00.000   ,    411.48644,    468.04927,   0.56627923,    2.9226415,  1.256644e+5,  1.136525e+5
2026-03-04 02:00:00.000   ,    426.99661,    464.42641,   0.60258084,    2.1870370,  1.331780e+5,  1.103985e+5
2026-03-04 03:00:00.000   ,    426.69828,    467.84427,   0.56830028,   0.87619048,  1.501500e+5,  1.134674e+5
2026-03-04 04:00:00.000   ,    432.14000,    472.33055,   0.52494803,    2.8983333,  1.300833e+5,  1.175460e+5
2026-03-04 05:00:00.000   ,    420.96333,    474.54470,   0.50421161,    3.0448980,  1.289167e+5,  1.195800e+5
2026-03-04 06:00:00.000   ,    415.99500,    476.23110,   0.48870024,    2.0844444,  1.330333e+5,  1.211386e+5
2026-03-04 07:00:00.000   ,    426.24167,    477.91750,   0.47342757,    2.5173077,  1.335433e+5,  1.227052e+5
2026-03-04 08:00:00.000   ,    436.29667,    479.71750,   0.45738396,    1.4152542,  1.163483e+5,  1.243862e+5
2026-03-04 09:00:00.000   ,    421.03500,    478.30138,   0.46998386,    2.7755556,  1.220350e+5,  1.230629e+5
2026-03-04 10:00:00.000   ,    412.97586,    474.14950,   0.50788165,    2.1656250,  1.206483e+5,  1.192160e+5
2026-03-04 11:00:00.000   ,    407.50339,    469.99763,   0.54726413,    3.1283019,    91138.983,  1.154180e+5
2026-03-04 12:00:00.000   ,    422.17368,    465.84576,   0.58820988,    2.3821429,    87357.895,  1.116689e+5
2026-03-04 13:00:00.000   ,    423.10172,    461.69388,   0.63080273,    2.8551724,    79963.793,  1.079689e+5
2026-03-04 14:00:00.000   ,    401.04107,    457.54201,   0.67513224,    2.7800000,    86525.000,  1.043178e+5
2026-03-04 15:00:00.000   ,    412.30000,    453.39013,   0.72129411,    2.9618182,    82564.286,  1.007156e+5
2026-03-04 16:00:00.000   ,    419.34464,    449.23826,   0.76939074,    2.7415094,  1.008125e+5,    97162.415
2026-03-04 17:00:00.000   ,    413.06667,    445.08638,   0.81953179,    2.3160714,    89003.333,    93658.186
2026-03-04 18:00:00.000   ,    411.82167,    440.93451,   0.87183478,    2.4920000,    90278.333,    90202.917
2026-03-04 19:00:00.000   ,    418.61579,    436.78263,   0.92642581,    2.1115385,    91847.368,    86796.608
2026-03-04 20:00:00.000   ,    411.67167,    432.63076,   0.98344032,    2.0000000,    99090.000,    83439.259
2026-03-04 21:00:00.000   ,    423.08983,    428.47888,    1.0430239,    1.8750000,    82205.085,    80130.870
2026-03-04 22:00:00.000   ,    419.25833,    424.32701,    1.1053332,    2.6050847,    79151.667,    76871.442
2026-03-04 23:00:00.000   ,    421.68167,    420.17513,    1.1705372,    2.2000000,    69373.333,    73660.974
2026-03-05 00:00:00.000   ,    418.63667,    434.47340,   0.95782854,    1.3600000,    81878.333,    84923.240
2026-03-05 01:00:00.000   ,    411.44833,    448.77167,   0.77492155,    1.7894737,    87100.000,    96766.166
2026-03-05 02:00:00.000   ,    404.39833,    513.59127,   0.19848084,    2.3783333,    85073.333,  1.577377e+5
2026-03-05 03:00:00.000   ,    401.94211,    513.59127,   0.19848084,    2.7210526,    78594.737,  1.577377e+5
2026-03-05 04:00:00.000   ,    404.38167,    511.31867,   0.21360449,    1.9288136,    76665.000,  1.553981e+5
2026-03-05 05:00:00.000   ,    410.77667,    509.04607,   0.22901623,    1.4491525,    78978.333,  1.530733e+5
2026-03-05 06:00:00.000   ,    404.71833,    506.77348,   0.24472341,    2.3566667,    77486.667,  1.507631e+5
2026-03-05 07:00:00.000   ,    403.01667,    506.28038,   0.24817126,    2.1500000,    85381.667,  1.502637e+5
2026-03-05 08:00:00.000   ,    390.34386,    505.78727,   0.25163345,    2.2963636,    69400.000,  1.497651e+5
2026-03-05 09:00:00.000   ,    385.28750,    507.75037,   0.23793485,    2.3890909,    68148.214,  1.517543e+5
2026-03-05 10:00:00.000   ,    395.93393,    509.71347,   0.22445992,    2.4750000,    53957.143,  1.537545e+5
2026-03-05 11:00:00.000   ,    389.20862,    507.75656,   0.23789206,    1.3928571,  1.026414e+5,  1.517606e+5
2026-03-05 12:00:00.000   ,    384.96610,    502.84310,   0.27260819,    1.5903846,    83140.678,  1.468023e+5
2026-03-05 13:00:00.000   ,    383.22167,    497.92965,   0.30880545,    2.2210526,    72648.333,  1.419125e+5
2026-03-05 14:00:00.000   ,    380.56102,    493.01620,   0.34656933,    2.6448276,    46306.780,  1.370913e+5
2026-03-05 15:00:00.000   ,    370.15088,    488.10275,   0.38599154,    2.6473684,    53300.000,  1.323387e+5
2026-03-05 16:00:00.000   ,    365.58305,    483.18930,   0.42717063,    2.6389831,    57115.254,  1.276546e+5
2026-03-05 17:00:00.000   ,    368.05517,    478.27584,   0.47021256,    1.7017544,    83258.621,  1.230391e+5
2026-03-05 18:00:00.000   ,    366.80167,    473.36239,   0.51523141,    1.4525424,    86620.000,  1.184922e+5
2026-03-05 19:00:00.000   ,    360.29107,    468.44894,   0.56235013,    2.3072727,    66675.000,  1.140138e+5
2026-03-05 20:00:00.000   ,    362.46441,    463.53549,   0.61170137,    1.9864407,    64959.322,  1.096040e+5
2026-03-05 21:00:00.000   ,    360.27833,    458.62203,   0.66342843,    2.0157895,    76576.667,  1.052628e+5
2026-03-05 22:00:00.000   ,    361.63500,    456.24832,   0.68931468,    2.2750000,    49463.333,  1.031901e+5
2026-03-05 23:00:00.000   ,    359.50167,    453.87460,   0.71580993,    2.0166667,    42246.667,  1.011334e+5
2026-03-06 00:00:00.000   ,    360.01833,    454.66584,   0.70690934,    2.4683333,    28735.000,  1.018172e+5
2026-03-06 01:00:00.000   ,    351.72333,    455.45708,   0.69807783,    2.7000000,    32583.333,  1.025028e+5
2026-03-06 02:00:00.000   ,    349.15333,    456.24832,   0.68931468,    1.8900000,    37858.333,  1.031901e+5
2026-03-06 03:00:00.000   ,    342.73559,    457.03956,   0.68061920,    2.7542373,    45998.305,  1.038792e+5
2026-03-06 04:00:00.000   ,    346.70345,    457.83080,   0.67199067,    3.0814815,    61608.621,  1.045701e+5
2026-03-06 05:00:00.000   ,    364.82667,    458.62203,   0.66342843,    5.9843750,  1.147267e+5,  1.052628e+5
2026-03-06 06:00:00.000   ,    372.53833,    456.19716,   0.68987921,    16.275000,    35086.667,  1.031456e+5
2026-03-06 07:00:00.000   ,    372.97500,    453.77229,   0.71696595,    20.483333,    31036.667,  1.010451e+5
2026-03-06 08:00:00.000   ,    366.07833,    451.34741,   0.74470920,    14.486667,    29033.333,    98961.319
2026-03-06 09:00:00.000   ,    363.91833,    448.92254,   0.77313035,    16.341667,    30780.000,    96894.224
2026-03-06 10:00:00.000   ,    358.85500,    446.49766,   0.80225166,    13.365000,    35298.333,    94843.830
2026-03-06 11:00:00.000   ,    356.33000,    444.07279,   0.83209633,    8.8033333,    49495.000,    92810.137
2026-03-06 12:00:00.000   ,    355.20690,    442.17690,   0.85594986,    8.5631579,    46487.931,    91231.723
2026-03-06 13:00:00.000   ,    346.90167,    440.28100,   0.88027230,    7.8716667,    34721.667,    89663.519
2026-03-06 14:00:00.000   ,    343.64915,    438.18807,   0.90768204,    4.7586207,    57618.644,    87944.183
2026-03-06 15:00:00.000   ,    344.17586,    436.09513,   0.93569553,    4.8109091,    65003.448,    86237.289
2026-03-06 16:00:00.000   ,    342.38966,    434.00220,   0.96433062,    5.1075472,    68187.931,    84542.836
2026-03-06 17:00:00.000   ,    340.66667,    431.90926,   0.99360586,    5.0000000,    58731.667,    82860.824
2026-03-06 18:00:00.000   ,    336.92586,    429.81632,    1.0235405,    5.1928571,    49420.690,    81191.253
2026-03-06 19:00:00.000   ,    338.60678,    430.48549,    1.0138967,    5.3701754,    54215.254,    81723.706
2026-03-06 20:00:00.000   ,    350.97193,    431.15466,    1.0043217,    6.1944444,    62196.491,    82257.430
2026-03-06 21:00:00.000   ,    349.80185,    430.48549,    1.0138967,    6.4415094,    61983.333,    81723.706
2026-03-06 22:00:00.000   ,    361.57358,    429.81632,    1.0235405,    5.5270833,    81526.415,    81191.253
2026-03-06 23:00:00.000   ,    385.81724,    430.48549,    1.0138967,    3.5327586,    77029.310,    81723.706
2026-03-07 00:00:00.000   ,    404.17333,    431.15466,    1.0043217,    3.1063830,    98683.333,    82257.430
2026-03-07 01:00:00.000   ,    413.08667,    428.44974,    1.0434516,    2.8236842,  1.098933e+5,    80107.822
2026-03-07 02:00:00.000   ,    430.13333,    425.74482,    1.0837386,    2.0236842,  1.396133e+5,    77978.994
2026-03-07 03:00:00.000   ,    443.50508,    440.40768,   0.87863235,    1.8741379,  1.594237e+5,    89767.979
2026-03-07 04:00:00.000   ,    432.86441,    455.07053,   0.70238378,    2.7673469,  1.909661e+5,  1.021676e+5
2026-03-07 05:00:00.000   ,    424.87458,    451.58854,   0.74192040,    2.2913043,  1.741864e+5,    99167.785
2026-03-07 06:00:00.000   ,    439.43333,    448.10656,   0.78285051,    2.7438596,  2.317000e+5,    96202.393
2026-03-07 07:00:00.000   ,    442.40000,    444.62457,   0.82524035,    4.2959184,  2.004833e+5,    93271.436
2026-03-07 08:00:00.000   ,    442.73571,    441.14258,   0.86916019,    3.8821429,  1.291821e+5,    90374.916
2026-03-07 09:00:00.000   ,    437.95370,    437.66060,   0.91468454,    4.0057692,  1.151611e+5,    87512.830
2026-03-07 10:00:00.000   ,    437.20182,    434.17861,   0.96189253,    3.9618182,    95952.727,    84685.181
2026-03-07 11:00:00.000   ,    439.61500,    430.69662,    1.0108682,    4.0142857,  1.142000e+5,    81891.967
2026-03-07 12:00:00.000   ,    461.47333,    427.21464,    1.0617009,    4.8821429,  1.162400e+5,    79133.189
2026-03-07 13:00:00.000   ,    465.30517,    423.73265,    1.1144858,    4.0153846,  1.153741e+5,    76408.847
2026-03-07 14:00:00.000   ,    471.76333,    420.25066,    1.1693241,    4.1769231,  1.125483e+5,    73718.940
2026-03-07 15:00:00.000   ,    518.10339,    416.76868,    1.2263237,    4.2425926,  1.316593e+5,    71063.469
2026-03-07 16:00:00.000   ,    536.33729,    413.28669,    1.2855997,    3.4021277,  1.637966e+5,    68442.434
2026-03-07 17:00:00.000   ,    575.03158,    409.80470,    1.3472750,    3.3122807,  1.799228e+5,    65855.834
2026-03-07 18:00:00.000   ,    591.48167,    406.32272,    1.4114807,    3.2327586,  1.774233e+5,    63303.671
2026-03-07 19:00:00.000   ,    629.80000,    402.84073,    1.4783573,    2.2981132,  1.847268e+5,    60785.942
2026-03-07 20:00:00.000   ,    644.81167,    399.35874,    1.5480549,    2.0000000,  2.294033e+5,    58302.650
2026-03-07 21:00:00.000   ,    636.83051,    395.87676,    1.6207345,    1.8510638,  2.621864e+5,    55853.793
2026-03-07 22:00:00.000   ,    607.46552,    431.15466,    1.0043217,    2.4770833,  2.013034e+5,    82257.430
2026-03-07 23:00:00.000   ,    612.76000,    428.46873,    1.0431729,    2.0277778,  2.326333e+5,    80122.838
2026-03-08 00:00:00.000   ,    617.73500,    429.81169,    1.0236074,    2.3387755,  2.133000e+5,    81187.573
2026-03-08 01:00:00.000   ,    592.16500,    431.15466,    1.0043217,    1.5058824,  2.767900e+5,    82257.430
2026-03-08 02:00:00.000   ,    581.55000,    433.80440,   0.96706958,    1.6800000,  2.099500e+5,    84383.346
2026-03-08 03:00:00.000   ,    561.31525,    433.14417,   0.97625380,    2.5894737,  1.742034e+5,    83851.773
2026-03-08 04:00:00.000   ,    558.24833,    432.48395,   0.98550250,    3.1783333,  1.602167e+5,    83321.439
2026-03-08 05:00:00.000   ,    557.55085,    432.48395,   0.98550250,    2.5089286,  2.171525e+5,    83321.439
2026-03-08 06:00:00.000   ,    554.07797,    433.80440,   0.96706958,    2.6911111,  2.139153e+5,    84383.346
2026-03-08 07:00:00.000   ,    549.86167,    437.71476,   0.91396370,    1.8478261,  2.733883e+5,    87557.088
2026-03-08 08:00:00.000   ,    557.28333,    437.71476,   0.91396370,    1.1480769,  2.501700e+5,    87557.088
2026-03-08 09:00:00.000   ,    553.28364,    437.71476,   0.91396370,    1.9379310,  2.523455e+5,    87557.088
2026-03-08 10:00:00.000   ,    539.45472,    434.24888,   0.96092266,    1.2750000,  2.459962e+5,    84741.904
2026-03-08 11:00:00.000   ,    536.17241,    430.78299,    1.0096313,    1.2181818,  3.010190e+5,    81960.838
2026-03-08 12:00:00.000   ,    533.82203,    427.31711,    1.0601775,    2.1674419,  2.229305e+5,    79213.889
2026-03-08 13:00:00.000   ,    535.84576,    423.85123,    1.1126551,    2.2568627,  1.889593e+5,    76501.059
2026-03-08 14:00:00.000   ,    494.17719,    420.38535,    1.1671635,    1.8137931,  1.612632e+5,    73822.346
2026-03-08 15:00:00.000   ,    488.78475,    416.91946,    1.2238091,    2.6722222,  1.298780e+5,    71177.751
2026-03-08 16:00:00.000   ,    484.69649,    413.45358,    1.2827049,    1.9250000,  1.474772e+5,    68567.274
2026-03-08 17:00:00.000   ,    476.78276,    409.98770,    1.3439718,    2.0263158,  1.287793e+5,    65990.915
2026-03-08 18:00:00.000   ,    494.05500,    409.98770,    1.3439718,    1.8510638,  1.570767e+5,    65990.915
2026-03-08 19:00:00.000   ,    502.11356,    409.98770,    1.3439718,    2.7343750,  1.302508e+5,    65990.915
2026-03-08 20:00:00.000   ,    496.52069,    409.98770,    1.3439718,    2.2857143,  1.336621e+5,    65990.915
2026-03-08 21:00:00.000   ,    521.91167,    409.98770,    1.3439718,    2.6923077,  1.112367e+5,    65990.915
2026-03-08 22:00:00.000   ,    496.67931,    452.67244,   0.72946673,    2.6978261,    97260.345,  1.000979e+5
2026-03-08 23:00:00.000   ,    487.92167,    457.44414,   0.67619888,    2.4950000,  1.012100e+5,  1.042323e+5
2026-03-09 00:00:00.000   ,    483.83167,    458.62203,   0.66342843,    2.7260000,    88278.333,  1.052628e+5
2026-03-09 01:00:00.000   ,    484.62500,    457.44414,   0.67619888,    2.4907407,  1.022117e+5,  1.042323e+5
2026-03-09 02:00:00.000   ,    496.98667,    463.27657,   0.61436658,    2.4983333,    89155.000,  1.093735e+5
2026-03-09 03:00:00.000   ,    489.25593,    466.71018,   0.57955207,    2.6372881,    75610.169,  1.124454e+5
2026-03-09 04:00:00.000   ,    503.45667,    473.43998,   0.51450453,    2.2733333,    77551.667,  1.185634e+5
2026-03-09 05:00:00.000   ,    490.08833,    473.43998,   0.51450453,    2.5350000,    68703.333,  1.185634e+5
2026-03-09 06:00:00.000   ,    482.11864,    472.33055,   0.52494803,    3.2446429,    75455.932,  1.175460e+5
2026-03-09 07:00:00.000   ,    487.65085,    473.43998,   0.51450453,    2.6877193,    86449.153,  1.185634e+5
2026-03-09 08:00:00.000   ,    488.35667,    474.54470,   0.50421161,    2.7216667,    64708.333,  1.195800e+5
2026-03-09 09:00:00.000   ,    483.35833,    480.00000,   0.45488981,    2.8016949,    83176.667,  1.246509e+5
2026-03-09 10:00:00.000   ,    472.12241,    484.28607,   0.41782106,    2.7944444,    74198.276,  1.286942e+5
2026-03-09 11:00:00.000   ,    469.89500,    483.22083,   0.42690055,    2.7525424,    77966.667,  1.276844e+5
2026-03-09 12:00:00.000   ,    466.46786,    483.75345,   0.42234993,    2.6381818,    92512.500,  1.281889e+5
2026-03-09 13:00:00.000   ,    458.16379,    484.28607,   0.41782106,   0.84897959,    86913.793,  1.286942e+5
2026-03-09 14:00:00.000   ,    458.36852,      N/A    ,      N/A    ,   0.48333333,    95383.333,      N/A    
2026-03-09 15:00:00.000   ,    454.32963,      N/A    ,      N/A    ,   0.22666667,  1.055333e+5,      N/A    
2026-03-09 16:00:00.000   ,    434.77442,      N/A    ,      N/A    ,   0.37500000,  1.042548e+5,      N/A    
2026-03-09 17:00:00.000   ,    444.64310,      N/A    ,      N/A    ,   0.40588235,    96863.793,      N/A    
2026-03-09 18:00:00.000   ,    449.67500,      N/A    ,      N/A    ,   0.81818182,    67833.333,      N/A    
2026-03-09 19:00:00.000   ,    451.59138,      N/A    ,      N/A    ,   0.18235294,    86655.172,      N/A    
2026-03-09 20:00:00.000   ,    443.16167,      N/A    ,      N/A    ,   0.59259259,    79765.000,      N/A    
2026-03-09 21:00:00.000   ,    447.37069,      N/A    ,      N/A    ,    1.3000000,    62527.586,      N/A    
2026-03-09 22:00:00.000   ,    424.36842,      N/A    ,      N/A    ,   0.10000000,    88063.158,      N/A    
2026-03-09 23:00:00.000   ,      N/A    ,      N/A    ,      N/A    ,      N/A    ,      N/A    ,      N/A    
2026-03-10 00:00:00.000   ,      N/A    ,      N/A    ,      N/A    ,      N/A    ,      N/A    ,      N/A    
2026-03-10 01:00:00.000   ,    435.38085,      N/A    ,      N/A    ,      N/A    ,    62872.340,      N/A    
2026-03-10 02:00:00.000   ,    434.35500,      N/A    ,      N/A    ,   0.23823529,    66948.333,      N/A    
2026-03-10 03:00:00.000   ,    432.45254,      N/A    ,      N/A    ,   0.30833333,    66467.797,      N/A    
2026-03-10 04:00:00.000   ,    428.55500,      N/A    ,      N/A    ,   0.59750000,    66893.333,      N/A    
2026-03-10 05:00:00.000   ,    426.93000,      N/A    ,      N/A    ,   0.42750000,    74563.333,      N/A    
2026-03-10 06:00:00.000   ,    411.36552,      N/A    ,      N/A    ,   0.28604651,    72950.000,      N/A    
2026-03-10 07:00:00.000   ,    423.00847,      N/A    ,      N/A    ,   0.69322034,    54101.695,      N/A    
2026-03-10 08:00:00.000   ,    426.72000,      N/A    ,      N/A    ,   0.78103448,    51768.333,      N/A    
2026-03-10 09:00:00.000   ,    411.16207,      N/A    ,      N/A    ,   0.40740741,    52581.034,      N/A    
2026-03-10 10:00:00.000   ,    422.06226,      N/A    ,      N/A    ,   0.32380952,    64483.019,      N/A    
2026-03-10 11:00:00.000   ,    432.28421,      N/A    ,      N/A    ,   0.72553191,    64117.544,      N/A    
2026-03-10 12:00:00.000   ,    429.94138,      N/A    ,      N/A    ,   0.30638298,    91075.862,      N/A    
2026-03-10 13:00:00.000   ,    438.48276,      N/A    ,      N/A    ,   0.94444444,    79856.897,      N/A    
2026-03-10 14:00:00.000   ,    444.51017,      N/A    ,      N/A    ,   0.20357143,    87298.305,      N/A    
2026-03-10 15:00:00.000   ,    447.42545,      N/A    ,      N/A    ,   0.25714286,    84721.818,      N/A    
2026-03-10 16:00:00.000   ,    451.60000,      N/A    ,      N/A    ,   0.68936170,  1.031603e+5,      N/A    
2026-03-10 17:00:00.000   ,    446.42373,      N/A    ,      N/A    ,    1.1648649,  1.161271e+5,      N/A    
2026-03-10 18:00:00.000   ,    458.51500,      N/A    ,      N/A    ,   0.12222222,  1.481650e+5,      N/A    
2026-03-10 19:00:00.000   ,    477.38000,      N/A    ,      N/A    ,   0.36521739,  1.811517e+5,      N/A    
2026-03-10 20:00:00.000   ,    493.39333,      N/A    ,      N/A    ,   0.36896552,  2.315050e+5,      N/A    
2026-03-10 21:00:00.000   ,    490.37797,      N/A    ,      N/A    ,   0.40588235,  1.907085e+5,      N/A    
2026-03-10 22:00:00.000   ,    495.28475,      N/A    ,      N/A    ,   0.19047619,  1.904153e+5,      N/A    
2026-03-10 23:00:00.000   ,    503.89138,      N/A    ,      N/A    ,   0.28333333,  1.951793e+5,      N/A    
2026-03-11 00:00:00.000   ,    521.58333,      N/A    ,      N/A    ,   0.21481481,  2.782200e+5,      N/A    
2026-03-11 01:00:00.000   ,    520.75000,      N/A    ,      N/A    ,   0.40238095,  2.342517e+5,      N/A    
2026-03-11 02:00:00.000   ,    529.90500,      N/A    ,      N/A    ,   0.21463415,  2.443067e+5,      N/A    
2026-03-11 03:00:00.000   ,    515.71525,      N/A    ,      N/A    ,   0.28148148,  2.229644e+5,      N/A    
2026-03-11 04:00:00.000   ,    514.62167,      N/A    ,      N/A    ,   0.81034483,  1.963483e+5,      N/A    
2026-03-11 05:00:00.000   ,    515.46000,      N/A    ,      N/A    ,   0.86756757,  2.075800e+5,      N/A    
2026-03-11 06:00:00.000   ,    527.21833,      N/A    ,      N/A    ,   0.23636364,  2.363700e+5,      N/A    
2026-03-11 07:00:00.000   ,    506.59138,      N/A    ,      N/A    ,   0.46756757,  2.269724e+5,      N/A    
2026-03-11 08:00:00.000   ,    504.21525,      N/A    ,      N/A    ,   0.20000000,  2.181949e+5,      N/A    
2026-03-11 09:00:00.000   ,    453.70000,      N/A    ,      N/A    ,   0.12258065,    92625.424,      N/A    
2026-03-11 10:00:00.000   ,    448.69333,      N/A    ,      N/A    ,   0.51860465,    79803.333,      N/A    
2026-03-11 11:00:00.000   ,    440.65500,      N/A    ,      N/A    ,   0.19189189,    81383.333,      N/A    
2026-03-11 12:00:00.000   ,    438.65000,      N/A    ,      N/A    ,   0.10000000,    92389.655,      N/A    
2026-03-11 13:00:00.000   ,    429.83793,      N/A    ,      N/A    ,   0.43658537,    52496.552,      N/A    
2026-03-11 14:00:00.000   ,    423.54138,      N/A    ,      N/A    ,   0.32888889,    48682.759,      N/A    
2026-03-11 15:00:00.000   ,    419.13636,      N/A    ,      N/A    ,   0.37333333,    59512.727,      N/A    
2026-03-11 16:00:00.000   ,    429.02456,      N/A    ,      N/A    ,   0.36000000,  1.214825e+5,      N/A    
2026-03-11 17:00:00.000   ,    446.82881,      N/A    ,      N/A    ,   0.90000000,    97171.186,      N/A    
2026-03-11 18:00:00.000   ,    439.08333,      N/A    ,      N/A    ,   0.27741935,    99232.203,      N/A    
2026-03-11 19:00:00.000   ,    439.51724,      N/A    ,      N/A    ,   0.63095238,    85908.621,      N/A    
2026-03-11 20:00:00.000   ,    440.20833,      N/A    ,      N/A    ,   0.70000000,    72363.333,      N/A    
2026-03-11 21:00:00.000   ,    448.18305,      N/A    ,      N/A    ,   0.38620690,    96871.186,      N/A    
2026-03-11 22:00:00.000   ,    451.36667,      N/A    ,      N/A    ,   0.40000000,  1.053000e+5,      N/A    
2026-03-11 23:00:00.000   ,    447.12712,      N/A    ,      N/A    ,   0.22894737,  1.188119e+5,      N/A    
2026-03-12 00:00:00.000   ,    447.33793,      N/A    ,      N/A    ,   0.17608696,    82850.000,      N/A    
2026-03-12 01:00:00.000   ,    447.20000,    460.96052,   0.63850390,   0.24782609,    77643.333,  1.073204e+5
2026-03-12 02:00:00.000   ,    425.42833,    481.34558,   0.44309727,   0.30303030,  1.092383e+5,  1.259146e+5
2026-03-12 03:00:00.000   ,    432.65593,    501.73065,   0.28067092,    1.1717391,    73366.102,  1.456892e+5
2026-03-12 04:00:00.000   ,    431.90000,    522.11572,   0.14420002,    1.1552632,    85073.333,  1.666439e+5
2026-03-12 05:00:00.000   ,    446.32667,    542.50079,   0.02843517,   0.28571429,  1.248117e+5,  1.887790e+5
2026-03-12 06:00:00.000   ,    429.31667,    562.88585,  -0.07061004,   0.63265306,    90213.333,  2.120943e+5
2026-03-12 07:00:00.000   ,    438.22542,    559.07338,  -0.05320592,   0.51521739,    82320.339,  2.076441e+5
2026-03-12 08:00:00.000   ,    444.34138,    555.26092,  -0.03530831,   0.51470588,    97429.310,  2.032351e+5
2026-03-12 09:00:00.000   ,    429.99153,    414.42771,    1.2659172,   0.21034483,  1.013983e+5,    69297.537
2026-03-12 10:00:00.000   ,    431.78276,    385.64683,    1.8532168,   0.62432432,    91100.000,    48858.361
2026-03-12 11:00:00.000   ,    423.15333,    384.75462,    1.8749460,   0.61750000,  1.118750e+5,    48262.340
2026-03-12 12:00:00.000   ,    438.37288,    383.86241,    1.8969243,   0.82500000,    82086.441,    47668.581
2026-03-12 13:00:00.000   ,    447.18793,    383.86241,    1.8969243,    2.2464286,    68031.034,    47668.581
2026-03-12 14:00:00.000   ,    433.61695,    382.05230,    1.9422951,    2.0228070,    65803.390,    46470.916
2026-03-12 15:00:00.000   ,    422.13684,    380.20093,    1.9898118,    1.4403846,    57612.281,    45255.573
2026-03-12 16:00:00.000   ,    409.56481,    378.34955,    2.0384889,   0.31111111,  1.084352e+5,    44049.965
2026-03-12 17:00:00.000   ,    427.16034,    453.04221,   0.72524879,   0.23636364,  1.037017e+5,  1.004160e+5
2026-03-12 18:00:00.000   ,    415.35167,    527.73487,   0.11041118,   0.84500000,    84147.458,  1.726276e+5
2026-03-12 19:00:00.000   ,    413.28103,    529.11418,   0.10234597,   0.60512821,    73531.034,  1.741101e+5
2026-03-12 20:00:00.000   ,    433.05439,    530.49350,   0.09436831,   0.10000000,    90826.316,  1.755981e+5
2026-03-12 21:00:00.000   ,    425.23559,    525.85155,   0.12156718,   0.42424242,    99250.847,  1.706121e+5
2026-03-12 22:00:00.000   ,    426.80678,    521.20960,   0.14979279,   0.77916667,    91822.034,  1.656874e+5
2026-03-12 23:00:00.000   ,    416.25593,    519.94729,   0.15765265,   0.71136364,    70391.525,  1.643588e+5
2026-03-13 00:00:00.000   ,    403.31897,    518.68499,   0.16559338,   0.57692308,    61374.138,  1.630347e+5
2026-03-13 01:00:00.000   ,    401.20000,    517.42268,   0.17361610,   0.85094340,    47191.525,  1.617152e+5
2026-03-13 02:00:00.000   ,    407.43333,    511.84855,   0.21005278,    1.2962264,    52685.000,  1.559423e+5
2026-03-13 03:00:00.000   ,    410.34237,    506.27441,   0.24821303,   0.54468085,    71391.525,  1.502577e+5
2026-03-13 04:00:00.000   ,    400.87333,    500.70028,   0.28820729,    3.2800000,    42341.667,  1.446613e+5
2026-03-13 05:00:00.000   ,    399.67000,    495.12615,   0.33015501,    5.7783333,    47145.000,  1.391532e+5
2026-03-13 06:00:00.000   ,    398.02931,    489.55201,   0.37418549,    8.2103448,    56182.759,  1.337334e+5
2026-03-13 07:00:00.000   ,    402.57931,    489.09162,   0.37791957,    12.760345,    38101.754,  1.332896e+5
2026-03-13 08:00:00.000   ,    419.34746,    494.75750,   0.33300115,    14.179661,    61333.898,  1.387921e+5
2026-03-13 09:00:00.000   ,    441.52105,    500.42339,   0.29024388,    9.2759259,  1.011912e+5,  1.443856e+5
2026-03-13 10:00:00.000   ,    453.37193,    506.08927,   0.24951132,    2.6714286,  1.566947e+5,  1.500704e+5
2026-03-13 11:00:00.000   ,    468.18333,    511.75516,   0.21067761,    1.9700000,  1.759867e+5,  1.558463e+5
2026-03-13 12:00:00.000   ,    496.98667,    517.42105,   0.17362655,   0.73333333,  1.873333e+5,  1.617135e+5
2026-03-13 13:00:00.000   ,    541.54182,    523.08693,   0.13825066,   0.31777778,  2.184382e+5,  1.676718e+5
2026-03-13 14:00:00.000   ,    566.20182,    557.81925,  -0.04737376,   0.45306122,  2.511091e+5,  2.061892e+5
2026-03-13 15:00:00.000   ,    591.35789,    556.11559,  -0.03936442,   0.44400000,  2.850877e+5,  2.042199e+5
2026-03-13 16:00:00.000   ,    582.85283,    557.39193,  -0.04537426,   0.61489362,  3.109811e+5,  2.056945e+5
2026-03-13 17:00:00.000   ,    588.84915,    558.66827,  -0.05132787,   0.80217391,  3.049831e+5,  2.071736e+5
2026-03-13 18:00:00.000   ,    620.78305,    556.96836,  -0.04338609,   0.87333333,  2.964576e+5,  2.052046e+5
2026-03-13 19:00:00.000   ,    635.68475,    551.03384,  -0.01486456,   0.79807692,  3.237220e+5,  1.983950e+5
2026-03-13 20:00:00.000   ,    651.69643,    545.09932,   0.01495180,   0.48372093,  3.685893e+5,  1.916854e+5
2026-03-13 21:00:00.000   ,    661.74915,    539.16480,   0.04614257,   0.47872340,  3.738814e+5,  1.850758e+5
2026-03-13 22:00:00.000   ,    672.06500,    533.23028,   0.07879356,   0.33600000,  4.112667e+5,  1.785663e+5
2026-03-13 23:00:00.000   ,    657.84407,    538.64069,   0.04896608,   0.27954545,  4.130000e+5,  1.844969e+5
2026-03-14 00:00:00.000   ,    660.79667,    535.94582,   0.06366602,   0.36904762,  4.296500e+5,  1.815326e+5
2026-03-14 01:00:00.000   ,    645.57193,    564.56029,  -0.07810264,   0.55833333,  4.303509e+5,  2.140619e+5
2026-03-14 02:00:00.000   ,    649.49661,    564.14168,  -0.07623801,   0.43333333,  4.470508e+5,  2.135692e+5
2026-03-14 03:00:00.000   ,    629.75254,    563.72307,  -0.07436771,   0.72558140,  3.995424e+5,  2.130771e+5
2026-03-14 04:00:00.000   ,    604.91833,    563.30446,  -0.07249173,    1.5800000,  2.965667e+5,  2.125854e+5
2026-03-14 05:00:00.000   ,    658.10167,    562.88585,  -0.07061004,   0.94285714,  4.270133e+5,  2.120943e+5
2026-03-14 06:00:00.000   ,    660.96207,    575.09649,  -0.12323553,    1.8111111,  4.298483e+5,  2.266254e+5
2026-03-14 07:00:00.000   ,    679.92414,    587.30713,  -0.17151458,   0.87826087,  4.074879e+5,  2.415799e+5
2026-03-14 08:00:00.000   ,    667.56833,    597.46762,  -0.20871167,   0.78139535,  3.276650e+5,  2.543464e+5
2026-03-14 09:00:00.000   ,    686.67759,    603.60663,  -0.22998497,   0.72777778,  2.994138e+5,  2.622021e+5
2026-03-14 10:00:00.000   ,    692.65455,    611.91518,  -0.25743665,   0.63829787,  3.037000e+5,  2.730044e+5
2026-03-14 11:00:00.000   ,    677.44333,    622.28112,  -0.28967546,   0.60833333,  2.590733e+5,  2.867566e+5
2026-03-14 12:00:00.000   ,    682.43051,    633.86226,  -0.32327147,   0.78510638,  2.426559e+5,  3.024819e+5
2026-03-14 13:00:00.000   ,    683.54000,    632.42313,  -0.31922792,   0.19090909,  2.794418e+5,  3.005071e+5
2026-03-14 14:00:00.000   ,    680.36111,    630.98401,  -0.31514803,   0.34347826,  2.579630e+5,  2.985381e+5
2026-03-14 15:00:00.000   ,    686.09649,    629.54488,  -0.31103134,   0.86538462,  2.026316e+5,  2.965751e+5
2026-03-14 16:00:00.000   ,    677.19636,    628.10575,  -0.30687743,   0.49782609,  2.266909e+5,  2.946179e+5
2026-03-14 17:00:00.000   ,    673.77586,    639.30772,  -0.33825016,   0.76538462,  2.372345e+5,  3.100076e+5
2026-03-14 18:00:00.000   ,    665.75000,    650.50968,  -0.36754007,   0.48297872,  2.640000e+5,  3.257538e+5
2026-03-14 19:00:00.000   ,    665.20678,    661.71165,  -0.39492755,   0.53829787,  2.596542e+5,  3.418563e+5
2026-03-14 20:00:00.000   ,    669.67667,    668.15361,  -0.40987920,   0.38200000,  2.892367e+5,  3.512779e+5
2026-03-14 21:00:00.000   ,    667.50000,    674.59557,  -0.42428342,   0.35416667,  2.644322e+5,  3.608173e+5
2026-03-14 22:00:00.000   ,    665.70833,    681.03754,  -0.43816662,   0.28727273,  2.685833e+5,  3.704746e+5
2026-03-14 23:00:00.000   ,    677.55333,    691.65047,  -0.45996770,   0.14897959,  2.756833e+5,  3.866417e+5
2026-03-15 00:00:00.000   ,    672.04667,    702.26340,  -0.48052404,   0.13333333,  2.361833e+5,  4.031288e+5
2026-03-15 01:00:00.000   ,    660.27586,    695.62433,  -0.46780533,   0.18113208,  1.881724e+5,  3.927776e+5
2026-03-15 02:00:00.000   ,    661.72203,    688.98527,  -0.45461374,   0.18421053,  1.846610e+5,  3.825516e+5
2026-03-15 03:00:00.000   ,    658.84310,    682.34620,  -0.44092552,   0.27222222,  1.817069e+5,  3.724509e+5
2026-03-15 04:00:00.000   ,    658.41833,    699.09595,  -0.47451357,   0.26734694,  1.756500e+5,  3.981747e+5
2026-03-15 05:00:00.000   ,    658.93833,    692.67517,  -0.46200520,   0.29400000,  1.828500e+5,  3.882197e+5
2026-03-15 06:00:00.000   ,    652.48276,    686.25440,  -0.44904485,   0.17777778,  1.743983e+5,  3.783817e+5
2026-03-15 07:00:00.000   ,    654.10508,    694.63313,  -0.46586643,   0.25416667,  1.776610e+5,  3.912429e+5
2026-03-15 08:00:00.000   ,    649.27500,    692.71017,  -0.46207458,   0.29347826,  1.481133e+5,  3.882736e+5
2026-03-15 09:00:00.000   ,    656.71356,    695.91164,  -0.46836536,   0.23404255,  1.838983e+5,  3.932230e+5
2026-03-15 10:00:00.000   ,    656.75472,    698.46044,  -0.47329509,   0.21568627,  1.713528e+5,  3.971842e+5
2026-03-15 11:00:00.000   ,    652.33929,    694.63313,  -0.46586643,   0.32884615,  1.536071e+5,  3.912429e+5
2026-03-15 12:00:00.000   ,    647.45263,    705.41432,  -0.48640139,   0.15454545,  2.132509e+5,  4.080853e+5
2026-03-15 13:00:00.000   ,    637.12500,    703.20637,  -0.48229348,   0.27872340,  1.421500e+5,  4.046092e+5
2026-03-15 14:00:00.000   ,    627.43729,    700.99842,  -0.47813608,   0.18333333,  1.757119e+5,  4.011469e+5
2026-03-15 15:00:00.000   ,    635.09333,    695.91164,  -0.46836536,   0.59423077,  1.512983e+5,  3.932230e+5
2026-03-15 16:00:00.000   ,    607.83621,    693.98971,  -0.46460217,   0.28666667,  1.643103e+5,  3.902482e+5
2026-03-15 17:00:00.000   ,    622.83667,    692.06778,  -0.46079888,   0.43548387,  1.917350e+5,  3.872840e+5
2026-03-15 18:00:00.000   ,    622.29825,    690.78091,  -0.45822959,   0.52745098,  1.460772e+5,  3.853051e+5
2026-03-15 19:00:00.000   ,    609.43276,    683.65188,  -0.44365794,   0.50357143,  1.895534e+5,  3.744274e+5
2026-03-15 20:00:00.000   ,    604.67241,    685.60486,  -0.44770774,   0.23000000,  2.224931e+5,  3.773930e+5
2026-03-15 21:00:00.000   ,    613.66102,    684.30361,  -0.44501433,   0.61200000,  1.310814e+5,  3.754159e+5
2026-03-15 22:00:00.000   ,    610.37500,    681.02815,  -0.43814676,   0.45918367,  1.335417e+5,  3.704604e+5
2026-03-15 23:00:00.000   ,    609.85333,    677.75269,  -0.43115092,   0.71186441,  1.071417e+5,  3.655355e+5
2026-03-16 00:00:00.000   ,    600.15500,    673.78556,  -0.42250141,   0.52692308,  1.151700e+5,  3.596113e+5
2026-03-16 01:00:00.000   ,    592.11356,    671.12515,  -0.41658994,   0.29591837,  1.269034e+5,  3.556636e+5
2026-03-16 02:00:00.000   ,    581.23559,    667.09576,  -0.40746225,   0.30000000,  1.451627e+5,  3.497226e+5
2026-03-16 03:00:00.000   ,    592.57018,    663.06637,  -0.39811866,   0.51724138,    98173.684,  3.438278e+5
2026-03-16 04:00:00.000   ,    588.66167,    667.11050,  -0.40749603,   0.49649123,    95810.000,  3.497443e+5
2026-03-16 05:00:00.000   ,    557.71864,    662.71021,  -0.39728217,   0.17380952,    88174.576,  3.433090e+5
2026-03-16 06:00:00.000   ,    570.13276,    658.30992,  -0.38680190,   0.55609756,  1.182931e+5,  3.369287e+5
2026-03-16 07:00:00.000   ,    558.49322,    651.44099,  -0.36988717,   0.32250000,  1.003508e+5,  3.270789e+5
2026-03-16 08:00:00.000   ,    568.39667,    649.01000,  -0.36373288,   0.68421053,    76156.667,  3.236251e+5
2026-03-16 09:00:00.000   ,    545.29153,    646.57902,  -0.35748798,   0.56818182,    94069.492,  3.201880e+5
2026-03-16 10:00:00.000   ,    544.16780,    640.57809,  -0.34167297,   0.98125000,    89467.797,  3.117754e+5
2026-03-16 11:00:00.000   ,    541.54444,    634.57717,  -0.32526678,   0.37000000,  1.604556e+5,  3.034651e+5
2026-03-16 12:00:00.000   ,    529.90179,    634.57717,  -0.32526678,   0.19473684,  1.520804e+5,  3.034651e+5
2026-03-16 13:00:00.000   ,    536.18333,    629.00684,  -0.30948271,   0.53333333,  1.458704e+5,  2.958427e+5
2026-03-16 14:00:00.000   ,    523.60909,    623.43651,  -0.29313824,   0.69772727,  1.154091e+5,  2.883084e+5
2026-03-16 15:00:00.000   ,    520.70000,    617.86618,  -0.27620652,   0.28250000,  1.373100e+5,  2.808622e+5
2026-03-16 16:00:00.000   ,    521.65862,    613.76508,  -0.26334881,   0.52432432,  1.148879e+5,  2.754363e+5
2026-03-16 17:00:00.000   ,    518.99333,    609.66397,  -0.25014541,   0.81568627,  1.125400e+5,  2.700582e+5
2026-03-16 18:00:00.000   ,    506.76842,    603.60663,  -0.22998497,   0.96222222,    90221.053,  2.622021e+5
2026-03-16 19:00:00.000   ,    515.00678,    601.69309,  -0.22344704,    1.0148148,    88927.119,  2.597420e+5
2026-03-16 20:00:00.000   ,    495.56441,    599.77956,  -0.21682548,   0.38260870,  1.069864e+5,  2.572923e+5
2026-03-16 21:00:00.000   ,    501.14746,    593.93836,  -0.19608037,   0.45714286,  1.061915e+5,  2.498787e+5
2026-03-16 22:00:00.000   ,    498.46500,    588.09716,  -0.17449994,   0.49772727,  1.116867e+5,  2.425621e+5
2026-03-16 23:00:00.000   ,    487.88500,    582.90400,  -0.15457559,   0.18055556,  1.216867e+5,  2.361385e+5
2026-03-17 00:00:00.000   ,    488.97000,    577.71084,  -0.13392110,   0.18780488,  1.414567e+5,  2.297916e+5
2026-03-17 01:00:00.000   ,    495.23390,    572.67254,  -0.11315051,   0.69122807,    75993.220,  2.237071e+5
2026-03-17 02:00:00.000   ,    498.39831,    567.63423,  -0.09162367,   0.72372881,    66245.763,  2.176947e+5
2026-03-17 03:00:00.000   ,    492.86140,    562.59592,  -0.06930341,   0.56909091,    76347.368,  2.117544e+5
2026-03-17 04:00:00.000   ,    494.07833,    557.55761,  -0.04615027,   0.50847458,    80316.667,  2.058862e+5
2026-03-17 05:00:00.000   ,    485.69500,    552.51931,  -0.02212228,   0.41886792,    99953.333,  2.000901e+5
2026-03-17 06:00:00.000   ,    489.61525,    547.48100,   0.00282520,   0.54137931,    70747.458,  1.943661e+5
2026-03-17 07:00:00.000   ,    486.85167,    544.23555,   0.01940417,   0.42413793,    63255.000,  1.907172e+5
2026-03-17 08:00:00.000   ,    473.05000,    540.99011,   0.03639770,   0.46363636,    73425.000,  1.870981e+5
2026-03-17 09:00:00.000   ,    473.61930,    537.74466,   0.05381972,   0.71454545,    66321.053,  1.835090e+5
2026-03-17 10:00:00.000   ,    469.86481,    533.20077,   0.07895972,   0.60961538,    49212.963,  1.785342e+5
2026-03-17 11:00:00.000   ,    468.54464,    528.65688,   0.10501020,   0.61296296,    45810.714,  1.736180e+5
2026-03-17 12:00:00.000   ,    444.77037,    525.17349,   0.12562491,   0.47000000,    37362.963,  1.698890e+5
2026-03-17 13:00:00.000   ,    447.25517,    521.69010,   0.14682192,   0.80701754,    42524.138,  1.661944e+5
2026-03-17 14:00:00.000   ,    443.91034,    518.20672,   0.16862338,   0.65892857,    53296.552,  1.625342e+5
2026-03-17 15:00:00.000   ,    443.03929,    514.72333,   0.19105247,   0.69090909,    50508.929,  1.589086e+5
2026-03-17 16:00:00.000   ,    442.76167,    511.23994,   0.21413353,    1.2711864,    49371.667,  1.553173e+5
2026-03-17 17:00:00.000   ,    428.61500,    507.75656,   0.23789206,   0.81090909,    48125.000,  1.517606e+5
2026-03-17 18:00:00.000   ,    451.70833,    502.84941,   0.27256270,    1.1847458,    40960.000,  1.468086e+5
2026-03-17 19:00:00.000   ,    450.01607,    497.94226,   0.30871057,    1.7272727,    39725.000,  1.419250e+5
2026-03-17 20:00:00.000   ,    444.60000,    493.03512,   0.34642080,    1.8183333,    44301.695,  1.371097e+5
2026-03-17 21:00:00.000   ,    451.55763,    488.12797,   0.38578475,   0.97000000,    37300.000,  1.323629e+5
2026-03-17 22:00:00.000   ,    448.28833,    483.22083,   0.42690055,    1.1916667,    37308.333,  1.276844e+5
2026-03-17 23:00:00.000   ,    444.19322,    482.68613,   0.43149087,   0.96271186,    35416.949,  1.271788e+5
2026-03-18 00:00:00.000   ,    434.31333,    482.15144,   0.43610337,   0.94333333,    34593.333,  1.266740e+5
2026-03-18 01:00:00.000   ,    434.15763,    477.20998,   0.47980639,   0.86101695,    46966.102,  1.220469e+5
2026-03-18 02:00:00.000   ,    424.22333,    472.26852,   0.52553513,    1.4711864,    46583.333,  1.174892e+5
2026-03-18 03:00:00.000   ,    409.60877,    467.32706,   0.57341674,    1.2655172,    44252.632,  1.130009e+5
2026-03-18 04:00:00.000   ,    410.25789,    462.38560,   0.62358852,   0.92631579,    39763.158,  1.085819e+5
2026-03-18 05:00:00.000   ,    421.78966,    457.44414,   0.67619888,   0.60344828,    43294.828,  1.042323e+5
2026-03-18 06:00:00.000   ,    417.19167,    456.25733,   0.68921523,    1.3035714,    52168.333,  1.031979e+5
2026-03-18 07:00:00.000   ,    411.57500,    455.07053,   0.70238378,   0.59655172,    66035.000,  1.021676e+5
2026-03-18 08:00:00.000   ,    414.22500,    456.26034,   0.68918208,   0.60338983,    64383.333,  1.032006e+5
2026-03-18 09:00:00.000   ,    408.04237,    456.26034,   0.68918208,    1.1947368,    64128.814,  1.032006e+5
2026-03-18 10:00:00.000   ,    399.78947,    463.27657,   0.61436658,    1.3320755,    64336.842,  1.093735e+5
2026-03-18 11:00:00.000   ,    400.12712,    464.42641,   0.60258084,    1.2947368,    61649.153,  1.103985e+5
2026-03-18 12:00:00.000   ,    404.76724,    461.52422,   0.63257950,    2.0440678,    52808.621,  1.078187e+5
2026-03-18 13:00:00.000   ,    399.73966,    458.62203,   0.66342843,    2.1362069,    50182.759,  1.052628e+5
2026-03-18 14:00:00.000   ,    390.45000,    454.48576,   0.70892892,    1.8596154,    37425.000,  1.016614e+5
2026-03-18 15:00:00.000   ,    417.68036,    450.34949,   0.75632216,   0.95555556,    53244.643,    98108.615
2026-03-18 16:00:00.000   ,    419.19455,    446.21322,   0.80571460,    1.2218182,    49058.182,    94604.409
2026-03-18 17:00:00.000   ,    410.13833,    442.07695,   0.85722029,    1.2983051,    54936.667,    91148.795
2026-03-18 18:00:00.000   ,    405.30667,    437.94068,   0.91096153,    1.1716667,    59168.333,    87741.774
2026-03-18 19:00:00.000   ,    403.14655,    433.80440,   0.96706958,   0.65454545,    67922.414,    84383.346
2026-03-18 20:00:00.000   ,    404.93966,    435.11623,   0.94901015,   0.54716981,    60422.414,    85443.216
2026-03-18 21:00:00.000   ,    389.49492,    433.80440,   0.96706958,    1.0442308,    43828.814,    84383.346
2026-03-18 22:00:00.000   ,    391.41833,    435.11623,   0.94901015,    1.1446429,    38455.000,    85443.216
2026-03-18 23:00:00.000   ,    387.55833,    439.00183,   0.89695398,   0.47619048,    53836.667,    88611.207
2026-03-19 00:00:00.000   ,    373.16000,    445.32199,   0.81662972,   0.17954545,    55678.333,    93855.730
2026-03-19 01:00:00.000   ,    364.27627,    442.81632,   0.84785296,   0.11956522,    43445.763,    91762.935
2026-03-19 02:00:00.000   ,    377.91667,    449.02743,   0.77188657,   0.20638298,  1.046483e+5,    96983.298
2026-03-19 03:00:00.000   ,    391.96271,    449.02743,   0.77188657,   0.26857143,  1.591356e+5,    96983.298
2026-03-19 04:00:00.000   ,    390.57069,    449.75644,   0.76327865,   0.27647059,  1.318345e+5,    97603.201
2026-03-19 05:00:00.000   ,    397.50339,    450.48544,   0.75473331,   0.28958333,  1.290915e+5,    98224.613
2026-03-19 06:00:00.000   ,    374.82881,    451.21444,   0.74624994,   0.80925926,    64793.220,    98847.535
2026-03-19 07:00:00.000   ,    357.97931,    451.94344,   0.73782794,    1.0464286,    41905.172,    99471.966
2026-03-19 08:00:00.000   ,    357.85818,    452.67244,   0.72946673,    1.4309091,    40090.909,  1.000979e+5
2026-03-19 09:00:00.000   ,    351.88305,    453.87460,   0.71580993,   0.64727273,    61023.729,  1.011334e+5
2026-03-19 10:00:00.000   ,    355.80847,    457.44414,   0.67619888,   0.33225806,  1.154220e+5,  1.042323e+5
2026-03-19 11:00:00.000   ,    357.49828,    459.79413,   0.65086522,   0.36410256,  1.147509e+5,  1.062922e+5
2026-03-19 12:00:00.000   ,    352.24815,    460.96052,   0.63850390,   0.75740741,    66596.296,  1.073204e+5
2026-03-19 13:00:00.000   ,    354.87414,    462.12130,   0.62633934,    1.4473684,    51444.828,  1.083475e+5
2026-03-19 14:00:00.000   ,    346.61754,    462.69893,   0.62033637,   0.88888889,    66796.491,  1.088601e+5
2026-03-19 15:00:00.000   ,    340.35424,    463.27657,   0.61436658,    1.1000000,    38267.797,  1.093735e+5
2026-03-19 16:00:00.000   ,    337.52143,    464.42641,   0.60258084,    1.2535714,    35980.357,  1.103985e+5
2026-03-19 17:00:00.000   ,    335.36833,    465.57092,   0.59097749,    1.1534483,    34243.333,  1.114225e+5
2026-03-19 18:00:00.000   ,    333.50167,    466.71018,   0.57955207,    1.1216667,    30338.333,  1.124454e+5
2026-03-19 19:00:00.000   ,    351.54333,    466.71018,   0.57955207,   0.96166667,    28025.000,  1.124454e+5
2026-03-19 20:00:00.000   ,    356.32069,    467.84427,   0.56830028,    1.1103448,    25603.448,  1.134674e+5
2026-03-19 21:00:00.000   ,    346.74386,    467.84427,   0.56830028,    1.4593220,    28836.842,  1.134674e+5
2026-03-19 22:00:00.000   ,    346.01667,    467.27722,   0.57391109,    1.4066667,    28557.627,  1.129560e+5
2026-03-19 23:00:00.000   ,    344.05424,    466.71018,   0.57955207,    1.4474576,    34005.085,  1.124454e+5
2026-03-20 00:00:00.000   ,    334.79333,    464.42641,   0.60258084,    1.3800000,    29265.000,  1.103985e+5
2026-03-20 01:00:00.000   ,    355.99655,    467.84427,   0.56830028,    4.0310345,    27965.517,  1.134674e+5
2026-03-20 02:00:00.000   ,    372.12167,    467.27722,   0.57391109,    6.3450000,    30953.333,  1.129560e+5
2026-03-20 03:00:00.000   ,    392.93390,    466.71018,   0.57955207,    8.7719298,    56193.220,  1.124454e+5
2026-03-20 04:00:00.000   ,    427.48983,    466.71018,   0.57955207,    6.9789474,    77696.610,  1.124454e+5
2026-03-20 05:00:00.000   ,    428.34237,    472.33055,   0.52494803,    10.127119,    84101.695,  1.175460e+5
2026-03-20 06:00:00.000   ,    436.58983,    472.33055,   0.52494803,    9.3450000,    63449.153,  1.175460e+5
2026-03-20 07:00:00.000   ,    433.88644,    474.33720,   0.50613689,    10.046552,    78986.441,  1.193888e+5
2026-03-20 08:00:00.000   ,    441.51017,    476.34386,   0.48767170,    16.631579,    78113.559,  1.212430e+5
2026-03-20 09:00:00.000   ,    452.98983,    478.35051,   0.46954400,    16.100000,    71164.407,  1.231087e+5
2026-03-20 10:00:00.000   ,    446.40702,    477.08191,   0.48096550,    8.8910714,    24900.000,  1.219279e+5
2026-03-20 11:00:00.000   ,    455.11500,    475.81330,   0.49252067,    1.7785714,    37090.000,  1.207517e+5
2026-03-20 12:00:00.000   ,    456.23167,    474.54470,   0.50421161,    1.5614035,    34416.667,  1.195800e+5
2026-03-20 13:00:00.000   ,    477.15439,    478.91783,   0.46447900,    1.3704545,    68787.719,  1.236383e+5
2026-03-20 14:00:00.000   ,    468.38846,    477.83128,   0.47420271,    1.9576923,    57613.462,  1.226249e+5
2026-03-20 15:00:00.000   ,    468.71636,    500.80811,   0.28741548,    3.3818182,    19563.043,  1.447688e+5
2026-03-20 16:00:00.000   ,    469.60727,    502.80955,   0.27285026,    6.9072727,    14325.000,  1.467686e+5
2026-03-20 17:00:00.000   ,    472.35345,    501.80883,   0.28010179,    7.3792453,    47814.815,  1.457673e+5
2026-03-20 18:00:00.000   ,    466.62241,    500.80811,   0.28741548,    8.9803571,    23156.604,  1.447688e+5
2026-03-20 19:00:00.000   ,    464.21930,    498.09381,   0.30757127,    7.2591837,    31750.909,  1.420748e+5
2026-03-20 20:00:00.000   ,    496.77167,    495.37952,   0.32820413,    19.133333,    80170.000,  1.394017e+5
2026-03-20 21:00:00.000   ,    503.89483,    492.66522,   0.34932924,    28.650909,  1.073414e+5,  1.367495e+5
2026-03-20 22:00:00.000   ,    502.81207,    493.69552,   0.34125157,    32.411765,  2.280448e+5,  1.377538e+5
2026-03-20 23:00:00.000   ,    505.85000,    491.10110,   0.36173229,    15.742105,  1.910667e+5,  1.352307e+5
2026-03-21 00:00:00.000   ,    502.27833,    488.50669,   0.38268572,    5.1942857,  4.306000e+5,  1.327268e+5
2026-03-21 01:00:00.000   ,    516.50169,    486.40434,   0.40002179,    10.702273,  3.709492e+5,  1.307118e+5
2026-03-21 02:00:00.000   ,    510.13333,    483.22083,   0.42690055,    17.411111,  1.807100e+5,  1.276844e+5
2026-03-21 03:00:00.000   ,    512.87797,    481.06933,   0.44550662,    7.4526316,  1.779186e+5,  1.256548e+5
2026-03-21 04:00:00.000   ,    492.65000,    478.91783,   0.46447900,    5.9616667,  1.358167e+5,  1.236383e+5
2026-03-21 05:00:00.000   ,    484.41186,    504.60293,   0.26000811,    7.4177778,  1.744356e+5,  1.485703e+5
2026-03-21 06:00:00.000   ,    479.41724,    501.99020,   0.27878292,    6.8283019,  1.164448e+5,  1.459485e+5
2026-03-21 07:00:00.000   ,    479.32667,    499.37748,   0.29798051,    10.383333,    69813.333,  1.433462e+5
2026-03-21 08:00:00.000   ,    477.40667,    496.76475,   0.31761368,    7.7314815,    74576.667,  1.407633e+5
2026-03-21 09:00:00.000   ,    481.20678,    494.72218,   0.33327438,    6.3553571,    99115.254,  1.387575e+5
2026-03-21 10:00:00.000   ,    475.38305,    495.74524,   0.32539572,    8.7245614,  1.029068e+5,  1.397606e+5
2026-03-21 11:00:00.000   ,    486.98500,    514.55339,   0.19216315,    5.9274510,  1.043017e+5,  1.587326e+5
2026-03-21 12:00:00.000   ,    489.73860,    631.71138,  -0.31721468,    2.3480769,  1.450947e+5,  2.995326e+5
2026-03-21 13:00:00.000   ,    511.19831,    652.13189,  -0.37161998,    3.6000000,    61925.424,  3.280636e+5
2026-03-21 14:00:00.000   ,    482.88947,    672.45694,  -0.41956048,    3.0490196,    57082.456,  3.576373e+5
2026-03-21 15:00:00.000   ,    506.35932,    681.69224,  -0.43954940,    1.5925926,  1.510000e+5,  3.714627e+5
2026-03-21 16:00:00.000   ,    497.40847,    688.19864,  -0.45301830,    1.5307692,  1.056034e+5,  3.813483e+5
2026-03-21 17:00:00.000   ,    490.59167,    697.82426,  -0.47207108,    1.3125000,    59535.000,  3.961937e+5
2026-03-21 18:00:00.000   ,    464.29310,    693.35185,  -0.46334438,   0.16304348,    74755.172,  3.892633e+5
2026-03-21 19:00:00.000   ,    486.75667,    705.29698,  -0.48618431,    1.3478261,  2.169967e+5,  4.079002e+5
2026-03-21 20:00:00.000   ,    502.95254,    717.24210,  -0.50759658,    2.3603774,  1.749153e+5,  4.269424e+5
2026-03-21 21:00:00.000   ,    519.57321,    717.24210,  -0.50759658,    1.6235294,  2.458214e+5,  4.269424e+5
2026-03-21 22:00:00.000   ,    510.18269,    722.16856,  -0.51603940,    1.3705882,  2.521731e+5,  4.349139e+5
2026-03-21 23:00:00.000   ,    502.68491,    727.09501,  -0.52426693,    1.3959184,  2.226038e+5,  4.429543e+5
2026-03-22 00:00:00.000   ,    513.21667,    732.02146,  -0.53228642,   0.88703704,  2.319667e+5,  4.510636e+5
2026-03-22 01:00:00.000   ,    526.45167,    736.94791,  -0.54010482,    1.8305085,  1.738883e+5,  4.592419e+5
2026-03-22 02:00:00.000   ,    538.78814,    741.87437,  -0.54772882,    2.9083333,    95922.034,  4.674891e+5
2026-03-22 03:00:00.000   ,    536.94068,    746.80082,  -0.55516479,    2.7762712,  1.006220e+5,  4.758053e+5
2026-03-22 04:00:00.000   ,    573.50167,    751.72727,  -0.56241887,    3.3629630,    91410.000,  4.841904e+5
2026-03-22 05:00:00.000   ,    563.40167,    756.65372,  -0.56949694,    4.4266667,    75235.000,  4.926444e+5
2026-03-22 06:00:00.000   ,    554.20339,    761.58018,  -0.57640465,    5.4600000,    72255.932,  5.011673e+5
2026-03-22 07:00:00.000   ,    553.71207,    766.50663,  -0.58314744,    7.9181818,  1.049172e+5,  5.097592e+5
2026-03-22 08:00:00.000   ,    574.44833,    771.90293,  -0.59035017,    7.1607143,    98043.333,  5.192496e+5
2026-03-22 09:00:00.000   ,    602.34407,    777.29923,  -0.59736783,    2.5962963,  1.788475e+5,  5.288227e+5
2026-03-22 10:00:00.000   ,    610.60351,    785.14863,  -0.60725809,    2.8460000,  2.790825e+5,  5.428953e+5
2026-03-22 11:00:00.000   ,    612.43833,    782.99252,  -0.60457800,    2.3081633,  2.961500e+5,  5.390124e+5
2026-03-22 12:00:00.000   ,    616.81695,    780.83641,  -0.60187040,    3.0519231,  3.238644e+5,  5.351426e+5
2026-03-22 13:00:00.000   ,    605.88750,    778.68031,  -0.59913488,    2.6057692,  3.483214e+5,  5.312861e+5
2026-03-22 14:00:00.000   ,    596.89643,    776.52420,  -0.59637108,    2.2375000,  3.244286e+5,  5.274427e+5
2026-03-22 15:00:00.000   ,    582.44340,    774.36810,  -0.59357859,    2.5071429,  3.531698e+5,  5.236126e+5
2026-03-22 16:00:00.000   ,    586.26852,    772.21199,  -0.59075703,    2.3405405,  3.414074e+5,  5.197956e+5
2026-03-22 17:00:00.000   ,    604.01864,    770.05588,  -0.58790598,    3.2196078,  2.246695e+5,  5.159919e+5
2026-03-22 18:00:00.000   ,    595.00667,    767.89978,  -0.58502503,    2.6269231,  2.063267e+5,  5.122014e+5
2026-03-22 19:00:00.000   ,    612.89483,    765.74367,  -0.58211376,    2.2060000,  2.132586e+5,  5.084240e+5
2026-03-22 20:00:00.000   ,    659.51333,    763.58756,  -0.57917175,    2.3237288,  2.178167e+5,  5.046599e+5
2026-03-22 21:00:00.000   ,    654.92881,    761.43146,  -0.57619856,    2.2586207,  1.775610e+5,  5.009090e+5
2026-03-22 22:00:00.000   ,    662.30690,    759.27535,  -0.57319376,    1.8792453,  2.129138e+5,  4.971713e+5
2026-03-22 23:00:00.000   ,    669.99310,    757.11924,  -0.57015688,    2.0142857,  1.949310e+5,  4.934468e+5
2026-03-23 00:00:00.000   ,    663.56271,    754.96314,  -0.56708747,    2.0779661,  1.785254e+5,  4.897355e+5
2026-03-23 01:00:00.000   ,    659.29322,    746.41602,  -0.55459060,    1.8160000,  1.752712e+5,  4.751532e+5
2026-03-23 02:00:00.000   ,    666.44000,    737.86891,  -0.54154470,    1.8283333,  1.289933e+5,  4.607785e+5
2026-03-23 03:00:00.000   ,    662.74915,    739.65776,  -0.54432212,    1.7000000,  1.233390e+5,  4.637699e+5
2026-03-23 04:00:00.000   ,    671.17458,    742.62844,  -0.54887904,    1.7254237,  1.073136e+5,  4.687576e+5
2026-03-23 05:00:00.000   ,    668.13333,    741.73803,  -0.54752039,    1.4642857,  1.219317e+5,  4.672600e+5
2026-03-23 06:00:00.000   ,    681.74000,    740.84763,  -0.54615560,    1.5982456,  1.760683e+5,  4.657646e+5
2026-03-23 07:00:00.000   ,    678.68103,    731.87054,  -0.53204376,    1.4000000,  1.735293e+5,  4.508142e+5
2026-03-23 08:00:00.000   ,    677.55593,    730.66420,  -0.53009736,    1.4842105,  1.695051e+5,  4.488226e+5
2026-03-23 09:00:00.000   ,    667.31695,    729.15131,  -0.52763915,    1.4775862,  1.721576e+5,  4.463308e+5
2026-03-23 10:00:00.000   ,    676.15000,    727.63843,  -0.52516161,    1.5483333,  1.766633e+5,  4.438454e+5
2026-03-23 11:00:00.000   ,    660.29138,    727.63843,  -0.52516161,    1.4890909,  1.569810e+5,  4.438454e+5
2026-03-23 12:00:00.000   ,    640.36441,    719.27886,  -0.51111370,    1.6236364,  1.366424e+5,  4.302297e+5
2026-03-23 13:00:00.000   ,    639.62069,    710.91930,  -0.49643305,    1.7207547,  1.402379e+5,  4.168125e+5
2026-03-23 14:00:00.000   ,    619.20667,    702.55973,  -0.48108106,    1.5589286,  1.363200e+5,  4.035937e+5
2026-03-23 15:00:00.000   ,    617.33393,    694.20016,  -0.46501618,   0.75357143,  1.533714e+5,  3.905735e+5
2026-03-23 16:00:00.000   ,    653.27222,    685.84060,  -0.44819358,   0.10000000,  1.975111e+5,  3.777517e+5
2026-03-23 17:00:00.000   ,    644.35962,    677.48103,  -0.43056483,   0.37037037,  1.773250e+5,  3.651284e+5
2026-03-23 18:00:00.000   ,    645.64333,    669.12147,  -0.41207760,   0.10000000,  1.882667e+5,  3.527036e+5
2026-03-23 19:00:00.000   ,    636.58667,    669.45581,  -0.41283419,   0.50000000,  1.758400e+5,  3.531967e+5
2026-03-23 20:00:00.000   ,    637.03833,    669.79016,  -0.41358933,   0.13529412,  1.906500e+5,  3.536902e+5
2026-03-23 21:00:00.000   ,    644.92500,    662.38943,  -0.39652727,      N/A    ,  1.670000e+5,  3.428420e+5
2026-03-23 22:00:00.000   ,      N/A    ,    662.38943,  -0.39652727,      N/A    ,      N/A    ,  3.428420e+5
2026-03-23 23:00:00.000   ,    621.52000,    660.69071,  -0.39250590,   0.22500000,  1.762000e+5,  3.403740e+5
2026-03-24 00:00:00.000   ,    625.18667,    658.99199,  -0.38844420,   0.20833333,  1.824267e+5,  3.379141e+5
2026-03-24 01:00:00.000   ,    632.64407,    656.94320,  -0.38349105,   0.45142857,  1.466237e+5,  3.349582e+5
2026-03-24 02:00:00.000   ,    620.05500,    654.88255,  -0.37844829,   0.26153846,  1.371150e+5,  3.319972e+5
2026-03-24 03:00:00.000   ,    618.00169,    652.82190,  -0.37334340,   0.10000000,  1.703051e+5,  3.290483e+5
2026-03-24 04:00:00.000   ,    608.75667,    650.74507,  -0.36813455,   0.26000000,  1.457400e+5,  3.260885e+5
2026-03-24 05:00:00.000   ,    598.06167,    648.66825,  -0.36286048,   0.57727273,  1.407533e+5,  3.231409e+5
2026-03-24 06:00:00.000   ,    599.15167,    640.18981,  -0.34062965,   0.32727273,  1.365817e+5,  3.112346e+5
2026-03-24 07:00:00.000   ,    583.76552,    631.71138,  -0.31721468,   0.97500000,  1.379966e+5,  2.995326e+5
2026-03-24 08:00:00.000   ,    575.93559,    633.14633,  -0.32126441,   0.13333333,  1.374729e+5,  3.014988e+5
2026-03-24 09:00:00.000   ,    572.45185,    628.44507,  -0.30786022,   0.40000000,  1.058519e+5,  2.950788e+5
2026-03-24 10:00:00.000   ,      N/A    ,    623.74382,  -0.29405500,      N/A    ,      N/A    ,  2.887217e+5
2026-03-24 11:00:00.000   ,      N/A    ,    617.56042,  -0.27525956,      N/A    ,      N/A    ,  2.804560e+5
2026-03-24 12:00:00.000   ,      N/A    ,    611.37703,  -0.25570338,      N/A    ,      N/A    ,  2.722988e+5
2026-03-24 13:00:00.000   ,      N/A    ,    605.19363,  -0.23534484,      N/A    ,      N/A    ,  2.642503e+5
2026-03-24 14:00:00.000   ,      N/A    ,    599.01024,  -0.21413944,      N/A    ,      N/A    ,  2.563103e+5
2026-03-24 15:00:00.000   ,      N/A    ,    601.31427,  -0.22214286,      N/A    ,      N/A    ,  2.592562e+5
2026-03-24 16:00:00.000   ,      N/A    ,    594.39737,  -0.19774022,      N/A    ,      N/A    ,  2.504578e+5
2026-03-24 17:00:00.000   ,      N/A    ,    587.48046,  -0.17217097,      N/A    ,      N/A    ,  2.417953e+5
2026-03-24 18:00:00.000   ,      N/A    ,    580.56356,  -0.14535955,      N/A    ,      N/A    ,  2.332686e+5
2026-03-24 19:00:00.000   ,      N/A    ,    573.64665,  -0.11722419,      N/A    ,      N/A    ,  2.248778e+5
2026-03-24 20:00:00.000   ,      N/A    ,    569.93718,  -0.10155948,      N/A    ,      N/A    ,  2.204339e+5
2026-03-24 21:00:00.000   ,      N/A    ,    566.22770,  -0.08547408,      N/A    ,      N/A    ,  2.160291e+5
2026-03-24 22:00:00.000   ,      N/A    ,    563.72396,  -0.07437167,      N/A    ,      N/A    ,  2.130781e+5
2026-03-24 23:00:00.000   ,    550.38000,    559.06415,  -0.05316316,   0.26666667,    83500.000,  2.076333e+5
2026-03-25 00:00:00.000   ,    541.67931,    554.40433,  -0.03121729,   0.27096774,  1.129069e+5,  2.022502e+5
2026-03-25 01:00:00.000   ,    527.06491,    551.21998,  -0.01577846,   0.14210526,    85612.281,  1.986071e+5
2026-03-25 02:00:00.000   ,    536.20667,    548.03563,   0.00003240,   0.28750000,    89090.000,  1.949927e+5
2026-03-25 03:00:00.000   ,    531.42712,    544.85129,   0.01622733,   0.40000000,  1.173119e+5,  1.914072e+5
2026-03-25 04:00:00.000   ,    521.96000,    543.08764,   0.02536671,   0.27500000,    71020.000,  1.894337e+5
2026-03-25 05:00:00.000   ,    529.70169,    537.61813,   0.05450786,   0.37234043,    79720.339,  1.833697e+5
2026-03-25 06:00:00.000   ,    583.46034,    532.14862,   0.08490920,   0.80208333,  1.856931e+5,  1.773906e+5
2026-03-25 07:00:00.000   ,    586.00690,    526.67911,   0.11664444,    2.1022222,  1.524379e+5,  1.714965e+5
2026-03-25 08:00:00.000   ,    583.01455,    521.20960,   0.14979279,    1.5347826,  1.472200e+5,  1.656874e+5
2026-03-25 09:00:00.000   ,    578.31404,    518.83934,   0.16461806,   0.69019608,  1.507246e+5,  1.631964e+5
2026-03-25 10:00:00.000   ,    581.95179,    516.46907,   0.17973192,   0.49803922,  1.678643e+5,  1.607213e+5
2026-03-25 11:00:00.000   ,    576.56415,    512.60281,   0.20502390,    1.2679245,  1.031245e+5,  1.567183e+5
2026-03-25 12:00:00.000   ,    559.33750,    508.73654,   0.23113802,    1.3018519,    98091.071,  1.527577e+5
2026-03-25 13:00:00.000   ,    556.53220,    505.08461,   0.25659196,    1.6932203,  1.030339e+5,  1.490557e+5
2026-03-25 14:00:00.000   ,    551.27966,    501.43268,   0.28284353,    1.6824561,    99023.729,  1.453916e+5
2026-03-25 15:00:00.000   ,    540.53793,    497.78075,   0.30992641,    1.5913793,    91070.690,  1.417654e+5
2026-03-25 16:00:00.000   ,    535.05714,    493.66638,   0.34147900,   0.73846154,    91183.929,  1.377253e+5
2026-03-25 17:00:00.000   ,    527.36207,    489.55201,   0.37418549,   0.97758621,    60906.897,  1.337334e+5
2026-03-25 18:00:00.000   ,    493.61833,    493.69552,   0.34125157,   0.28529412,    95295.000,  1.377538e+5
2026-03-25 19:00:00.000   ,    485.86000,    488.99079,   0.37873936,   0.36078431,    81030.000,  1.331926e+5
2026-03-25 20:00:00.000   ,    484.69828,    484.28607,   0.41782106,   0.27142857,    53486.207,  1.286942e+5
2026-03-25 21:00:00.000   ,    491.12833,    481.05867,   0.44559966,   0.30769231,    69451.667,  1.256448e+5
2026-03-25 22:00:00.000   ,    471.75333,    477.83128,   0.47420271,   0.13142857,    63231.667,  1.226249e+5
2026-03-25 23:00:00.000   ,    462.75833,    481.58925,   0.44097715,   0.10000000,    64958.333,  1.261440e+5
2026-03-26 00:00:00.000   ,    468.34828,    485.34722,   0.40886231,   0.12592593,    83582.759,  1.297033e+5
2026-03-26 01:00:00.000   ,    478.76207,    486.40038,   0.40005479,   0.21132075,    37651.724,  1.307080e+5
2026-03-26 02:00:00.000   ,    470.62500,    487.45353,   0.39132960,   0.16363636,    83043.333,  1.317158e+5
2026-03-26 03:00:00.000   ,    483.96949,    488.50669,   0.38268572,   0.11276596,    48493.220,  1.327268e+5
2026-03-26 04:00:00.000   ,    461.45000,    492.94129,   0.34715770,   0.12972973,    44943.333,  1.370183e+5
2026-03-26 05:00:00.000   ,    459.31017,    497.37589,   0.31298162,   0.10952381,    51411.864,  1.413657e+5
2026-03-26 06:00:00.000   ,    459.35333,    501.81049,   0.28008976,   0.10000000,    53098.333,  1.457689e+5
2026-03-26 07:00:00.000   ,    439.50667,    500.80811,   0.28741548,   0.10000000,    80106.667,  1.447688e+5
2026-03-26 08:00:00.000   ,    443.11333,    514.55339,   0.19216315,      N/A    ,    95328.333,  1.587326e+5
2026-03-26 09:00:00.000   ,    448.88070,    509.68570,   0.22464903,      N/A    ,  1.093000e+5,  1.537261e+5
2026-03-26 10:00:00.000   ,    451.06607,    504.81800,   0.25848107,   0.10000000,  1.159643e+5,  1.487870e+5
2026-03-26 11:00:00.000   ,    454.83818,    499.95031,   0.29373469,      N/A    ,    97700.000,  1.439151e+5
2026-03-26 12:00:00.000   ,    457.25000,    495.08261,   0.33049065,      N/A    ,  1.137857e+5,  1.391105e+5
2026-03-26 13:00:00.000   ,    459.07818,    490.21492,   0.36883555,      N/A    ,  1.175145e+5,  1.343733e+5
2026-03-26 14:00:00.000   ,    450.53019,    485.34722,   0.40886231,      N/A    ,    92377.358,  1.297033e+5
2026-03-26 15:00:00.000   ,    452.88276,    481.74638,   0.43961243,      N/A    ,  1.151000e+5,  1.262921e+5
2026-03-26 16:00:00.000   ,    444.61897,    478.14554,   0.47138039,      N/A    ,    99696.429,  1.229176e+5
2026-03-26 17:00:00.000   ,    457.21034,    474.54470,   0.50421161,      N/A    ,  1.271138e+5,  1.195800e+5
2026-03-26 18:00:00.000   ,    488.15593,    470.08711,   0.54639915,   0.10000000,  1.223271e+5,  1.154993e+5
2026-03-26 19:00:00.000   ,    494.10172,    465.62952,   0.59038671,   0.10000000,  1.559086e+5,  1.114750e+5
2026-03-26 20:00:00.000   ,    487.73500,    461.17194,   0.63627817,   0.15454545,  1.430167e+5,  1.075072e+5
2026-03-26 21:00:00.000   ,    479.85333,    456.71435,   0.68418499,   0.37250000,  1.708150e+5,  1.035958e+5
2026-03-26 22:00:00.000   ,    473.91186,    452.25676,   0.73422696,   0.80666667,    97106.780,    99740.804
2026-03-26 23:00:00.000   ,    465.87667,    447.79917,   0.78653285,   0.19069767,    76346.667,    95942.268
2026-03-27 00:00:00.000   ,    469.14500,    447.18162,   0.79396550,   0.33181818,    92370.000,    95420.472
2026-03-27 01:00:00.000   ,    470.62414,    446.56407,   0.80144462,   0.18800000,  1.166759e+5,    94899.759
2026-03-27 02:00:00.000   ,    465.70678,    443.42254,   0.84022551,   0.10000000,  1.345373e+5,    92267.624
2026-03-27 03:00:00.000   ,    455.54407,    440.28100,   0.88027230,   0.10000000,  1.545610e+5,    89663.519
2026-03-27 04:00:00.000   ,    447.20833,    440.28100,   0.88027230,   0.10000000,  1.330017e+5,    89663.519
2026-03-27 05:00:00.000   ,    446.70000,    441.55245,   0.86390852,   0.10000000,  1.527881e+5,    90714.079
2026-03-27 06:00:00.000   ,    451.64483,    444.07279,   0.83209633,   0.10000000,  1.457224e+5,    92810.137
2026-03-27 07:00:00.000   ,    442.46842,    442.17690,   0.85594986,   0.18039216,    90412.281,    91231.723
2026-03-27 08:00:00.000   ,    436.19000,    440.28100,   0.88027230,   0.30200000,    81930.000,    89663.519
2026-03-27 09:00:00.000   ,    413.58621,    437.71476,   0.91396370,   0.59473684,    68400.000,    87557.088
2026-03-27 10:00:00.000   ,    399.18036,    436.41549,   0.93136769,   0.59454545,    40823.214,    86497.755
2026-03-27 11:00:00.000   ,    402.20893,    435.11623,   0.94901015,   0.75535714,    38791.071,    85443.216
2026-03-27 12:00:00.000   ,    418.38500,    431.79248,   0.99525859,   0.28000000,    37228.333,    82767.338
2026-03-27 13:00:00.000   ,    419.06724,    428.46873,    1.0431729,   0.31724138,    59298.276,    80122.838
2026-03-27 14:00:00.000   ,    413.02712,    427.10678,    1.0633062,   0.40877193,    43862.712,    79048.282
2026-03-27 15:00:00.000   ,    399.23750,    425.74482,    1.0837386,   0.70416667,    54705.357,    77978.994
2026-03-27 16:00:00.000   ,    404.77241,    424.36291,    1.1047822,   0.49074074,    46779.310,    76899.420
2026-03-27 17:00:00.000   ,    399.81481,    422.98100,    1.1261462,   0.52400000,    56074.074,    75825.270
2026-03-27 18:00:00.000   ,    391.11636,    419.43167,    1.1825324,   0.76346154,    47207.273,    73091.254
2026-03-27 19:00:00.000   ,    394.45094,    415.88234,    1.2411917,   0.45686275,    53950.943,    70393.019
2026-03-27 20:00:00.000   ,    397.26182,    413.20845,    1.2869587,   0.43921569,    43478.182,    68383.936
2026-03-27 21:00:00.000   ,    407.14500,    410.53456,    1.3341421,   0.88620690,    45621.667,    66395.160
2026-03-27 22:00:00.000   ,    398.88167,    407.86068,    1.3828008,    1.2350000,    35086.667,    64426.691
2026-03-27 23:00:00.000   ,    394.50000,    405.18679,    1.4329972,   0.50277778,    44457.895,    62478.529
2026-03-28 00:00:00.000   ,    386.81167,    402.51290,    1.4847965,   0.13513514,    42958.333,    60550.673
2026-03-28 01:00:00.000   ,    375.78305,    399.83902,    1.5382679,   0.61509434,    54652.542,    58643.125
2026-03-28 02:00:00.000   ,    375.71186,    397.16513,    1.5934841,   0.53396226,    57649.153,    56755.883
2026-03-28 03:00:00.000   ,    377.50517,    394.49124,    1.6505217,   0.25000000,    80639.655,    54888.947
2026-03-28 04:00:00.000   ,    374.24500,    391.81735,    1.7094619,   0.24259259,    66848.333,    53042.319
2026-03-28 05:00:00.000   ,    389.88667,    389.14347,    1.7703902,   0.21538462,    95198.333,    51215.997
2026-03-28 06:00:00.000   ,    396.82712,    390.84721,    1.7313336,   0.30869565,    53537.288,    52377.340
2026-03-28 07:00:00.000   ,    385.87966,    392.55095,    1.6930972,   0.24528302,    50749.153,    53546.928
2026-03-28 08:00:00.000   ,    384.36167,    390.84721,    1.7313336,   0.47758621,    40245.000,    52377.340
2026-03-28 09:00:00.000   ,    379.68136,    389.14347,    1.7703902,   0.31481481,    39084.746,    51215.997
2026-03-28 10:00:00.000   ,    376.57857,    389.14347,    1.7703902,   0.67222222,    35853.571,    51215.997
2026-03-28 11:00:00.000   ,    373.52264,    389.14347,    1.7703902,   0.80961538,    31747.170,    51215.997
2026-03-28 12:00:00.000   ,    377.22679,    387.39515,    1.8113460,    1.4436364,    29400.000,    50032.838
2026-03-28 13:00:00.000   ,    370.04528,    385.64683,    1.8532168,    1.1924528,    40430.189,    48858.361
2026-03-28 14:00:00.000   ,    360.45179,    383.84957,    1.8972425,    1.1785714,    33055.357,    47660.052
2026-03-28 15:00:00.000   ,    353.24035,    382.05230,    1.9422951,   0.97017544,    38161.404,    46470.916
2026-03-28 16:00:00.000   ,    350.15714,    380.20093,    1.9898118,   0.64107143,    39373.214,    45255.573
2026-03-28 17:00:00.000   ,    349.94237,    378.34955,    2.0384889,   0.45000000,    44789.831,    44049.965
2026-03-28 18:00:00.000   ,    360.84068,    380.21517,    1.9894418,   0.37962963,    63996.552,    45264.888
2026-03-28 19:00:00.000   ,    366.93158,    378.33450,    2.0388895,   0.37948718,    39685.965,    44040.205
2026-03-28 20:00:00.000   ,    367.32000,    376.45383,    2.0895743,   0.42941176,    31566.667,    42825.568
2026-03-28 21:00:00.000   ,    362.94167,    381.05033,    1.9678694,   0.58500000,    25203.333,    45811.961
2026-03-28 22:00:00.000   ,    357.43333,    385.64683,    1.8532168,    1.5722222,    24388.889,    48858.361
2026-03-28 23:00:00.000   ,      N/A    ,    387.40681,    1.8110699,      N/A    ,      N/A    ,    50040.699
2026-03-29 00:00:00.000   ,    350.16833,    523.08693,   0.13825066,    1.4133333,    29925.000,  1.676718e+5
2026-03-29 01:00:00.000   ,    348.67966,    547.95796,   0.00042284,    2.3186441,    26615.254,  1.949049e+5
2026-03-29 02:00:00.000   ,    354.56333,    572.82898,  -0.11380665,    3.2316667,    19865.000,  2.238949e+5
2026-03-29 03:00:00.000   ,    352.86842,    650.05645,  -0.36639307,    1.8964912,    23817.544,  3.251098e+5
2026-03-29 04:00:00.000   ,    352.56500,    647.26890,  -0.35926952,    1.6322034,    22986.667,  3.211617e+5
2026-03-29 05:00:00.000   ,    342.48667,    644.48135,  -0.35202515,    1.9932203,    29970.000,  3.172357e+5
2026-03-29 06:00:00.000   ,    342.49825,    639.88620,  -0.33981210,    1.1509091,    33205.263,  3.108121e+5
2026-03-29 07:00:00.000   ,    338.35690,    635.29106,  -0.32725047,    1.6052632,    31256.897,  3.044484e+5
2026-03-29 08:00:00.000   ,    347.53000,    628.18876,  -0.30711803,    1.4857143,    37395.000,  2.947306e+5
2026-03-29 09:00:00.000   ,    352.59000,    621.08646,  -0.28606818,   0.91224490,    46676.667,  2.851561e+5
2026-03-29 10:00:00.000   ,    353.52881,    613.98416,  -0.26404430,    1.4267857,    36196.610,  2.757249e+5
2026-03-29 11:00:00.000   ,    372.20000,    606.88186,  -0.24098536,    1.0571429,    37642.857,  2.664370e+5
2026-03-29 12:00:00.000   ,    371.65932,    599.77956,  -0.21682548,    1.3839286,    40427.119,  2.572923e+5
2026-03-29 13:00:00.000   ,    369.98475,    597.46762,  -0.20871167,    7.5898305,    21908.772,  2.543464e+5
2026-03-29 14:00:00.000   ,    380.78750,    596.30562,  -0.20458594,    6.2232143,    44800.000,  2.528715e+5
2026-03-29 15:00:00.000   ,    399.14643,    595.14363,  -0.20042785,    2.4319149,    94026.786,  2.514005e+5
2026-03-29 16:00:00.000   ,    404.10588,    594.36625,  -0.19762786,    1.3195122,    93096.078,  2.504185e+5
2026-03-29 17:00:00.000   ,    408.08889,    590.83669,  -0.18472802,    1.2136364,  1.068963e+5,  2.459815e+5
2026-03-29 18:00:00.000   ,    439.87797,    587.30713,  -0.17151458,   0.99761905,  1.942746e+5,  2.415799e+5
2026-03-29 19:00:00.000   ,    419.28276,    598.23959,  -0.21143490,    1.9500000,  1.192345e+5,  2.553284e+5
2026-03-29 20:00:00.000   ,    426.10000,    595.52348,  -0.20179071,   0.86666667,  1.723339e+5,  2.518810e+5
2026-03-29 21:00:00.000   ,    430.81167,    592.80738,  -0.19196851,   0.64146341,  1.965917e+5,  2.484545e+5
2026-03-29 22:00:00.000   ,    437.48667,    585.87481,  -0.16606071,   0.51228070,  1.883417e+5,  2.398038e+5
2026-03-29 23:00:00.000   ,    444.64407,    578.94224,  -0.13888660,   0.64081633,  2.051153e+5,  2.312896e+5
2026-03-30 00:00:00.000   ,    439.43000,    572.00967,  -0.11036233,   0.88157895,  1.754733e+5,  2.229120e+5
2026-03-30 01:00:00.000   ,    441.48947,    567.86682,  -0.09263461,   0.96250000,  1.346561e+5,  2.179707e+5
2026-03-30 02:00:00.000   ,    453.81017,    563.72396,  -0.07437167,    1.7591837,  1.326373e+5,  2.130781e+5
2026-03-30 03:00:00.000   ,    462.22881,    562.88496,  -0.07060602,    2.0759259,  1.325424e+5,  2.120932e+5
2026-03-30 04:00:00.000   ,    472.12069,    562.04596,  -0.06681734,    2.1592593,  1.271034e+5,  2.111104e+5
2026-03-30 05:00:00.000   ,    470.52759,    560.06917,  -0.05779860,    2.6350877,  1.143569e+5,  2.088024e+5
2026-03-30 06:00:00.000   ,    465.65088,    558.09238,  -0.04864848,    2.0500000,  1.373333e+5,  2.065056e+5
2026-03-30 07:00:00.000   ,    457.90172,    556.11559,  -0.03936442,    1.8714286,  1.356172e+5,  2.042199e+5
2026-03-30 08:00:00.000   ,    468.65167,    552.66971,  -0.02285265,    3.8600000,  1.435833e+5,  2.002621e+5
2026-03-30 09:00:00.000   ,    462.33167,    549.22383,  -0.00591148,    3.5793103,  1.338917e+5,  1.963380e+5
2026-03-30 10:00:00.000   ,    453.79661,    553.52154,  -0.02697380,    3.7052632,  1.256356e+5,  2.012374e+5
2026-03-30 11:00:00.000   ,    446.85965,    557.81925,  -0.04737376,    2.9264151,  1.271140e+5,  2.061892e+5
2026-03-30 12:00:00.000   ,    451.66316,    556.10796,  -0.03932833,    2.3780000,  1.348579e+5,  2.042111e+5
2026-03-30 13:00:00.000   ,    445.90714,    554.39667,  -0.03118055,    2.6961538,  1.214125e+5,  2.022414e+5
2026-03-30 14:00:00.000   ,    426.84074,    552.68537,  -0.02292867,    2.8558140,  1.412944e+5,  2.002800e+5
2026-03-30 15:00:00.000   ,    444.50943,    548.00381,   0.00019232,    2.1679245,  1.453962e+5,  1.949567e+5
2026-03-30 16:00:00.000   ,    454.54043,    543.32225,   0.02414382,    1.9361702,  1.180872e+5,  1.896957e+5
2026-03-30 17:00:00.000   ,    446.98103,    538.64069,   0.04896608,    2.3695652,  1.052569e+5,  1.844969e+5
2026-03-30 18:00:00.000   ,    452.01552,    533.33619,   0.07819756,    2.2901961,    96820.690,  1.786816e+5
2026-03-30 19:00:00.000   ,    434.67241,    528.03168,   0.10866817,    2.5941176,  1.252931e+5,  1.729462e+5
2026-03-30 20:00:00.000   ,    443.91053,    522.72718,   0.14044895,    2.2884615,    89091.228,  1.672907e+5
2026-03-30 21:00:00.000   ,    441.47458,    517.42268,   0.17361610,    1.5000000,  1.021678e+5,  1.617152e+5
2026-03-30 22:00:00.000   ,    437.61667,    514.54049,   0.19224757,    1.5314286,  1.055750e+5,  1.587192e+5
2026-03-30 23:00:00.000   ,    442.57833,    511.65829,   0.21132626,    2.2041667,    88211.667,  1.557468e+5
2026-03-31 00:00:00.000   ,    451.93333,    507.75656,   0.23789206,   0.96833333,    57096.667,  1.517606e+5
2026-03-31 01:00:00.000   ,    452.43667,    520.26694,   0.15565472,    1.4533333,    54480.000,  1.646948e+5
2026-03-31 02:00:00.000   ,    444.68167,    516.92910,   0.17677561,    1.5196429,    74658.333,  1.612004e+5
2026-03-31 03:00:00.000   ,    444.88276,    513.59127,   0.19848084,    2.9448276,    66182.759,  1.577377e+5
2026-03-31 04:00:00.000   ,    434.70000,    511.65237,   0.21136592,    2.3947368,    71103.448,  1.557407e+5
2026-03-31 05:00:00.000   ,    441.36897,    509.71347,   0.22445992,    2.4636364,    64141.379,  1.537545e+5
2026-03-31 06:00:00.000   ,    435.37193,    506.96008,   0.24342240,    2.0872727,    65147.368,  1.509522e+5
2026-03-31 07:00:00.000   ,    429.62545,    504.20668,   0.26282880,    2.8187500,    74274.545,  1.481714e+5
2026-03-31 08:00:00.000   ,    435.79000,    501.45329,   0.28269309,    1.4481481,    86288.333,  1.454122e+5
2026-03-31 09:00:00.000   ,    431.05333,    498.69989,   0.30302980,    1.8375000,    69681.667,  1.426745e+5
2026-03-31 10:00:00.000   ,    425.68475,    495.94650,   0.32385402,    2.2750000,    64869.492,  1.399583e+5
2026-03-31 11:00:00.000   ,    427.31579,    493.19311,   0.34518145,    1.8913043,    73077.193,  1.372637e+5
2026-03-31 12:00:00.000   ,    407.44464,    490.43971,   0.36702845,    2.8652174,    68467.857,  1.345906e+5
2026-03-31 13:00:00.000   ,    406.15091,    487.68632,   0.38941203,    2.9709091,    57700.000,  1.319390e+5
2026-03-31 14:00:00.000   ,    404.11071,    484.93292,   0.41234990,    2.7563636,    68396.429,  1.293090e+5
2026-03-31 15:00:00.000   ,    405.65741,    482.17953,   0.43586052,    2.0960000,    90662.963,  1.267005e+5
2026-03-31 16:00:00.000   ,    408.81176,    479.42613,   0.45996311,    2.4163265,    73454.902,  1.241135e+5
2026-03-31 17:00:00.000   ,    410.26200,    476.67274,   0.48467772,    1.9551020,    67966.000,  1.215480e+5
2026-03-31 18:00:00.000   ,    404.95000,    473.91934,   0.51002525,    2.1425532,  1.051017e+5,  1.190041e+5
2026-03-31 19:00:00.000   ,    397.36034,    471.16595,   0.53602749,    3.1277778,    90596.552,  1.164818e+5
2026-03-31 20:00:00.000   ,    411.10877,    468.41256,   0.56270719,    2.6982456,    70817.544,  1.139809e+5
2026-03-31 21:00:00.000   ,    406.19655,    465.65916,   0.59008809,    3.2203390,    54762.069,  1.115016e+5
2026-03-31 22:00:00.000   ,    400.08654,    462.90577,   0.61819496,    2.9440000,    68130.769,  1.090438e+5
2026-03-31 23:00:00.000   ,    402.46333,    460.15237,   0.64705372,    2.8633333,    56385.000,  1.066076e+5
2026-04-01 00:00:00.000   ,    388.24833,    457.39898,   0.67669142,    3.2283333,    62150.000,  1.041929e+5
2026-04-01 01:00:00.000   ,    384.24167,    454.64558,   0.70713634,    3.2616667,    64898.333,  1.017997e+5
2026-04-01 02:00:00.000   ,    385.96333,    451.89219,   0.73841807,    3.2166667,    60525.000,    99428.015
2026-04-01 03:00:00.000   ,    384.66780,    449.13880,   0.77056755,    2.9724138,    62930.508,    97077.896
2026-04-01 04:00:00.000   ,    374.76780,    446.38540,   0.80361719,    2.7653846,    83498.305,    94749.310
2026-04-01 05:00:00.000   ,    379.93214,    443.63201,   0.83760090,    2.1734694,    91239.286,    92442.256
2026-04-01 06:00:00.000   ,    374.73966,    440.87861,   0.87255423,    2.3851852,    78151.724,    90156.734
2026-04-01 07:00:00.000   ,    372.63898,    438.12522,   0.90851439,    3.1140351,    51057.627,    87892.745
2026-04-01 08:00:00.000   ,    373.14167,    435.37182,   0.94552046,    2.9216667,    44661.667,    85650.287
2026-04-01 09:00:00.000   ,    372.26167,    432.61843,   0.98361337,    2.3685185,    63415.000,    83429.363
2026-04-01 10:00:00.000   ,    392.71186,    429.86503,    1.0228361,    2.1534483,    38435.593,    81229.970
2026-04-01 11:00:00.000   ,    423.86140,    427.11164,    1.0632338,    5.0480000,    83878.947,    79052.110
2026-04-01 12:00:00.000   ,    452.84912,    425.73984,    1.0838140,    9.4180000,  1.235456e+5,    77975.087
2026-04-01 13:00:00.000   ,    450.11724,    424.36803,    1.1047037,    6.7744186,  1.522603e+5,    76903.408
2026-04-01 14:00:00.000   ,    443.34561,    417.00922,    1.2223142,    6.6254545,  1.160825e+5,    71245.810
2026-04-01 15:00:00.000   ,    431.28545,    409.65041,    1.3500654,    7.8957447,  1.387564e+5,    65742.016
2026-04-01 16:00:00.000   ,    427.98039,    402.29160,    1.4891576,    6.5937500,  1.215412e+5,    60392.027
2026-04-01 17:00:00.000   ,    425.16316,    394.93279,    1.6409740,    5.3946429,  1.144018e+5,    55195.842
2026-04-01 18:00:00.000   ,    415.45833,    387.57398,    1.8071152,    5.0111111,    92086.667,    50153.463
2026-04-01 19:00:00.000   ,    408.67069,    380.21517,    1.9894418,    5.4054545,    86768.966,    45264.888
2026-04-01 20:00:00.000   ,    408.12167,    378.34955,    2.0384889,    8.4566667,    61726.667,    44049.965
2026-04-01 21:00:00.000   ,    404.15690,    382.05230,    1.9422951,    9.0120690,    66925.862,    46470.916
2026-04-01 22:00:00.000   ,    416.14746,    396.60948,    1.6051843,    13.030000,    73511.864,    56366.249
2026-04-01 23:00:00.000   ,    419.16667,    411.16665,    1.3228573,    9.3633333,    87161.667,    66863.461
2026-04-02 00:00:00.000   ,    426.04667,    425.72383,    1.0840560,    7.7900000,    82966.667,    77962.551
2026-04-02 01:00:00.000   ,    426.91207,    440.28100,   0.88027230,    7.4288136,  1.140138e+5,    89663.519
2026-04-02 02:00:00.000   ,    444.42712,    481.11241,   0.44513049,    9.5186441,  1.135915e+5,  1.256953e+5
2026-04-02 03:00:00.000   ,    461.23729,    521.94382,   0.14525790,    8.1078431,  1.644051e+5,  1.664623e+5
2026-04-02 04:00:00.000   ,    492.41667,    562.77522,  -0.07011178,    5.6108696,  2.303167e+5,  2.119646e+5
2026-04-02 05:00:00.000   ,    505.14912,    603.60663,  -0.22998497,    4.4935484,  2.597789e+5,  2.622021e+5
2026-04-02 06:00:00.000   ,    534.19123,    609.99603,  -0.25122763,    3.4103448,  2.887123e+5,  2.704919e+5
2026-04-02 07:00:00.000   ,    545.83448,    616.38544,  -0.27160322,    3.7290323,  2.373034e+5,  2.788976e+5
2026-04-02 08:00:00.000   ,    598.81500,    620.07873,  -0.28300391,    4.4400000,  3.853550e+5,  2.838092e+5
2026-04-02 09:00:00.000   ,    606.64561,    617.86618,  -0.27620652,    4.5238095,  3.861667e+5,  2.808622e+5
2026-04-02 10:00:00.000   ,    583.62679,    614.15561,  -0.26458789,    3.4756098,  2.847821e+5,  2.759509e+5
2026-04-02 11:00:00.000   ,    581.31607,    618.60484,  -0.27848652,    3.5304348,  2.807429e+5,  2.818445e+5
2026-04-02 12:00:00.000   ,    596.82542,    620.81398,  -0.28524157,    2.8343750,  2.691322e+5,  2.847917e+5
2026-04-02 13:00:00.000   ,    598.15614,    624.47352,  -0.29622470,    2.5675676,  2.589298e+5,  2.897043e+5
2026-04-02 14:00:00.000   ,    619.43704,    625.92965,  -0.30052459,    3.2795918,  2.889630e+5,  2.916696e+5
2026-04-02 15:00:00.000   ,    636.51346,    625.20213,  -0.29838119,    3.1071429,  3.109808e+5,  2.906870e+5
2026-04-02 16:00:00.000   ,    635.61132,    631.71138,  -0.31721468,    3.0600000,  3.378491e+5,  2.995326e+5
2026-04-02 17:00:00.000   ,    647.08772,    630.99183,  -0.31517030,    1.8978261,  2.863351e+5,  2.985488e+5
2026-04-02 18:00:00.000   ,    665.88246,    630.27228,  -0.31311672,   0.99000000,  2.928368e+5,  2.975666e+5
2026-04-02 19:00:00.000   ,    683.07288,    627.73720,  -0.30580760,   0.88695652,  3.161695e+5,  2.941176e+5
2026-04-02 20:00:00.000   ,    680.63448,    625.20213,  -0.29838119,    1.4458333,  2.370759e+5,  2.906870e+5
2026-04-02 21:00:00.000   ,    678.79310,    620.79378,  -0.28518025,    1.3647059,  2.018276e+5,  2.847647e+5
2026-04-02 22:00:00.000   ,    671.23448,    616.38544,  -0.27160322,    1.5811321,  1.762069e+5,  2.788976e+5
2026-04-02 23:00:00.000   ,    665.69492,    614.15561,  -0.26458789,    1.9101695,  1.343390e+5,  2.759509e+5
2026-04-03 00:00:00.000   ,    661.88333,    614.15561,  -0.26458789,    1.2069767,  1.859550e+5,  2.759509e+5
2026-04-03 01:00:00.000   ,    659.60000,    613.40999,  -0.26221944,    1.3936170,  1.941379e+5,  2.749687e+5
2026-04-03 02:00:00.000   ,    653.35085,    611.16598,  -0.25502199,    1.5175000,  1.611186e+5,  2.720223e+5
2026-04-03 03:00:00.000   ,    658.86610,    611.16598,  -0.25502199,    1.7104167,  1.505593e+5,  2.720223e+5
2026-04-03 04:00:00.000   ,    651.20333,    611.16598,  -0.25502199,    1.1550000,  1.618167e+5,  2.720223e+5
2026-04-03 05:00:00.000   ,    652.48276,    609.66153,  -0.25013746,    1.7630435,  1.583328e+5,  2.700550e+5
2026-04-03 06:00:00.000   ,    651.16034,    608.15708,  -0.24520473,    1.3073171,  1.855138e+5,  2.680941e+5
2026-04-03 07:00:00.000   ,    660.55424,    608.91114,  -0.24768316,   0.45000000,  1.994322e+5,  2.690761e+5
2026-04-03 08:00:00.000   ,    652.19828,    608.91114,  -0.24768316,   0.97142857,  1.721966e+5,  2.690761e+5
2026-04-03 09:00:00.000   ,    655.14600,    608.91114,  -0.24768316,   0.53958333,  1.381020e+5,  2.690761e+5
2026-04-03 10:00:00.000   ,    658.44808,    607.40180,  -0.24270995,   0.84782609,  1.743192e+5,  2.671121e+5
2026-04-03 11:00:00.000   ,    638.16429,    607.40180,  -0.24270995,    1.2877551,  1.492500e+5,  2.671121e+5
2026-04-03 12:00:00.000   ,    624.42632,    608.15708,  -0.24520473,    1.3088235,  1.633895e+5,  2.680941e+5
2026-04-03 13:00:00.000   ,    620.22373,    612.66318,  -0.25983575,   0.80571429,  1.662644e+5,  2.739866e+5
2026-04-03 14:00:00.000   ,    614.58868,    610.41013,  -0.25257394,   0.90937500,  1.250698e+5,  2.710331e+5
2026-04-03 15:00:00.000   ,    753.13621,    608.15708,  -0.24520473,    1.5066667,  6.422983e+5,  2.680941e+5
2026-04-03 16:00:00.000   ,    762.50690,    608.15708,  -0.24520473,    1.7068182,  6.173207e+5,  2.680941e+5
2026-04-03 17:00:00.000   ,    755.88793,    609.66397,  -0.25014541,    1.0040000,  5.661552e+5,  2.700582e+5
2026-04-03 18:00:00.000   ,    738.27455,    608.91114,  -0.24768316,    1.2280000,  5.302182e+5,  2.690761e+5
2026-04-03 19:00:00.000   ,    720.92759,    608.91114,  -0.24768316,   0.60600000,  4.823586e+5,  2.690761e+5
2026-04-03 20:00:00.000   ,    716.33448,    608.15708,  -0.24520473,   0.63958333,  4.272879e+5,  2.680941e+5
2026-04-03 21:00:00.000   ,    694.47000,    606.64278,  -0.24019036,   0.70188679,  4.005750e+5,  2.661268e+5
2026-04-03 22:00:00.000   ,    689.60000,    605.12847,  -0.23512586,   0.89821429,  3.556207e+5,  2.641660e+5
2026-04-03 23:00:00.000   ,    682.33793,    604.36818,  -0.23256402,    1.0192982,  3.140172e+5,  2.631841e+5
2026-04-04 00:00:00.000   ,    662.84667,    602.84379,  -0.22738855,   0.79491525,  2.821967e+5,  2.612201e+5
2026-04-04 01:00:00.000   ,    656.47500,    600.01795,  -0.21765500,   0.67500000,  2.745333e+5,  2.575969e+5
2026-04-04 02:00:00.000   ,    638.66949,    597.19210,  -0.20773634,   0.86271186,  2.727966e+5,  2.539964e+5
2026-04-04 03:00:00.000   ,    653.46102,    594.36625,  -0.19762786,   0.58474576,  2.759153e+5,  2.504185e+5
2026-04-04 04:00:00.000   ,    641.40167,    589.18635,  -0.17858939,   0.77666667,  2.441833e+5,  2.439190e+5
2026-04-04 05:00:00.000   ,    633.90508,    584.00645,  -0.15886519,   0.61724138,  2.187305e+5,  2.374958e+5
2026-04-04 06:00:00.000   ,    623.73559,    578.82655,  -0.13842191,   0.58965517,  2.485593e+5,  2.311487e+5
2026-04-04 07:00:00.000   ,    619.18966,    573.64665,  -0.11722419,   0.59423077,  2.476431e+5,  2.248778e+5
2026-04-04 08:00:00.000   ,    628.51754,    570.36610,  -0.10339201,   0.45471698,  2.887912e+5,  2.209458e+5
2026-04-04 09:00:00.000   ,    627.66000,    568.71245,  -0.09629594,   0.42807018,  2.762833e+5,  2.189753e+5
2026-04-04 10:00:00.000   ,    623.83051,    567.05880,  -0.08911530,   0.66610169,  1.968559e+5,  2.170126e+5
2026-04-04 11:00:00.000   ,    641.53684,    562.88585,  -0.07061004,    1.1642857,  1.299211e+5,  2.120943e+5
2026-04-04 12:00:00.000   ,    646.98868,    561.20065,  -0.06297667,    1.3301887,    79400.000,  2.101221e+5
2026-04-04 13:00:00.000   ,    614.87037,    559.51544,  -0.05524886,    1.4166667,    96450.000,  2.081580e+5
2026-04-04 14:00:00.000   ,    617.64643,    555.26092,  -0.03530831,    1.4446429,  1.059339e+5,  2.032351e+5
2026-04-04 15:00:00.000   ,    600.29298,    553.10975,  -0.02498482,    1.2370370,  1.074561e+5,  2.007656e+5
2026-04-04 16:00:00.000   ,    592.49825,    550.95858,  -0.01449473,   0.69487179,  1.708316e+5,  1.983093e+5
2026-04-04 17:00:00.000   ,    604.91429,    547.90493,   0.00068947,   0.66923077,  1.464804e+5,  1.948450e+5
2026-04-04 18:00:00.000   ,    589.67241,    544.85129,   0.01622733,   0.73333333,  1.359983e+5,  1.914072e+5
2026-04-04 19:00:00.000   ,    583.05690,    542.20261,   0.02999953,   0.52888889,  1.281672e+5,  1.884467e+5
2026-04-04 20:00:00.000   ,    578.19474,    539.97364,   0.04180751,   0.70625000,  1.470877e+5,  1.859708e+5
2026-04-04 21:00:00.000   ,    573.00545,    537.74466,   0.05381972,    1.0897959,  1.163018e+5,  1.835090e+5
2026-04-04 22:00:00.000   ,      N/A    ,    534.57641,   0.07125460,      N/A    ,      N/A    ,  1.800341e+5
2026-04-04 23:00:00.000   ,      N/A    ,    531.40815,   0.08912577,      N/A    ,      N/A    ,  1.765877e+5
2026-04-05 00:00:00.000   ,    579.03621,    528.64575,   0.10507513,   0.97073171,  1.129155e+5,  1.736061e+5
2026-04-05 01:00:00.000   ,    576.87833,    525.88335,   0.12137742,   0.42682927,  1.325950e+5,  1.706461e+5
2026-04-05 02:00:00.000   ,    562.20500,    522.60247,   0.14121251,   0.90000000,    97506.667,  1.671587e+5
2026-04-05 03:00:00.000   ,    546.30169,    519.32159,   0.16157856,    1.5927273,    69998.305,  1.637019e+5
2026-04-05 04:00:00.000   ,    540.85254,    515.48994,   0.18606127,    1.4461538,    80245.763,  1.597035e+5
2026-04-05 05:00:00.000   ,    554.72034,    511.65829,   0.21132626,    1.3795918,  1.134712e+5,  1.557468e+5
2026-04-05 06:00:00.000   ,    565.41695,    508.22810,   0.23463528,    1.3313725,  1.158119e+5,  1.522401e+5
2026-04-05 07:00:00.000   ,    564.21552,    504.79791,   0.25862363,    1.2714286,  1.515828e+5,  1.487667e+5
2026-04-05 08:00:00.000   ,    566.15690,    501.28933,   0.28389073,    2.2537037,  1.322241e+5,  1.452486e+5
2026-04-05 09:00:00.000   ,    552.85254,    497.78075,   0.30992641,    1.1019608,  1.418203e+5,  1.417654e+5
2026-04-05 10:00:00.000   ,    536.78519,    493.63624,   0.34171433,   0.77812500,  1.560630e+5,  1.376959e+5
2026-04-05 11:00:00.000   ,    522.55965,    489.49173,   0.37467355,    1.1361111,  1.106035e+5,  1.336752e+5
2026-04-05 12:00:00.000   ,    521.40000,    485.34722,   0.40886231,   0.68636364,  1.279172e+5,  1.297033e+5
2026-04-05 13:00:00.000   ,    533.30345,    483.74933,   0.42238503,   0.68888889,  1.152931e+5,  1.281850e+5
2026-04-05 14:00:00.000   ,    518.96102,    482.15144,   0.43610337,   0.90294118,  1.131644e+5,  1.266740e+5
2026-04-05 15:00:00.000   ,    546.66786,    483.21875,   0.42691830,   0.41020408,  1.481554e+5,  1.276825e+5
2026-04-05 16:00:00.000   ,    531.38868,    484.28607,   0.41782106,    1.2021277,  1.272038e+5,  1.286942e+5
2026-04-05 17:00:00.000   ,    534.84906,    487.45748,   0.39129706,    1.0510638,  1.341226e+5,  1.317196e+5
2026-04-05 18:00:00.000   ,    533.97544,    482.41517,   0.43382554,    1.3074074,  1.354088e+5,  1.269229e+5
2026-04-05 19:00:00.000   ,    539.09831,    477.37286,   0.47833424,    1.9810345,  1.343390e+5,  1.221983e+5
2026-04-05 20:00:00.000   ,    545.08621,    472.33055,   0.52494803,    2.2666667,  1.326914e+5,  1.175460e+5
2026-04-05 21:00:00.000   ,    537.71017,    470.65191,   0.54095628,    1.9709091,  1.248644e+5,  1.160132e+5
2026-04-05 22:00:00.000   ,    534.01389,    468.97327,   0.55721794,    2.0527778,  1.180667e+5,  1.144884e+5
2026-04-05 23:00:00.000   ,      N/A    ,    466.12492,   0.58540608,      N/A    ,      N/A    ,  1.119195e+5
2026-04-06 00:00:00.000   ,    545.22069,    463.27657,   0.61436658,    2.0406780,  1.179879e+5,  1.093735e+5
2026-04-06 01:00:00.000   ,    527.46491,    462.69893,   0.62033637,    2.0627451,  1.199825e+5,  1.088601e+5
2026-04-06 02:00:00.000   ,    519.93000,    462.12130,   0.62633934,    1.2375000,  1.491100e+5,  1.083475e+5
2026-04-06 03:00:00.000   ,    525.74915,    460.37167,   0.64472708,    1.9078431,  1.307797e+5,  1.068008e+5
2026-04-06 04:00:00.000   ,    546.37241,    458.62203,   0.66342843,    1.9473684,  1.451776e+5,  1.052628e+5
2026-04-06 05:00:00.000   ,    547.35614,    457.44119,   0.67623107,    1.3491228,  1.468632e+5,  1.042297e+5
2026-04-06 06:00:00.000   ,    536.66102,    456.26034,   0.68918208,    1.7000000,  1.399966e+5,  1.032006e+5
2026-04-06 07:00:00.000   ,    534.82500,    457.44414,   0.67619888,    1.3867925,  1.362583e+5,  1.042323e+5
2026-04-06 08:00:00.000   ,    528.79153,    453.50418,   0.72000068,    1.7896552,  1.209339e+5,  1.008139e+5
2026-04-06 09:00:00.000   ,    534.50364,    449.56423,   0.76554211,    1.0895833,  1.365855e+5,    97439.611
2026-04-06 10:00:00.000   ,    533.24364,    445.62427,   0.81291652,    1.7846154,  1.155836e+5,    94109.410
2026-04-06 11:00:00.000   ,    539.03220,    441.68432,   0.86222361,   0.98431373,  1.008847e+5,    90823.299
2026-04-06 12:00:00.000   ,    525.19492,    437.74436,   0.91356995,    1.0250000,    91791.525,    87581.278
2026-04-06 13:00:00.000   ,    539.85789,    433.80440,   0.96706958,   0.89245283,  1.003053e+5,    84383.346
2026-04-06 14:00:00.000   ,    526.68148,    436.38709,   0.93175090,    1.7127273,    78357.407,    86474.645
2026-04-06 15:00:00.000   ,    531.04423,    438.96977,   0.89737496,    1.6653846,    89703.846,    88584.889
2026-04-06 16:00:00.000   ,    527.26346,    441.55245,   0.86390852,    1.7279070,  1.087865e+5,    90714.079
2026-04-06 17:00:00.000   ,    522.70185,    449.02743,   0.77188657,    1.8978261,  1.174056e+5,    96983.298
2026-04-06 18:00:00.000   ,    529.00667,    449.63821,   0.76467040,    1.9807692,  1.149233e+5,    97502.564
2026-04-06 19:00:00.000   ,    534.69310,    450.24898,   0.75749822,    1.9517241,  1.028517e+5,    98022.889
2026-04-06 20:00:00.000   ,    525.28500,    453.87460,   0.71580993,    1.9035088,  1.012633e+5,  1.011334e+5
2026-04-06 21:00:00.000   ,    511.72833,    453.87460,   0.71580993,    1.6936170,  1.096783e+5,  1.011334e+5
2026-04-06 22:00:00.000   ,    511.17667,    455.07053,   0.70238378,    1.4568182,  1.094517e+5,  1.021676e+5
2026-04-06 23:00:00.000   ,    505.38333,    456.26034,   0.68918208,    1.1771930,    99608.333,  1.032006e+5
2026-04-07 00:00:00.000   ,    502.66316,    452.19782,   0.73490350,    1.5183673,    87331.579,    99690.211
2026-04-07 01:00:00.000   ,    488.05763,    448.13530,   0.78250668,    1.8500000,    96552.542,    96226.736
2026-04-07 02:00:00.000   ,    490.18000,    444.07279,   0.83209633,    1.7333333,    72276.667,    92810.137
2026-04-07 03:00:00.000   ,    490.38475,    442.81632,   0.84785296,    2.2983051,    68338.983,    91762.935
2026-04-07 04:00:00.000   ,    486.17500,    444.07279,   0.83209633,    2.0700000,    76521.667,    92810.137
2026-04-07 05:00:00.000   ,    485.34333,    449.02743,   0.77188657,    2.2916667,    83236.667,    96983.298
2026-04-07 06:00:00.000   ,    483.45763,    449.02743,   0.77188657,    2.3169492,    80174.576,    96983.298
2026-04-07 07:00:00.000   ,    480.77000,    456.26034,   0.68918208,    2.3800000,    73241.667,  1.032006e+5
2026-04-07 08:00:00.000   ,    473.71897,    453.25466,   0.72283234,    2.5593220,    71351.724,  1.005989e+5
2026-04-07 09:00:00.000   ,    471.98772,    450.24898,   0.75749822,    2.5035088,    67540.351,    98022.889
2026-04-07 10:00:00.000   ,    454.97119,    451.46394,   0.74336060,    2.6389831,    50294.915,    99061.079
2026-04-07 11:00:00.000   ,    449.19818,    450.24898,   0.75749822,    2.4218182,    42156.364,    98022.889
2026-04-07 12:00:00.000   ,    441.79623,    449.02743,   0.77188657,    2.5018868,    49798.113,    96983.298
2026-04-07 13:00:00.000   ,    440.59615,    447.79917,   0.78653285,    1.6865385,    51021.154,    95942.268
2026-04-07 14:00:00.000   ,    440.44286,    447.79917,   0.78653285,    1.4839286,    41757.143,    95942.268
2026-04-07 15:00:00.000   ,    434.04000,    447.18162,   0.79396550,    1.7547170,    55049.091,    95420.472
2026-04-07 16:00:00.000   ,    431.08704,    446.56407,   0.80144462,    1.9980000,    71692.593,    94899.759
2026-04-07 17:00:00.000   ,    429.31228,    444.07279,   0.83209633,    1.9288462,    66422.807,    92810.137
2026-04-07 18:00:00.000   ,    416.89483,    442.17690,   0.85594986,    2.3584906,    82070.690,    91231.723
2026-04-07 19:00:00.000   ,    416.76552,    440.28100,   0.88027230,    1.7078431,    82972.414,    89663.519
2026-04-07 20:00:00.000   ,    414.29500,    439.00183,   0.89695398,    1.2857143,    84910.000,    88611.207
2026-04-07 21:00:00.000   ,    420.64237,    507.75656,   0.23789206,   0.79482759,    47249.153,  1.517606e+5
2026-04-07 22:00:00.000   ,    411.80536,    503.20542,   0.26999865,    2.1490566,    43153.571,  1.471655e+5
2026-04-07 23:00:00.000   ,    415.74000,    498.65429,   0.30337074,    1.8881356,    57221.667,  1.426293e+5
2026-04-08 00:00:00.000   ,    398.59661,    494.10315,   0.33807570,    2.1476190,    86886.441,  1.381519e+5
2026-04-08 01:00:00.000   ,    406.51695,    489.55201,   0.37418549,    2.3078947,    78503.390,  1.337334e+5
2026-04-08 02:00:00.000   ,    396.73390,    509.71347,   0.22445992,    2.0789474,  1.141322e+5,  1.537545e+5
2026-04-08 03:00:00.000   ,    387.98966,    514.55339,   0.19216315,    2.3083333,  1.197586e+5,  1.587326e+5
2026-04-08 04:00:00.000   ,    388.22333,    467.36426,   0.57304788,    2.0210526,  1.122767e+5,  1.130344e+5
2026-04-08 05:00:00.000   ,    388.63729,    420.17513,    1.1705372,    2.0850000,  1.110271e+5,    73660.974
2026-04-08 06:00:00.000   ,    402.19123,    440.57002,   0.87653368,    2.1549020,    80629.825,    89901.925
2026-04-08 07:00:00.000   ,    386.78167,    460.96491,   0.63845756,    2.0297297,  1.097717e+5,  1.073243e+5
2026-04-08 08:00:00.000   ,    402.44068,    481.35981,   0.44297341,    1.6150000,  1.103797e+5,  1.259280e+5
2026-04-08 09:00:00.000   ,    409.40536,    501.75470,   0.28049584,   0.98750000,  1.130393e+5,  1.457132e+5
2026-04-08 10:00:00.000   ,    408.48750,    522.14959,   0.14399176,   0.97400000,    84300.000,  1.666797e+5
2026-04-08 11:00:00.000   ,    413.46731,    521.20960,   0.14979279,    1.0595745,    74594.231,  1.656874e+5
2026-04-08 12:00:00.000   ,    402.58750,    521.20960,   0.14979279,    1.0892857,    60512.500,  1.656874e+5
2026-04-08 13:00:00.000   ,    396.06981,    521.20960,   0.14979279,    1.6972222,    74615.094,  1.656874e+5
2026-04-08 14:00:00.000   ,    399.68929,    518.83934,   0.16461806,    2.4560000,    99155.357,  1.631964e+5
2026-04-08 15:00:00.000   ,    390.52586,    516.46907,   0.17973192,    2.0729730,  1.230810e+5,  1.607213e+5
2026-04-08 16:00:00.000   ,    389.48814,    517.42268,   0.17361610,    2.5558140,    94515.517,  1.617152e+5
2026-04-08 17:00:00.000   ,    385.83684,    515.51265,   0.18591390,    1.9810811,    85291.228,  1.597271e+5
2026-04-08 18:00:00.000   ,    387.06852,    516.46907,   0.17973192,    1.6488372,    73220.370,  1.607213e+5
2026-04-08 19:00:00.000   ,    388.13051,    515.51265,   0.18591390,    1.9444444,    70500.000,  1.597271e+5
2026-04-08 20:00:00.000   ,    381.28333,    515.51265,   0.18591390,    1.8256410,    71690.000,  1.597271e+5
2026-04-08 21:00:00.000   ,    379.57797,    516.46907,   0.17973192,    2.3933333,    76737.288,  1.607213e+5
2026-04-08 22:00:00.000   ,    374.25172,    514.55339,   0.19216315,    1.8900000,    96970.690,  1.587326e+5
2026-04-08 23:00:00.000   ,    371.96500,    519.32159,   0.16157856,    2.2605263,    82120.000,  1.637019e+5
2026-04-09 00:00:00.000   ,    376.90833,    518.37351,   0.16756534,    2.1833333,    68061.667,  1.627087e+5
2026-04-09 01:00:00.000   ,    373.00847,    520.57005,   0.15376497,    2.1517241,    59176.271,  1.650137e+5
2026-04-09 02:00:00.000   ,    375.70862,    522.76659,   0.14020783,    1.9482759,    49515.517,  1.673324e+5
2026-04-09 03:00:00.000   ,    376.35085,    524.96313,   0.12688825,    1.7628571,    88983.051,  1.696649e+5
2026-04-09 04:00:00.000   ,    386.56833,    527.15967,   0.11380071,    1.3139535,    80240.000,  1.720110e+5
2026-04-09 05:00:00.000   ,    388.63333,    529.35621,   0.10093985,    1.7311111,    63616.667,  1.743708e+5
2026-04-09 06:00:00.000   ,    381.43833,    531.55275,   0.08830046,    1.4261905,    65333.333,  1.767444e+5
2026-04-09 07:00:00.000   ,    380.12321,    533.74929,   0.07587749,    1.6590909,    72323.214,  1.791316e+5
2026-04-09 08:00:00.000   ,    376.05690,    535.94582,   0.06366602,    1.8413043,    59841.379,  1.815326e+5
2026-04-09 09:00:00.000   ,    373.78772,    535.94582,   0.06366602,    1.9240000,    66601.754,  1.815326e+5
2026-04-09 10:00:00.000   ,    366.31607,    539.53448,   0.04415790,    2.4822222,    70932.143,  1.854847e+5
2026-04-09 11:00:00.000   ,    405.12931,    542.02503,   0.03093287,    2.2983051,    46853.448,  1.882489e+5
2026-04-09 12:00:00.000   ,    376.15345,    544.51559,   0.01795751,    1.6862069,    42415.517,  1.910308e+5
2026-04-09 13:00:00.000   ,    364.14364,    547.00614,   0.00522559,    2.3527273,    46103.636,  1.938304e+5
2026-04-09 14:00:00.000   ,    365.22593,    549.49669,  -0.00726896,    1.3727273,    44831.481,  1.966475e+5
2026-04-09 15:00:00.000   ,    354.08750,    551.98725,  -0.01953200,    2.4642857,    71792.857,  1.994822e+5
2026-04-09 16:00:00.000   ,    357.43077,    554.47780,  -0.03156920,    3.0941176,    69103.846,  2.023346e+5
2026-04-09 17:00:00.000   ,    364.55690,    556.96836,  -0.04338609,    4.3773585,    52024.138,  2.052046e+5
2026-04-09 18:00:00.000   ,    364.92857,    551.75071,  -0.01837712,    4.3943396,    54021.429,  1.992123e+5
2026-04-09 19:00:00.000   ,    362.64828,    546.53306,   0.00762555,    4.1350877,    42556.897,  1.932972e+5
2026-04-09 20:00:00.000   ,    357.65593,    541.31542,   0.03467526,    4.6879310,    44701.695,  1.874595e+5
2026-04-09 21:00:00.000   ,    371.36271,    536.15486,   0.06251474,    3.6272727,  1.076576e+5,  1.817618e+5
2026-04-09 22:00:00.000   ,    373.95424,    530.99431,   0.09149312,    4.8264151,    97620.339,  1.761396e+5
2026-04-09 23:00:00.000   ,    372.73000,    525.83376,   0.12167338,    4.8096154,    97703.333,  1.705932e+5
2026-04-10 00:00:00.000   ,    374.79333,    520.67320,   0.15312291,    3.1955556,  1.011217e+5,  1.651223e+5
2026-04-10 01:00:00.000   ,    375.55862,    515.51265,   0.18591390,    4.5630435,  1.106534e+5,  1.597271e+5
2026-04-10 02:00:00.000   ,    394.07627,    511.94107,   0.20943422,    6.7100000,    83766.102,  1.560374e+5
2026-04-10 03:00:00.000   ,    401.37018,    508.36949,   0.23366126,    6.1807018,  1.050211e+5,  1.523839e+5
2026-04-10 04:00:00.000   ,    403.52167,    504.79791,   0.25862363,    7.7933333,    85166.667,  1.487667e+5
2026-04-10 05:00:00.000   ,    398.97241,    521.20960,   0.14979279,    7.5017241,    77093.103,  1.656874e+5
2026-04-10 06:00:00.000   ,    400.01695,    515.93334,   0.18318874,    5.7271186,    87352.542,  1.601641e+5
2026-04-10 07:00:00.000   ,    429.44915,    510.65707,   0.21806110,    5.0423729,    96664.407,  1.547198e+5
2026-04-10 08:00:00.000   ,    424.50847,    505.38081,   0.25449820,    8.2423729,    94766.102,  1.493546e+5
2026-04-10 09:00:00.000   ,    435.66500,    500.10454,   0.29259505,    4.7066667,  1.150000e+5,  1.440684e+5
2026-04-10 10:00:00.000   ,    464.03621,    494.82828,   0.33245402,    3.7644444,  2.828207e+5,  1.388614e+5
2026-04-10 11:00:00.000   ,    475.42281,    489.55201,   0.37418549,    4.3294118,  3.893544e+5,  1.337334e+5
2026-04-10 12:00:00.000   ,    486.06500,    487.44962,   0.39136187,    5.6640000,  2.852967e+5,  1.317121e+5
2026-04-10 13:00:00.000   ,    493.50862,    485.34722,   0.40886231,    5.3060606,  2.943293e+5,  1.297033e+5
2026-04-10 14:00:00.000   ,    514.65614,    514.55339,   0.19216315,    4.1675000,  2.741649e+5,  1.587326e+5
2026-04-10 15:00:00.000   ,    561.51852,    523.08693,   0.13825066,    4.4115385,  2.825185e+5,  1.676718e+5
2026-04-10 16:00:00.000   ,    578.65769,    529.57641,   0.09966285,    5.2250000,  2.543654e+5,  1.746082e+5
2026-04-10 17:00:00.000   ,    561.17778,    537.74466,   0.05381972,    3.3244898,  2.589444e+5,  1.835090e+5
2026-04-10 18:00:00.000   ,    598.09500,    538.64069,   0.04896608,    2.6660377,  3.607167e+5,  1.844969e+5
2026-04-10 19:00:00.000   ,    598.94912,    542.20261,   0.02999953,    1.3000000,  5.373158e+5,  1.884467e+5
2026-04-10 20:00:00.000   ,    593.72542,    548.30347,  -0.00131207,    1.2500000,  4.977983e+5,  1.952956e+5
2026-04-10 21:00:00.000   ,    587.85424,    554.40433,  -0.03121729,    1.2333333,  4.046814e+5,  2.022502e+5
2026-04-10 22:00:00.000   ,    576.82034,    551.80506,  -0.01864264,    1.7600000,  4.189000e+5,  1.992743e+5
2026-04-10 23:00:00.000   ,    570.24407,    549.20578,  -0.00582157,    1.9666667,  3.367966e+5,  1.963175e+5
2026-04-11 00:00:00.000   ,    567.87458,    546.60650,   0.00725241,    2.7781818,  2.384237e+5,  1.933800e+5
2026-04-11 01:00:00.000   ,    573.86379,    554.40433,  -0.03121729,    3.0327586,  3.004310e+5,  2.022502e+5
2026-04-11 02:00:00.000   ,    570.50833,    582.53615,  -0.15313699,    3.1545455,  3.649433e+5,  2.356864e+5
2026-04-11 03:00:00.000   ,    593.30000,    577.71084,  -0.13392110,    1.8904762,  4.802456e+5,  2.297916e+5
2026-04-11 04:00:00.000   ,    587.76441,    605.88750,  -0.23767069,    1.7948276,  4.282983e+5,  2.651480e+5
2026-04-11 05:00:00.000   ,    557.59649,    614.15561,  -0.26458789,    1.7040816,  3.947544e+5,  2.759509e+5
2026-04-11 06:00:00.000   ,    534.26897,    620.07873,  -0.28300391,    2.0470588,  2.947086e+5,  2.838092e+5
2026-04-11 07:00:00.000   ,    525.86102,    622.28112,  -0.28967546,    2.8660377,  2.137915e+5,  2.867566e+5
2026-04-11 08:00:00.000   ,    525.54833,    623.73944,  -0.29404196,    4.4945455,  2.030800e+5,  2.887158e+5
2026-04-11 09:00:00.000   ,    514.14035,    625.19777,  -0.29836831,    3.0036364,  1.619386e+5,  2.906811e+5
2026-04-11 10:00:00.000   ,    516.36949,    626.65609,  -0.30265501,    2.9438596,  1.242949e+5,  2.926524e+5
2026-04-11 11:00:00.000   ,    518.49138,    633.86226,  -0.32327147,    3.1740741,  1.842362e+5,  3.024819e+5
2026-04-11 12:00:00.000   ,    559.58276,    636.00394,  -0.32922262,    2.7649123,  1.779655e+5,  3.054317e+5
2026-04-11 13:00:00.000   ,    577.90877,    637.42668,  -0.33313276,    1.9941176,  1.860158e+5,  3.073985e+5
2026-04-11 14:00:00.000   ,    575.84444,    633.14633,  -0.32126441,    2.2617021,  1.590000e+5,  3.014988e+5
2026-04-11 15:00:00.000   ,    575.84386,    656.94320,  -0.38349105,    2.2588235,  1.330070e+5,  3.349582e+5
2026-04-11 16:00:00.000   ,    582.10000,    655.57297,  -0.38014474,    2.0980769,  1.129192e+5,  3.329880e+5
2026-04-11 17:00:00.000   ,    571.51250,    648.26957,  -0.36184049,    1.8854545,  1.440964e+5,  3.225764e+5
2026-04-11 18:00:00.000   ,    583.70702,    640.96618,  -0.34271333,    2.0631579,  1.292456e+5,  3.123164e+5
2026-04-11 19:00:00.000   ,    576.91071,    634.73783,  -0.32571397,    2.2109091,  1.447982e+5,  3.036863e+5
2026-04-11 20:00:00.000   ,    568.41724,    628.50947,  -0.30804651,    2.0641509,  1.710552e+5,  2.951664e+5
2026-04-11 21:00:00.000   ,    558.69833,    622.28112,  -0.28967546,    2.0250000,  1.589333e+5,  2.867566e+5
2026-04-11 22:00:00.000   ,    562.60862,    628.82899,  -0.30896966,    2.2063830,  1.447569e+5,  2.956008e+5
2026-04-11 23:00:00.000   ,    572.13000,    627.38146,  -0.30477259,    1.7500000,  1.263717e+5,  2.936351e+5
2026-04-12 00:00:00.000   ,    568.17333,    637.42668,  -0.33313276,    1.5185185,  1.419167e+5,  3.073985e+5
2026-04-12 01:00:00.000   ,    562.26167,    635.29106,  -0.32725047,    1.4477273,  1.497167e+5,  3.044484e+5
2026-04-12 02:00:00.000   ,    543.20169,    627.52574,  -0.30519265,    1.0096154,  1.575254e+5,  2.938308e+5
2026-04-12 03:00:00.000   ,    554.53220,    619.76043,  -0.28203195,   0.81355932,  1.422237e+5,  2.833844e+5
2026-04-12 04:00:00.000   ,    549.49655,    611.99511,  -0.25769358,    1.2964912,  1.412069e+5,  2.731093e+5
2026-04-12 05:00:00.000   ,    532.91897,    604.22980,  -0.23209634,    1.5389831,  1.329310e+5,  2.630055e+5
2026-04-12 06:00:00.000   ,    534.35085,    596.46449,  -0.20515189,    1.2760000,  1.549407e+5,  2.530730e+5
2026-04-12 07:00:00.000   ,    525.25500,    588.69917,  -0.17676400,    2.1881356,  1.151583e+5,  2.433117e+5
2026-04-12 08:00:00.000   ,    518.71000,    580.93386,  -0.14682770,    1.6280000,  1.194667e+5,  2.337216e+5
2026-04-12 09:00:00.000   ,    530.92353,    574.63565,  -0.12133145,    1.1857143,  1.337627e+5,  2.260693e+5
2026-04-12 10:00:00.000   ,    509.04630,    568.33744,  -0.09467499,    2.1962963,    98738.889,  2.185295e+5
2026-04-12 11:00:00.000   ,    495.89474,    562.03923,  -0.06678684,    2.0648148,  1.027158e+5,  2.111025e+5
2026-04-12 12:00:00.000   ,    502.27273,    555.74101,  -0.03758993,    2.2490196,  1.129345e+5,  2.037881e+5
2026-04-12 13:00:00.000   ,    485.33103,    549.44280,  -0.00700108,    1.5434783,  1.301172e+5,  1.965863e+5
2026-04-12 14:00:00.000   ,    492.57500,    543.14459,   0.02506963,    1.6068182,  1.199232e+5,  1.894973e+5
2026-04-12 15:00:00.000   ,    491.18276,    536.84638,   0.05871947,    1.8075000,  1.187466e+5,  1.825209e+5
2026-04-12 16:00:00.000   ,    499.16207,    537.74466,   0.05381972,    1.5055556,  1.256069e+5,  1.835090e+5
2026-04-12 17:00:00.000   ,    486.69167,    537.74466,   0.05381972,    2.2857143,  1.028517e+5,  1.835090e+5
2026-04-12 18:00:00.000   ,    501.22069,    532.33321,   0.08386188,    2.1160714,  1.115190e+5,  1.775910e+5
2026-04-12 19:00:00.000   ,    471.94630,    526.92175,   0.11520725,    1.6365854,  1.076796e+5,  1.717562e+5
2026-04-12 20:00:00.000   ,    466.15614,    521.51029,   0.14793231,    1.9454545,  1.110246e+5,  1.660046e+5
2026-04-12 21:00:00.000   ,    476.02778,    516.09883,   0.18211925,    1.7400000,  1.016833e+5,  1.603361e+5
2026-04-12 22:00:00.000   ,    480.26552,    510.68738,   0.21785643,    1.1254902,    88274.138,  1.547508e+5
2026-04-12 23:00:00.000   ,    470.34746,    510.68738,   0.21785643,    1.3745098,    98508.475,  1.547508e+5
2026-04-13 00:00:00.000   ,    465.47500,    512.62624,   0.20486814,    1.1538462,  1.142367e+5,  1.567424e+5
2026-04-13 01:00:00.000   ,    476.13103,    511.65829,   0.21132626,    1.6173077,    83289.655,  1.557468e+5
2026-04-13 02:00:00.000   ,    452.66610,    509.71347,   0.22445992,    1.7837209,    86042.373,  1.537545e+5
2026-04-13 03:00:00.000   ,    444.81695,    507.75656,   0.23789206,    1.7000000,  1.094644e+5,  1.517606e+5
2026-04-13 04:00:00.000   ,    439.66441,    506.77191,   0.24473432,    1.1028571,  1.396322e+5,  1.507615e+5
2026-04-13 05:00:00.000   ,    435.36607,    505.78727,   0.25163345,    1.0617647,  1.186143e+5,  1.497651e+5
2026-04-13 06:00:00.000   ,    448.14912,    502.80955,   0.27285026,   0.97843137,  1.061737e+5,  1.467686e+5
2026-04-13 07:00:00.000   ,    437.42881,    501.81049,   0.28008976,    1.4682927,  1.098000e+5,  1.457689e+5
2026-04-13 08:00:00.000   ,    430.45500,    500.30189,   0.29113910,    1.6685714,  1.083800e+5,  1.442647e+5
2026-04-13 09:00:00.000   ,    441.32167,    498.79328,   0.30233212,   0.89677419,  1.335383e+5,  1.427670e+5
2026-04-13 10:00:00.000   ,    428.98305,    495.74524,   0.32539572,    1.1148148,  1.377763e+5,  1.397606e+5
2026-04-13 11:00:00.000   ,    423.45000,    494.72038,   0.33328829,    1.6575000,  1.140821e+5,  1.387557e+5
2026-04-13 12:00:00.000   ,    426.66000,    493.69552,   0.34125157,    1.3555556,  1.066836e+5,  1.377538e+5
2026-04-13 13:00:00.000   ,    455.73962,    491.10110,   0.36173229,    2.0370370,    41890.566,  1.352307e+5
2026-04-13 14:00:00.000   ,    451.66364,    488.50669,   0.38268572,    2.7745455,    29289.091,  1.327268e+5
2026-04-13 15:00:00.000   ,    439.43269,    485.34722,   0.40886231,    2.3632653,    41607.692,  1.297033e+5
2026-04-13 16:00:00.000   ,    440.13214,    483.21254,   0.42697155,    1.8236364,    42830.357,  1.276766e+5
2026-04-13 17:00:00.000   ,    423.21552,    481.07785,   0.44543221,    1.4345455,    70672.414,  1.256628e+5
2026-04-13 18:00:00.000   ,    405.58833,    478.90907,   0.46455704,    1.8711538,    68811.667,  1.236301e+5
2026-04-13 19:00:00.000   ,    404.88833,    476.74028,   0.48406396,    1.4679245,  1.111783e+5,  1.216107e+5
2026-04-13 20:00:00.000   ,    404.33684,    473.41878,   0.51470313,    1.2648649,  1.131947e+5,  1.185440e+5
2026-04-13 21:00:00.000   ,    399.69655,    470.09727,   0.54630102,    1.8138889,    98620.690,  1.155085e+5
2026-04-13 22:00:00.000   ,    393.39138,    467.83409,   0.56840067,    1.4000000,  1.037845e+5,  1.134582e+5
2026-04-13 23:00:00.000   ,    395.58833,    465.57092,   0.59097749,    1.1547619,  1.146317e+5,  1.114225e+5
2026-04-14 00:00:00.000   ,    384.87833,    462.68252,   0.62050646,    1.3232558,    92971.667,  1.088455e+5
2026-04-14 01:00:00.000   ,    395.98448,    459.79413,   0.65086522,    1.2044444,  1.129086e+5,  1.062922e+5
2026-04-14 02:00:00.000   ,    405.92881,    456.23329,   0.68948053,   0.85319149,    96932.203,  1.031770e+5
2026-04-14 03:00:00.000   ,    386.07119,    452.67244,   0.72946673,    1.4152174,    90898.305,  1.000979e+5
2026-04-14 04:00:00.000   ,    388.14068,    450.22229,   0.75781071,    1.5440000,    88833.898,    98000.130
2026-04-14 05:00:00.000   ,    381.84727,    447.77214,   0.78685724,    1.4446809,    71183.636,    95919.405
2026-04-14 06:00:00.000   ,    364.53966,    445.32199,   0.81662972,    2.4068966,    25950.000,    93855.730
2026-04-14 07:00:00.000   ,    366.48966,    441.46020,   0.86508854,    2.5948276,    22470.690,    90637.704
2026-04-14 08:00:00.000   ,    370.23000,    437.59842,   0.91551251,    2.9300000,    17275.862,    87462.036
2026-04-14 09:00:00.000   ,    369.03833,    433.73663,   0.96800933,    3.2083333,    17143.396,    84328.726
2026-04-14 10:00:00.000   ,    365.67627,    429.87485,    1.0226942,    2.8118644,    22536.842,    81237.773
2026-04-14 11:00:00.000   ,    368.44915,    426.01307,    1.0796904,    2.8350877,    39825.862,    78189.178
2026-04-14 12:00:00.000   ,    366.85789,    422.15128,    1.1391302,    2.0642857,    26794.737,    75182.940
2026-04-14 13:00:00.000   ,    377.85741,    418.28950,    1.2011551,    2.2716981,    39270.370,    72219.060
2026-04-14 14:00:00.000   ,    379.40185,    414.42771,    1.2659172,    1.7636364,    47390.741,    69297.537
2026-04-14 15:00:00.000   ,    359.50755,    412.20771,    1.3044489,    3.0377358,    35432.075,    67637.227
2026-04-14 16:00:00.000   ,    365.74118,    409.98770,    1.3439718,    2.7745098,    30041.176,    65990.915
2026-04-14 17:00:00.000   ,    362.08800,    408.47393,    1.3715074,    2.5900000,    28828.000,    64876.366
2026-04-14 18:00:00.000   ,    366.52759,    406.96017,    1.3995310,    3.4465517,    30381.034,    63768.324
2026-04-14 19:00:00.000   ,    358.74821,    403.84321,    1.4588208,    2.9000000,    57798.214,    61507.278
2026-04-14 20:00:00.000   ,    359.60333,    400.72625,    1.5203356,    3.2526316,    46883.333,    59273.826
2026-04-14 21:00:00.000   ,    355.80893,    417.32489,    1.2170689,    3.0877193,    48041.071,    71485.344
2026-04-14 22:00:00.000   ,    367.28596,    415.14277,    1.2537119,    4.1120690,    35082.143,    69835.299
2026-04-14 23:00:00.000   ,    372.62000,    412.96066,    1.2912709,    4.3266667,    36050.000,    68198.778
2026-04-15 00:00:00.000   ,    361.07000,    410.96049,    1.3265289,    3.5866667,    38426.667,    66710.597
2026-04-15 01:00:00.000   ,    370.96610,    408.96033,    1.3626071,    4.7683333,    24242.373,    65233.779
2026-04-15 02:00:00.000   ,    374.82712,    406.96017,    1.3995310,    5.2728814,    26155.932,    63768.324
2026-04-15 03:00:00.000   ,    371.84407,    407.29353,    1.3933172,    5.2203390,    26888.136,    64011.778
2026-04-15 04:00:00.000   ,    364.47333,    407.62689,    1.3871274,    4.3500000,    27200.000,    64255.547
2026-04-15 05:00:00.000   ,    358.80690,    407.96025,    1.3809617,    3.9086207,    38117.544,    64499.631
2026-04-15 06:00:00.000   ,    351.66316,    408.29361,    1.3748198,    2.7981818,    56847.368,    64744.032
2026-04-15 07:00:00.000   ,    347.10667,    408.62697,    1.3687016,    3.0932203,    75098.333,    64988.748
2026-04-15 08:00:00.000   ,    348.26167,    408.96033,    1.3626071,    3.0796296,    69835.000,    65233.779
2026-04-15 09:00:00.000   ,    350.23390,    409.29369,    1.3565360,    3.3341463,    69871.186,    65479.127
2026-04-15 10:00:00.000   ,    343.91034,    409.62705,    1.3504883,    2.9078431,    65186.207,    65724.790
2026-04-15 11:00:00.000   ,    344.07627,    409.96041,    1.3444639,    3.1936170,    67011.864,    65970.768
2026-04-15 12:00:00.000   ,    344.58793,    410.29377,    1.3384626,    3.0761905,    75748.276,    66217.062
2026-04-15 13:00:00.000   ,    350.56724,    410.62713,    1.3324843,    3.7454545,    48665.517,    66463.672
2026-04-15 14:00:00.000   ,    348.28596,    410.96049,    1.3265289,    3.1358491,    39192.982,    66710.597
2026-04-15 15:00:00.000   ,    347.73091,    411.29385,    1.3205963,    3.3709091,    42810.909,    66957.839
2026-04-15 16:00:00.000   ,    344.39259,    411.62721,    1.3146863,    3.0759259,    37792.593,    67205.395
2026-04-15 17:00:00.000   ,    341.82453,    411.96057,    1.3087989,    3.0777778,    40843.396,    67453.268
2026-04-15 18:00:00.000   ,    342.75741,    412.29393,    1.3029340,    3.4888889,    36927.778,    67701.455
2026-04-15 19:00:00.000   ,    340.23333,    412.62730,    1.2970913,    3.0879310,    44610.000,    67949.959
2026-04-15 20:00:00.000   ,    344.16667,    412.96066,    1.2912709,    4.1963636,    39828.070,    68198.778
2026-04-15 21:00:00.000   ,    345.36724,    428.46873,    1.0431729,    4.6263158,    34460.345,    80122.838
2026-04-15 22:00:00.000   ,    337.09825,    437.71476,   0.91396370,    3.9285714,    36605.263,    87557.088
2026-04-15 23:00:00.000   ,    336.08475,    439.00183,   0.89695398,    3.9000000,    31291.525,    88611.207
2026-04-16 00:00:00.000   ,    335.82333,    446.43822,   0.80297456,    3.8766667,    29231.667,    94793.774
2026-04-16 01:00:00.000   ,    334.96000,    453.87460,   0.71580993,    4.0883333,    30391.667,  1.011334e+5
2026-04-16 02:00:00.000   ,    332.84167,    457.44414,   0.67619888,    3.8672414,    31611.667,  1.042323e+5
2026-04-16 03:00:00.000   ,    333.81404,    460.96052,   0.63850390,    1.4456522,    71801.754,  1.073204e+5
2026-04-16 04:00:00.000   ,    330.15333,    460.96052,   0.63850390,    2.2269231,    80888.333,  1.073204e+5
2026-04-16 05:00:00.000   ,    332.76441,    459.79413,   0.65086522,    2.2894737,    63069.492,  1.062922e+5
2026-04-16 06:00:00.000   ,    332.07857,    467.84427,   0.56830028,    4.0823529,    42621.429,  1.134674e+5
2026-04-16 07:00:00.000   ,    328.05965,    467.84427,   0.56830028,    3.5716981,    38057.895,  1.134674e+5
2026-04-16 08:00:00.000   ,    332.59667,    467.84427,   0.56830028,    4.0166667,    39945.000,  1.134674e+5
2026-04-16 09:00:00.000   ,    324.11724,    467.84427,   0.56830028,    3.1560000,    40577.586,  1.134674e+5
2026-04-16 10:00:00.000   ,    317.75789,    467.84427,   0.56830028,    2.5596154,    52810.526,  1.134674e+5
2026-04-16 11:00:00.000   ,    312.92373,    467.84427,   0.56830028,    2.8865385,    44996.610,  1.134674e+5
2026-04-16 12:00:00.000   ,    309.81034,    466.70759,   0.57957784,    3.2142857,    63717.241,  1.124431e+5
2026-04-16 13:00:00.000   ,    318.38167,    465.57092,   0.59097749,    1.5823529,    75345.000,  1.114225e+5
2026-04-16 14:00:00.000   ,    307.06500,    463.27657,   0.61436658,    3.1612245,    57231.667,  1.093735e+5
2026-04-16 15:00:00.000   ,    309.06400,    463.85149,   0.60845752,    2.2023810,    68868.000,  1.098856e+5
2026-04-16 16:00:00.000   ,    326.36471,    464.42641,   0.60258084,    2.1979592,    55207.843,  1.103985e+5
2026-04-16 17:00:00.000   ,    324.16078,    464.42641,   0.60258084,    2.4117647,    51935.294,  1.103985e+5
2026-04-16 18:00:00.000   ,    328.39825,    466.71018,   0.57955207,    2.7456140,    61871.930,  1.124454e+5
2026-04-16 19:00:00.000   ,    330.44167,    462.38295,   0.62361602,    3.3155172,    61808.333,  1.085796e+5
2026-04-16 20:00:00.000   ,    332.17241,    458.05573,   0.66954987,    3.7615385,    66370.690,  1.047669e+5
2026-04-16 21:00:00.000   ,    331.11379,    453.72851,   0.71746093,    3.4603774,    60994.828,  1.010073e+5
2026-04-16 22:00:00.000   ,    327.92069,    449.40129,   0.76746433,    3.5547170,    49334.483,    97301.014
2026-04-16 23:00:00.000   ,    320.08621,    445.07406,   0.81968370,    3.3896552,    31032.759,    93647.863
2026-04-17 00:00:00.000   ,    315.03051,    440.74684,   0.87425194,    3.0303571,    36923.729,    90047.895
2026-04-17 01:00:00.000   ,    304.64000,    436.41962,   0.93131206,    3.8196429,    42803.333,    86501.110
2026-04-17 02:00:00.000   ,    314.18333,    435.11623,   0.94901015,    3.0680851,    86065.000,    85443.216
2026-04-17 03:00:00.000   ,    308.12586,    433.80440,   0.96706958,    2.9153846,    79398.246,    84383.346
2026-04-17 04:00:00.000   ,    299.61500,    432.47953,   0.98556459,    3.1944444,    49226.667,    83317.895
2026-04-17 05:00:00.000   ,    292.99322,    431.15466,    1.0043217,    3.3060000,    32422.034,    82257.430
2026-04-17 06:00:00.000   ,    343.73559,    429.81632,    1.0235405,   0.91034483,  1.025508e+5,    81191.253
2026-04-17 07:00:00.000   ,    302.31930,    427.78057,    1.0533087,    2.5104167,    52110.526,    79579.238
2026-04-17 08:00:00.000   ,    305.17586,    425.74482,    1.0837386,    4.1547170,    36051.724,    77978.994
2026-04-17 09:00:00.000   ,    311.14828,    478.43819,   0.46875943,    5.3810345,    22487.931,  1.231905e+5
2026-04-17 10:00:00.000   ,    315.22105,    514.99875,   0.18925566,    4.6607143,    27968.421,  1.591940e+5
2026-04-17 11:00:00.000   ,    311.78475,    513.77625,   0.19726227,    5.9214286,    32591.525,  1.579287e+5
2026-04-17 12:00:00.000   ,    322.41379,    512.55375,   0.20535002,    4.5692308,    54308.621,  1.566678e+5
2026-04-17 13:00:00.000   ,    336.49828,    511.65075,   0.21137677,    4.0792453,    57172.414,  1.557391e+5
2026-04-17 14:00:00.000   ,    339.40741,    510.74775,   0.21744884,    5.0647059,    47688.889,  1.548127e+5
2026-04-17 15:00:00.000   ,    342.38909,    509.84475,   0.22356667,    5.7709091,    42092.727,  1.538886e+5
2026-04-17 16:00:00.000   ,    339.52941,    508.94175,   0.22973074,    5.5705882,    40405.882,  1.529669e+5
2026-04-17 17:00:00.000   ,    337.18421,    508.03875,   0.23594150,    6.2421053,    38389.474,  1.520475e+5
2026-04-17 18:00:00.000   ,    338.18182,    509.89375,   0.22323352,    10.963265,    38736.364,  1.539387e+5
2026-04-17 19:00:00.000   ,    338.61034,    523.03375,   0.13857522,    11.361111,    55320.690,  1.676154e+5
2026-04-17 20:00:00.000   ,    323.68475,    541.12724,   0.03567111,    13.403774,    58869.492,  1.872504e+5
2026-04-17 21:00:00.000   ,    331.63158,    559.22072,  -0.05388758,    11.286275,    64728.070,  2.078153e+5
2026-04-17 22:00:00.000   ,    346.49107,    577.31421,  -0.13231255,    17.526190,    53875.000,  2.293100e+5
2026-04-17 23:00:00.000   ,    357.44667,    595.40769,  -0.20137564,    18.015000,    50345.000,  2.517345e+5
2026-04-18 00:00:00.000   ,    364.48596,    613.50118,  -0.26250974,    20.348980,    42694.737,  2.750888e+5
2026-04-18 01:00:00.000   ,    371.97000,    631.59467,  -0.31688371,    23.538298,    76143.333,  2.993729e+5
2026-04-18 02:00:00.000   ,    394.24333,    649.68815,  -0.36545873,    6.7508772,  1.355833e+5,  3.245869e+5
2026-04-18 03:00:00.000   ,    454.17288,    667.78164,  -0.40903101,    5.9489796,  1.731525e+5,  3.507306e+5
2026-04-18 04:00:00.000   ,    461.26667,    663.74248,  -0.39970181,    6.4437500,  2.569930e+5,  3.448137e+5
2026-04-18 05:00:00.000   ,    475.27414,    662.38774,  -0.39652329,    5.0541667,  1.873983e+5,  3.428396e+5
2026-04-18 06:00:00.000   ,    488.54151,    661.03301,  -0.39331945,    5.7729730,  1.521434e+5,  3.408706e+5
2026-04-18 07:00:00.000   ,    505.42500,    663.06637,  -0.39811866,    5.9368421,  1.794464e+5,  3.438278e+5
2026-04-18 08:00:00.000   ,    510.71923,    665.76577,  -0.40440240,    5.4615385,  1.896346e+5,  3.477718e+5
2026-04-18 09:00:00.000   ,    515.07966,    695.91164,  -0.46836536,    4.2333333,  1.841864e+5,  3.932230e+5
2026-04-18 10:00:00.000   ,    500.46167,    705.41432,  -0.48640139,    5.1972222,  1.649000e+5,  4.080853e+5
2026-04-18 11:00:00.000   ,    498.40500,    720.31762,  -0.51289297,    5.1864865,  2.007083e+5,  4.319108e+5
2026-04-18 12:00:00.000   ,    482.71207,    774.47496,  -0.59371768,    5.5343750,  2.173879e+5,  5.238021e+5
2026-04-18 13:00:00.000   ,    474.42881,    772.20745,  -0.59075105,    5.7666667,  2.228136e+5,  5.197876e+5
2026-04-18 14:00:00.000   ,    483.75091,    776.17086,  -0.59591542,    5.5500000,  1.827764e+5,  5.268141e+5
2026-04-18 15:00:00.000   ,    481.27288,    806.04055,  -0.63187390,    5.5650000,  1.792729e+5,  5.812036e+5
2026-04-18 16:00:00.000   ,    502.37241,    817.34253,  -0.64423733,    4.7687500,  1.887759e+5,  6.024441e+5
2026-04-18 17:00:00.000   ,    530.70339,    821.60492,  -0.64873875,    4.6755556,  2.608627e+5,  6.105489e+5
2026-04-18 18:00:00.000   ,    523.55667,    832.68492,  -0.66004819,    5.2054545,  2.855383e+5,  6.318585e+5
2026-04-18 19:00:00.000   ,    541.48667,    833.73214,  -0.66108875,    4.6035088,  2.762333e+5,  6.338906e+5
2026-04-18 20:00:00.000   ,    518.35000,    836.34422,  -0.66366348,    5.8170213,  2.624655e+5,  6.389729e+5
2026-04-18 21:00:00.000   ,    498.95763,    835.30041,  -0.66263813,    6.1333333,  2.166085e+5,  6.369396e+5
2026-04-18 22:00:00.000   ,    461.45000,    833.20871,  -0.66056924,    4.9553191,  2.325534e+5,  6.328745e+5
2026-04-18 23:00:00.000   ,    480.53667,    833.73214,  -0.66108875,    4.8363636,  2.764833e+5,  6.338906e+5
2026-04-19 00:00:00.000   ,    469.49828,    839.98694,  -0.66720543,    4.0204082,  1.882069e+5,  6.460928e+5
2026-04-19 01:00:00.000   ,    478.64915,    840.50600,  -0.66770556,    3.3200000,  1.439169e+5,  6.471103e+5
2026-04-19 02:00:00.000   ,    474.09333,    838.16424,  -0.66544018,    4.0243243,  2.054833e+5,  6.425255e+5
2026-04-19 03:00:00.000   ,    480.86271,    835.82248,  -0.66315156,    3.6375000,  1.664915e+5,  6.379562e+5
2026-04-19 04:00:00.000   ,    478.28833,    828.18200,  -0.65551884,    3.3867925,  1.332283e+5,  6.231562e+5
2026-04-19 05:00:00.000   ,    484.65167,    820.54151,  -0.64762374,    3.2685185,  1.483283e+5,  6.085220e+5
2026-04-19 06:00:00.000   ,    494.49831,    824.78654,  -0.65204333,    3.2822222,  1.733475e+5,  6.166322e+5
2026-04-19 07:00:00.000   ,    493.41500,    821.07340,  -0.64818210,    3.9530612,  1.962667e+5,  6.095354e+5
2026-04-19 08:00:00.000   ,    512.45085,    816.80809,  -0.64366682,    4.0350877,  1.615559e+5,  6.014315e+5
2026-04-19 09:00:00.000   ,    494.41207,    811.15313,  -0.63754519,    3.9642857,  1.728103e+5,  5.907670e+5
2026-04-19 10:00:00.000   ,    495.06949,    805.49817,  -0.63126445,    3.7924528,  2.108051e+5,  5.801934e+5
2026-04-19 11:00:00.000   ,    490.07119,    803.32476,  -0.62880703,    3.7094340,  1.962966e+5,  5.761537e+5
2026-04-19 12:00:00.000   ,    508.90690,    800.04569,  -0.62505271,    3.7730769,  2.089638e+5,  5.700844e+5
2026-04-19 13:00:00.000   ,    503.10536,    796.76662,  -0.62124115,    3.5651163,  2.014089e+5,  5.640455e+5
2026-04-19 14:00:00.000   ,    497.47857,    798.95905,  -0.62379601,    3.4875000,  1.902786e+5,  5.680798e+5
2026-04-19 15:00:00.000   ,    500.20000,    796.21750,  -0.62059718,    2.8562500,  1.908772e+5,  5.630372e+5
2026-04-19 16:00:00.000   ,    512.17500,    797.86364,  -0.62252276,    2.3526316,  1.957115e+5,  5.660624e+5
2026-04-19 17:00:00.000   ,    511.56724,    788.48683,  -0.61135410,    2.2054545,  1.807241e+5,  5.489332e+5
2026-04-19 18:00:00.000   ,    500.60000,    779.77890,  -0.60053221,    2.4878049,  1.838069e+5,  5.332494e+5
2026-04-19 19:00:00.000   ,    496.52712,    771.07097,  -0.58925194,    2.1730769,  1.371051e+5,  5.177810e+5
2026-04-19 20:00:00.000   ,    483.03000,    766.20343,  -0.58273711,    2.1629630,  1.169300e+5,  5.092284e+5
2026-04-19 21:00:00.000   ,    468.35357,    761.33590,  -0.57606606,    2.1791667,  1.429304e+5,  5.007431e+5
2026-04-19 22:00:00.000   ,    459.91897,    759.60154,  -0.57365038,    2.5037037,  1.307086e+5,  4.977359e+5
2026-04-19 23:00:00.000   ,    443.72833,    757.86718,  -0.57121400,    2.2056604,  1.628000e+5,  4.947373e+5
2026-04-20 00:00:00.000   ,    430.69500,    748.79952,  -0.55812941,    2.3705882,  1.481350e+5,  4.791989e+5
2026-04-20 01:00:00.000   ,    416.16102,    739.73186,  -0.54443662,    2.9677966,  1.122525e+5,  4.638940e+5
2026-04-20 02:00:00.000   ,    417.60169,    730.66420,  -0.53009736,    3.3983051,  1.233136e+5,  4.488226e+5
2026-04-20 03:00:00.000   ,    412.07458,    725.49091,  -0.52161115,    4.0186441,  1.248220e+5,  4.403287e+5
2026-04-20 04:00:00.000   ,    417.48305,    720.31762,  -0.51289297,    3.9156863,  1.195373e+5,  4.319108e+5
2026-04-20 05:00:00.000   ,    418.19667,    714.29955,  -0.50244789,    4.5275862,  1.020667e+5,  4.222139e+5
2026-04-20 06:00:00.000   ,    440.08814,    708.28148,  -0.49166321,    4.1000000,    70000.000,  4.126199e+5
2026-04-20 07:00:00.000   ,    426.01000,    702.26340,  -0.48052404,    5.6610169,    77726.667,  4.031288e+5
2026-04-20 08:00:00.000   ,    464.75667,    706.04254,  -0.48756128,    4.9200000,  1.397117e+5,  4.090769e+5
2026-04-20 09:00:00.000   ,    479.63220,    698.64026,  -0.47364030,    3.5088235,  2.050051e+5,  3.974643e+5
2026-04-20 10:00:00.000   ,    490.56923,    691.23798,  -0.45914425,    2.9727273,  2.316154e+5,  3.860074e+5
2026-04-20 11:00:00.000   ,    489.27966,    683.83570,  -0.44404101,    3.4083333,  2.364322e+5,  3.747061e+5
2026-04-20 12:00:00.000   ,    493.32931,    676.43342,  -0.42829619,    3.2741935,  1.845086e+5,  3.635604e+5
2026-04-20 13:00:00.000   ,    511.34138,    673.11179,  -0.42101280,    3.8026316,  1.659879e+5,  3.586096e+5
2026-04-20 14:00:00.000   ,    540.25179,    669.79016,  -0.41358933,    3.4888889,  2.154571e+5,  3.536902e+5
2026-04-20 15:00:00.000   ,    530.67679,    662.68157,  -0.39721481,    3.1848485,  2.127321e+5,  3.432673e+5
2026-04-20 16:00:00.000   ,    536.02308,    655.57297,  -0.38014474,    3.2111111,  2.214615e+5,  3.329880e+5
2026-04-20 17:00:00.000   ,    537.63922,    651.77287,  -0.37072043,    3.7621622,  2.225686e+5,  3.275517e+5
2026-04-20 18:00:00.000   ,    529.66111,    647.97277,  -0.36107954,    3.4970588,  2.302778e+5,  3.221565e+5
2026-04-20 19:00:00.000   ,    509.76000,    638.95837,  -0.33730421,    4.1516129,  2.165500e+5,  3.095223e+5
2026-04-20 20:00:00.000   ,    502.59667,    629.94397,  -0.31217668,    3.2480000,  2.054700e+5,  2.971189e+5
2026-04-20 21:00:00.000   ,    500.86552,    620.92958,  -0.28559243,    3.7146341,  2.379534e+5,  2.849463e+5
2026-04-20 22:00:00.000   ,    508.28750,    611.91518,  -0.25743665,    3.4653061,  2.329107e+5,  2.730044e+5
2026-04-20 23:00:00.000   ,    489.22759,    612.66258,  -0.25983384,    2.8688889,  1.873621e+5,  2.739858e+5
2026-04-21 00:00:00.000   ,    466.05424,    613.40999,  -0.26221944,    2.7129032,  1.768644e+5,  2.749687e+5
2026-04-21 01:00:00.000   ,    485.08814,    611.65902,  -0.25661236,    2.6703704,  1.721525e+5,  2.726685e+5
2026-04-21 02:00:00.000   ,    474.25424,    609.90805,  -0.25094112,    2.7064516,  1.679322e+5,  2.703769e+5
2026-04-21 03:00:00.000   ,    496.94746,    608.15708,  -0.24520473,    1.6625000,  1.174797e+5,  2.680941e+5
2026-04-21 04:00:00.000   ,    504.67627,    606.64527,  -0.24019866,    1.7562500,  1.104508e+5,  2.661300e+5
2026-04-21 05:00:00.000   ,    512.74667,    600.50576,  -0.21934835,    1.7000000,  1.336967e+5,  2.582207e+5
2026-04-21 06:00:00.000   ,    518.46780,    594.36625,  -0.19762786,    1.9760000,  1.417678e+5,  2.504185e+5
2026-04-21 07:00:00.000   ,    520.71000,    594.36625,  -0.19762786,    1.8058824,  1.680917e+5,  2.504185e+5
2026-04-21 08:00:00.000   ,    525.62000,    594.36625,  -0.19762786,    2.1275862,  1.259767e+5,  2.504185e+5
2026-04-21 09:00:00.000   ,    518.11379,    593.58682,  -0.19480564,    2.4192308,  1.210241e+5,  2.494356e+5
2026-04-21 10:00:00.000   ,    531.10769,    592.80738,  -0.19196851,    2.6440000,  1.143462e+5,  2.484545e+5
2026-04-21 11:00:00.000   ,    526.83036,    588.86784,  -0.17739665,    2.4196429,  1.102696e+5,  2.435219e+5
2026-04-21 12:00:00.000   ,    526.79091,    584.92830,  -0.16242703,    2.6654545,    99812.727,  2.386333e+5
2026-04-21 13:00:00.000   ,    529.53621,    580.13042,  -0.14363747,    2.4800000,    94494.828,  2.327392e+5
2026-04-21 14:00:00.000   ,    530.99298,    577.70378,  -0.13389247,    2.5301887,  1.088632e+5,  2.297830e+5
2026-04-21 15:00:00.000   ,    528.67500,    575.27713,  -0.12398019,    2.4436364,    90769.643,  2.268435e+5
2026-04-21 16:00:00.000   ,    534.26949,    570.02323,  -0.10192758,    2.6666667,    74569.492,  2.205366e+5
2026-04-21 17:00:00.000   ,    533.70500,    564.76933,  -0.07903166,    2.7293103,  1.003150e+5,  2.143081e+5
2026-04-21 18:00:00.000   ,    519.32982,    559.51544,  -0.05524886,    2.0921569,  1.057456e+5,  2.081580e+5
2026-04-21 19:00:00.000   ,    511.18983,    554.03950,  -0.02946697,    2.0325581,  1.236831e+5,  2.018314e+5
2026-04-21 20:00:00.000   ,    519.74500,    548.56357,  -0.00261512,    1.9788462,  1.365783e+5,  1.955899e+5
2026-04-21 21:00:00.000   ,    499.23621,    543.08764,   0.02536671,    1.8217391,  1.276172e+5,  1.894337e+5
2026-04-21 22:00:00.000   ,    504.00175,    540.41615,   0.03944719,    1.9666667,  1.323719e+5,  1.864612e+5
2026-04-21 23:00:00.000   ,    511.61034,    537.74466,   0.05381972,    1.4418605,  1.437931e+5,  1.835090e+5
2026-04-22 00:00:00.000   ,    520.21500,    533.23028,   0.07879356,    1.2333333,  1.301500e+5,  1.785663e+5
2026-04-22 01:00:00.000   ,    515.31500,    529.84916,   0.09808417,    1.4326531,  1.337417e+5,  1.749023e+5
2026-04-22 02:00:00.000   ,    511.94655,    526.46805,   0.11789686,    2.0346154,  1.224328e+5,  1.712708e+5
2026-04-22 03:00:00.000   ,    516.67119,    523.08693,   0.13825066,    1.8944444,  1.341237e+5,  1.676718e+5
2026-04-22 04:00:00.000   ,    503.50345,    521.19885,   0.14985941,    1.4695652,  1.393345e+5,  1.656761e+5
2026-04-22 05:00:00.000   ,    505.31207,    519.31076,   0.16164667,    1.4576923,  1.323034e+5,  1.636906e+5
2026-04-22 06:00:00.000   ,    510.12069,    517.42268,   0.17361610,    1.3981481,  1.216707e+5,  1.617152e+5
2026-04-22 07:00:00.000   ,    496.17333,    513.21442,   0.20096903,    1.4754717,  1.350950e+5,  1.573487e+5
2026-04-22 08:00:00.000   ,    499.58000,    509.00617,   0.22928948,    1.7894737,  1.232750e+5,  1.530326e+5
2026-04-22 09:00:00.000   ,    501.31754,    504.79791,   0.25862363,    1.4574468,  1.228877e+5,  1.487667e+5
2026-04-22 10:00:00.000   ,    501.09273,    501.79560,   0.28019812,    1.9043478,  1.330418e+5,  1.457540e+5
2026-04-22 11:00:00.000   ,    496.59107,    498.79328,   0.30233212,    1.6591837,  1.370196e+5,  1.427670e+5
2026-04-22 12:00:00.000   ,    484.85000,    494.69340,   0.33349701,    2.1800000,  1.237950e+5,  1.387293e+5
2026-04-22 13:00:00.000   ,    496.00847,    490.59351,   0.36579411,    1.6021277,  1.266085e+5,  1.347393e+5
2026-04-22 14:00:00.000   ,    490.11930,    491.63123,   0.35750940,    1.6815789,  1.250982e+5,  1.357447e+5
2026-04-22 15:00:00.000   ,    489.20926,    487.42603,   0.39155641,    1.8769231,  1.363500e+5,  1.316895e+5
2026-04-22 16:00:00.000   ,    486.60588,    483.22083,   0.42690055,    2.1000000,  1.431569e+5,  1.276844e+5
2026-04-22 17:00:00.000   ,    479.42500,    480.21970,   0.45295449,    2.5863636,  1.355875e+5,  1.248569e+5
2026-04-22 18:00:00.000   ,    467.73654,    477.21858,   0.47972859,    3.1291667,  1.097135e+5,  1.220549e+5
2026-04-22 19:00:00.000   ,    469.21404,    474.21746,   0.50724962,    2.7793103,  1.193807e+5,  1.192785e+5
2026-04-22 20:00:00.000   ,    478.04167,    471.21634,   0.53554564,    2.2384615,  1.376583e+5,  1.165277e+5
2026-04-22 21:00:00.000   ,    466.96333,    467.79773,   0.56875960,    2.2717949,  1.279567e+5,  1.134254e+5
2026-04-22 22:00:00.000   ,    462.15965,    464.37912,   0.60306297,    2.6764706,  1.087035e+5,  1.103563e+5
2026-04-22 23:00:00.000   ,    465.86316,    460.96052,   0.63850390,    2.2291667,  1.049088e+5,  1.073204e+5
2026-04-23 00:00:00.000   ,    466.18983,    456.81648,   0.68306392,    2.2340000,  1.149034e+5,  1.036848e+5
2026-04-23 01:00:00.000   ,    462.14310,    452.67244,   0.72946673,    3.1052632,    87401.724,  1.000979e+5
2026-04-23 02:00:00.000   ,    466.69833,    448.96101,   0.77267395,    3.4457627,    75761.667,    96926.895
2026-04-23 03:00:00.000   ,    459.81579,    445.24958,   0.81752081,    2.7666667,  1.052807e+5,    93795.006
2026-04-23 04:00:00.000   ,    451.36429,    441.53815,   0.86409131,    2.3063830,  1.073857e+5,    90702.242
2026-04-23 05:00:00.000   ,    450.08814,    437.82672,   0.91247494,    2.3725490,  1.001949e+5,    87648.600
2026-04-23 06:00:00.000   ,    447.30508,    434.11529,   0.96276705,    3.3206897,    74030.508,    84634.082
2026-04-23 07:00:00.000   ,    450.70667,    430.40386,    1.0150693,    2.0228070,    90066.667,    81658.688
2026-04-23 08:00:00.000   ,    442.97797,    426.69243,    1.0694904,    1.7629630,    80128.814,    78722.417
2026-04-23 09:00:00.000   ,    447.96897,    422.98100,    1.1261462,    1.5018182,    89560.345,    75825.270
2026-04-23 10:00:00.000   ,    450.82982,    420.17513,    1.1705372,    2.4788462,    73564.912,    73660.974
2026-04-23 11:00:00.000   ,    441.46316,    418.02874,    1.2054401,    2.1947368,    68189.474,    72020.454
2026-04-23 12:00:00.000   ,    439.77069,    415.88234,    1.2411917,    2.6228070,    54084.483,    70393.019
2026-04-23 13:00:00.000   ,    442.17358,    413.35632,    1.2843912,    2.7109091,    47056.604,    68494.513
2026-04-23 14:00:00.000   ,    438.70545,    410.83031,    1.3288519,    2.6545455,    45240.000,    66614.130
2026-04-23 15:00:00.000   ,    436.32075,    408.30429,    1.3746233,    1.9078431,    66473.585,    64751.869
2026-04-23 16:00:00.000   ,    433.88462,    405.77828,    1.4217575,    2.3560976,    71713.462,    62907.732
2026-04-23 17:00:00.000   ,    440.59828,    403.25226,    1.4703092,    3.1605263,    61703.448,    61081.717
2026-04-23 18:00:00.000   ,    435.99298,    400.72625,    1.5203356,    1.3878049,    87601.754,    59273.826
2026-04-23 19:00:00.000   ,    434.52414,    397.58980,    1.5845949,    1.3863636,    92641.379,    57054.261
2026-04-23 20:00:00.000   ,    434.89310,    394.45335,    1.6513435,    1.5076923,    90425.862,    54862.638
2026-04-23 21:00:00.000   ,    432.22931,    391.31690,    1.7207116,    2.6333333,    76710.345,    52698.954
2026-04-23 22:00:00.000   ,    427.50169,    388.18045,    1.7928380,    1.6666667,    85549.153,    50563.211
2026-04-23 23:00:00.000   ,    420.00833,    385.04400,    1.8678711,    1.6500000,    95581.667,    48455.408
2026-04-24 00:00:00.000   ,    413.59167,    381.90755,    1.9459691,    2.0282609,    77753.333,    46375.545
2026-04-24 01:00:00.000   ,    404.91034,    378.77110,    2.0273013,    1.6863636,    94137.931,    44323.623
2026-04-24 02:00:00.000   ,    400.60339,    375.63465,    2.1120486,    1.8127273,    74071.186,    42299.641
2026-04-24 03:00:00.000   ,    393.01552,    372.49821,    2.2004051,    2.1305085,    47506.897,    40303.599
2026-04-24 04:00:00.000   ,    386.28070,    369.36176,    2.2925786,    2.4750000,    44778.947,    38335.498
2026-04-24 05:00:00.000   ,    381.43966,    366.22531,    2.3887922,    2.5172414,    47312.069,    36395.337
2026-04-24 06:00:00.000   ,    395.38500,    363.08886,    2.4892855,    2.5966667,    32898.305,    34483.116
2026-04-24 07:00:00.000   ,    393.77833,    359.95241,    2.5943161,    3.0796610,    33325.424,    32598.836
2026-04-24 08:00:00.000   ,    394.37288,    356.81596,    2.7041613,    3.1050847,    39048.276,    30742.496
2026-04-24 09:00:00.000   ,    391.94912,    353.67951,    2.8191200,    3.4614035,    40024.561,    28914.096
2026-04-24 10:00:00.000   ,    380.22759,    350.54306,    2.9395145,    2.5254237,    54112.069,    27113.636
2026-04-24 11:00:00.000   ,    390.32632,    347.40661,    3.0656932,    3.2157895,    37257.895,    25341.117
2026-04-24 12:00:00.000   ,    388.76964,    345.98161,    3.1250322,    3.2285714,    41173.214,    24545.029
2026-04-24 13:00:00.000   ,    393.93393,    344.55661,    3.1856798,    3.5754386,    38033.929,    23754.709
2026-04-24 14:00:00.000   ,    372.57000,    342.58661,    3.2717498,    4.0766667,    54020.000,    22671.625
2026-04-24 15:00:00.000   ,    371.95370,    340.61661,    3.3605021,    3.9109091,    38414.815,    21599.563
2026-04-24 16:00:00.000   ,    363.11346,    338.64661,    3.4520493,    3.3846154,    35744.231,    20538.523
2026-04-24 17:00:00.000   ,    374.66909,    336.67661,    3.5465102,    3.2910714,    24787.273,    19488.507
2026-04-24 18:00:00.000   ,    377.64615,    335.69161,    3.5948720,    3.5000000,    26217.308,    18967.632
2026-04-24 19:00:00.000   ,    387.24576,    335.04911,    3.6268346,    3.4482759,    31118.644,    18629.358
2026-04-24 20:00:00.000   ,    389.27857,    334.40661,    3.6591320,    5.1928571,    25329.630,    18292.257
2026-04-24 21:00:00.000   ,    392.61724,    335.40661,    3.6090090,    3.9724138,    40147.368,    18817.436
2026-04-24 22:00:00.000   ,    388.28793,    334.25474,    3.6668159,    5.3844828,    37237.931,    18212.744
2026-04-24 23:00:00.000   ,    391.83103,    333.10286,    3.7257172,    6.8534483,    43772.414,    17611.821
2026-04-25 00:00:00.000   ,    413.77333,    370.89866,    2.2469216,    8.1183333,    51536.667,    39296.406
2026-04-25 01:00:00.000   ,    413.99153,    408.69447,    1.3674658,    4.0400000,    81552.542,    65038.333
2026-04-25 02:00:00.000   ,    423.10833,    446.49027,   0.80234156,    3.3965517,    96463.333,    94837.603
2026-04-25 03:00:00.000   ,    432.40862,    484.28607,   0.41782106,    3.5500000,    99406.897,  1.286942e+5
2026-04-25 04:00:00.000   ,    428.11017,    489.55201,   0.37418549,    3.4355932,    90230.508,  1.337334e+5
2026-04-25 05:00:00.000   ,    437.43273,    490.59351,   0.36579411,    3.0672727,  1.624455e+5,  1.347393e+5
2026-04-25 06:00:00.000   ,    418.92167,    490.59351,   0.36579411,    3.1600000,  1.282150e+5,  1.347393e+5
2026-04-25 07:00:00.000   ,    424.73966,    494.72218,   0.33327438,    3.5561404,  1.067707e+5,  1.387575e+5
2026-04-25 08:00:00.000   ,    422.03167,    513.59127,   0.19848084,    3.6116667,    87468.333,  1.577377e+5
2026-04-25 09:00:00.000   ,    410.14655,    543.08764,   0.02536671,    3.2125000,    89524.138,  1.894337e+5
2026-04-25 10:00:00.000   ,    401.08448,    538.58389,   0.04927273,    3.0016949,    54408.621,  1.844342e+5
2026-04-25 11:00:00.000   ,    403.35455,    534.08015,   0.07402465,    3.2018182,    58003.636,  1.794924e+5
2026-04-25 12:00:00.000   ,    394.05091,    529.57641,   0.09966285,    3.1732143,    66425.455,  1.746082e+5
2026-04-25 13:00:00.000   ,    391.64182,    531.40815,   0.08912577,    3.9218182,    60252.727,  1.765877e+5
2026-04-25 14:00:00.000   ,    370.20566,    531.40815,   0.08912577,    1.5733333,    94128.302,  1.765877e+5
2026-04-25 15:00:00.000   ,    366.52542,    532.32041,   0.08393444,    2.5241379,    92437.288,  1.775771e+5
2026-04-25 16:00:00.000   ,    371.76667,    533.23028,   0.07879356,    8.1260000,    40446.296,  1.785663e+5
2026-04-25 17:00:00.000   ,    377.36724,    533.23028,   0.07879356,    10.119298,    40647.368,  1.785663e+5
2026-04-25 18:00:00.000   ,    374.11017,    529.03998,   0.10277762,    10.300000,    43801.695,  1.740303e+5
2026-04-25 19:00:00.000   ,    392.63000,    524.84968,   0.12757049,    8.3750000,    62215.000,  1.695441e+5
2026-04-25 20:00:00.000   ,    412.40167,    520.65937,   0.15320896,    2.8105263,  1.040250e+5,  1.651077e+5
2026-04-25 21:00:00.000   ,    424.85660,    516.46907,   0.17973192,    3.5104167,  1.525302e+5,  1.607213e+5
2026-04-25 22:00:00.000   ,    436.57818,    517.42268,   0.17361610,    4.3260870,  1.831327e+5,  1.617152e+5
2026-04-25 23:00:00.000   ,    417.37167,    557.81925,  -0.04737376,    4.2333333,  1.196567e+5,  2.061892e+5
2026-04-26 00:00:00.000   ,    432.66441,    558.66827,  -0.05132787,    4.6030303,  2.065034e+5,  2.071736e+5
2026-04-26 01:00:00.000   ,    427.47000,    554.40433,  -0.03121729,    5.0847458,  1.877667e+5,  2.022502e+5
2026-04-26 02:00:00.000   ,    445.64667,    554.40433,  -0.03121729,    6.4914894,  2.452167e+5,  2.022502e+5
2026-04-26 03:00:00.000   ,    447.63103,    554.40433,  -0.03121729,    6.0918367,  2.067759e+5,  2.022502e+5
2026-04-26 04:00:00.000   ,    463.77500,    551.81408,  -0.01868673,    3.8053571,  1.475317e+5,  1.992846e+5
2026-04-26 05:00:00.000   ,    465.89821,    549.22383,  -0.00591148,    4.6416667,  1.266875e+5,  1.963380e+5
2026-04-26 06:00:00.000   ,    470.84643,    545.45232,   0.01314059,    4.4846154,  1.317982e+5,  1.920817e+5
2026-04-26 07:00:00.000   ,    482.77069,    541.68081,   0.03274567,    5.0145455,  1.473103e+5,  1.878658e+5
2026-04-26 08:00:00.000   ,    466.92712,    537.90930,   0.05292536,    4.9500000,  1.415254e+5,  1.836904e+5
2026-04-26 09:00:00.000   ,    453.97241,    534.13779,   0.07370235,    4.4277778,  1.366724e+5,  1.795553e+5
2026-04-26 10:00:00.000   ,    460.30172,    533.23028,   0.07879356,    3.9949153,  1.081000e+5,  1.785663e+5
2026-04-26 11:00:00.000   ,    468.94068,    537.74466,   0.05381972,    4.9924528,  1.190458e+5,  1.835090e+5
2026-04-26 12:00:00.000   ,    459.22982,    547.48100,   0.00282520,    5.2692308,  1.215351e+5,  1.943661e+5
2026-04-26 13:00:00.000   ,    453.61429,    556.20288,  -0.03977728,    5.3358491,  1.225821e+5,  2.043206e+5
2026-04-26 14:00:00.000   ,    445.97321,    564.92477,  -0.07972153,    4.7369565,  1.162429e+5,  2.144912e+5
2026-04-26 15:00:00.000   ,    455.96296,    573.64665,  -0.11722419,    5.0377358,  1.045333e+5,  2.248778e+5
2026-04-26 16:00:00.000   ,    449.61887,    568.06331,  -0.09348734,    5.2288462,    93843.396,  2.182039e+5
2026-04-26 17:00:00.000   ,    454.82222,    562.47997,  -0.06878008,    4.9436364,    77887.037,  2.116185e+5
2026-04-26 18:00:00.000   ,    462.40741,    556.89662,  -0.04304877,    8.7148148,    53759.259,  2.051217e+5
2026-04-26 19:00:00.000   ,    464.59138,    551.31328,  -0.01623603,    13.546552,    42782.759,  1.987134e+5
2026-04-26 20:00:00.000   ,    469.68000,    545.72994,   0.01171960,    14.003333,    43211.667,  1.923936e+5
2026-04-26 21:00:00.000   ,    462.29667,    542.20261,   0.02999953,    13.191667,    48101.667,  1.884467e+5
2026-04-26 22:00:00.000   ,    463.72105,    544.85129,   0.01622733,    10.680357,    47152.632,  1.914072e+5
2026-04-26 23:00:00.000   ,    459.12586,    541.31542,   0.03467526,    11.130508,    42534.483,  1.874595e+5
2026-04-27 00:00:00.000   ,    452.10172,    540.87073,   0.03703086,    7.6568966,    53708.621,  1.869656e+5
2026-04-27 01:00:00.000   ,    452.14667,    540.42605,   0.03939450,    4.6800000,    72973.333,  1.864722e+5
2026-04-27 02:00:00.000   ,    456.60333,    537.28192,   0.05633954,    4.0050000,    87833.333,  1.829997e+5
2026-04-27 03:00:00.000   ,    447.77241,    534.13779,   0.07370235,    3.4344828,    93270.690,  1.795553e+5
2026-04-27 04:00:00.000   ,    437.10182,    530.93633,   0.09182539,    2.7622642,  1.217855e+5,  1.760769e+5
2026-04-27 05:00:00.000   ,    443.44364,    527.73487,   0.11041118,    2.6603774,  1.192673e+5,  1.726276e+5
2026-04-27 06:00:00.000   ,    453.81552,    523.95771,   0.13295586,    3.2690909,  1.248293e+5,  1.685956e+5
2026-04-27 07:00:00.000   ,    451.70678,    520.18056,   0.15619417,    2.8576271,  1.343966e+5,  1.646040e+5
2026-04-27 08:00:00.000   ,    446.41207,    516.40340,   0.18015484,    2.6034483,  1.116948e+5,  1.606529e+5
2026-04-27 09:00:00.000   ,    444.99298,    512.62624,   0.20486814,    3.3410714,  1.148895e+5,  1.567424e+5
2026-04-27 10:00:00.000   ,    445.85263,    509.71347,   0.22445992,    3.5945455,  1.274596e+5,  1.537545e+5
2026-04-27 11:00:00.000   ,    444.58276,    510.68738,   0.21785643,    4.3309091,  1.090017e+5,  1.547508e+5
2026-04-27 12:00:00.000   ,    450.26000,    518.74887,   0.16518954,    4.3109091,    89810.909,  1.631016e+5
2026-04-27 13:00:00.000   ,    444.32586,    526.81037,   0.11586663,    3.7862069,    92436.207,  1.716370e+5
2026-04-27 14:00:00.000   ,    440.95000,    528.65688,   0.10501020,    4.2500000,    86978.571,  1.736180e+5
2026-04-27 15:00:00.000   ,    439.93273,    529.57641,   0.09966285,    4.1981818,    96907.273,  1.746082e+5
2026-04-27 16:00:00.000   ,    449.78980,    527.72988,   0.11044052,    4.3285714,    75330.612,  1.726223e+5
2026-04-27 17:00:00.000   ,    441.95926,    525.88335,   0.12137742,    4.3090909,    78401.852,  1.706461e+5
2026-04-27 18:00:00.000   ,    450.18333,    522.42645,   0.14229151,    4.3333333,    76679.630,  1.669725e+5
2026-04-27 19:00:00.000   ,    445.43000,    518.96955,   0.16379618,    4.0775862,    74610.000,  1.633328e+5
2026-04-27 20:00:00.000   ,    440.74000,    515.51265,   0.18591390,    3.6241379,    77130.000,  1.597271e+5
2026-04-27 21:00:00.000   ,    432.38772,    510.80248,   0.21707953,    3.8631579,    69201.754,  1.548688e+5
2026-04-27 22:00:00.000   ,    427.58036,    506.09231,   0.24949004,    4.0245614,    74294.643,  1.500735e+5
2026-04-27 23:00:00.000   ,    419.67966,    501.38214,   0.28321263,    3.3810345,    65245.763,  1.453412e+5
2026-04-28 00:00:00.000   ,    415.63500,    496.67196,   0.31831909,    3.5700000,    67576.667,  1.406719e+5
2026-04-28 01:00:00.000   ,    409.34833,    491.96179,   0.35488617,    3.4450000,    54411.667,  1.360656e+5
2026-04-28 02:00:00.000   ,    392.58000,    487.25162,   0.39299606,    3.5733333,    62631.667,  1.315224e+5
2026-04-28 03:00:00.000   ,    386.21667,    482.54145,   0.43273678,    3.5677966,    58420.000,  1.270421e+5
2026-04-28 04:00:00.000   ,    380.95167,    477.83128,   0.47420271,    3.5245614,    52971.667,  1.226249e+5
2026-04-28 05:00:00.000   ,    380.15254,    478.91783,   0.46447900,    3.6250000,    72318.644,  1.236383e+5
2026-04-28 06:00:00.000   ,    379.14561,    476.72207,   0.48422943,    3.2500000,    53594.737,  1.215938e+5
2026-04-28 07:00:00.000   ,    377.98966,    474.52631,   0.50438210,    3.1067797,    50675.862,  1.195631e+5
2026-04-28 08:00:00.000   ,    375.42000,    472.33055,   0.52494803,    3.3216667,    56813.333,  1.175460e+5
2026-04-28 09:00:00.000   ,    369.46610,    468.60895,   0.56078127,    3.7362069,    65954.237,  1.141586e+5
2026-04-28 10:00:00.000   ,    367.13571,    464.88734,   0.59789254,    3.9105263,    61932.143,  1.108105e+5
2026-04-28 11:00:00.000   ,    363.67200,    461.16574,   0.63634332,    4.2549020,    54792.000,  1.075017e+5
2026-04-28 12:00:00.000   ,    362.50000,    457.44414,   0.67619888,    4.3500000,    49675.862,  1.042323e+5
2026-04-28 13:00:00.000   ,    362.03208,    457.44414,   0.67619888,    4.3148148,    51152.830,  1.042323e+5
2026-04-28 14:00:00.000   ,    361.36792,    496.24355,   0.32158344,    4.3540000,    51192.453,  1.402503e+5
2026-04-28 15:00:00.000   ,    360.54828,    535.04297,   0.06866008,    3.9740741,    56394.828,  1.805440e+5
2026-04-28 16:00:00.000   ,    362.08393,    534.13663,   0.07370889,    4.1814815,    37885.714,  1.795540e+5
2026-04-28 17:00:00.000   ,    360.18448,    533.23028,   0.07879356,    3.4758621,    27518.966,  1.785663e+5
2026-04-28 18:00:00.000   ,    358.16140,    535.94582,   0.06366602,    3.0410714,    31943.860,  1.815326e+5
2026-04-28 19:00:00.000   ,    355.42881,    537.74466,   0.05381972,    4.0982456,    26925.424,  1.835090e+5
2026-04-28 20:00:00.000   ,    355.38667,    595.91964,  -0.20320835,    6.1135593,    23736.207,  2.523825e+5
2026-04-28 21:00:00.000   ,    358.65000,    602.84379,  -0.22738855,    5.5879310,    19584.483,  2.612201e+5
2026-04-28 22:00:00.000   ,    353.94655,    598.97685,  -0.21402254,    4.7827586,    19956.140,  2.562678e+5
2026-04-28 23:00:00.000   ,    352.51754,    595.10990,  -0.20030667,    4.7793103,    21475.439,  2.513579e+5
2026-04-29 00:00:00.000   ,    341.61000,    591.24295,  -0.18622860,    3.9716667,    23200.000,  2.464904e+5
2026-04-29 01:00:00.000   ,    336.16667,    586.08840,  -0.16687742,    3.0966667,    26136.667,  2.400683e+5
2026-04-29 02:00:00.000   ,    344.01167,    580.93386,  -0.14682770,    3.6900000,    28071.667,  2.337216e+5
2026-04-29 03:00:00.000   ,    339.20847,    577.69828,  -0.13387020,    3.9482759,    26050.000,  2.297763e+5
2026-04-29 04:00:00.000   ,    332.80000,    574.46270,  -0.12061527,    3.6932203,    23351.724,  2.258607e+5
2026-04-29 05:00:00.000   ,    336.12542,    570.36610,  -0.10339201,    3.8169492,    27471.186,  2.209458e+5
2026-04-29 06:00:00.000   ,    332.40517,    575.27713,  -0.12398019,    3.5728814,    25144.828,  2.268435e+5
2026-04-29 07:00:00.000   ,    333.91207,    574.46270,  -0.12061527,    3.9084746,    30213.793,  2.258607e+5
2026-04-29 08:00:00.000   ,    323.59831,    575.27633,  -0.12397688,    3.2016949,    21135.593,  2.268425e+5
2026-04-29 09:00:00.000   ,    320.87931,    576.08995,  -0.12731926,    3.9224138,    13950.000,  2.278262e+5
2026-04-29 10:00:00.000   ,    318.26833,    571.09636,  -0.10649909,    3.7316667,    13720.339,  2.218184e+5
2026-04-29 11:00:00.000   ,    318.52034,    566.10277,  -0.08492484,    4.4454545,    18691.525,  2.158814e+5
2026-04-29 12:00:00.000   ,    316.86964,    561.10918,  -0.06255967,    4.6964286,    18069.643,  2.100153e+5
2026-04-29 13:00:00.000   ,    312.72414,    556.11559,  -0.03936442,    3.8224138,    15396.552,  2.042199e+5
2026-04-29 14:00:00.000   ,    310.43729,    554.40433,  -0.03121729,    3.7186441,    15550.000,  2.022502e+5
2026-04-29 15:00:00.000   ,    308.83214,    554.40433,  -0.03121729,    4.0070175,    12474.074,  2.022502e+5
2026-04-29 16:00:00.000   ,    310.69020,    555.68635,  -0.03733053,    4.1764706,    16176.471,  2.037251e+5
2026-04-29 17:00:00.000   ,    314.03889,    556.96836,  -0.04338609,    5.2381818,    16788.889,  2.052046e+5
2026-04-29 18:00:00.000   ,    318.73704,    554.39566,  -0.03117574,    8.1574074,    24861.111,  2.022403e+5
2026-04-29 19:00:00.000   ,    317.42500,    551.82297,  -0.01873011,    7.7150000,    23551.667,  1.992947e+5
2026-04-29 20:00:00.000   ,    324.69833,    551.82297,  -0.01873011,    6.4661017,    30353.333,  1.992947e+5
2026-04-29 21:00:00.000   ,    320.41455,    548.77645,  -0.00367972,    2.9961538,    45325.455,  1.958310e+5
2026-04-29 22:00:00.000   ,    320.66964,    545.72994,   0.01171960,    2.6976744,    46180.357,  1.923936e+5
2026-04-29 23:00:00.000   ,    343.95789,    554.40433,  -0.03121729,    3.2875000,    49905.263,  2.022502e+5
2026-04-30 00:00:00.000   ,    353.97288,    554.40433,  -0.03121729,    3.0733333,    63037.288,  2.022502e+5
2026-04-30 01:00:00.000   ,    360.25167,    551.79588,  -0.01859782,    3.2661017,    70648.333,  1.992638e+5
2026-04-30 02:00:00.000   ,    358.85333,    549.18743,  -0.00573015,    3.1733333,    62170.000,  1.962967e+5
2026-04-30 03:00:00.000   ,    354.77833,    546.57898,   0.00739225,    2.0912281,    60225.000,  1.933489e+5
2026-04-30 04:00:00.000   ,    355.97119,    543.97052,   0.02077617,    2.5636364,    66394.915,  1.904205e+5
2026-04-30 05:00:00.000   ,    366.12542,    541.31542,   0.03467526,    4.2965517,    83608.475,  1.874595e+5
2026-04-30 06:00:00.000   ,    368.48136,    543.97052,   0.02077617,    3.5677966,    66159.322,  1.904205e+5
2026-04-30 07:00:00.000   ,    375.44237,    541.30561,   0.03472714,    5.0100000,    58637.288,  1.874486e+5
2026-04-30 08:00:00.000   ,    376.14561,    538.64069,   0.04896608,    5.6051724,    54231.579,  1.844969e+5
2026-04-30 09:00:00.000   ,    380.28276,    535.94582,   0.06366602,    4.7591837,    80731.034,  1.815326e+5
2026-04-30 10:00:00.000   ,    378.31930,    533.23028,   0.07879356,    3.0823529,    60652.632,  1.785663e+5
2026-04-30 11:00:00.000   ,    369.86552,    533.23028,   0.07879356,    2.8611111,    33565.517,  1.785663e+5
2026-04-30 12:00:00.000   ,    367.53667,    532.62291,   0.08222123,    2.2254237,    32335.000,  1.779057e+5
2026-04-30 13:00:00.000   ,    364.23167,    532.01553,   0.08566527,    2.2066667,    30351.667,  1.772462e+5
2026-04-30 14:00:00.000   ,    374.38364,    531.40815,   0.08912577,    1.9981132,    54883.636,  1.765877e+5
2026-04-30 15:00:00.000   ,    374.28182,    527.24754,   0.11328189,    1.6340426,    47234.545,  1.721051e+5
2026-04-30 16:00:00.000   ,    388.63333,    523.08693,   0.13825066,   0.37272727,  1.191235e+5,  1.676718e+5
2026-04-30 17:00:00.000   ,    394.72182,    524.95379,   0.12694441,   0.41153846,  1.479927e+5,  1.696549e+5
2026-04-30 18:00:00.000   ,    424.10727,    523.08693,   0.13825066,    1.2368421,  2.328200e+5,  1.676718e+5
2026-04-30 19:00:00.000   ,    463.70667,    519.77800,   0.15871290,    1.3260870,  3.469033e+5,  1.641810e+5
2026-04-30 20:00:00.000   ,    483.00690,    516.46907,   0.17973192,    2.0163265,  2.875983e+5,  1.607213e+5
2026-04-30 21:00:00.000   ,    484.05636,    514.54766,   0.19220067,    3.0833333,  2.584055e+5,  1.587266e+5
2026-04-30 22:00:00.000   ,    490.63966,    512.62624,   0.20486814,    4.2169811,  2.944690e+5,  1.567424e+5
2026-04-30 23:00:00.000   ,    479.68276,    507.59249,   0.23902824,    3.5878788,  3.520000e+5,  1.515939e+5
2026-05-01 00:00:00.000   ,    488.49828,    502.55874,   0.27466194,    3.2085106,  3.528448e+5,  1.465174e+5
2026-05-01 01:00:00.000   ,    503.14407,    497.52498,   0.31185525,    3.0230769,  3.152373e+5,  1.415128e+5
2026-05-01 02:00:00.000   ,    503.35167,    492.49123,   0.35070052,    2.9041667,  3.356833e+5,  1.365802e+5
2026-05-01 03:00:00.000   ,    489.46000,    487.45748,   0.39129706,    2.9241379,  3.422833e+5,  1.317196e+5
2026-05-01 04:00:00.000   ,    478.00847,    486.40434,   0.40002179,    2.6318182,  2.985508e+5,  1.307118e+5
2026-05-01 05:00:00.000   ,    482.17797,    486.40434,   0.40002179,    2.8515152,  3.110169e+5,  1.307118e+5
2026-05-01 06:00:00.000   ,    501.89831,    486.40434,   0.40002179,    2.1148148,  2.838169e+5,  1.307118e+5
2026-05-01 07:00:00.000   ,    490.18500,    484.28607,   0.41782106,    2.2940000,  2.262650e+5,  1.286942e+5
2026-05-01 08:00:00.000   ,    479.68246,    482.68196,   0.43152678,    1.9833333,  2.289298e+5,  1.271748e+5
2026-05-01 09:00:00.000   ,    471.26034,    481.07785,   0.44543221,    2.2450000,  2.178621e+5,  1.256628e+5
2026-05-01 10:00:00.000   ,    468.15517,    478.36131,   0.46944728,    2.2107143,  2.038017e+5,  1.231188e+5
2026-05-01 11:00:00.000   ,    463.78246,    475.64478,   0.49406586,    1.8531250,  1.684526e+5,  1.205958e+5
2026-05-01 12:00:00.000   ,    470.88621,    472.33055,   0.52494803,    2.2040000,  1.204586e+5,  1.175460e+5
2026-05-01 13:00:00.000   ,    448.07719,    470.08741,   0.54639630,    2.2018868,    84968.421,  1.154996e+5
2026-05-01 14:00:00.000   ,    450.61091,    467.84427,   0.56830028,   0.45961538,    80265.455,  1.134674e+5
2026-05-01 15:00:00.000   ,    443.20175,    464.98278,   0.59692437,   0.65405405,    73100.000,  1.108958e+5
2026-05-01 16:00:00.000   ,    442.02941,    462.12130,   0.62633934,   0.20689655,    83160.784,  1.083475e+5
2026-05-01 17:00:00.000   ,    454.33036,    460.37167,   0.64472708,   0.63272727,    72755.357,  1.068008e+5
2026-05-01 18:00:00.000   ,    448.98302,    458.62203,   0.66342843,   0.97142857,  1.011189e+5,  1.052628e+5
2026-05-01 19:00:00.000   ,    453.01864,    459.79413,   0.65086522,    1.1527273,    92100.000,  1.062922e+5
2026-05-01 20:00:00.000   ,    446.74500,    457.44414,   0.67619888,    1.8500000,  1.034233e+5,  1.042323e+5
2026-05-01 21:00:00.000   ,    438.62692,    455.05829,   0.70252035,    1.6305556,  1.233635e+5,  1.021570e+5
2026-05-01 22:00:00.000   ,    437.61724,    452.67244,   0.72946673,    2.1270270,  1.089000e+5,  1.000979e+5
2026-05-01 23:00:00.000   ,    449.56000,    450.63632,   0.75297244,    1.0775862,  1.082883e+5,    98353.415
2026-05-02 00:00:00.000   ,    450.64912,    448.60019,   0.77696064,    1.0235294,  1.259140e+5,    96620.700
2026-05-02 01:00:00.000   ,    443.53051,    446.56407,   0.80144462,    1.0666667,  1.454576e+5,    94899.759
2026-05-02 02:00:00.000   ,    442.28136,    445.94303,   0.80901327,    2.0155556,  1.126373e+5,    94377.197
2026-05-02 03:00:00.000   ,    448.95167,    445.32199,   0.81662972,    1.7727273,  1.101417e+5,    93855.730
2026-05-02 04:00:00.000   ,    445.51333,    441.46020,   0.86508854,    1.5714286,  1.346167e+5,    90637.704
2026-05-02 05:00:00.000   ,    437.44912,    437.59842,   0.91551251,    2.1037736,  1.017860e+5,    87462.036
2026-05-02 06:00:00.000   ,    439.97797,    433.73663,   0.96800933,    2.0945455,  1.077559e+5,    84328.726
2026-05-02 07:00:00.000   ,    439.92034,    429.87485,    1.0226942,    1.6900000,  1.031000e+5,    81237.773
2026-05-02 08:00:00.000   ,    438.47167,    426.01307,    1.0796904,    2.5018182,    96736.667,    78189.178
2026-05-02 09:00:00.000   ,    433.20893,    422.15128,    1.1391302,   0.91000000,  1.251446e+5,    75182.940
2026-05-02 10:00:00.000   ,    439.06207,    418.28950,    1.2011551,   0.73877551,  1.148672e+5,    72219.060
2026-05-02 11:00:00.000   ,    434.93509,    414.42771,    1.2659172,    1.4854167,    85061.404,    69297.537
2026-05-02 12:00:00.000   ,    430.58333,    412.96066,    1.2912709,    2.0142857,    91583.333,    68198.778
2026-05-02 13:00:00.000   ,    439.11228,    411.47418,    1.3173966,    2.8771930,    59531.579,    67091.709
2026-05-02 14:00:00.000   ,    426.00351,    409.98770,    1.3439718,    2.1538462,  1.095088e+5,    65990.915
2026-05-02 15:00:00.000   ,    432.84151,    408.47393,    1.3715074,    1.1595745,  1.029679e+5,    64876.366
2026-05-02 16:00:00.000   ,    427.42308,    406.96017,    1.3995310,    1.3153846,  1.008442e+5,    63768.324
2026-05-02 17:00:00.000   ,    422.98545,    405.42481,    1.4284649,    1.9600000,  1.023455e+5,    62651.123
2026-05-02 18:00:00.000   ,    430.06154,    403.86660,    1.4583677,   0.90476190,  1.260750e+5,    61524.144
2026-05-02 19:00:00.000   ,    439.96491,    402.30839,    1.4888263,   0.79818182,  1.007719e+5,    60404.060
2026-05-02 20:00:00.000   ,    417.66333,    400.72625,    1.5203356,    2.5021277,    90956.667,    59273.826
2026-05-02 21:00:00.000   ,    407.39455,    409.18643,    1.3584869,    2.0534884,    87587.273,    65400.150
2026-05-02 22:00:00.000   ,    421.29123,    417.64661,    1.2117421,    1.0300000,  1.172649e+5,    71729.763
2026-05-02 23:00:00.000   ,    425.82500,    415.59133,    1.2461056,   0.86111111,    79686.667,    70173.383
2026-05-03 00:00:00.000   ,    430.15593,    413.53606,    1.2812763,   0.35348837,    46422.034,    68629.000
2026-05-03 01:00:00.000   ,    424.80847,    411.48078,    1.3172795,   0.84583333,    53118.644,    67096.616
2026-05-03 02:00:00.000   ,    424.30517,    414.42771,    1.2659172,    1.2053571,    74486.207,    69297.537
2026-05-03 03:00:00.000   ,    415.61833,    413.59466,    1.2802620,    2.1101695,    69893.333,    68672.870
2026-05-03 04:00:00.000   ,    425.58983,    412.76161,    1.2947435,    2.5034483,    76159.322,    68050.173
2026-05-03 05:00:00.000   ,    430.24915,    458.62203,   0.66342843,    2.5482143,  1.081051e+5,  1.052628e+5
2026-05-03 06:00:00.000   ,    427.16949,    458.62203,   0.66342843,    2.5965517,  1.138898e+5,  1.052628e+5
2026-05-03 07:00:00.000   ,    423.33333,    465.57092,   0.59097749,    2.2000000,  1.258817e+5,  1.114225e+5
2026-05-03 08:00:00.000   ,    421.59492,    498.79328,   0.30233212,    2.4169811,  1.091068e+5,  1.427670e+5
2026-05-03 09:00:00.000   ,    419.78305,    502.80955,   0.27285026,    2.5457627,  1.007017e+5,  1.467686e+5
2026-05-03 10:00:00.000   ,    417.73509,    508.73654,   0.23113802,    2.1705882,  1.041333e+5,  1.527577e+5
2026-05-03 11:00:00.000   ,    415.89231,    510.68738,   0.21785643,    2.1918367,    97284.615,  1.547508e+5
2026-05-03 12:00:00.000   ,    426.79818,    513.59127,   0.19848084,    1.1574074,    78121.818,  1.577377e+5
2026-05-03 13:00:00.000   ,    433.03269,    515.51265,   0.18591390,   0.93396226,    83817.308,  1.597271e+5
2026-05-03 14:00:00.000   ,    428.59643,    517.42268,   0.17361610,   0.64693878,    83307.143,  1.617152e+5
2026-05-03 15:00:00.000   ,    430.51091,    518.37351,   0.16756534,   0.64629630,    83520.000,  1.627087e+5
2026-05-03 16:00:00.000   ,    408.12778,    513.59127,   0.19848084,    2.1192308,    73114.815,  1.577377e+5
2026-05-03 17:00:00.000   ,    412.22500,    522.14959,   0.14399176,    2.3113208,    84676.667,  1.666797e+5
2026-05-03 18:00:00.000   ,    403.31404,    518.35149,   0.16770495,    2.0571429,    98747.368,  1.626857e+5
2026-05-03 19:00:00.000   ,    402.30508,    514.55339,   0.19216315,    1.6972222,    96574.576,  1.587326e+5
2026-05-03 20:00:00.000   ,    393.51167,    521.20960,   0.14979279,    2.0200000,    68650.000,  1.656874e+5
2026-05-03 21:00:00.000   ,    389.04737,    520.26560,   0.15566314,    1.8377358,    58698.246,  1.646934e+5
2026-05-03 22:00:00.000   ,    393.06250,    519.32159,   0.16157856,    1.7708333,    79635.714,  1.637019e+5
2026-05-03 23:00:00.000   ,    409.23448,    513.81758,   0.19699029,   0.84423077,    71453.448,  1.579714e+5
2026-05-04 00:00:00.000   ,    412.52167,    508.31356,   0.23404638,   0.80677966,    71943.333,  1.523270e+5
2026-05-04 01:00:00.000   ,    394.81379,    502.80955,   0.27285026,    1.1804878,    74118.966,  1.467686e+5
2026-05-04 02:00:00.000   ,    397.22373,    501.81049,   0.28008976,   0.62068966,    91957.627,  1.457689e+5
2026-05-04 03:00:00.000   ,    396.55263,    500.80644,   0.28742776,   0.79787234,    66757.895,  1.447671e+5
2026-05-04 04:00:00.000   ,    428.26102,    499.80239,   0.29482904,   0.97222222,    72769.492,  1.437681e+5
2026-05-04 05:00:00.000   ,    418.88814,    496.76475,   0.31761368,    1.3018182,    77764.407,  1.407633e+5
2026-05-04 06:00:00.000   ,    407.71429,    495.23013,   0.32935382,   0.92000000,    62298.214,  1.392552e+5
2026-05-04 07:00:00.000   ,    388.76724,    493.69552,   0.34125157,   0.56904762,    88489.655,  1.377538e+5
2026-05-04 08:00:00.000   ,    388.35000,    490.59351,   0.36579411,   0.44468085,  1.019328e+5,  1.347393e+5
2026-05-04 09:00:00.000   ,    401.56780,    493.16938,   0.34536749,    1.5916667,  1.190153e+5,  1.372406e+5
2026-05-04 10:00:00.000   ,    409.45179,    495.74524,   0.32539572,    3.4388889,    87705.357,  1.397606e+5
2026-05-04 11:00:00.000   ,    398.26964,    494.71674,   0.33331645,    4.6589286,    62444.643,  1.387521e+5
2026-05-04 12:00:00.000   ,    418.35333,    493.68824,   0.34130841,    6.3053571,    82448.333,  1.377467e+5
2026-05-04 13:00:00.000   ,    428.53448,    492.65973,   0.34937243,    8.5767857,    71936.207,  1.367442e+5
2026-05-04 14:00:00.000   ,    410.35000,    491.63123,   0.35750940,    6.7346154,    66566.667,  1.357447e+5
2026-05-04 15:00:00.000   ,    428.65263,    507.75656,   0.23789206,    1.3719298,    63691.228,  1.517606e+5
2026-05-04 16:00:00.000   ,    422.58600,    508.73501,   0.23114851,    1.7620000,    52510.000,  1.527562e+5
2026-05-04 17:00:00.000   ,    424.47333,    509.71347,   0.22445992,    4.4000000,    67935.556,  1.537545e+5
2026-05-04 18:00:00.000   ,    424.68947,    508.73654,   0.23113802,    2.9564103,    74507.895,  1.527577e+5
2026-05-04 19:00:00.000   ,    418.87069,    509.22501,   0.22779216,    2.9614035,    94848.276,  1.532558e+5
2026-05-04 20:00:00.000   ,    425.23793,    509.71347,   0.22445992,    1.8566038,  1.237483e+5,  1.537545e+5
2026-05-04 21:00:00.000   ,    419.61228,    510.68738,   0.21785643,    1.4306122,  1.348632e+5,  1.547508e+5
2026-05-04 22:00:00.000   ,    428.48421,    509.22197,   0.22781295,    1.1063830,    69852.632,  1.532527e+5
2026-05-04 23:00:00.000   ,    437.96207,    507.75656,   0.23789206,    1.5125000,    39296.552,  1.517606e+5
2026-05-05 00:00:00.000   ,    432.04000,    509.71347,   0.22445992,    1.6283333,    25046.667,  1.537545e+5
2026-05-05 01:00:00.000   ,    442.46667,    509.71347,   0.22445992,    1.2241379,    66518.333,  1.537545e+5
2026-05-05 02:00:00.000   ,    444.84138,    508.24348,   0.23452930,    1.5267857,    85858.621,  1.522557e+5
2026-05-05 03:00:00.000   ,    440.56140,    506.77348,   0.24472341,   0.94150943,  1.106140e+5,  1.507631e+5
2026-05-05 04:00:00.000   ,    441.72667,    503.80535,   0.26569539,   0.78611111,  1.488067e+5,  1.477679e+5
2026-05-05 05:00:00.000   ,    427.48475,    500.80811,   0.28741548,   0.72857143,  1.276661e+5,  1.447688e+5
2026-05-05 06:00:00.000   ,    417.71724,    500.80811,   0.28741548,   0.73392857,    52567.241,  1.447688e+5
2026-05-05 07:00:00.000   ,    421.73167,    498.27668,   0.30619856,   0.53333333,    91363.333,  1.422556e+5
2026-05-05 08:00:00.000   ,    407.17667,    495.74524,   0.32539572,   0.55576923,    94036.667,  1.397606e+5
2026-05-05 09:00:00.000   ,    415.28276,    494.72218,   0.33327438,   0.28510638,  1.161483e+5,  1.387575e+5
2026-05-05 10:00:00.000   ,    411.51053,    495.74346,   0.32540933,   0.34545455,    93696.491,  1.397589e+5
2026-05-05 11:00:00.000   ,    390.16034,    496.76475,   0.31761368,   0.29756098,    64496.552,  1.407633e+5
2026-05-05 12:00:00.000   ,    396.31525,    498.79328,   0.30233212,   0.28292683,    85644.068,  1.427670e+5
2026-05-05 13:00:00.000   ,    414.58519,    496.76475,   0.31761368,   0.18780488,  1.024111e+5,  1.407633e+5
2026-05-05 14:00:00.000   ,    387.26667,    495.05358,   0.33071457,    1.6277778,    31524.074,  1.390821e+5
2026-05-05 15:00:00.000   ,    380.93636,    493.34240,   0.34401183,    1.1277778,    41374.545,  1.374092e+5
2026-05-05 16:00:00.000   ,    382.01800,    491.63123,   0.35750940,    1.0622222,    37846.000,  1.357447e+5
2026-05-05 17:00:00.000   ,    380.56552,    487.39343,   0.39182532,    1.7696429,    29308.621,  1.316582e+5
2026-05-05 18:00:00.000   ,    377.95862,    483.15563,   0.42745907,    1.6368421,    39570.690,  1.276227e+5
2026-05-05 19:00:00.000   ,    376.26842,    478.91783,   0.46447900,    1.3775862,    61226.316,  1.236383e+5
2026-05-05 20:00:00.000   ,    373.27627,    477.83128,   0.47420271,    1.7813559,    59037.288,  1.226249e+5
2026-05-05 21:00:00.000   ,    367.64107,    482.15144,   0.43610337,    2.8428571,    43767.857,  1.266740e+5
2026-05-05 22:00:00.000   ,    356.22632,    478.91783,   0.46447900,    2.8789474,    31122.807,  1.236383e+5
2026-05-05 23:00:00.000   ,    348.79474,    477.09188,   0.48087518,    2.5192982,    29556.140,  1.219372e+5
2026-05-06 00:00:00.000   ,    359.39167,    475.26593,   0.49754827,    1.8350000,    29721.667,  1.202456e+5
2026-05-06 01:00:00.000   ,    362.29000,    473.43998,   0.51450453,    2.3200000,    29163.333,  1.185634e+5
2026-05-06 02:00:00.000   ,    363.19333,    471.76862,   0.53027891,    2.8333333,    33186.667,  1.170320e+5
2026-05-06 03:00:00.000   ,    362.64211,    470.09727,   0.54630102,    2.8842105,    64498.246,  1.155085e+5
2026-05-06 04:00:00.000   ,    364.61964,    487.45748,   0.39129706,    2.1428571,    69180.357,  1.317196e+5
2026-05-06 05:00:00.000   ,    358.12881,    525.88335,   0.12137742,    1.4762712,    69381.356,  1.706461e+5
2026-05-06 06:00:00.000   ,    365.77458,    520.69800,   0.15296864,    2.1689655,    83800.000,  1.651484e+5
2026-05-06 07:00:00.000   ,    374.53333,    515.51265,   0.18591390,    2.7578947,    91221.667,  1.597271e+5
2026-05-06 08:00:00.000   ,    368.73220,    531.02375,   0.09132444,    1.7224138,    88108.475,  1.761715e+5
2026-05-06 09:00:00.000   ,    368.75345,    546.53486,   0.00761643,    2.9980769,    87277.586,  1.932993e+5
2026-05-06 10:00:00.000   ,    367.87241,    562.04596,  -0.06681734,    2.7400000,    96244.828,  2.111104e+5
2026-05-06 11:00:00.000   ,    370.74211,    576.08995,  -0.12731926,    2.2473684,    87470.175,  2.278262e+5
2026-05-06 12:00:00.000   ,    370.12881,    577.71084,  -0.13392110,    1.7644068,    73638.983,  2.297916e+5
2026-05-06 13:00:00.000   ,    371.79492,    578.51893,  -0.13718445,    2.0189655,    69188.136,  2.307742e+5
2026-05-06 14:00:00.000   ,    371.50690,    585.72271,  -0.16547837,    1.7339286,    71124.138,  2.396155e+5
2026-05-06 15:00:00.000   ,    375.68393,    582.12082,  -0.15150829,    1.8526316,    69130.357,  2.351764e+5
2026-05-06 16:00:00.000   ,    384.21569,    578.51893,  -0.13718445,    2.5460000,    82468.627,  2.307742e+5
2026-05-06 17:00:00.000   ,    382.98909,    575.67395,  -0.12561273,    2.8745455,  1.003564e+5,  2.273231e+5
2026-05-06 18:00:00.000   ,    379.03214,    572.82898,  -0.11380665,    3.6907407,  1.077589e+5,  2.238949e+5
2026-05-06 19:00:00.000   ,    373.55263,    568.10874,  -0.09368435,    4.9822222,    88228.070,  2.182579e+5
2026-05-06 20:00:00.000   ,    370.05439,    563.38851,  -0.07286883,    4.3740000,    98101.754,  2.126841e+5
2026-05-06 21:00:00.000   ,    367.35263,    558.66827,  -0.05132787,    3.4560000,  1.110404e+5,  2.071736e+5
2026-05-06 22:00:00.000   ,    370.93103,    553.76902,  -0.02816622,    2.3481481,  1.034897e+5,  2.015211e+5
2026-05-06 23:00:00.000   ,    371.70333,    548.86977,  -0.00414587,    2.2894737,    96733.333,  1.959367e+5
2026-05-07 00:00:00.000   ,    366.65167,    543.97052,   0.02077617,    2.6258621,    96765.000,  1.904205e+5
2026-05-07 01:00:00.000   ,    366.31500,    541.31542,   0.03467526,    2.7694915,  1.006950e+5,  1.874595e+5
2026-05-07 02:00:00.000   ,    355.20678,    538.31708,   0.05071515,    2.5589286,  1.007932e+5,  1.841399e+5
2026-05-07 03:00:00.000   ,    362.12414,    535.31874,   0.06713093,    2.7052632,    90765.517,  1.808457e+5
2026-05-07 04:00:00.000   ,    353.69138,    532.32041,   0.08393444,    2.4789474,    87475.862,  1.775771e+5
2026-05-07 05:00:00.000   ,    353.87966,    529.57641,   0.09966285,    2.2178571,    70030.508,  1.746082e+5
2026-05-07 06:00:00.000   ,    351.63051,    526.79903,   0.11593378,    2.1932203,    60098.305,  1.716249e+5
2026-05-07 07:00:00.000   ,    345.48814,    524.02165,   0.13256852,    1.9892857,    60940.678,  1.686635e+5
2026-05-07 08:00:00.000   ,    342.15932,    518.57027,   0.16631905,    1.7222222,    69954.237,  1.629146e+5
2026-05-07 09:00:00.000   ,    343.34386,    513.11889,   0.20160102,    1.8745098,    72117.544,  1.572502e+5
2026-05-07 10:00:00.000   ,    344.98983,    507.66751,   0.23850851,    3.7860000,    57198.305,  1.516701e+5
2026-05-07 11:00:00.000   ,    349.76897,    502.21613,   0.27714291,    5.4820000,    63586.207,  1.461745e+5
2026-05-07 12:00:00.000   ,    348.19828,    496.76475,   0.31761368,    6.1296296,    43600.000,  1.407633e+5
2026-05-07 13:00:00.000   ,    340.23889,    499.78715,   0.29494188,    8.0018182,    31757.407,  1.437530e+5
2026-05-07 14:00:00.000   ,    332.34667,    502.80955,   0.27285026,    8.0678571,    29053.333,  1.467686e+5
2026-05-07 15:00:00.000   ,    361.95172,    504.79791,   0.25862363,    26.998077,    52506.897,  1.487667e+5
2026-05-07 16:00:00.000   ,    388.73333,    504.79791,   0.25862363,    17.781818,    76578.431,  1.487667e+5
2026-05-07 17:00:00.000   ,    390.11800,    504.79791,   0.25862363,    18.594118,    54454.000,  1.487667e+5
2026-05-07 18:00:00.000   ,    409.62807,    505.78727,   0.25163345,    6.9385965,    76740.351,  1.497651e+5
2026-05-07 19:00:00.000   ,    402.91034,    509.71347,   0.22445992,    6.4129630,  1.086569e+5,  1.537545e+5
2026-05-07 20:00:00.000   ,    395.33509,    511.65829,   0.21132626,    4.9909091,    78370.175,  1.557468e+5
2026-05-07 21:00:00.000   ,    393.32500,    517.42268,   0.17361610,    4.1518519,    91308.929,  1.617152e+5
2026-05-07 22:00:00.000   ,    406.20169,    512.58962,   0.20511156,    6.5218182,  1.461169e+5,  1.567047e+5
2026-05-07 23:00:00.000   ,    400.37119,    507.75656,   0.23789206,    6.5592593,  1.448644e+5,  1.517606e+5
2026-05-08 00:00:00.000   ,    407.18167,    503.18903,   0.27011654,    6.9152542,  1.031617e+5,  1.471491e+5
2026-05-08 01:00:00.000   ,    418.23220,    498.62150,   0.30361588,    7.1066667,    70238.983,  1.425969e+5
2026-05-08 02:00:00.000   ,    410.90333,    494.05397,   0.33845823,    6.9912281,    55658.333,  1.381039e+5
2026-05-08 03:00:00.000   ,    414.14737,    489.48645,   0.37471636,    5.7350877,    53531.579,  1.336701e+5
2026-05-08 04:00:00.000   ,    405.55517,    484.91892,   0.41246800,    5.7084746,    46082.456,  1.292956e+5
2026-05-08 05:00:00.000   ,    425.77586,    480.35139,   0.45179635,    8.3927273,    78825.862,  1.249804e+5
2026-05-08 06:00:00.000   ,    440.43833,    475.78386,   0.49279042,    10.630000,  1.303250e+5,  1.207244e+5
2026-05-08 07:00:00.000   ,    458.67000,    471.21634,   0.53554564,    9.5796296,  2.213417e+5,  1.165277e+5
2026-05-08 08:00:00.000   ,    514.23390,    472.33055,   0.52494803,    6.7400000,  2.622424e+5,  1.175460e+5
2026-05-08 09:00:00.000   ,    521.88621,    522.14959,   0.14399176,    4.8595238,  3.083379e+5,  1.666797e+5
2026-05-08 10:00:00.000   ,    561.96102,    549.22383,  -0.00591148,    7.4740000,  3.128932e+5,  1.963380e+5
2026-05-08 11:00:00.000   ,    572.07636,    558.96984,  -0.05272643,    7.2207547,  2.621327e+5,  2.075238e+5
2026-05-08 12:00:00.000   ,    556.90000,    568.71584,  -0.09631059,    4.7700000,  2.966431e+5,  2.189793e+5
2026-05-08 13:00:00.000   ,    547.36316,    570.35945,  -0.10336361,    2.8314815,  2.356316e+5,  2.209378e+5
2026-05-08 14:00:00.000   ,    526.04407,    572.00305,  -0.11033439,    2.2018182,  2.104068e+5,  2.229040e+5
2026-05-08 15:00:00.000   ,    539.99286,    573.64665,  -0.11722419,    2.1196429,    73023.214,  2.248778e+5
2026-05-08 16:00:00.000   ,    545.72222,    572.41769,  -0.11208009,    2.4574074,    65774.074,  2.234012e+5
2026-05-08 17:00:00.000   ,    541.13774,    571.18872,  -0.10689089,    3.0685185,    91362.264,  2.219289e+5
2026-05-08 18:00:00.000   ,    528.32456,    569.95228,  -0.10162410,    2.6789474,  1.163825e+5,  2.204520e+5
2026-05-08 19:00:00.000   ,    534.78182,    568.71584,  -0.09631059,    2.2636364,  1.687636e+5,  2.189793e+5
2026-05-08 20:00:00.000   ,    539.51333,    561.63756,  -0.06496474,    2.6616667,  1.488333e+5,  2.106326e+5
2026-05-08 21:00:00.000   ,    535.50179,    554.55928,  -0.03195923,    2.3000000,  1.455107e+5,  2.024282e+5
2026-05-08 22:00:00.000   ,    530.09649,    547.48100,   0.00282520,    2.4543860,  1.372070e+5,  1.943661e+5
2026-05-08 23:00:00.000   ,    530.19167,    546.16614,   0.00949290,    2.2067797,  1.487883e+5,  1.928842e+5
2026-05-09 00:00:00.000   ,    535.24333,    544.85129,   0.01622733,    2.6366667,  1.341167e+5,  1.914072e+5
2026-05-09 01:00:00.000   ,    530.64746,    541.31542,   0.03467526,    2.6883333,  1.423220e+5,  1.874595e+5
2026-05-09 02:00:00.000   ,    532.88333,    540.42605,   0.03939450,    2.7133333,  1.462833e+5,  1.864722e+5
2026-05-09 03:00:00.000   ,    545.88966,    537.11520,   0.05724963,    3.9482759,  1.420034e+5,  1.828163e+5
2026-05-09 04:00:00.000   ,    536.57500,    533.80435,   0.07556883,    3.4200000,  1.394467e+5,  1.791916e+5
2026-05-09 05:00:00.000   ,    534.98704,    530.49350,   0.09436831,    2.3611111,  1.356963e+5,  1.755981e+5
2026-05-09 06:00:00.000   ,    523.56207,    529.11418,   0.10234597,    1.6517241,  1.457483e+5,  1.741101e+5
2026-05-09 07:00:00.000   ,    526.87500,    527.73487,   0.11041118,    2.4474576,  1.337267e+5,  1.726276e+5
2026-05-09 08:00:00.000   ,    527.83276,    524.29747,   0.13089996,    1.4557692,  1.686862e+5,  1.689566e+5
2026-05-09 09:00:00.000   ,    517.71724,    520.86008,   0.15196110,    1.5218182,  1.279741e+5,  1.653191e+5
2026-05-09 10:00:00.000   ,    511.65932,    517.42268,   0.17361610,    1.6711864,  1.059102e+5,  1.617152e+5
2026-05-09 11:00:00.000   ,    500.90167,    513.56808,   0.19863373,    2.2000000,    85435.000,  1.577137e+5
2026-05-09 12:00:00.000   ,    484.29310,    509.71347,   0.22445992,    2.6566038,    81698.276,  1.537545e+5
2026-05-09 13:00:00.000   ,    489.62759,    506.75941,   0.24482158,    2.2127273,    82953.448,  1.507488e+5
2026-05-09 14:00:00.000   ,    487.94655,    503.80535,   0.26569539,    2.6482759,    65436.207,  1.477679e+5
2026-05-09 15:00:00.000   ,    480.41786,    505.78727,   0.25163345,    2.1185185,    69253.571,  1.497651e+5
2026-05-09 16:00:00.000   ,    482.43091,    504.79791,   0.25862363,    2.5527273,    75049.091,  1.487667e+5
2026-05-09 17:00:00.000   ,    486.82407,    499.71594,   0.29546927,    2.3611111,    68035.185,  1.436822e+5
2026-05-09 18:00:00.000   ,    488.16038,    494.63398,   0.33395688,    1.8905660,    63530.189,  1.386711e+5
2026-05-09 19:00:00.000   ,    487.84643,    489.55201,   0.37418549,    2.1232143,    70339.286,  1.337334e+5
2026-05-09 20:00:00.000   ,    484.41207,    485.24183,   0.40974830,    2.2637931,    79536.207,  1.296030e+5
2026-05-09 21:00:00.000   ,    484.63571,    480.93164,   0.44670969,    2.1461538,    77923.214,  1.255253e+5
2026-05-09 22:00:00.000   ,    472.63455,    476.62146,   0.48514397,    1.8127660,    64358.182,  1.215005e+5
2026-05-09 23:00:00.000   ,    464.66552,    472.31127,   0.52513046,    1.6800000,    69710.345,  1.175284e+5
2026-05-10 00:00:00.000   ,    458.01500,    468.00109,   0.56675387,    1.8896552,    74496.667,  1.136090e+5
2026-05-10 01:00:00.000   ,    453.71167,    463.69090,   0.61010479,    2.0745763,    76521.667,  1.097425e+5
2026-05-10 02:00:00.000   ,    451.66167,    459.38071,   0.65528015,    1.9310345,    81588.333,  1.059287e+5
2026-05-10 03:00:00.000   ,    436.18103,    455.07053,   0.70238378,    3.4913793,    47672.414,  1.021676e+5
2026-05-10 04:00:00.000   ,    438.18667,    453.26724,   0.72268945,    4.1966667,    43250.000,  1.006097e+5
2026-05-10 05:00:00.000   ,    438.71250,    451.46394,   0.74336060,    3.8071429,    71844.643,    99061.079
2026-05-10 06:00:00.000   ,    441.79831,    448.37143,   0.77968655,    4.6016949,    59255.932,    96426.758
2026-05-10 07:00:00.000   ,    438.87119,    445.27891,   0.81715981,    4.5135593,    52691.525,    93819.599
2026-05-10 08:00:00.000   ,    435.97627,    442.18639,   0.85582922,    4.4881356,    56488.136,    91239.604
2026-05-10 09:00:00.000   ,    430.95690,    439.09387,   0.89574623,    4.3947368,    50929.310,    88686.772
2026-05-10 10:00:00.000   ,    427.26780,    436.00136,   0.93696509,    4.3796610,    51911.864,    86161.102
2026-05-10 11:00:00.000   ,    409.83559,    432.90884,   0.97954303,    4.0929825,    69767.797,    83662.596
2026-05-10 12:00:00.000   ,    414.14828,    429.81632,    1.0235405,    3.9636364,    67848.276,    81191.253
2026-05-10 13:00:00.000   ,    427.56034,    426.41816,    1.0735992,    4.6913793,    73077.586,    78506.985
2026-05-10 14:00:00.000   ,    417.82586,    423.02001,    1.1255388,    4.0310345,    66596.552,    75855.514
2026-05-10 15:00:00.000   ,    396.29091,    419.62185,    1.1794545,    3.3472727,    76520.000,    73236.841
2026-05-10 16:00:00.000   ,    397.97547,    416.22369,    1.2354480,    2.7442308,    78607.547,    70650.965
2026-05-10 17:00:00.000   ,    400.25965,    412.82554,    1.2936274,    3.3019231,    64412.281,    68097.887
2026-05-10 18:00:00.000   ,    404.02586,    409.42738,    1.3541079,    3.3600000,    44851.724,    65577.606
2026-05-10 19:00:00.000   ,    398.05000,    406.02922,    1.4170126,    3.4175439,    54618.333,    63090.123
2026-05-10 20:00:00.000   ,    399.43000,    402.63106,    1.4824727,    3.2115385,    64668.333,    60635.437
2026-05-10 21:00:00.000   ,    403.80182,    399.23291,    1.5506286,    3.3254545,    45812.727,    58213.549
2026-05-10 22:00:00.000   ,    403.71250,    395.83475,    1.6216303,    3.0303571,    42651.786,    55824.459
2026-05-10 23:00:00.000   ,    389.08448,    392.43659,    1.6956385,    2.9630435,    63305.172,    53468.166
2026-05-11 00:00:00.000   ,    386.10333,    389.03843,    1.7728253,    2.5200000,    67561.667,    51144.671
2026-05-11 01:00:00.000   ,    398.39483,    385.64028,    1.8533756,    2.6034483,    48956.897,    48853.973
2026-05-11 02:00:00.000   ,    388.07333,    382.24212,    1.9374874,    3.0472727,    54135.000,    46596.073
2026-05-11 03:00:00.000   ,    400.69474,    378.84396,    2.0253740,    3.4654545,    55121.053,    44370.970
2026-05-11 04:00:00.000   ,    382.05667,    375.44580,    2.1172646,    3.0351852,    49070.000,    42178.665
2026-05-11 05:00:00.000   ,    386.54561,    372.04765,    2.2134063,    3.6703704,    55494.737,    40019.158
2026-05-11 06:00:00.000   ,    375.29833,    368.64949,    2.3140652,    3.1704545,    74270.000,    37892.448
2026-05-11 07:00:00.000   ,    402.83051,    365.25133,    2.4195290,    3.2896552,    61418.644,    35798.536
2026-05-11 08:00:00.000   ,    386.50370,    361.85317,    2.5301083,    3.7018868,    56533.333,    33737.421
2026-05-11 09:00:00.000   ,    383.01818,    358.45502,    2.6461395,    3.4127273,    58401.818,    31709.104
2026-05-11 10:00:00.000   ,    399.81321,    355.05686,    2.7679869,    3.7245283,    59698.113,    29713.584
2026-05-11 11:00:00.000   ,    393.52000,    351.65870,    2.8960458,    3.4714286,    68496.667,    27750.862
2026-05-11 12:00:00.000   ,    376.99138,    348.26054,    3.0307457,    4.2000000,    74424.138,    25820.937
2026-05-11 13:00:00.000   ,    377.31930,    344.86239,    3.1725538,    2.9470588,    65638.596,    23923.810
2026-05-11 14:00:00.000   ,    380.39655,    341.46423,    3.3219793,    3.1625000,    63556.897,    22059.481
2026-05-11 15:00:00.000   ,    385.60847,    338.06607,    3.4795777,    3.2672727,    56149.153,    20227.949
2026-05-11 16:00:00.000   ,    383.85965,    340.04607,    3.3867228,    3.0696429,    65012.281,    21291.137
2026-05-11 17:00:00.000   ,    381.24912,    345.65107,    3.1389818,    2.7111111,    75645.614,    24361.195
2026-05-11 18:00:00.000   ,    379.23750,    344.55815,    3.1856133,    3.4592593,    62439.286,    23755.563
2026-05-11 19:00:00.000   ,    371.19138,    343.46524,    3.2330373,    3.2250000,    62801.724,    23153.323
2026-05-11 20:00:00.000   ,    370.46607,    342.37232,    3.2812719,    3.3096154,    63501.786,    22554.476
2026-05-11 21:00:00.000   ,    370.87679,    341.94107,    3.3005317,    3.0600000,    65848.214,    22319.112
2026-05-11 22:00:00.000   ,    387.32759,    340.84232,    3.3501937,    3.3716981,    66829.310,    21721.834
2026-05-11 23:00:00.000   ,    377.34561,    339.74357,    3.4007210,    3.1653846,    57538.596,    21127.985
2026-05-12 00:00:00.000   ,    372.27833,    338.64482,    3.4521338,    3.0389831,    56615.000,    20537.565
2026-05-12 01:00:00.000   ,    380.33898,    337.54607,    3.5044528,    3.2448276,    59852.542,    19950.574
2026-05-12 02:00:00.000   ,    371.77000,    339.29607,    3.4215524,    2.8833333,    61196.667,    20887.104
2026-05-12 03:00:00.000   ,    366.67167,    337.82655,    3.4910101,    3.0122807,    62811.667,    20100.088
2026-05-12 04:00:00.000   ,    359.53000,    336.35702,    3.5621173,    2.8612245,    60025.000,    19319.205
2026-05-12 05:00:00.000   ,    362.99298,    334.88750,    3.6349268,    2.6773585,    55526.316,    18544.456
2026-05-12 06:00:00.000   ,    361.59167,    340.95607,    3.3450126,    2.7018182,    58350.000,    21783.509
2026-05-12 07:00:00.000   ,    360.97069,    341.62107,    3.3149071,    2.8465517,    46546.552,    22144.807
2026-05-12 08:00:00.000   ,    368.35254,    342.28607,    3.2851135,    3.0051724,    44635.593,    22507.361
2026-05-12 09:00:00.000   ,    363.74138,    342.95107,    3.2556274,    2.9241379,    42131.034,    22871.171
2026-05-12 10:00:00.000   ,    366.30833,    378.34955,    2.0384889,    2.7711864,    51733.333,    44049.965
2026-05-12 11:00:00.000   ,    378.69333,    380.21517,    1.9894418,    3.5083333,    52533.333,    45264.888
2026-05-12 12:00:00.000   ,    357.39167,    380.70896,    1.9766589,    2.2733333,    52880.000,    45588.104
2026-05-12 13:00:00.000   ,    347.87719,    381.20275,    1.9639577,    1.9207547,    53805.263,    45912.014
2026-05-12 14:00:00.000   ,    353.14333,    381.69653,    1.9513377,    2.1111111,    95476.667,    46236.616
2026-05-12 15:00:00.000   ,    351.51569,    382.19032,    1.9387982,    2.2127660,    93813.725,    46561.910
2026-05-12 16:00:00.000   ,    348.53704,    382.68411,    1.9263383,    2.3351852,    71016.667,    46887.897
2026-05-12 17:00:00.000   ,    352.65185,    383.17790,    1.9139576,    2.4698113,    64298.148,    47214.576
2026-05-12 18:00:00.000   ,    360.70000,    383.67168,    1.9016552,    2.6962264,    61681.132,    47541.948
2026-05-12 19:00:00.000   ,    347.22727,    384.16547,    1.8894306,    2.3716981,    83272.727,    47870.013
2026-05-12 20:00:00.000   ,    344.55667,    384.65926,    1.8772831,    2.3578947,    75645.000,    48198.770
2026-05-12 21:00:00.000   ,    330.68421,    385.15304,    1.8652120,    1.9358491,    39922.807,    48528.219
2026-05-12 22:00:00.000   ,    347.01250,    385.64683,    1.8532168,    2.6300000,    66748.214,    48858.361
2026-05-12 23:00:00.000   ,    351.52881,    392.55095,    1.6930972,    3.5525424,    45337.288,    53546.928
2026-05-13 00:00:00.000   ,    351.84407,    394.22364,    1.6563335,    2.8152542,    45508.475,    54703.220
2026-05-13 01:00:00.000   ,    355.07931,    395.86736,    1.6209348,    3.0824561,    49253.448,    55847.233
2026-05-13 02:00:00.000   ,    345.33833,    397.51109,    1.5862390,    2.0448276,    69921.667,    56998.919
2026-05-13 03:00:00.000   ,    350.53333,    397.51109,    1.5862390,    3.4129630,    44468.421,    56998.919
2026-05-13 04:00:00.000   ,    347.87167,    431.15466,    1.0043217,    4.8258621,    29056.667,    82257.430
2026-05-13 05:00:00.000   ,    349.47818,    442.81632,   0.84785296,    2.6960000,    52332.727,    91762.935
2026-05-13 06:00:00.000   ,    340.12167,    453.87460,   0.71580993,    1.8673077,    47485.000,  1.011334e+5
2026-05-13 07:00:00.000   ,    348.66000,    458.62203,   0.66342843,    2.4687500,    63265.000,  1.052628e+5
2026-05-13 08:00:00.000   ,    374.43158,    458.62203,   0.66342843,    3.8888889,    57626.316,  1.052628e+5
2026-05-13 09:00:00.000   ,    380.80345,    460.96052,   0.63850390,    5.1586207,    32768.966,  1.073204e+5
2026-05-13 10:00:00.000   ,    373.85833,    459.79413,   0.65086522,    3.1950000,    34986.667,  1.062922e+5
2026-05-13 11:00:00.000   ,    398.54407,    459.79413,   0.65086522,    4.2909091,    68750.847,  1.062922e+5
2026-05-13 12:00:00.000   ,    443.85667,    459.79413,   0.65086522,    5.6793103,  1.768767e+5,  1.062922e+5
2026-05-13 13:00:00.000   ,    458.20702,    458.62203,   0.66342843,    6.4218182,  2.102982e+5,  1.052628e+5
2026-05-13 14:00:00.000   ,    464.09000,    458.62203,   0.66342843,    5.3837838,  2.401883e+5,  1.052628e+5
2026-05-13 15:00:00.000   ,    457.69091,    458.62203,   0.66342843,    4.8619048,  1.649491e+5,  1.052628e+5
2026-05-13 16:00:00.000   ,    470.08148,    458.62203,   0.66342843,    4.3442308,  1.510185e+5,  1.052628e+5
2026-05-13 17:00:00.000   ,    488.41429,    457.44414,   0.67619888,    4.3479167,  1.458571e+5,  1.042323e+5
2026-05-13 18:00:00.000   ,    484.05926,    455.65937,   0.69583094,    4.4769231,  1.704185e+5,  1.026783e+5
2026-05-13 19:00:00.000   ,    472.46333,    453.87460,   0.71580993,    4.6294118,  1.445633e+5,  1.011334e+5
2026-05-13 20:00:00.000   ,    473.09464,    455.07053,   0.70238378,    5.0190476,  1.335982e+5,  1.021676e+5
2026-05-13 21:00:00.000   ,    467.46182,    453.87460,   0.71580993,    4.7300000,  1.461745e+5,  1.011334e+5
2026-05-13 22:00:00.000   ,    466.05000,    453.87460,   0.71580993,    4.5612903,  1.231483e+5,  1.011334e+5
2026-05-13 23:00:00.000   ,    458.17586,    455.07053,   0.70238378,    3.4862745,  1.260069e+5,  1.021676e+5
2026-05-14 00:00:00.000   ,    458.64746,    453.87149,   0.71584510,    4.1272727,  1.056153e+5,  1.011307e+5
2026-05-14 01:00:00.000   ,    456.33898,    452.67244,   0.72946673,    3.2686275,  1.080441e+5,  1.000979e+5
2026-05-14 02:00:00.000   ,    452.88167,    452.06819,   0.73639282,    3.6627119,    96548.333,    99578.974
2026-05-14 03:00:00.000   ,    448.60500,    451.46394,   0.74336060,    4.7771930,    90510.000,    99061.079
2026-05-14 04:00:00.000   ,    444.27544,    450.24569,   0.75753677,    4.7736842,    81617.544,    98020.081
2026-05-14 05:00:00.000   ,    441.56667,    449.02743,   0.77188657,    4.3520000,    80354.386,    96983.298
2026-05-14 06:00:00.000   ,    435.46667,    447.79917,   0.78653285,    4.8000000,    88685.000,    95942.268
2026-05-14 07:00:00.000   ,    440.77000,    447.18162,   0.79396550,    4.8604167,  1.067833e+5,    95420.472
2026-05-14 08:00:00.000   ,    439.79153,    446.56407,   0.80144462,    4.8192982,    90611.864,    94899.759
2026-05-14 09:00:00.000   ,    426.31053,    446.56407,   0.80144462,    4.0302326,  1.025842e+5,    94899.759
2026-05-14 10:00:00.000   ,    424.85167,    445.32199,   0.81662972,    4.1074074,    89520.000,    93855.730
2026-05-14 11:00:00.000   ,    416.93051,    441.51837,   0.86434429,    4.5627119,    72535.593,    90685.864
2026-05-14 12:00:00.000   ,    414.55965,    437.71476,   0.91396370,    4.6436364,    73835.088,    87557.088
2026-05-14 13:00:00.000   ,    414.31333,    444.07279,   0.83209633,    4.6322034,    58808.333,    92810.137
2026-05-14 14:00:00.000   ,    408.15500,    442.81262,   0.84789974,    5.0533333,    46998.333,    91759.852
2026-05-14 15:00:00.000   ,    399.67818,    441.55245,   0.86390852,    5.1222222,    67900.000,    90714.079
2026-05-14 16:00:00.000   ,    397.30000,    438.33434,   0.90574700,    5.4865385,    72071.154,    88063.940
2026-05-14 17:00:00.000   ,    398.54107,    435.11623,   0.94901015,    5.3350877,    66267.857,    85443.216
2026-05-14 18:00:00.000   ,    395.37407,    436.41962,   0.93131206,    5.6944444,    42755.556,    86501.110
2026-05-14 19:00:00.000   ,    377.89649,    435.11623,   0.94901015,    4.8631579,    32470.175,    85443.216
2026-05-14 20:00:00.000   ,    375.31525,    433.80009,   0.96712940,    5.6881356,    21616.071,    84379.867
2026-05-14 21:00:00.000   ,    389.03818,    432.48395,   0.98550250,    7.0072727,    21434.545,    83321.439
2026-05-14 22:00:00.000   ,    401.65536,    428.46873,    1.0431729,    4.2571429,    40267.857,    80122.838
2026-05-14 23:00:00.000   ,    403.57759,    427.79018,    1.0531666,    5.2827586,    45139.655,    79586.820
2026-05-15 00:00:00.000   ,    397.78500,    427.11164,    1.0632338,    5.5583333,    76865.000,    79052.110
2026-05-15 01:00:00.000   ,    402.95763,    425.74482,    1.0837386,    5.5566667,    72471.186,    77978.994
2026-05-15 02:00:00.000   ,    404.69138,    424.36291,    1.1047822,    4.7600000,    69120.690,    76899.420
2026-05-15 03:00:00.000   ,    407.94333,    422.98100,    1.1261462,    5.8966102,    77490.000,    75825.270
2026-05-15 04:00:00.000   ,    400.74828,    420.17513,    1.1705372,    4.0454545,  1.026069e+5,    73660.974
2026-05-15 05:00:00.000   ,    404.42632,    417.77031,    1.2096991,    5.1127273,    74291.228,    71823.816
2026-05-15 06:00:00.000   ,    430.20000,    415.36548,    1.2499306,    13.901724,    46908.475,    70003.085
2026-05-15 07:00:00.000   ,    431.37333,    412.96066,    1.2912709,    13.855000,    54020.000,    68198.778
2026-05-15 08:00:00.000   ,    439.46833,    611.91518,  -0.25743665,    10.460345,    84385.000,  2.730044e+5
2026-05-15 09:00:00.000   ,    490.09107,    623.74382,  -0.29405500,    6.0274510,  2.226321e+5,  2.887217e+5
2026-05-15 10:00:00.000   ,    524.81207,    627.72760,  -0.30577968,    5.5469388,  3.450310e+5,  2.941046e+5
2026-05-15 11:00:00.000   ,    564.34500,    631.71138,  -0.31721468,    5.5038462,  3.338517e+5,  2.995326e+5
2026-05-15 12:00:00.000   ,    574.08667,    651.44099,  -0.36988717,    5.2461538,  2.861917e+5,  3.270789e+5
2026-05-15 13:00:00.000   ,    580.30678,    656.94320,  -0.38349105,    4.6500000,  3.277051e+5,  3.349582e+5
2026-05-15 14:00:00.000   ,    601.27288,    650.74917,  -0.36814489,    4.3323529,  3.665119e+5,  3.260943e+5
2026-05-15 15:00:00.000   ,    625.07931,    652.13189,  -0.37161998,    4.4696970,  5.509828e+5,  3.280636e+5
2026-05-15 16:00:00.000   ,    647.66078,    659.67319,  -0.39007785,    4.3055556,  5.706471e+5,  3.388995e+5
2026-05-15 17:00:00.000   ,    672.92143,    663.74248,  -0.39970181,    3.6977273,  5.016964e+5,  3.448137e+5
2026-05-15 18:00:00.000   ,    680.05455,    668.76402,  -0.41126713,    3.7152174,  4.554909e+5,  3.521767e+5
2026-05-15 19:00:00.000   ,    646.30893,    673.78556,  -0.42250141,    4.2714286,  4.356071e+5,  3.596113e+5
2026-05-15 20:00:00.000   ,    637.35167,    682.34620,  -0.44092552,    4.0530612,  3.879367e+5,  3.724509e+5
2026-05-15 21:00:00.000   ,    629.27455,    684.30361,  -0.44501433,    3.7538462,  4.031818e+5,  3.754159e+5
2026-05-15 22:00:00.000   ,    670.23103,    688.19864,  -0.45301830,    5.1145833,  4.168448e+5,  3.813483e+5
2026-05-15 23:00:00.000   ,    740.92679,    688.84528,  -0.45433032,    4.3603774,  3.815714e+5,  3.823374e+5
2026-05-16 00:00:00.000   ,    724.68500,    692.06778,  -0.46079888,    3.9100000,  3.556500e+5,  3.872840e+5
2026-05-16 01:00:00.000   ,    719.22000,    691.42470,  -0.45951723,    3.2783333,  3.718000e+5,  3.862945e+5
2026-05-16 02:00:00.000   ,    721.96724,    690.78091,  -0.45822959,    3.0810345,  3.501034e+5,  3.853051e+5
2026-05-16 03:00:00.000   ,    722.44211,    688.19864,  -0.45301830,    2.8127660,  3.517895e+5,  3.813483e+5
2026-05-16 04:00:00.000   ,    713.86610,    687.55128,  -0.45170008,    3.0368421,  3.801356e+5,  3.803594e+5
2026-05-16 05:00:00.000   ,    689.84333,    688.19864,  -0.45301830,    2.4339623,  3.678667e+5,  3.813483e+5
2026-05-16 06:00:00.000   ,    660.60169,    694.63313,  -0.46586643,    2.6232558,  2.561254e+5,  3.912429e+5
2026-05-16 07:00:00.000   ,    672.41864,    696.54986,  -0.46960625,    2.4363636,  3.388492e+5,  3.942131e+5
2026-05-16 08:00:00.000   ,    655.63000,    699.73077,  -0.47572653,    2.4816327,  2.953167e+5,  3.991653e+5
2026-05-16 09:00:00.000   ,    630.32857,    699.09595,  -0.47451357,    2.8921053,  2.336607e+5,  3.981747e+5
2026-05-16 10:00:00.000   ,    647.75094,    699.09595,  -0.47451357,    1.9466667,  1.985585e+5,  3.981747e+5
2026-05-16 11:00:00.000   ,    641.36852,    699.09595,  -0.47451357,    2.0142857,  1.803519e+5,  3.981747e+5
2026-05-16 12:00:00.000   ,    636.42075,    697.82426,  -0.47207108,    1.8227273,  1.773962e+5,  3.961937e+5
2026-05-16 13:00:00.000   ,    645.35370,    696.54986,  -0.46960625,    1.8480000,  1.784630e+5,  3.942131e+5
2026-05-16 14:00:00.000   ,    651.18036,    695.91164,  -0.46836536,    1.4744681,  1.875107e+5,  3.932230e+5
2026-05-16 15:00:00.000   ,    671.32667,    693.66817,  -0.46396867,    1.2714286,  2.209767e+5,  3.897516e+5
2026-05-16 16:00:00.000   ,    671.71724,    691.42470,  -0.45951723,    1.7196429,  2.157069e+5,  3.862945e+5
2026-05-16 17:00:00.000   ,    672.43750,    690.78091,  -0.45822959,    1.7283019,  2.368750e+5,  3.853051e+5
2026-05-16 18:00:00.000   ,    668.56379,    685.90922,  -0.44833489,    1.7884615,  2.435207e+5,  3.778561e+5
2026-05-16 19:00:00.000   ,    662.15690,    681.03754,  -0.43816662,    2.0500000,  2.179000e+5,  3.704746e+5
2026-05-16 20:00:00.000   ,    689.37833,    679.06891,  -0.43397775,    1.7406780,  2.086383e+5,  3.675109e+5
2026-05-16 21:00:00.000   ,    669.92807,    677.09344,  -0.42972707,    1.8315789,  2.192632e+5,  3.645479e+5
2026-05-16 22:00:00.000   ,    655.00000,    676.43342,  -0.42829619,    2.1000000,  1.658684e+5,  3.635604e+5
2026-05-16 23:00:00.000   ,    638.24561,    670.45806,  -0.41509342,    1.6782609,  1.854912e+5,  3.546768e+5
2026-05-17 00:00:00.000   ,    628.78000,    667.10027,  -0.40747257,    1.8089286,  1.674333e+5,  3.497293e+5
2026-05-17 01:00:00.000   ,    618.09167,    663.74248,  -0.39970181,    1.5066667,  1.958000e+5,  3.448137e+5
2026-05-17 02:00:00.000   ,    632.99500,    665.09217,  -0.40284361,    1.2729167,  1.930333e+5,  3.467857e+5
2026-05-17 03:00:00.000   ,    639.86250,    661.35958,  -0.39409410,    1.4927273,  1.782143e+5,  3.413448e+5
2026-05-17 04:00:00.000   ,    650.15345,    657.62700,  -0.38515087,    1.3732143,  1.758241e+5,  3.359434e+5
2026-05-17 05:00:00.000   ,    660.64500,    653.51100,  -0.37505751,    1.4290909,  2.108633e+5,  3.300331e+5
2026-05-17 06:00:00.000   ,    660.08596,    650.05645,  -0.36639307,    1.6882353,  2.176561e+5,  3.251098e+5
2026-05-17 07:00:00.000   ,    652.51667,    647.96859,  -0.36106883,    1.2612245,  2.395667e+5,  3.221506e+5
2026-05-17 08:00:00.000   ,    643.38833,    645.88074,  -0.35567719,    1.2918367,  2.132233e+5,  3.192038e+5
2026-05-17 09:00:00.000   ,    631.12909,    642.00865,  -0.34549569,    1.3169811,  1.808745e+5,  3.137716e+5
2026-05-17 10:00:00.000   ,    647.16207,    638.13656,  -0.33507094,    1.3814815,  2.160276e+5,  3.083820e+5
2026-05-17 11:00:00.000   ,    640.31786,    633.14633,  -0.32126441,    1.6547170,  2.252143e+5,  3.014988e+5
2026-05-17 12:00:00.000   ,    641.34483,    630.27228,  -0.31311672,    1.9452830,  1.879707e+5,  2.975666e+5
2026-05-17 13:00:00.000   ,    630.65254,    627.73720,  -0.30580760,    1.7212766,  2.057576e+5,  2.941176e+5
2026-05-17 14:00:00.000   ,    621.51071,    625.20213,  -0.29838119,    1.6815789,  1.995911e+5,  2.906870e+5
2026-05-17 15:00:00.000   ,    618.50000,    622.64043,  -0.29075506,    1.6128205,  2.002679e+5,  2.872388e+5
2026-05-17 16:00:00.000   ,    608.48654,    620.07873,  -0.28300391,    1.6434783,  1.754423e+5,  2.838092e+5
2026-05-17 17:00:00.000   ,    601.45179,    612.66318,  -0.25983575,    1.3340426,  1.564643e+5,  2.739866e+5
2026-05-17 18:00:00.000   ,    576.42759,    608.89582,  -0.24763294,    1.5744186,  1.522414e+5,  2.690562e+5
2026-05-17 19:00:00.000   ,    564.45614,    605.12847,  -0.23512586,    1.8724138,  1.417316e+5,  2.641660e+5
2026-05-17 20:00:00.000   ,    562.42759,    602.45402,  -0.22605680,    1.6690476,  1.373741e+5,  2.607190e+5
2026-05-17 21:00:00.000   ,    558.17407,    599.77956,  -0.21682548,    1.7021277,    99555.556,  2.572923e+5
2026-05-17 22:00:00.000   ,    552.36379,    593.54334,  -0.19464780,    1.7240000,  1.020897e+5,  2.493809e+5
2026-05-17 23:00:00.000   ,    540.37667,    587.30713,  -0.17151458,    1.9275000,  1.168783e+5,  2.415799e+5
2026-05-18 00:00:00.000   ,    530.23667,    583.83848,  -0.15821373,    1.8594595,  1.110967e+5,  2.372888e+5
2026-05-18 01:00:00.000   ,    539.06167,    580.36984,  -0.14458998,    1.9166667,    97063.333,  2.330318e+5
2026-05-18 02:00:00.000   ,    531.16667,    576.90119,  -0.13063280,    1.8183673,    92988.333,  2.288089e+5
2026-05-18 03:00:00.000   ,    545.10345,    570.36610,  -0.10339201,    1.6288136,    91844.828,  2.209458e+5
2026-05-18 04:00:00.000   ,    543.85517,    566.20603,  -0.08537885,    1.5339623,  1.106379e+5,  2.160035e+5
2026-05-18 05:00:00.000   ,    533.81356,    562.04596,  -0.06681734,    2.2604651,  1.239661e+5,  2.111104e+5
2026-05-18 06:00:00.000   ,    528.81695,    558.22515,  -0.04926721,    1.8315789,  1.221864e+5,  2.066596e+5
2026-05-18 07:00:00.000   ,    528.71500,    554.40433,  -0.03121729,    1.3854545,  1.109733e+5,  2.022502e+5
2026-05-18 08:00:00.000   ,    538.18214,    551.21998,  -0.01577846,    1.7982456,    99226.786,  1.986071e+5
2026-05-18 09:00:00.000   ,    534.54038,    548.03563,   0.00003240,    2.0265306,  1.093673e+5,  1.949927e+5
2026-05-18 10:00:00.000   ,    548.20727,    544.85129,   0.01622733,    1.4714286,  1.021600e+5,  1.914072e+5
2026-05-18 11:00:00.000   ,    551.11455,    540.67433,   0.03807382,    1.9982143,    96189.091,  1.867476e+5
2026-05-18 12:00:00.000   ,    549.30678,    536.49737,   0.06063243,    1.0206897,    95250.847,  1.821376e+5
2026-05-18 13:00:00.000   ,    532.31186,    532.32041,   0.08393444,    1.5094340,  1.209322e+5,  1.775771e+5
2026-05-18 14:00:00.000   ,    526.28772,    527.73487,   0.11041118,    2.0659091,  1.274035e+5,  1.726276e+5
2026-05-18 15:00:00.000   ,    528.86379,    524.61442,   0.12898717,    2.3571429,  1.409621e+5,  1.692937e+5
2026-05-18 16:00:00.000   ,    532.76500,    521.49396,   0.14803322,    2.7964912,  1.107500e+5,  1.659874e+5
2026-05-18 17:00:00.000   ,    524.17778,    518.37351,   0.16756534,    2.7163265,  1.225852e+5,  1.627087e+5
2026-05-18 18:00:00.000   ,    517.95932,    514.53044,   0.19231325,    1.8934783,  1.432407e+5,  1.587088e+5
2026-05-18 19:00:00.000   ,    520.58246,    510.68738,   0.21785643,    1.2627907,  1.418018e+5,  1.547508e+5
2026-05-18 20:00:00.000   ,    530.12373,    506.24893,   0.24839161,    1.1680000,  1.303407e+5,  1.502319e+5
2026-05-18 21:00:00.000   ,    521.91864,    501.81049,   0.28008976,    2.0625000,  1.204576e+5,  1.457689e+5
2026-05-18 22:00:00.000   ,    521.26897,    499.10550,   0.30000376,    2.2764706,  1.146310e+5,  1.430764e+5
2026-05-18 23:00:00.000   ,    521.37018,    496.40051,   0.32038610,    2.1472727,  1.040772e+5,  1.404047e+5
2026-05-19 00:00:00.000   ,    520.53500,    493.69552,   0.34125157,    2.1274510,  1.108833e+5,  1.377538e+5
2026-05-19 01:00:00.000   ,    520.82667,    488.45817,   0.38308213,    1.5948718,  1.234133e+5,  1.326801e+5
2026-05-19 02:00:00.000   ,    522.48000,    483.22083,   0.42690055,    1.1068182,  1.375117e+5,  1.276844e+5
2026-05-19 03:00:00.000   ,    521.67500,    480.52605,   0.45026240,   0.96444444,  1.610696e+5,  1.251443e+5
2026-05-19 04:00:00.000   ,    518.10345,    477.83128,   0.47420271,    1.6791667,  1.368569e+5,  1.226249e+5
2026-05-19 05:00:00.000   ,    520.10833,    475.25328,   0.49766481,    1.1534884,  1.440417e+5,  1.202339e+5
2026-05-19 06:00:00.000   ,    570.23860,    472.67527,   0.52169149,    2.1228070,  1.583667e+5,  1.178618e+5
2026-05-19 07:00:00.000   ,    606.22333,    470.09727,   0.54630102,    2.8610169,  2.221300e+5,  1.155085e+5
2026-05-19 08:00:00.000   ,    598.47000,    466.66289,   0.58002385,    2.6684211,  2.130000e+5,  1.124029e+5
2026-05-19 09:00:00.000   ,    603.00351,    463.22851,   0.61486200,    2.1224138,  2.106491e+5,  1.093308e+5
2026-05-19 10:00:00.000   ,    588.78036,    459.79413,   0.65086522,   0.25892857,  1.562857e+5,  1.062922e+5
2026-05-19 11:00:00.000   ,    571.73860,    462.09948,   0.62656678,    1.2519231,  2.266123e+5,  1.083282e+5
2026-05-19 12:00:00.000   ,    556.66780,    464.40483,   0.60280088,   0.49069767,  1.529814e+5,  1.103793e+5
2026-05-19 13:00:00.000   ,    536.72364,    466.71018,   0.57955207,    1.2878049,  1.427618e+5,  1.124454e+5
2026-05-19 14:00:00.000   ,    523.02679,    463.27657,   0.61436658,    1.2960784,  1.182875e+5,  1.093735e+5
2026-05-19 15:00:00.000   ,    521.54107,    462.11854,   0.62636808,    2.0907407,  1.182125e+5,  1.083451e+5
2026-05-19 16:00:00.000   ,    520.66078,    460.96052,   0.63850390,    1.6760000,    94237.255,  1.073204e+5
2026-05-19 17:00:00.000   ,    512.85000,    458.61043,   0.66355356,    1.4147059,    94728.571,  1.052526e+5
2026-05-19 18:00:00.000   ,    509.85946,    456.26034,   0.68918208,    1.4702703,  1.023919e+5,  1.032006e+5
2026-05-19 19:00:00.000   ,    506.84667,    452.67244,   0.72946673,    1.3745763,  1.082900e+5,  1.000979e+5
2026-05-19 20:00:00.000   ,    497.70175,    450.23581,   0.75765245,    1.1666667,    85257.895,    98011.656
2026-05-19 21:00:00.000   ,    497.98036,    447.79917,   0.78653285,    1.2527273,    83123.214,    95942.268
2026-05-19 22:00:00.000   ,    501.83621,    446.56058,   0.80148701,    1.2070175,    91798.276,    94896.820
2026-05-19 23:00:00.000   ,    505.56034,    445.32199,   0.81662972,    1.5879310,    76036.207,    93855.730
2026-05-20 00:00:00.000   ,    514.29833,    441.92007,   0.85921698,    2.0200000,    52061.667,    91018.688
2026-05-20 01:00:00.000   ,    514.11667,    438.51815,   0.90331954,    2.1100000,    38981.667,    88214.517
2026-05-20 02:00:00.000   ,    512.66833,    435.11623,   0.94901015,    1.7166667,    43418.333,    85443.216
2026-05-20 03:00:00.000   ,    492.53051,    433.80440,   0.96706958,    1.2153846,    96250.847,    84383.346
2026-05-20 04:00:00.000   ,    500.32069,    432.47953,   0.98556459,    1.4932203,    70496.552,    83317.895
2026-05-20 05:00:00.000   ,    487.53051,    431.15466,    1.0043217,    1.0615385,    94822.034,    82257.430
2026-05-20 06:00:00.000   ,    484.30000,    428.44974,    1.0434516,   0.98636364,  1.184700e+5,    80107.822
2026-05-20 07:00:00.000   ,    480.62759,    425.74482,    1.0837386,   0.93421053,  1.177017e+5,    77978.994
2026-05-20 08:00:00.000   ,    482.58000,    422.25613,    1.1374829,   0.88490566,  1.179650e+5,    75263.999
2026-05-20 09:00:00.000   ,    477.76034,    418.76743,    1.1933336,   0.87674419,  1.193603e+5,    72583.572
2026-05-20 10:00:00.000   ,    478.57059,    415.27873,    1.2514023,    1.2265306,    69227.451,    69937.714
2026-05-20 11:00:00.000   ,    471.03519,    411.79004,    1.3118079,   0.89069767,  1.047222e+5,    67326.424
2026-05-20 12:00:00.000   ,    478.29038,    408.30134,    1.3746776,    1.0425532,    82861.538,    64749.703
2026-05-20 13:00:00.000   ,    470.90000,    404.81264,    1.4401472,   0.96326531,    90892.857,    62207.551
2026-05-20 14:00:00.000   ,    460.40000,    401.32395,    1.5083621,    1.0333333,  1.045333e+5,    59699.967
2026-05-20 15:00:00.000   ,    469.23103,    397.83525,    1.5794780,    1.0796296,    86574.138,    57226.951
2026-05-20 16:00:00.000   ,    458.33214,    394.34655,    1.6536616,    1.0133333,  1.033357e+5,    54788.505
2026-05-20 17:00:00.000   ,    467.39636,    390.85786,    1.7310921,    1.1098039,    89710.909,    52384.626
2026-05-20 18:00:00.000   ,    466.78929,    389.13233,    1.7706482,    1.1000000,    89707.143,    51208.434
2026-05-20 19:00:00.000   ,    459.66034,    387.40681,    1.8110699,    1.2654545,    70260.345,    50040.699
2026-05-20 20:00:00.000   ,    445.19138,    385.64683,    1.8532168,    1.4525000,    96268.966,    48858.361
2026-05-20 21:00:00.000   ,    446.84912,    385.64683,    1.8532168,    1.4900000,    70277.193,    48858.361
2026-05-20 22:00:00.000   ,    456.29298,    398.56381,    1.5643789,    1.3326923,    74185.965,    57740.544
2026-05-20 23:00:00.000   ,    455.71833,    411.48078,    1.3172795,    1.3116667,    85260.000,    67096.616
2026-05-21 00:00:00.000   ,    461.13333,    418.61280,    1.1958596,    1.6186441,    66176.667,    72465.570
2026-05-21 01:00:00.000   ,    440.28833,    425.74482,    1.0837386,    1.2358491,  1.079717e+5,    77978.994
2026-05-21 02:00:00.000   ,    450.40000,    422.38386,    1.1354787,    1.5250000,    80836.667,    75362.794
2026-05-21 03:00:00.000   ,    454.24068,    419.02290,    1.1891700,    1.5087719,    95932.203,    72778.679
2026-05-21 04:00:00.000   ,    439.97000,    415.66193,    1.2449120,    1.6862069,    88941.667,    70226.646
2026-05-21 05:00:00.000   ,    441.28276,    412.30097,    1.3028104,    1.5754717,  1.018121e+5,    67706.697
2026-05-21 06:00:00.000   ,    439.03559,    408.94001,    1.3629779,    1.7327586,    84206.780,    65218.832
2026-05-21 07:00:00.000   ,    449.67288,    405.57904,    1.4255347,    1.4762712,    73240.678,    62763.050
2026-05-21 08:00:00.000   ,    428.94576,    402.21808,    1.4906090,    1.1719298,    83501.695,    60339.352
2026-05-21 09:00:00.000   ,    430.26724,    398.85712,    1.5583376,    1.3649123,    79346.552,    57947.737
2026-05-21 10:00:00.000   ,    442.64310,    395.49615,    1.6288669,    1.5051724,    69474.138,    55588.206
2026-05-21 11:00:00.000   ,    429.30847,    392.13519,    1.7023535,    1.5000000,    54211.864,    53260.758
2026-05-21 12:00:00.000   ,    432.85254,    388.77423,    1.7789650,    1.5535714,    60183.051,    50965.394
2026-05-21 13:00:00.000   ,    427.40172,    385.41326,    1.8588813,    1.5894737,    42558.621,    48702.114
2026-05-21 14:00:00.000   ,    433.11207,    382.05230,    1.9422951,    1.7034483,    47815.517,    46470.916
2026-05-21 15:00:00.000   ,    423.04643,    385.64683,    1.8532168,    1.4851852,    44310.714,    48858.361
2026-05-21 16:00:00.000   ,    420.28000,    397.51109,    1.5862390,    1.5686275,    43720.000,    56998.919
2026-05-21 17:00:00.000   ,    425.45185,    421.58346,    1.1480844,    1.6127273,    47283.333,    74744.489
2026-05-21 18:00:00.000   ,    424.61228,    421.58346,    1.1480844,    1.6000000,    45466.667,    74744.489
2026-05-21 19:00:00.000   ,    408.39138,    425.74482,    1.0837386,    1.3350877,    44822.414,    77978.994
2026-05-21 20:00:00.000   ,    397.21000,    482.15144,   0.43610337,    1.1448276,    43595.000,  1.266740e+5
2026-05-21 21:00:00.000   ,    402.35439,    482.15144,   0.43610337,    1.3454545,    44554.386,  1.266740e+5
2026-05-21 22:00:00.000   ,    410.60000,    478.89811,   0.46465462,    1.6732143,    40896.429,  1.236198e+5
2026-05-21 23:00:00.000   ,    397.99661,    475.64478,   0.49406586,    1.3627119,    52122.034,  1.205958e+5
2026-05-22 00:00:00.000   ,    418.63400,    472.87102,   0.51984689,    2.7000000,    84170.000,  1.180412e+5
2026-05-22 01:00:00.000   ,    406.02157,    470.09727,   0.54630102,    1.4967742,  1.264216e+5,  1.155085e+5
2026-05-22 02:00:00.000   ,    391.04444,    473.43998,   0.51450453,    4.7217391,  1.535674e+5,  1.185634e+5
2026-05-22 03:00:00.000   ,    391.95536,    471.20663,   0.53563849,    2.4621622,    73607.143,  1.165189e+5
2026-05-22 04:00:00.000   ,    400.99464,    468.97327,   0.55721794,    3.3977273,    57276.786,  1.144884e+5
2026-05-22 05:00:00.000   ,    399.36604,    471.21634,   0.53554564,    4.6064516,  1.116170e+5,  1.165277e+5
2026-05-22 06:00:00.000   ,    406.39623,    468.97327,   0.55721794,    7.1105263,    98837.736,  1.144884e+5
2026-05-22 07:00:00.000   ,    396.76786,    472.33055,   0.52494803,    2.8957447,    75064.286,  1.175460e+5
2026-05-22 08:00:00.000   ,    388.09000,    470.65191,   0.54095628,    3.3816327,    79725.000,  1.160132e+5
2026-05-22 09:00:00.000   ,    384.03091,    468.97327,   0.55721794,    3.3386364,    73518.182,  1.144884e+5
2026-05-22 10:00:00.000   ,    369.36271,    470.09727,   0.54630102,    1.3033898,    88605.085,  1.155085e+5
2026-05-22 11:00:00.000   ,    368.00169,    467.84427,   0.56830028,    1.6237288,    55518.644,  1.134674e+5
2026-05-22 12:00:00.000   ,    375.52667,    465.56042,   0.59108338,    1.3423729,    67740.000,  1.114131e+5
2026-05-22 13:00:00.000   ,    373.67500,    463.27657,   0.61436658,    1.4000000,    58116.667,  1.093735e+5
2026-05-22 14:00:00.000   ,    366.68276,    466.71018,   0.57955207,    1.2711864,    75377.586,  1.124454e+5
2026-05-22 15:00:00.000   ,    361.31579,    463.27657,   0.61436658,    1.8379310,    37849.123,  1.093735e+5
2026-05-22 16:00:00.000   ,    357.41455,    463.27657,   0.61436658,    1.6600000,    44609.091,  1.093735e+5
2026-05-22 17:00:00.000   ,    359.81321,    462.11854,   0.62636808,    1.8000000,    41792.453,  1.083451e+5
2026-05-22 18:00:00.000   ,    366.94545,    460.96052,   0.63850390,    1.7000000,    35867.273,  1.073204e+5
2026-05-22 19:00:00.000   ,    372.19825,    458.61043,   0.66355356,    1.9649123,    44777.193,  1.052526e+5
2026-05-22 20:00:00.000   ,    369.92069,    456.26034,   0.68918208,    1.6017241,    47844.828,  1.032006e+5
2026-05-22 21:00:00.000   ,    366.32456,    457.44414,   0.67619888,    1.5368421,    34403.509,  1.042323e+5
2026-05-22 22:00:00.000   ,    364.72182,    457.44414,   0.67619888,    1.5709091,    25214.545,  1.042323e+5
2026-05-22 23:00:00.000   ,    365.50351,    464.88734,   0.59789254,    2.2689655,    24157.895,  1.108105e+5
2026-05-23 00:00:00.000   ,    363.14667,    472.33055,   0.52494803,    2.4450000,    19886.667,  1.175460e+5
2026-05-23 01:00:00.000   ,    353.65833,    473.24734,   0.51631024,    2.5966667,    21951.667,  1.183865e+5
2026-05-23 02:00:00.000   ,    349.91500,    474.16413,   0.50774563,    2.7716667,    26256.667,  1.192294e+5
2026-05-23 03:00:00.000   ,    352.31186,    475.08091,   0.49925338,    2.6983051,    25700.000,  1.200747e+5
2026-05-23 04:00:00.000   ,    336.97167,    475.99770,   0.49083268,    2.2983333,    31428.333,  1.209224e+5
2026-05-23 05:00:00.000   ,    332.76833,    476.91449,   0.48248272,    2.0233333,    32965.000,  1.217724e+5
2026-05-23 06:00:00.000   ,    329.95357,    477.83128,   0.47420271,    1.7526316,    39203.571,  1.226249e+5
2026-05-23 07:00:00.000   ,    334.14483,    475.08091,   0.49925338,    2.1338983,    30277.586,  1.200747e+5
2026-05-23 08:00:00.000   ,    331.72000,    472.33055,   0.52494803,    2.0816667,    31566.667,  1.175460e+5
2026-05-23 09:00:00.000   ,    329.96842,    550.09221,  -0.01022202,    1.8913793,    36850.877,  1.973237e+5
2026-05-23 10:00:00.000   ,    330.05690,    545.64926,   0.01213225,    1.9241379,    39106.897,  1.923030e+5
2026-05-23 11:00:00.000   ,    326.69831,    541.20631,   0.03525248,    1.7813559,    44300.000,  1.873383e+5
2026-05-23 12:00:00.000   ,    325.06552,    536.76336,   0.05917405,    1.6879310,    48318.966,  1.824297e+5
2026-05-23 13:00:00.000   ,    326.07586,    532.32041,   0.08393444,    1.8413793,    48577.586,  1.775771e+5
2026-05-23 14:00:00.000   ,    326.46140,    526.81037,   0.11586663,    1.8052632,    47312.281,  1.716370e+5
2026-05-23 15:00:00.000   ,    329.93585,    523.58577,   0.13521293,    2.0129630,    45313.208,  1.682007e+5
2026-05-23 16:00:00.000   ,    328.75882,    520.36117,   0.15506674,    1.9211538,    43884.314,  1.647939e+5
2026-05-23 17:00:00.000   ,    328.42321,    517.13657,   0.17544599,    1.9018182,    45419.643,  1.614167e+5
2026-05-23 18:00:00.000   ,    329.79000,    513.91198,   0.19636937,    2.3816667,    38580.000,  1.580690e+5
2026-05-23 19:00:00.000   ,    329.81552,    510.68738,   0.21785643,    2.5094340,    36446.552,  1.547508e+5
2026-05-23 20:00:00.000   ,    327.96552,    512.60329,   0.20502068,    2.5346154,    36601.724,  1.567188e+5
2026-05-23 21:00:00.000   ,    328.15893,    514.51920,   0.19238679,    2.3183673,    35296.429,  1.586972e+5
2026-05-23 22:00:00.000   ,    323.26429,    516.43512,   0.17995055,    2.0527273,    40282.143,  1.606860e+5
2026-05-23 23:00:00.000   ,    322.00000,    518.35103,   0.16770786,    1.9396552,    39498.276,  1.626852e+5
2026-05-24 00:00:00.000   ,    320.16780,    520.26694,   0.15565472,    2.5533333,    29352.542,  1.646948e+5
2026-05-24 01:00:00.000   ,    314.53833,    520.26694,   0.15565472,    2.5816667,    26446.667,  1.646948e+5
2026-05-24 02:00:00.000   ,    310.47500,    484.28607,   0.41782106,    2.2816667,    25821.667,  1.286942e+5
2026-05-24 03:00:00.000   ,    306.38475,    482.14304,   0.43617605,    2.1518519,    30343.103,  1.266660e+5
2026-05-24 04:00:00.000   ,    308.13667,    480.00000,   0.45488981,    2.4438596,    30956.667,  1.246509e+5
2026-05-24 05:00:00.000   ,    312.67167,    464.42641,   0.60258084,    2.9428571,    22116.667,  1.103985e+5
2026-05-24 06:00:00.000   ,    309.38644,    477.88358,   0.47373248,    2.6796610,    20127.119,  1.226736e+5
2026-05-24 07:00:00.000   ,    307.33103,    491.34074,   0.35982094,    2.2762712,    20001.724,  1.354630e+5
2026-05-24 08:00:00.000   ,    308.46034,    504.79791,   0.25862363,    1.7357143,    43315.517,  1.487667e+5
2026-05-24 09:00:00.000   ,    300.48772,    502.80955,   0.27285026,    2.2111111,    31275.439,  1.467686e+5
2026-05-24 10:00:00.000   ,    302.19643,    500.80811,   0.28741548,    2.8981481,    23310.714,  1.447688e+5
2026-05-24 11:00:00.000   ,    303.68793,    505.78727,   0.25163345,    3.1879310,    16962.069,  1.497651e+5
2026-05-24 12:00:00.000   ,    305.19038,    507.75656,   0.23789206,    2.4400000,    26367.308,  1.517606e+5
2026-05-24 13:00:00.000   ,    327.77925,    507.75656,   0.23789206,   0.63703704,  1.022566e+5,  1.517606e+5
2026-05-24 14:00:00.000   ,    325.66316,    503.75278,   0.26607155,   0.81666667,    91500.000,  1.477151e+5
2026-05-24 15:00:00.000   ,    295.04340,    499.74901,   0.29522431,    3.0355556,    40369.811,  1.437151e+5
2026-05-24 16:00:00.000   ,    299.30508,    495.74524,   0.32539572,    3.9042553,    50198.305,  1.397606e+5
2026-05-24 17:00:00.000   ,    290.77966,    494.72218,   0.33327438,    5.6627119,    23077.966,  1.387575e+5
2026-05-24 18:00:00.000   ,    285.39825,    521.20960,   0.14979279,    6.6228070,    19780.702,  1.656874e+5
2026-05-24 19:00:00.000   ,    280.85167,    535.04297,   0.06866008,    6.7983333,    23263.333,  1.805440e+5
2026-05-24 20:00:00.000   ,    293.60667,    537.74466,   0.05381972,    7.5155172,    25895.000,  1.835090e+5
2026-05-24 21:00:00.000   ,    299.16786,    532.33321,   0.08386188,    7.8696429,    19387.500,  1.775910e+5
2026-05-24 22:00:00.000   ,    308.50517,    526.92175,   0.11520725,    10.155172,    23318.966,  1.717562e+5
2026-05-24 23:00:00.000   ,    318.28621,    521.51029,   0.14793231,    7.9508772,    30163.793,  1.660046e+5
2026-05-25 00:00:00.000   ,    331.58793,    516.09883,   0.18211925,    4.9271186,    59646.552,  1.603361e+5
2026-05-25 01:00:00.000   ,    340.18136,    510.68738,   0.21785643,    4.6883333,    80427.119,  1.547508e+5
2026-05-25 02:00:00.000   ,    339.88136,    506.46030,   0.24691151,    4.5596491,    93649.153,  1.504458e+5
2026-05-25 03:00:00.000   ,    347.74068,    502.23323,   0.27701890,    5.3036364,    92077.966,  1.461916e+5
2026-05-25 04:00:00.000   ,    344.48793,    498.00616,   0.30823005,    5.2880000,    87700.000,  1.419881e+5
2026-05-25 05:00:00.000   ,    342.60500,    493.77909,   0.34059956,    4.7018182,    75035.000,  1.378354e+5
2026-05-25 06:00:00.000   ,    341.54068,    489.55201,   0.37418549,    4.7222222,    62298.305,  1.337334e+5
2026-05-25 07:00:00.000   ,    344.69492,    485.66107,   0.40622898,    5.0351852,    67625.424,  1.300024e+5
2026-05-25 08:00:00.000   ,    347.83276,    481.77012,   0.43940647,    6.6490909,    61693.103,  1.263144e+5
2026-05-25 09:00:00.000   ,    349.32143,    477.87917,   0.47377211,    6.3169811,    65661.818,  1.226695e+5
2026-05-25 10:00:00.000   ,    352.77119,    473.98822,   0.50938332,    7.2333333,    56042.373,  1.190675e+5
2026-05-25 11:00:00.000   ,    359.89310,    470.09727,   0.54630102,    9.4310345,    41568.966,  1.155085e+5
2026-05-25 12:00:00.000   ,    360.46400,    465.88330,   0.58783234,    9.6860000,    33838.000,  1.117026e+5
2026-05-25 13:00:00.000   ,    357.62545,    461.66933,   0.63105961,    10.072727,    34721.818,  1.079471e+5
2026-05-25 14:00:00.000   ,    358.49828,    457.45537,   0.67607644,    10.339655,    31550.000,  1.042421e+5
2026-05-25 15:00:00.000   ,    369.97321,    453.24140,   0.72298301,    6.6370370,    53225.000,  1.005875e+5
2026-05-25 16:00:00.000   ,    401.11724,    449.02743,   0.77188657,    3.7000000,    93644.828,    96983.298
2026-05-25 17:00:00.000   ,    407.39655,    445.30651,   0.81682010,    3.0775862,    87758.621,    93842.751
2026-05-25 18:00:00.000   ,    415.43559,    441.58560,   0.86348478,    3.6881356,    82915.254,    90741.528
2026-05-25 19:00:00.000   ,    409.57000,    437.86468,   0.91197067,    3.8066667,    85686.667,    87679.629
2026-05-25 20:00:00.000   ,    404.95500,    434.14376,   0.96237382,    3.9283333,    77603.333,    84657.054
2026-05-25 21:00:00.000   ,    407.07018,    430.42284,    1.0147966,    4.0309091,    82249.123,    81673.802
2026-05-25 22:00:00.000   ,    408.02143,    426.70192,    1.0693485,    3.9653061,  1.008393e+5,    78729.874
2026-05-25 23:00:00.000   ,    403.61525,    422.98100,    1.1261462,    4.1830508,    89708.475,    75825.270
2026-05-26 00:00:00.000   ,    402.30678,    420.17513,    1.1705372,    4.2898305,  1.023627e+5,    73660.974
2026-05-26 01:00:00.000   ,    401.81864,    418.75001,    1.1936180,    3.8366667,  1.178119e+5,    72570.275
2026-05-26 02:00:00.000   ,    398.05333,    417.32489,    1.2170689,    4.0881356,  1.190350e+5,    71485.344
2026-05-26 03:00:00.000   ,    397.56102,    415.88234,    1.2411917,    4.8203704,  1.107254e+5,    70393.019
2026-05-26 04:00:00.000   ,    395.60667,    417.32489,    1.2170689,    3.7943396,  1.184500e+5,    71485.344
2026-05-26 05:00:00.000   ,    397.15000,    418.75571,    1.1935249,    4.3946429,  1.206967e+5,    72574.626
2026-05-26 06:00:00.000   ,    396.72632,    415.11825,    1.2541289,    6.0264151,  1.144491e+5,    69816.831
2026-05-26 07:00:00.000   ,    402.22333,    411.48078,    1.3172795,    4.9400000,  1.262100e+5,    67096.616
2026-05-26 08:00:00.000   ,    406.62069,    447.79917,   0.78653285,    4.2068966,  1.420897e+5,    95942.268
2026-05-26 09:00:00.000   ,    396.47857,    447.18162,   0.79396550,    4.2692308,  1.261232e+5,    95420.472
2026-05-26 10:00:00.000   ,    388.97193,    446.56407,   0.80144462,    3.6074074,  1.211281e+5,    94899.759
2026-05-26 11:00:00.000   ,    388.74107,    446.56407,   0.80144462,    3.8054545,  1.127804e+5,    94899.759
2026-05-26 12:00:00.000   ,    387.00943,    474.54470,   0.50421161,    3.5134615,  1.167038e+5,  1.195800e+5
2026-05-26 13:00:00.000   ,    392.17500,    480.00000,   0.45488981,    3.2925926,  1.314214e+5,  1.246509e+5
2026-05-26 14:00:00.000   ,    403.14630,    478.37014,   0.46936828,    3.4846154,  1.405056e+5,  1.231270e+5
2026-05-26 15:00:00.000   ,    392.37000,    476.74028,   0.48406396,    3.5850000,  1.209100e+5,  1.216107e+5
2026-05-26 16:00:00.000   ,    391.41552,    476.74028,   0.48406396,    3.5403846,  1.383431e+5,  1.216107e+5
2026-05-26 17:00:00.000   ,    400.48421,    473.43998,   0.51450453,    3.5500000,  1.261579e+5,  1.185634e+5
2026-05-26 18:00:00.000   ,    403.14909,    478.91783,   0.46447900,    5.0553191,  1.207855e+5,  1.236383e+5
2026-05-26 19:00:00.000   ,    429.20667,    480.00000,   0.45488981,    3.9192308,  1.742000e+5,  1.246509e+5
2026-05-26 20:00:00.000   ,    415.35536,    481.07785,   0.44543221,    3.8872340,  2.001268e+5,  1.256628e+5
2026-05-26 21:00:00.000   ,    415.78909,    481.07785,   0.44543221,    3.3360000,  1.858636e+5,  1.256628e+5
2026-05-26 22:00:00.000   ,    405.02456,    481.07785,   0.44543221,    2.8740000,  1.371316e+5,  1.256628e+5
2026-05-26 23:00:00.000   ,    396.37833,    480.00000,   0.45488981,    3.2750000,  1.221750e+5,  1.246509e+5
2026-05-27 00:00:00.000   ,    386.03559,    478.91783,   0.46447900,    3.1418605,    99198.305,  1.236383e+5
2026-05-27 01:00:00.000   ,    378.37241,    477.28130,   0.47916147,    2.5711538,    98836.207,  1.221132e+5
2026-05-27 02:00:00.000   ,    394.17833,    475.64478,   0.49406586,    2.7803922,    81998.333,  1.205958e+5
2026-05-27 03:00:00.000   ,    395.04915,    473.43998,   0.51450453,    3.3232143,    76662.712,  1.185634e+5
2026-05-27 04:00:00.000   ,    398.09828,    473.43998,   0.51450453,    2.7448980,  1.032431e+5,  1.185634e+5
2026-05-27 05:00:00.000   ,    395.28333,    472.33055,   0.52494803,    3.2045455,  1.095933e+5,  1.175460e+5
2026-05-27 06:00:00.000   ,    396.64737,    471.21391,   0.53556885,    3.3591837,  1.130368e+5,  1.165255e+5
2026-05-27 07:00:00.000   ,    396.66500,    470.09727,   0.54630102,    2.8269231,  1.102483e+5,  1.155085e+5
2026-05-27 08:00:00.000   ,    403.71017,    470.09727,   0.54630102,    2.4533333,    86118.644,  1.155085e+5
2026-05-27 09:00:00.000   ,    389.97321,    468.97327,   0.55721794,    2.5365385,  1.202625e+5,  1.144884e+5
2026-05-27 10:00:00.000   ,    381.60364,    468.97327,   0.55721794,    3.7685714,  1.087582e+5,  1.144884e+5
2026-05-27 11:00:00.000   ,    393.67759,    468.97327,   0.55721794,    2.3365385,  1.206534e+5,  1.144884e+5
2026-05-27 12:00:00.000   ,    397.99500,    468.97327,   0.55721794,    3.0586207,    97000.000,  1.144884e+5
2026-05-27 13:00:00.000   ,    400.93729,    484.28607,   0.41782106,    4.1428571,    81101.695,  1.286942e+5
2026-05-27 14:00:00.000   ,    395.65614,    481.60195,   0.44086678,    3.9490909,    77240.351,  1.261560e+5
2026-05-27 15:00:00.000   ,    384.08519,    478.91783,   0.46447900,    3.3686275,    77707.407,  1.236383e+5
2026-05-27 16:00:00.000   ,    366.89655,    477.83128,   0.47420271,    2.9142857,    80417.241,  1.226249e+5
2026-05-27 17:00:00.000   ,    373.78727,    485.34722,   0.40886231,    3.3698113,    62572.727,  1.297033e+5
2026-05-27 18:00:00.000   ,    390.78704,    528.65688,   0.10501020,    4.2222222,    57011.111,  1.736180e+5
2026-05-27 19:00:00.000   ,    384.02364,    536.84638,   0.05871947,    3.8555556,    67381.818,  1.825209e+5
2026-05-27 20:00:00.000   ,    383.35833,    534.13779,   0.07370235,    3.9810345,    51875.000,  1.795553e+5
2026-05-27 21:00:00.000   ,    388.75439,    542.20261,   0.02999953,    3.9979167,    73942.105,  1.884467e+5
2026-05-27 22:00:00.000   ,    383.50357,    546.60650,   0.00725241,    3.4326531,    99075.000,  1.933800e+5
2026-05-27 23:00:00.000   ,    385.83860,    546.60650,   0.00725241,    4.0267857,    79243.860,  1.933800e+5
2026-05-28 00:00:00.000   ,    378.39833,    547.48100,   0.00282520,    3.1636364,  1.103067e+5,  1.943661e+5
2026-05-28 01:00:00.000   ,    392.64068,    542.73076,   0.02723107,    3.4533333,    94389.831,  1.890354e+5
2026-05-28 02:00:00.000   ,    385.76724,    537.98052,   0.05253886,    3.8236842,    94244.828,  1.837688e+5
2026-05-28 03:00:00.000   ,    380.52034,    533.23028,   0.07879356,    5.9900000,    84423.729,  1.785663e+5
2026-05-28 04:00:00.000   ,    381.78103,    540.35564,   0.03976948,    4.6163265,    78406.897,  1.863941e+5
2026-05-28 05:00:00.000   ,    382.95667,    547.48100,   0.00282520,    5.0250000,    61598.333,  1.943661e+5
2026-05-28 06:00:00.000   ,    389.29123,    546.60547,   0.00725767,    4.5100000,    86777.193,  1.933788e+5
2026-05-28 07:00:00.000   ,    398.22333,    545.72994,   0.01171960,    3.9000000,    89666.667,  1.923936e+5
2026-05-28 08:00:00.000   ,    392.41833,    540.42605,   0.03939450,    3.6821429,    70225.000,  1.864722e+5
2026-05-28 09:00:00.000   ,    397.06727,    551.82297,  -0.01873011,    4.6196429,    58943.636,  1.992947e+5
2026-05-28 10:00:00.000   ,    385.61481,    550.09221,  -0.01022202,    6.6740000,    59218.519,  1.973237e+5
2026-05-28 11:00:00.000   ,    391.59153,    556.96836,  -0.04338609,    5.0350877,    73018.644,  2.052046e+5
2026-05-28 12:00:00.000   ,    392.16333,    555.26092,  -0.03530831,    4.7520833,    83401.667,  2.032351e+5
2026-05-28 13:00:00.000   ,    409.98947,    552.37611,  -0.02142616,    3.3392157,  1.169912e+5,  1.999264e+5
2026-05-28 14:00:00.000   ,    419.99455,    549.49131,  -0.00724219,    4.6166667,    91129.091,  1.966414e+5
2026-05-28 15:00:00.000   ,    436.45088,    546.60650,   0.00725241,    4.0036364,  1.179193e+5,  1.933800e+5
2026-05-28 16:00:00.000   ,    440.22692,    543.08764,   0.02536671,    3.8955556,  1.321346e+5,  1.894337e+5
2026-05-28 17:00:00.000   ,    445.37931,    541.52732,   0.03355557,    3.5685185,  1.281966e+5,  1.876951e+5
2026-05-28 18:00:00.000   ,    447.56909,    539.96701,   0.04184292,    3.1392157,  1.375945e+5,  1.859635e+5
2026-05-28 19:00:00.000   ,    440.27288,    538.40670,   0.05023035,    3.7826923,  1.377186e+5,  1.842387e+5
2026-05-28 20:00:00.000   ,    451.45254,    536.84638,   0.05871947,    3.7178571,  1.269458e+5,  1.825209e+5
2026-05-28 21:00:00.000   ,    448.07636,    541.31542,   0.03467526,    3.3000000,  1.340764e+5,  1.874595e+5
2026-05-28 22:00:00.000   ,    442.48421,    547.48100,   0.00282520,    3.9392857,  1.043754e+5,  1.943661e+5
2026-05-28 23:00:00.000   ,    440.80517,    544.83216,   0.01632579,    3.7327586,  1.280776e+5,  1.913857e+5
2026-05-29 00:00:00.000   ,    409.21500,    542.18332,   0.03010086,    3.5385965,    96765.000,  1.884252e+5
2026-05-29 01:00:00.000   ,    399.65000,    539.53448,   0.04415790,    3.7379310,    87445.000,  1.854847e+5
2026-05-29 02:00:00.000   ,    415.04655,    537.74466,   0.05381972,    4.7288136,    54365.517,  1.835090e+5
2026-05-29 03:00:00.000   ,    404.01525,    542.20261,   0.02999953,    4.3474576,    63222.034,  1.884467e+5
2026-05-29 04:00:00.000   ,    413.19500,    531.40815,   0.08912577,    2.7932203,    81858.333,  1.765877e+5
2026-05-29 05:00:00.000   ,    419.38500,    533.52032,   0.07716247,    3.7083333,    82908.333,  1.788821e+5
2026-05-29 06:00:00.000   ,    423.92982,    535.63249,   0.06539520,    3.7578947,    94528.070,  1.811892e+5
2026-05-29 07:00:00.000   ,    420.27500,    537.74466,   0.05381972,    4.2000000,    92421.667,  1.835090e+5
2026-05-29 08:00:00.000   ,    423.43500,    549.22383,  -0.00591148,    4.4383333,    78155.000,  1.963380e+5
2026-05-29 09:00:00.000   ,    423.58947,    549.22383,  -0.00591148,    4.6017241,    80898.246,  1.963380e+5
2026-05-29 10:00:00.000   ,    412.44151,    550.09221,  -0.01022202,    4.1000000,    60345.283,  1.973237e+5
2026-05-29 11:00:00.000   ,    419.76964,    550.95858,  -0.01449473,    4.6456140,    44294.643,  1.983093e+5
2026-05-29 12:00:00.000   ,    417.63390,    549.22383,  -0.00591148,    4.8305085,    42698.305,  1.963380e+5
2026-05-29 13:00:00.000   ,    405.88983,    552.68537,  -0.02292867,    5.3416667,    45028.814,  2.002800e+5
2026-05-29 14:00:00.000   ,    411.63273,    551.82297,  -0.01873011,    5.6327273,    36132.727,  1.992947e+5
2026-05-29 15:00:00.000   ,    413.73393,    553.11365,  -0.02500369,    4.6178571,    30158.929,  2.007701e+5
2026-05-29 16:00:00.000   ,    419.70000,    554.40433,  -0.03121729,    3.2962264,    58717.308,  2.022502e+5
2026-05-29 17:00:00.000   ,    411.71724,    555.26092,  -0.03530831,    3.0714286,    90689.655,  2.032351e+5
2026-05-29 18:00:00.000   ,    411.80877,    561.20427,  -0.06299318,    2.9803571,  1.135596e+5,  2.101263e+5
2026-05-29 19:00:00.000   ,    412.47586,    565.39487,  -0.08180331,    3.5830189,  1.290621e+5,  2.150455e+5
2026-05-29 20:00:00.000   ,    410.45667,    563.72396,  -0.07437167,    3.1000000,  1.225233e+5,  2.130781e+5
2026-05-29 21:00:00.000   ,    413.51228,    566.22770,  -0.08547408,    2.9872340,  1.204263e+5,  2.160291e+5
2026-05-29 22:00:00.000   ,    412.26491,    565.39487,  -0.08180331,    3.1456522,  1.213912e+5,  2.150455e+5
2026-05-29 23:00:00.000   ,    413.00000,    566.22770,  -0.08547408,    2.9240000,  1.193655e+5,  2.160291e+5
2026-05-30 00:00:00.000   ,    433.13667,    564.56029,  -0.07810264,    2.9683333,  1.005417e+5,  2.140619e+5
2026-05-30 01:00:00.000   ,    434.73167,    562.88585,  -0.07061004,    2.0241379,  1.161983e+5,  2.120943e+5
2026-05-30 02:00:00.000   ,    416.90333,    562.46591,  -0.06871659,    2.9781250,  1.172017e+5,  2.116021e+5
2026-05-30 03:00:00.000   ,    404.54737,    562.04596,  -0.06681734,    1.6777778,    77112.281,  2.111104e+5
2026-05-30 04:00:00.000   ,    411.05424,    562.04596,  -0.06681734,    2.8860000,    77301.695,  2.111104e+5
2026-05-30 05:00:00.000   ,    405.07333,    562.04596,  -0.06681734,    1.8227273,    89395.000,  2.111104e+5
2026-05-30 06:00:00.000   ,    407.61930,    559.08077,  -0.05324012,    1.6693878,    76917.544,  2.076527e+5
2026-05-30 07:00:00.000   ,    391.84333,    556.11559,  -0.03936442,    1.7340426,    65361.667,  2.042199e+5
2026-05-30 08:00:00.000   ,    384.97167,    558.66827,  -0.05132787,    2.5553191,    65425.000,  2.071736e+5
2026-05-30 09:00:00.000   ,    390.15179,    554.93918,  -0.03377475,    1.0395349,    91855.357,  2.028650e+5
2026-05-30 10:00:00.000   ,    414.93036,    551.21009,  -0.01572990,   0.26562500,  1.103464e+5,  1.985958e+5
2026-05-30 11:00:00.000   ,    426.23684,    547.48100,   0.00282520,   0.78809524,  1.351456e+5,  1.943661e+5
2026-05-30 12:00:00.000   ,    421.31818,    561.20427,  -0.06299318,    1.4175000,  1.413218e+5,  2.101263e+5
2026-05-30 13:00:00.000   ,    417.41731,    554.43765,  -0.03137690,    1.7525000,  1.528519e+5,  2.022885e+5
2026-05-30 14:00:00.000   ,    412.76071,    547.67103,   0.00186699,    1.9277778,  1.492625e+5,  1.945807e+5
2026-05-30 15:00:00.000   ,    417.79811,    540.90441,   0.03685215,    2.4000000,  1.527679e+5,  1.870030e+5
2026-05-30 16:00:00.000   ,    412.38621,    534.13779,   0.07370235,    2.3839286,  1.104931e+5,  1.795553e+5
2026-05-30 17:00:00.000   ,    451.46071,    533.23028,   0.07879356,    3.2519231,  1.116571e+5,  1.785663e+5
2026-05-30 18:00:00.000   ,    508.35000,    532.77535,   0.08135942,    3.5166667,  2.112650e+5,  1.780714e+5
2026-05-30 19:00:00.000   ,    524.70000,    532.32041,   0.08393444,    2.5264151,  2.761754e+5,  1.775771e+5
2026-05-30 20:00:00.000   ,    518.36897,    529.57641,   0.09966285,    2.4380000,  2.524724e+5,  1.746082e+5
2026-05-30 21:00:00.000   ,    521.99483,    525.89483,   0.12130892,    2.4454545,  2.555103e+5,  1.706584e+5
2026-05-30 22:00:00.000   ,    514.98966,    522.21325,   0.14360047,    2.1080000,  2.572207e+5,  1.667470e+5
2026-05-30 23:00:00.000   ,    489.73833,    518.53167,   0.16656342,    2.2950000,  1.782533e+5,  1.628742e+5
2026-05-31 00:00:00.000   ,    484.91667,    514.85009,   0.19022501,    3.2480769,  1.221167e+5,  1.590399e+5
2026-05-31 01:00:00.000   ,    486.13167,    511.16851,   0.21461386,    2.7821429,  1.263333e+5,  1.552441e+5
2026-05-31 02:00:00.000   ,    493.52500,    507.48693,   0.23976009,    2.6101695,  1.153983e+5,  1.514867e+5
2026-05-31 03:00:00.000   ,    499.91930,    503.80535,   0.26569539,    2.2773585,  1.302474e+5,  1.477679e+5
2026-05-31 04:00:00.000   ,    526.56441,    503.80535,   0.26569539,    2.3456140,  1.439898e+5,  1.477679e+5
2026-05-31 05:00:00.000   ,    531.62881,    503.80535,   0.26569539,    2.3813559,  1.610339e+5,  1.477679e+5
2026-05-31 06:00:00.000   ,    519.76667,    500.79305,   0.28752605,    1.7672727,  1.677351e+5,  1.447537e+5
2026-05-31 07:00:00.000   ,    508.97500,    497.78075,   0.30992641,    2.0892857,  1.682750e+5,  1.417654e+5
2026-05-31 08:00:00.000   ,    499.57667,    495.74524,   0.32539572,    2.0272727,  1.615800e+5,  1.397606e+5
2026-05-31 09:00:00.000   ,    497.27679,    494.72218,   0.33327438,    1.7178571,  1.602000e+5,  1.387575e+5
2026-05-31 10:00:00.000   ,    480.01852,    493.17670,   0.34531004,    2.5489362,  1.511074e+5,  1.372477e+5
2026-05-31 11:00:00.000   ,    476.21273,    491.63123,   0.35750940,    2.0468085,  1.293964e+5,  1.357447e+5
2026-05-31 12:00:00.000   ,    474.23684,    490.06896,   0.37001082,    1.7652174,  1.181895e+5,  1.342323e+5
2026-05-31 13:00:00.000   ,    497.72931,    488.50669,   0.38268572,    2.6844828,    84767.241,  1.327268e+5
2026-05-31 14:00:00.000   ,    513.59828,    487.45748,   0.39129706,    2.3189655,    79012.069,  1.317196e+5
2026-05-31 15:00:00.000   ,    505.85660,    485.34722,   0.40886231,    1.8018868,    54739.623,  1.297033e+5
2026-05-31 16:00:00.000   ,    500.59057,    483.74933,   0.42238503,    1.5716981,    54026.415,  1.281850e+5
2026-05-31 17:00:00.000   ,    492.01071,    482.15144,   0.43610337,    1.9160714,    60400.000,  1.266740e+5
2026-05-31 18:00:00.000   ,    486.32500,    478.91783,   0.46447900,    2.1375000,    53933.929,  1.236383e+5
2026-05-31 19:00:00.000   ,    479.97500,    476.73127,   0.48414588,    2.7703704,    50760.000,  1.216023e+5
2026-05-31 20:00:00.000   ,    476.57069,    474.54470,   0.50421161,    2.5312500,    51450.877,  1.195800e+5
2026-05-31 21:00:00.000   ,    474.17719,    472.88052,   0.51975750,    2.4104167,    47512.281,  1.180499e+5
2026-05-31 22:00:00.000   ,    465.65517,    471.21634,   0.53554564,    2.6839286,    43470.175,  1.165277e+5
2026-05-31 23:00:00.000   ,    457.46780,    467.84427,   0.56830028,    2.8859649,    38006.780,  1.134674e+5
2026-06-01 00:00:00.000   ,    457.65000,    466.13534,   0.58530158,    3.7466667,    30911.667,  1.119288e+5
2026-06-01 01:00:00.000   ,    449.69000,    464.42641,   0.60258084,    4.1383333,    27840.000,  1.103985e+5
2026-06-01 02:00:00.000   ,    443.05167,    462.69346,   0.62039306,    4.0416667,    28110.169,  1.088552e+5
2026-06-01 03:00:00.000   ,    441.43220,    460.96052,   0.63850390,    4.4694915,    28261.017,  1.073204e+5
2026-06-01 04:00:00.000   ,    434.42000,    457.44414,   0.67619888,    4.2500000,    28113.333,  1.042323e+5
2026-06-01 05:00:00.000   ,    431.74310,    455.65937,   0.69583094,    3.9586207,    28598.276,  1.026783e+5
2026-06-01 06:00:00.000   ,    420.92241,    453.87460,   0.71580993,    4.1224138,    26817.241,  1.011334e+5
2026-06-01 07:00:00.000   ,    415.30333,    452.06179,   0.73646644,    4.5566667,    21231.667,    99573.480
2026-06-01 08:00:00.000   ,    410.63667,    450.24898,   0.75749822,    4.4866667,    18756.897,    98022.889
2026-06-01 09:00:00.000   ,    407.89286,    447.79917,   0.78653285,    3.7714286,    17432.143,    95942.268
2026-06-01 10:00:00.000   ,    399.13393,    453.79665,   0.71669056,    4.1053571,    14674.545,  1.010661e+5
2026-06-01 11:00:00.000   ,    390.54727,    459.79413,   0.65086522,    3.8527273,    15291.837,  1.062922e+5
2026-06-01 12:00:00.000   ,    393.50345,    459.79413,   0.65086522,    1.9741379,    16287.931,  1.062922e+5
2026-06-01 13:00:00.000   ,    412.17586,    457.44414,   0.67619888,    1.9120690,    19831.034,  1.042323e+5
2026-06-01 14:00:00.000   ,    421.63898,    456.25733,   0.68921523,    3.0482759,    19015.094,  1.031979e+5
2026-06-01 15:00:00.000   ,    419.04576,    455.07053,   0.70238378,    2.7288462,    14277.273,  1.021676e+5
2026-06-01 16:00:00.000   ,    407.82941,    453.87460,   0.71580993,    1.7156863,    10340.000,  1.011334e+5
2026-06-01 17:00:00.000   ,    401.26842,    453.87460,   0.71580993,    1.8508772,    12647.826,  1.011334e+5
2026-06-01 18:00:00.000   ,    401.67368,    452.66927,   0.72950298,    1.6192982,    10700.000,  1.000952e+5
2026-06-01 19:00:00.000   ,    395.91429,    451.46394,   0.74336060,    1.8035714,    14038.462,    99061.079
2026-06-01 20:00:00.000   ,    400.83684,    447.79917,   0.78653285,   0.53191489,    16645.455,    95942.268
2026-06-01 21:00:00.000   ,    395.55000,    445.93598,   0.80909945,   0.18695652,    15727.273,    94371.272
2026-06-01 22:00:00.000   ,    395.07414,    444.07279,   0.83209633,   0.57307692,    21250.000,    92810.137
2026-06-01 23:00:00.000   ,    394.61167,    445.70642,   0.81190934,    1.2633333,    13100.000,    94178.398
2026-06-02 00:00:00.000   ,    391.72333,    447.34006,   0.79205418,    1.1361702,    43016.667,    95554.240
2026-06-02 01:00:00.000   ,    389.58667,    448.97369,   0.77252359,   0.49069767,    45488.889,    96937.661
2026-06-02 02:00:00.000   ,    393.29833,    450.60733,   0.75331056,    2.1767857,    14421.212,    98328.663
2026-06-02 03:00:00.000   ,    391.21017,    452.24097,   0.73440823,    1.3355932,    20574.138,    99727.244
2026-06-02 04:00:00.000   ,    398.46552,    453.87460,   0.71580993,    1.3527273,    34212.069,  1.011334e+5
2026-06-02 05:00:00.000   ,    398.51017,    456.24832,   0.68931468,    1.8297872,    50133.898,  1.031901e+5
2026-06-02 06:00:00.000   ,    385.34915,    458.62203,   0.66342843,    2.5023810,    70994.915,  1.052628e+5
2026-06-02 07:00:00.000   ,    381.81186,    630.99235,  -0.31517178,    2.8800000,    70065.517,  2.985495e+5
2026-06-02 08:00:00.000   ,    375.09000,    659.67319,  -0.39007785,    3.2234043,    54913.333,  3.388995e+5
2026-06-02 09:00:00.000   ,    380.37414,    671.33630,  -0.41706242,    3.5000000,    54327.586,  3.559761e+5
2026-06-02 10:00:00.000   ,    396.18571,    682.99941,  -0.44229501,    3.0090909,    45364.286,  3.734391e+5
2026-06-02 11:00:00.000   ,    389.04237,    694.63313,  -0.46586643,    2.7890909,    37723.729,  3.912429e+5
2026-06-02 12:00:00.000   ,    384.14833,    698.46044,  -0.47329509,    3.6850000,    29245.000,  3.971842e+5
2026-06-02 13:00:00.000   ,    396.30702,    702.89490,  -0.48171002,    5.0421053,    38638.596,  4.041199e+5
2026-06-02 14:00:00.000   ,    404.93103,    702.89490,  -0.48171002,    6.0086207,    47815.517,  4.041199e+5
2026-06-02 15:00:00.000   ,    392.48833,    733.67585,  -0.53493407,    6.1250000,    45398.333,  4.538024e+5
2026-06-02 16:00:00.000   ,    385.48333,    736.07518,  -0.53873413,    3.9937500,    41314.583,  4.577881e+5
2026-06-02 17:00:00.000   ,    387.89464,    735.47617,  -0.53778980,    3.1017857,    49139.286,  4.567915e+5
2026-06-02 18:00:00.000   ,    382.51273,    743.22098,  -0.54977980,    2.9036364,    45392.727,  4.697555e+5
2026-06-02 19:00:00.000   ,    373.02807,    750.29079,  -0.56032211,    2.7877193,    41610.526,  4.817383e+5
2026-06-02 20:00:00.000   ,    379.64000,    750.87659,  -0.56117900,    2.8133333,    47985.000,  4.827375e+5
2026-06-02 21:00:00.000   ,    375.40000,    746.76521,  -0.55511169,    2.6500000,    34917.857,  4.757449e+5
2026-06-02 22:00:00.000   ,      N/A    ,    746.76521,  -0.55511169,      N/A    ,      N/A    ,  4.757449e+5
2026-06-02 23:00:00.000   ,      N/A    ,    753.21477,  -0.56457431,      N/A    ,      N/A    ,  4.867357e+5
2026-06-03 00:00:00.000   ,      N/A    ,    753.79806,  -0.56541518,      N/A    ,      N/A    ,  4.877355e+5
2026-06-03 01:00:00.000   ,      N/A    ,    757.28735,  -0.57039482,      N/A    ,      N/A    ,  4.937367e+5
2026-06-03 02:00:00.000   ,      N/A    ,    750.55017,  -0.56070184,      N/A    ,      N/A    ,  4.821806e+5
2026-06-03 03:00:00.000   ,    386.98909,    743.81299,  -0.55067706,    1.5854167,    72125.455,  4.707534e+5
2026-06-03 04:00:00.000   ,    382.34912,    743.22098,  -0.54977980,    1.5816327,    81463.158,  4.697555e+5
2026-06-03 05:00:00.000   ,    377.30526,    741.73697,  -0.54751877,    1.6558140,    58815.789,  4.672582e+5
2026-06-03 06:00:00.000   ,    377.71017,    740.25296,  -0.54524066,    1.8203704,    63820.339,  4.647672e+5
2026-06-03 07:00:00.000   ,    380.03833,    740.25296,  -0.54524066,    1.7790698,    72038.333,  4.647672e+5
2026-06-03 08:00:00.000   ,    408.18167,    740.25296,  -0.54524066,    3.8183333,  1.125133e+5,  4.647672e+5
2026-06-03 09:00:00.000   ,    419.49831,    740.25296,  -0.54524066,    2.4448276,  1.325864e+5,  4.647672e+5
2026-06-03 10:00:00.000   ,    431.97000,    737.86891,  -0.54154470,    2.3233333,  1.319717e+5,  4.607785e+5
2026-06-03 11:00:00.000   ,    425.53621,    742.03537,  -0.54797477,    3.3283019,  1.817603e+5,  4.677598e+5
2026-06-03 12:00:00.000   ,    418.27241,    739.06202,  -0.54339996,    2.9185185,  1.638052e+5,  4.627726e+5
2026-06-03 13:00:00.000   ,    405.68621,    737.86891,  -0.54154470,    2.9630435,  1.517328e+5,  4.607785e+5
2026-06-03 14:00:00.000   ,    434.01034,    729.45559,  -0.52813511,    3.6206897,  1.157707e+5,  4.468314e+5
2026-06-03 15:00:00.000   ,    438.22727,    728.24358,  -0.52615495,    4.7490909,    90554.545,  4.448388e+5
2026-06-03 16:00:00.000   ,    433.64118,    727.03156,  -0.52416231,    5.2176471,    86950.980,  4.428503e+5
2026-06-03 17:00:00.000   ,    429.48214,    727.63843,  -0.52516161,    5.3500000,    80532.143,  4.438454e+5
2026-06-03 18:00:00.000   ,    429.23774,    726.42412,  -0.52315889,    6.4716981,    86735.849,  4.418553e+5
2026-06-03 19:00:00.000   ,    426.44167,    722.44912,  -0.51651367,    6.5166667,    91855.000,  4.353699e+5
2026-06-03 20:00:00.000   ,    425.54828,    718.47412,  -0.50972857,    4.2948276,    75013.793,  4.289295e+5
2026-06-03 21:00:00.000   ,    443.21607,    716.93182,  -0.50705744,    5.8788462,  1.638625e+5,  4.264426e+5
2026-06-03 22:00:00.000   ,    439.62931,    715.38952,  -0.50436442,    5.0941176,  1.777069e+5,  4.239626e+5
2026-06-03 23:00:00.000   ,    423.26000,    707.61561,  -0.49044843,    5.7581395,  2.002267e+5,  4.115647e+5
2026-06-04 00:00:00.000   ,    404.83962,    699.84169,  -0.47593803,    5.8255814,  1.968113e+5,  3.993385e+5
2026-06-04 01:00:00.000   ,    399.56491,    692.06778,  -0.46079888,    4.0647059,  2.019842e+5,  3.872840e+5
2026-06-04 02:00:00.000   ,    395.79500,    690.13321,  -0.45692949,    2.7400000,  2.196167e+5,  3.843108e+5
2026-06-04 03:00:00.000   ,    402.67833,    688.19864,  -0.45301830,    2.8000000,  2.087933e+5,  3.813483e+5
2026-06-04 04:00:00.000   ,    407.06167,    687.22652,  -0.45103697,    3.3451613,  1.897267e+5,  3.798637e+5
2026-06-04 05:00:00.000   ,    401.93167,    686.25440,  -0.44904485,    3.0666667,  1.880383e+5,  3.783817e+5
2026-06-04 06:00:00.000   ,    405.36610,    686.90320,  -0.45037561,    2.0650000,  1.881271e+5,  3.793705e+5
2026-06-04 07:00:00.000   ,    390.49492,    680.67595,  -0.43740072,    2.2281250,  1.963576e+5,  3.699294e+5
2026-06-04 08:00:00.000   ,    397.25500,    674.44870,  -0.42396091,    2.1470588,  1.883933e+5,  3.605985e+5
2026-06-04 09:00:00.000   ,    413.05424,    670.44362,  -0.41506098,    1.6433962,  1.644424e+5,  3.546555e+5
2026-06-04 10:00:00.000   ,    419.18500,    666.43855,  -0.40595318,    1.6909091,  1.603717e+5,  3.487580e+5
2026-06-04 11:00:00.000   ,    411.40517,    662.37424,  -0.39649147,    1.5285714,  1.975155e+5,  3.428199e+5
2026-06-04 12:00:00.000   ,    417.88103,    658.30992,  -0.38680190,    1.4075472,  1.792155e+5,  3.369287e+5
2026-06-04 13:00:00.000   ,    426.16897,    650.74917,  -0.36814489,    1.0789474,  1.700517e+5,  3.260943e+5
2026-06-04 14:00:00.000   ,    434.45000,    652.13189,  -0.37161998,    1.0800000,  1.396964e+5,  3.280636e+5
2026-06-04 15:00:00.000   ,    425.92364,    650.74917,  -0.36814489,    1.1384615,  1.299236e+5,  3.260943e+5
2026-06-04 16:00:00.000   ,    430.60741,    647.61526,  -0.36016116,    1.3222222,  1.257574e+5,  3.216511e+5
2026-06-04 17:00:00.000   ,    428.68448,    644.48135,  -0.35202515,    1.3948276,  1.045172e+5,  3.172357e+5
2026-06-04 18:00:00.000   ,    431.17414,    638.45536,  -0.33593862,    1.3596491,  1.147672e+5,  3.088241e+5
2026-06-04 19:00:00.000   ,    426.58814,    632.42937,  -0.31924552,    1.5684211,    86328.814,  3.005156e+5
2026-06-04 20:00:00.000   ,    418.42586,    630.26756,  -0.31310323,    1.8534483,    64094.828,  2.975601e+5
2026-06-04 21:00:00.000   ,    427.16897,    628.10575,  -0.30687743,    1.7315789,    76358.621,  2.946179e+5
2026-06-04 22:00:00.000   ,    419.67091,    623.74382,  -0.29405500,    2.0800000,    92034.545,  2.887217e+5
2026-06-04 23:00:00.000   ,    421.45789,    620.80500,  -0.28521432,    2.0089286,    80277.193,  2.847797e+5
2026-06-05 00:00:00.000   ,    427.50333,    617.86618,  -0.27620652,    1.9283333,    86870.000,  2.808622e+5
2026-06-05 01:00:00.000   ,    423.60167,    611.91518,  -0.25743665,    2.2666667,    80783.333,  2.730044e+5
2026-06-05 02:00:00.000   ,    421.71864,    607.72229,  -0.24377008,    2.3298246,    31198.305,  2.675286e+5
2026-06-05 03:00:00.000   ,    403.69000,    603.52940,  -0.22972273,    2.7000000,    19174.576,  2.621026e+5
2026-06-05 04:00:00.000   ,    476.58500,    599.33652,  -0.21528031,    6.6944444,    83381.034,  2.567266e+5
2026-06-05 05:00:00.000   ,    512.24333,    595.14363,  -0.20042785,    8.2050000,  1.209667e+5,  2.514005e+5
2026-06-05 06:00:00.000   ,    480.38621,    591.47322,  -0.18707730,    9.5052632,  1.094241e+5,  2.467791e+5
2026-06-05 07:00:00.000   ,    456.20517,    587.80281,  -0.17338956,    3.6714286,  1.468224e+5,  2.421959e+5
2026-06-05 08:00:00.000   ,    446.54167,    584.13241,  -0.15935319,    3.7148148,  1.744367e+5,  2.376510e+5
2026-06-05 09:00:00.000   ,    458.10000,    579.44802,  -0.14091375,    6.1195122,  1.824143e+5,  2.319062e+5
2026-06-05 10:00:00.000   ,    516.73929,    574.76364,  -0.12186090,    2.7363636,  3.955964e+5,  2.262236e+5
2026-06-05 11:00:00.000   ,    547.47119,    570.07925,  -0.10216711,    4.9408163,  3.801898e+5,  2.206034e+5
2026-06-05 12:00:00.000   ,    593.12167,    565.39487,  -0.08180331,    3.8567568,  5.555200e+5,  2.150455e+5
2026-06-05 13:00:00.000   ,    602.54828,    561.44519,  -0.06409018,    6.6300000,  4.363793e+5,  2.104078e+5
2026-06-05 14:00:00.000   ,    587.64386,    557.49551,  -0.04585950,    6.3200000,  4.812596e+5,  2.058143e+5
2026-06-05 15:00:00.000   ,    631.28077,    553.54583,  -0.02709091,    6.5972222,  4.681346e+5,  2.012652e+5
2026-06-05 16:00:00.000   ,    567.53846,    548.31673,  -0.00137857,    5.4250000,  4.651923e+5,  1.953106e+5
2026-06-05 17:00:00.000   ,    603.58929,    543.08764,   0.02536671,    3.2088235,  3.477321e+5,  1.894337e+5
2026-06-05 18:00:00.000   ,    615.78000,    538.32114,   0.05069317,    3.4000000,  2.771255e+5,  1.841443e+5
2026-06-05 19:00:00.000   ,    658.46552,    533.55465,   0.07696970,    2.8760000,  3.754655e+5,  1.789195e+5
2026-06-05 20:00:00.000   ,    661.49333,    528.78815,   0.10424442,    1.6000000,  3.287333e+5,  1.737592e+5
2026-06-05 21:00:00.000   ,    642.21404,    524.02165,   0.13256852,    2.0294118,  2.910175e+5,  1.686635e+5
2026-06-05 22:00:00.000   ,    639.30727,    519.76715,   0.15878089,    1.3500000,  2.692545e+5,  1.641696e+5
2026-06-05 23:00:00.000   ,    631.59322,    515.51265,   0.18591390,    1.2706897,  2.401356e+5,  1.597271e+5
2026-06-06 00:00:00.000   ,    618.28475,    512.12460,   0.20820863,    1.2982456,  2.278305e+5,  1.562261e+5
2026-06-06 01:00:00.000   ,    598.42667,    508.73654,   0.23113802,    1.3078431,  2.309167e+5,  1.527577e+5
2026-06-06 02:00:00.000   ,    585.96610,    506.50301,   0.24661283,    1.6608696,  2.219831e+5,  1.504891e+5
2026-06-06 03:00:00.000   ,    584.10847,    504.26947,   0.26238124,    1.4550000,  2.096441e+5,  1.482346e+5
2026-06-06 04:00:00.000   ,    582.48833,    502.03593,   0.27845074,    1.4285714,  2.013833e+5,  1.459943e+5
2026-06-06 05:00:00.000   ,    595.57833,    499.80239,   0.29482904,    1.4716981,  2.018333e+5,  1.437681e+5
2026-06-06 06:00:00.000   ,    577.90000,    494.91218,   0.33180585,    1.5245283,  1.459035e+5,  1.389435e+5
2026-06-06 07:00:00.000   ,    581.54000,    490.02197,   0.37038950,    1.2403509,  1.562517e+5,  1.341869e+5
2026-06-06 08:00:00.000   ,    585.46034,    485.13176,   0.41067447,    1.0928571,  1.067672e+5,  1.294982e+5
2026-06-06 09:00:00.000   ,    598.18276,    480.24155,   0.45276228,    1.0421053,  1.259103e+5,  1.248774e+5
2026-06-06 10:00:00.000   ,    604.89818,    475.35134,   0.49676212,   0.99583333,  1.741818e+5,  1.203245e+5
2026-06-06 11:00:00.000   ,    599.52807,    470.46113,   0.54279160,   0.96071429,  1.622456e+5,  1.158395e+5
2026-06-06 12:00:00.000   ,    583.20351,    465.57092,   0.59097749,    1.4555556,  1.119667e+5,  1.114225e+5
2026-06-06 13:00:00.000   ,    585.66167,    473.43998,   0.51450453,    1.0052632,  1.393317e+5,  1.185634e+5
2026-06-06 14:00:00.000   ,    577.83818,    471.58774,   0.53200090,   0.95416667,  1.370345e+5,  1.168668e+5
2026-06-06 15:00:00.000   ,    570.52069,    469.73549,   0.54980222,    1.0854167,  1.409121e+5,  1.151798e+5
2026-06-06 16:00:00.000   ,    570.62456,    467.88325,   0.56791563,    1.3980392,  1.147491e+5,  1.135026e+5
2026-06-06 17:00:00.000   ,    585.24386,    466.03101,   0.58634845,   0.91428571,  1.369579e+5,  1.118352e+5
2026-06-06 18:00:00.000   ,    595.27119,    464.17876,   0.60510825,    1.0285714,  1.411068e+5,  1.101775e+5
2026-06-06 19:00:00.000   ,    588.48000,    462.32652,   0.62420279,   0.97551020,  1.610500e+5,  1.085295e+5
2026-06-06 20:00:00.000   ,    586.39138,    460.47428,   0.64364010,   0.73200000,  1.726552e+5,  1.068913e+5
2026-06-06 21:00:00.000   ,    589.71071,    458.62203,   0.66342843,   0.64464286,  1.676964e+5,  1.052628e+5
2026-06-06 22:00:00.000   ,    583.85000,    454.70440,   0.70647735,   0.69833333,  1.220950e+5,  1.018506e+5
2026-06-06 23:00:00.000   ,    572.23793,    450.78677,   0.75121929,   0.94912281,  1.370517e+5,    98481.911
2026-06-07 00:00:00.000   ,    573.61228,    446.86913,   0.79774419,   0.98771930,  1.042842e+5,    95156.850
2026-06-07 01:00:00.000   ,    556.51724,    442.95150,   0.84614809,    1.0178571,  1.236293e+5,    91875.380
2026-06-07 02:00:00.000   ,    561.57000,    439.03386,   0.89653352,    1.3881356,  1.030567e+5,    88637.502
2026-06-07 03:00:00.000   ,    563.89333,    435.11623,   0.94901015,    1.3525424,    88561.667,    85443.216
2026-06-07 04:00:00.000   ,    552.39153,    433.80009,   0.96712940,   0.96610169,    98503.390,    84379.867
2026-06-07 05:00:00.000   ,    543.46667,    432.48395,   0.98550250,    1.4464286,  1.047750e+5,    83321.439
2026-06-07 06:00:00.000   ,    546.08596,    428.41648,    1.0439398,   0.99444444,  1.158526e+5,    80081.519
2026-06-07 07:00:00.000   ,    550.45333,    424.34901,    1.1049955,   0.96610169,  1.410683e+5,    76888.590
2026-06-07 08:00:00.000   ,    541.31525,    420.28155,    1.1688283,    1.1886364,  1.401102e+5,    73742.650
2026-06-07 09:00:00.000   ,    541.42364,    416.21408,    1.2356094,   0.87400000,  1.453800e+5,    70643.700
2026-06-07 10:00:00.000   ,    541.81607,    412.14662,    1.3055230,    1.3730769,  1.319054e+5,    67591.739
2026-06-07 11:00:00.000   ,    540.98833,    408.07915,    1.3787682,   0.92000000,  1.338033e+5,    64586.768
2026-06-07 12:00:00.000   ,    532.03103,    404.01169,    1.4555602,    1.3369565,  1.223621e+5,    61628.787
2026-06-07 13:00:00.000   ,    557.64259,    399.94422,    1.5361316,    1.0407407,  1.114611e+5,    58717.795
2026-06-07 14:00:00.000   ,    563.31034,    395.87676,    1.6207345,    1.0267857,  1.229069e+5,    55853.793
2026-06-07 15:00:00.000   ,    556.32857,    398.30150,    1.5697998,    1.1547170,  1.264286e+5,    57555.460
2026-06-07 16:00:00.000   ,    557.87308,    400.72625,    1.5203356,    1.2739130,  1.244519e+5,    59273.826
2026-06-07 17:00:00.000   ,    560.59286,    399.92680,    1.5364851,    1.3750000,    95803.571,    58705.431
2026-06-07 18:00:00.000   ,    547.50000,    399.12736,    1.5527902,    1.4981481,    86853.704,    58138.852
2026-06-07 19:00:00.000   ,    543.76500,    398.31922,    1.5694330,    1.6833333,    85871.667,    57567.958
2026-06-07 20:00:00.000   ,    533.66610,    397.51109,    1.5862390,    1.8879310,    89757.627,    56998.919
2026-06-07 21:00:00.000   ,    547.92727,    397.51109,    1.5862390,    1.1849057,    94287.273,    56998.919
2026-06-07 22:00:00.000   ,    533.35357,    395.87676,    1.6207345,    1.8654545,    75408.929,    55853.793
2026-06-07 23:00:00.000   ,    520.86780,    397.51109,    1.5862390,    1.7322034,    63489.831,    56998.919
2026-06-08 00:00:00.000   ,    514.45833,    395.87676,    1.6207345,    1.5771930,    77918.333,    55853.793
2026-06-08 01:00:00.000   ,    500.30678,    395.87676,    1.6207345,    1.3846154,    87186.441,    55853.793
2026-06-08 02:00:00.000   ,    498.24286,    395.87676,    1.6207345,    1.2416667,    88883.929,    55853.793
2026-06-08 03:00:00.000   ,    503.73898,    395.87676,    1.6207345,   0.87500000,  1.242881e+5,    55853.793
2026-06-08 04:00:00.000   ,    493.57000,    395.87676,    1.6207345,    1.0111111,  1.172017e+5,    55853.793
2026-06-08 05:00:00.000   ,    501.60000,    394.21385,    1.6565463,   0.77111111,  1.085360e+5,    54696.434
2026-06-08 06:00:00.000   ,    499.34821,    392.55095,    1.6930972,   0.76607143,    95800.000,    53546.928
2026-06-08 07:00:00.000   ,    492.59833,    392.55095,    1.6930972,   0.79473684,    89746.667,    53546.928
2026-06-08 08:00:00.000   ,    492.27193,    393.38729,    1.6746206,   0.80172414,    83180.702,    54124.081
2026-06-08 09:00:00.000   ,    497.62281,    394.22364,    1.6563335,   0.81228070,    67040.351,    54703.220
2026-06-08 10:00:00.000   ,    483.16000,    392.55095,    1.6930972,   0.80566038,  1.021400e+5,    53546.928
2026-06-08 11:00:00.000   ,    476.02778,    391.70440,    1.7119948,   0.84761905,  1.033574e+5,    52964.760
2026-06-08 12:00:00.000   ,    466.08571,    390.85786,    1.7310921,   0.91250000,    88151.020,    52384.626
2026-06-08 13:00:00.000   ,    466.13509,    389.14347,    1.7703902,   0.93684211,    78745.614,    51215.997
2026-06-08 14:00:00.000   ,    476.37963,    388.27514,    1.7906189,    1.5094340,    66285.185,    50627.277
2026-06-08 15:00:00.000   ,    477.85789,    387.40681,    1.8110699,    1.1178571,    71033.333,    50040.699
2026-06-08 16:00:00.000   ,    469.76140,    385.64683,    1.8532168,    1.6107143,    63164.912,    48858.361
2026-06-08 17:00:00.000   ,    477.42931,    385.64683,    1.8532168,   0.96440678,    70270.690,    48858.361
2026-06-08 18:00:00.000   ,    466.25085,    385.64683,    1.8532168,    1.0263158,    68971.186,    48858.361
2026-06-08 19:00:00.000   ,    454.58833,    397.51109,    1.5862390,    1.1576271,    56876.667,    56998.919
2026-06-08 20:00:00.000   ,    447.46500,    396.69392,    1.6034011,    1.2847458,    61833.333,    56425.408
2026-06-08 21:00:00.000   ,    446.43214,    395.87676,    1.6207345,    1.2581818,    64871.429,    55853.793
2026-06-08 22:00:00.000   ,    447.74630,    395.05020,    1.6384440,    1.2296296,    55681.481,    55277.536
2026-06-08 23:00:00.000   ,    440.23273,    394.22364,    1.6563335,    1.6946429,    46661.818,    54703.220
2026-06-09 00:00:00.000   ,    445.80175,    391.36470,    1.7196341,    1.6543860,    45356.140,    52731.719
2026-06-09 01:00:00.000   ,    447.22167,    388.50577,    1.7852245,    1.6833333,    40393.333,    50783.433
2026-06-09 02:00:00.000   ,    442.39167,    385.64683,    1.8532168,    1.7033333,    41880.000,    48858.361
2026-06-09 03:00:00.000   ,    456.13833,    385.64683,    1.8532168,    2.5366667,    43911.667,    48858.361
2026-06-09 04:00:00.000   ,    436.03167,    385.64683,    1.8532168,    2.4383333,    48630.000,    48858.361
2026-06-09 05:00:00.000   ,    448.94915,    425.74482,    1.0837386,    2.0716981,    39942.373,    77978.994
2026-06-09 06:00:00.000   ,    432.53966,    432.08469,   0.99112698,    1.8666667,    46389.655,    83001.331
2026-06-09 07:00:00.000   ,    419.02759,    438.42455,   0.90455506,    1.7655172,    40960.345,    88137.829
2026-06-09 08:00:00.000   ,    420.03559,    444.76441,   0.82350888,    2.0950000,    35242.373,    93388.486
2026-06-09 09:00:00.000   ,    415.21930,    451.10428,   0.74752797,    2.2719298,    34091.228,    98753.304
2026-06-09 10:00:00.000   ,    446.06667,    457.44414,   0.67619888,    2.3625000,    67128.333,  1.042323e+5
2026-06-09 11:00:00.000   ,    451.49000,    458.98848,   0.65948530,    3.8272727,    52565.000,  1.055842e+5
2026-06-09 12:00:00.000   ,    444.88475,    460.53282,   0.64302047,    3.7050000,    63000.000,  1.069429e+5
2026-06-09 13:00:00.000   ,    443.67414,    462.07716,   0.62679946,    3.3672414,    94056.897,  1.083084e+5
2026-06-09 14:00:00.000   ,    435.44717,    463.62150,   0.61081749,    3.0094340,  1.080566e+5,  1.096806e+5
2026-06-09 15:00:00.000   ,    442.04545,    465.16584,   0.59506988,    4.5678571,    87680.000,  1.110597e+5
2026-06-09 16:00:00.000   ,    443.74615,    466.71018,   0.57955207,    5.3134615,    75626.923,  1.124454e+5
2026-06-09 17:00:00.000   ,    452.25614,    471.21634,   0.53554564,    4.3736842,  1.001667e+5,  1.165277e+5
2026-06-09 18:00:00.000   ,    452.13621,    469.11729,   0.55581273,    3.6051724,  1.013690e+5,  1.146189e+5
2026-06-09 19:00:00.000   ,    448.70182,    467.01824,   0.57648372,    3.4836364,    99965.455,  1.127227e+5
2026-06-09 20:00:00.000   ,    454.85000,    464.91919,   0.59756943,    3.0859649,    98565.000,  1.108389e+5
2026-06-09 21:00:00.000   ,    443.52542,    462.82014,   0.61908102,    4.6732143,    99523.729,  1.089677e+5
2026-06-09 22:00:00.000   ,    440.13519,    460.72109,   0.64103004,    6.2529412,    57940.741,  1.071090e+5
2026-06-09 23:00:00.000   ,    441.83051,    458.62203,   0.66342843,    6.9416667,    54011.864,  1.052628e+5
2026-06-10 00:00:00.000   ,    439.47458,    458.62203,   0.66342843,    5.5949153,    56667.797,  1.052628e+5
2026-06-10 01:00:00.000   ,    439.45424,    507.75656,   0.23789206,    6.4983333,    58837.288,  1.517606e+5
2026-06-10 02:00:00.000   ,    435.15833,    506.01945,   0.25000153,    6.8116667,    52020.000,  1.499998e+5
2026-06-10 03:00:00.000   ,    428.53500,    504.28233,   0.26228955,    7.1186441,    51960.000,  1.482475e+5
2026-06-10 04:00:00.000   ,    415.88983,    502.54522,   0.27475966,    6.5050847,    48822.034,  1.465039e+5
2026-06-10 05:00:00.000   ,    414.09825,    500.80811,   0.28741548,    6.7824561,    49507.018,  1.447688e+5
2026-06-10 06:00:00.000   ,    404.89492,    499.29443,   0.29859778,    6.8779661,    41391.525,  1.432638e+5
2026-06-10 07:00:00.000   ,    403.70333,    497.78075,   0.30992641,    6.2366667,    44308.333,  1.417654e+5
2026-06-10 08:00:00.000   ,    393.23333,    495.22298,   0.32940888,    4.7258621,    47182.456,  1.392482e+5
2026-06-10 09:00:00.000   ,    391.13158,    492.66522,   0.34932924,    5.3258621,    49307.018,  1.367495e+5
2026-06-10 10:00:00.000   ,    387.94167,    490.58595,   0.36585476,    6.8583333,    47958.333,  1.347320e+5
2026-06-10 11:00:00.000   ,    386.95085,    488.50669,   0.38268572,    5.1338983,    59025.424,  1.327268e+5
2026-06-10 12:00:00.000   ,    395.95000,    494.72352,   0.33326403,    7.3172414,    61777.586,  1.387588e+5
2026-06-10 13:00:00.000   ,    389.01167,    500.94034,   0.28644548,    7.5400000,    61508.333,  1.449005e+5
2026-06-10 14:00:00.000   ,    390.48333,    507.15717,   0.24205041,    8.0867925,    65781.481,  1.511521e+5
2026-06-10 15:00:00.000   ,    388.24828,    513.37400,   0.19991442,    7.7896552,    67853.448,  1.575134e+5
2026-06-10 16:00:00.000   ,    384.65263,    519.59083,   0.15988678,    6.9490909,    61982.456,  1.639845e+5
2026-06-10 17:00:00.000   ,    393.65714,    515.67814,   0.18484074,    9.1400000,    60832.727,  1.598989e+5
2026-06-10 18:00:00.000   ,    394.15500,    511.76545,   0.21060875,    7.3169492,    59821.667,  1.558569e+5
2026-06-10 19:00:00.000   ,    399.53684,    507.85276,   0.23722660,    8.4842105,    55694.737,  1.518584e+5
2026-06-10 20:00:00.000   ,    399.12982,    503.94006,   0.26473207,    9.2090909,    62261.404,  1.479033e+5
2026-06-10 21:00:00.000   ,    391.87551,    500.02737,   0.29316507,    8.0428571,    50646.939,  1.439917e+5
2026-06-10 22:00:00.000   ,    393.65818,    496.11468,   0.32256779,    8.7727273,    48178.182,  1.401236e+5
2026-06-10 23:00:00.000   ,    391.54107,    492.20199,   0.35298483,    8.9178571,    47316.071,  1.362990e+5
2026-06-11 00:00:00.000   ,    397.45345,    488.28929,   0.38446338,    10.105085,    50901.724,  1.325178e+5
2026-06-11 01:00:00.000   ,    396.68448,    484.37660,   0.41705341,    9.6813559,    47389.655,  1.287802e+5
2026-06-11 02:00:00.000   ,    396.50667,    480.46391,   0.45080788,    8.7066667,    40498.333,  1.250860e+5
2026-06-11 03:00:00.000   ,    395.87667,    476.55122,   0.48578293,    8.5033333,    38786.667,  1.214353e+5
2026-06-11 04:00:00.000   ,    389.87500,    472.63853,   0.52203813,    8.5916667,    56775.000,  1.178281e+5
2026-06-11 05:00:00.000   ,    392.56333,    468.72583,   0.55963672,    11.820000,    72266.667,  1.142644e+5
2026-06-11 06:00:00.000   ,    388.66207,    470.59250,   0.54152746,    10.008772,    72615.517,  1.159591e+5
2026-06-11 07:00:00.000   ,    383.94138,    472.45917,   0.52373178,    5.6206897,    81070.690,  1.176638e+5
2026-06-11 08:00:00.000   ,    382.74828,    487.69467,   0.38934329,    5.2593220,    79568.966,  1.319470e+5
2026-06-11 09:00:00.000   ,    379.95690,    502.93017,   0.27198034,    5.5017241,    82091.379,  1.468895e+5
2026-06-11 10:00:00.000   ,    379.76271,    518.16568,   0.16888392,    5.5931034,    95832.203,  1.624913e+5
2026-06-11 11:00:00.000   ,    381.05593,    512.69809,   0.20439082,    6.1777778,  1.053458e+5,  1.568164e+5
2026-06-11 12:00:00.000   ,    395.03509,    507.23051,   0.24154052,    6.5040000,  1.138947e+5,  1.512265e+5
2026-06-11 13:00:00.000   ,    399.87241,    501.76292,   0.28043594,    5.7912281,  1.248638e+5,  1.457214e+5
2026-06-11 14:00:00.000   ,    400.76833,    496.29534,   0.32118821,    7.2100000,  1.168717e+5,  1.403012e+5
2026-06-11 15:00:00.000   ,    401.40175,    498.69250,   0.30308507,    7.2857143,    74366.667,  1.426672e+5
2026-06-11 16:00:00.000   ,    410.32115,    501.08966,   0.28535148,    12.740816,    27142.308,  1.450494e+5
2026-06-11 17:00:00.000   ,    451.86852,    503.48682,   0.26797745,    7.7062500,  1.928796e+5,  1.474480e+5
2026-06-11 18:00:00.000   ,    470.88200,    505.88398,   0.25095331,    6.5041667,  2.018200e+5,  1.498628e+5
2026-06-11 19:00:00.000   ,    464.79138,    508.28114,   0.23426974,    6.6745098,  1.774259e+5,  1.522940e+5
2026-06-11 20:00:00.000   ,    480.89661,    510.67830,   0.21791772,    5.9701754,  2.135932e+5,  1.547415e+5
2026-06-11 21:00:00.000   ,    500.58364,    513.07546,   0.20188851,    5.4358491,  2.970545e+5,  1.572054e+5
2026-06-11 22:00:00.000   ,    505.66250,    515.47262,   0.18617367,    4.6481481,  2.448125e+5,  1.596855e+5
2026-06-11 23:00:00.000   ,    504.60833,    517.86978,   0.17076505,    4.4400000,  3.103167e+5,  1.621820e+5
2026-06-12 00:00:00.000   ,    504.37500,    520.26694,   0.15565472,    4.1500000,  2.679107e+5,  1.646948e+5
2026-06-12 01:00:00.000   ,    501.15085,    534.13779,   0.07370235,    3.5833333,  2.987627e+5,  1.795553e+5
2026-06-12 02:00:00.000   ,    502.09828,    535.94582,   0.06366602,    4.1075472,  2.124828e+5,  1.815326e+5
2026-06-12 03:00:00.000   ,    537.38814,    537.74466,   0.05381972,    3.8109091,  2.930492e+5,  1.835090e+5
2026-06-12 04:00:00.000   ,    572.88947,    542.20261,   0.02999953,    3.6770833,  2.448263e+5,  1.884467e+5
2026-06-12 05:00:00.000   ,    595.58833,    543.97052,   0.02077617,    3.1983051,  2.289533e+5,  1.904205e+5
2026-06-12 06:00:00.000   ,    591.86833,    549.22383,  -0.00591148,    3.1473684,  2.130000e+5,  1.963380e+5
2026-06-12 07:00:00.000   ,    599.14333,    551.82297,  -0.01873011,    2.8577778,  3.215683e+5,  1.992947e+5
2026-06-12 08:00:00.000   ,    600.66379,    550.95858,  -0.01449473,    2.4325581,  3.168328e+5,  1.983093e+5
2026-06-12 09:00:00.000   ,    611.94138,    550.95858,  -0.01449473,    2.3830189,  3.194138e+5,  1.983093e+5
2026-06-12 10:00:00.000   ,    596.45000,    550.09221,  -0.01022202,    2.8581395,  2.653276e+5,  1.973237e+5
2026-06-12 11:00:00.000   ,    593.90517,    551.82297,  -0.01873011,    2.6591837,  2.222793e+5,  1.992947e+5
2026-06-12 12:00:00.000   ,    592.52373,    551.82297,  -0.01873011,    2.6685714,  1.906017e+5,  1.992947e+5
2026-06-12 13:00:00.000   ,    590.31333,    562.88585,  -0.07061004,    2.4769231,  1.669900e+5,  2.120943e+5
2026-06-12 14:00:00.000   ,    584.38667,    562.04596,  -0.06681734,    1.6315789,  1.641633e+5,  2.111104e+5
2026-06-12 15:00:00.000   ,    574.59123,    562.88585,  -0.07061004,    2.1763636,  1.257754e+5,  2.120943e+5
2026-06-12 16:00:00.000   ,    560.99412,    562.04506,  -0.06681327,    1.9923077,  1.170941e+5,  2.111093e+5
2026-06-12 17:00:00.000   ,    549.36667,    561.20427,  -0.06299318,    1.8723404,  1.471053e+5,  2.101263e+5
2026-06-12 18:00:00.000   ,    542.41455,    560.36077,  -0.05913716,    1.9404255,  1.534364e+5,  2.091422e+5
2026-06-12 19:00:00.000   ,    542.71636,    555.26092,  -0.03530831,    1.6300000,  1.590000e+5,  2.032351e+5
2026-06-12 20:00:00.000   ,    549.45345,    553.97315,  -0.02914809,    1.8354167,  1.420379e+5,  2.017552e+5
2026-06-12 21:00:00.000   ,    564.37018,    552.68537,  -0.02292867,    2.3600000,  1.269614e+5,  2.002800e+5
2026-06-12 22:00:00.000   ,    560.21964,    550.09221,  -0.01022202,    2.2886364,  1.556875e+5,  1.973237e+5
2026-06-12 23:00:00.000   ,    570.67931,    547.48100,   0.00282520,    2.2125000,  1.293362e+5,  1.943661e+5
2026-06-13 00:00:00.000   ,    567.77833,    554.40433,  -0.03121729,    2.4350877,  1.462167e+5,  2.022502e+5
2026-06-13 01:00:00.000   ,    562.74833,    567.05880,  -0.08911530,    2.2959184,  1.634333e+5,  2.170126e+5
2026-06-13 02:00:00.000   ,    559.17586,    563.72396,  -0.07437167,    2.3219512,  1.550000e+5,  2.130781e+5
2026-06-13 03:00:00.000   ,    583.98475,    562.88585,  -0.07061004,    2.5316667,  1.264627e+5,  2.120943e+5
2026-06-13 04:00:00.000   ,    558.22542,    563.72396,  -0.07437167,    2.6629630,  1.540034e+5,  2.130781e+5
2026-06-13 05:00:00.000   ,    557.71667,    562.04596,  -0.06681734,    2.4203390,  1.391583e+5,  2.111104e+5
2026-06-13 06:00:00.000   ,    556.56000,    563.72396,  -0.07437167,    2.2907407,  1.421233e+5,  2.130781e+5
2026-06-13 07:00:00.000   ,    574.06667,    562.04596,  -0.06681734,    2.2283333,  1.307217e+5,  2.111104e+5
2026-06-13 08:00:00.000   ,    569.19500,    559.50716,  -0.05521066,    2.2133333,  1.120717e+5,  2.081483e+5
2026-06-13 09:00:00.000   ,    571.94915,    556.96836,  -0.04338609,    2.2322034,  1.213051e+5,  2.052046e+5
2026-06-13 10:00:00.000   ,    624.67627,    559.51544,  -0.05524886,    3.7644068,  2.185983e+5,  2.081580e+5
2026-06-13 11:00:00.000   ,    620.31071,    557.81551,  -0.04735630,    3.2358491,  2.589536e+5,  2.061848e+5
2026-06-13 12:00:00.000   ,    619.49623,    556.11559,  -0.03936442,    3.4188679,  2.382264e+5,  2.042199e+5
2026-06-13 13:00:00.000   ,    609.98393,    556.11559,  -0.03936442,    2.8803571,  1.899643e+5,  2.042199e+5
2026-06-13 14:00:00.000   ,    599.57636,    553.10390,  -0.02495652,    2.0418182,  1.572364e+5,  2.007589e+5
2026-06-13 15:00:00.000   ,    610.84821,    550.09221,  -0.01022202,    1.5464286,  1.478643e+5,  1.973237e+5
2026-06-13 16:00:00.000   ,    605.20526,    547.48100,   0.00282520,    2.0000000,  1.392000e+5,  1.943661e+5
2026-06-13 17:00:00.000   ,    578.26833,    545.28432,   0.01400200,    1.8600000,  1.168967e+5,  1.918931e+5
2026-06-13 18:00:00.000   ,    583.08596,    543.08764,   0.02536671,    2.3454545,    84907.018,  1.894337e+5
2026-06-13 19:00:00.000   ,    573.93929,    543.08764,   0.02536671,    5.8071429,    41703.571,  1.894337e+5
2026-06-13 20:00:00.000   ,    559.77627,    540.42605,   0.03939450,    6.3677966,    55725.424,  1.864722e+5
2026-06-13 21:00:00.000   ,    552.39825,    545.25913,   0.01413124,    5.9472727,    60357.895,  1.918648e+5
2026-06-13 22:00:00.000   ,    547.43684,    550.09221,  -0.01022202,    4.9537037,    50092.982,  1.973237e+5
2026-06-13 23:00:00.000   ,    546.23833,    549.65802,  -0.00807026,    5.2650000,    54291.667,  1.968306e+5
2026-06-14 00:00:00.000   ,    540.86167,    549.22383,  -0.00591148,    4.2000000,    58260.000,  1.963380e+5
2026-06-14 01:00:00.000   ,    539.52667,    545.69612,   0.01189255,    3.3100000,    55698.333,  1.923556e+5
2026-06-14 02:00:00.000   ,    534.18000,    542.16840,   0.03017920,    2.4383333,    58521.667,  1.884086e+5
2026-06-14 03:00:00.000   ,    533.70345,    538.64069,   0.04896608,    2.3736842,    76336.207,  1.844969e+5
2026-06-14 04:00:00.000   ,    534.20339,    534.13779,   0.07370235,    2.1949153,    61481.356,  1.795553e+5
2026-06-14 05:00:00.000   ,    524.73559,    531.07646,   0.09102258,    2.1559322,    73011.864,  1.762285e+5
2026-06-14 06:00:00.000   ,    521.26167,    528.01512,   0.10876532,    2.2433333,    84773.333,  1.729284e+5
2026-06-14 07:00:00.000   ,    521.63500,    524.95379,   0.12694441,    1.8559322,    83563.333,  1.696549e+5
2026-06-14 08:00:00.000   ,    519.17833,    519.72169,   0.15906591,    2.3616667,  1.019750e+5,  1.641218e+5
2026-06-14 09:00:00.000   ,    496.13036,    514.48959,   0.19258058,    3.4107143,    71369.643,  1.586665e+5
2026-06-14 10:00:00.000   ,    496.05167,    509.25749,   0.22757018,    2.9833333,    62195.000,  1.532889e+5
2026-06-14 11:00:00.000   ,    488.59815,    504.02538,   0.26412254,    3.2454545,    65416.667,  1.479891e+5
2026-06-14 12:00:00.000   ,    493.24444,    498.79328,   0.30233212,    2.6410714,    58279.630,  1.427670e+5
2026-06-14 13:00:00.000   ,    494.24545,    494.17265,   0.33753536,    3.1018182,    25740.000,  1.382199e+5
2026-06-14 14:00:00.000   ,    486.60000,    489.55201,   0.37418549,    2.9363636,    42425.000,  1.337334e+5
2026-06-14 15:00:00.000   ,    474.15263,    487.08516,   0.39437223,    2.5886792,    83222.807,  1.313629e+5
2026-06-14 16:00:00.000   ,    467.68983,    484.61830,   0.41500707,    3.0946429,    90925.424,  1.290098e+5
2026-06-14 17:00:00.000   ,    477.24386,    482.15144,   0.43610337,    2.6039216,    82354.386,  1.266740e+5
2026-06-14 18:00:00.000   ,    474.29138,    478.50641,   0.46814955,    2.7132075,    73967.241,  1.232541e+5
2026-06-14 19:00:00.000   ,    463.46071,    474.86137,   0.50128047,    2.6400000,    93507.143,  1.198721e+5
2026-06-14 20:00:00.000   ,    454.03333,    471.21634,   0.53554564,    2.5066667,    95426.316,  1.165277e+5
2026-06-14 21:00:00.000   ,    456.26379,    467.82137,   0.56852621,    2.6653061,    85327.586,  1.134468e+5
2026-06-14 22:00:00.000   ,    461.00862,    464.42641,   0.60258084,    1.1854545,    82272.414,  1.103985e+5
2026-06-14 23:00:00.000   ,    460.15167,    461.70439,   0.63069280,    2.4879310,    70761.667,  1.079782e+5
2026-06-15 00:00:00.000   ,    454.86000,    458.98236,   0.65955100,    1.8120000,    88466.667,  1.055788e+5
2026-06-15 01:00:00.000   ,    456.14833,    456.26034,   0.68918208,    2.0357143,    74888.333,  1.032006e+5
2026-06-15 02:00:00.000   ,    448.36500,    453.02825,   0.72540777,    2.0933333,    83390.000,  1.004040e+5
2026-06-15 03:00:00.000   ,    445.44068,    449.79616,   0.76281141,    2.3142857,    73520.339,    97637.023
2026-06-15 04:00:00.000   ,    449.82542,    446.56407,   0.80144462,    2.1859649,    67552.542,    94899.759
2026-06-15 05:00:00.000   ,    451.86897,    442.81632,   0.84785296,    2.1431034,    65618.966,    91762.935
2026-06-15 06:00:00.000   ,    439.30714,    440.84274,   0.87301621,    2.1954545,    83926.786,    90127.097
2026-06-15 07:00:00.000   ,    437.05833,    438.86915,   0.89869696,    1.9765957,    90593.333,    88502.322
2026-06-15 08:00:00.000   ,    434.03500,    436.89556,   0.92490953,    1.9279070,  1.028183e+5,    86888.611
2026-06-15 09:00:00.000   ,    446.81379,    434.92197,   0.95166868,    1.4982456,    75527.586,    85285.961
2026-06-15 10:00:00.000   ,    443.26167,    432.94839,   0.97898972,    1.7637931,    72653.333,    83694.375
2026-06-15 11:00:00.000   ,    429.76379,    430.97480,    1.0068885,    2.1673077,    79755.172,    82113.852
2026-06-15 12:00:00.000   ,    423.62321,    429.00121,    1.0353814,    2.1080000,    54866.071,    80544.391
2026-06-15 13:00:00.000   ,    422.06207,    427.02762,    1.0644855,    2.2120690,    59970.690,    78985.994
2026-06-15 14:00:00.000   ,    422.28475,    425.05404,    1.0942183,    2.2660714,    49603.390,    77438.659
2026-06-15 15:00:00.000   ,    422.66271,    443.58767,   0.83815599,    2.3137931,    46542.373,    92405.281
2026-06-15 16:00:00.000   ,    431.77600,    462.12130,   0.62633934,    2.5705882,    38212.000,  1.083475e+5
2026-06-15 17:00:00.000   ,    435.64464,    463.27657,   0.61436658,    2.7821429,    41491.071,  1.093735e+5
2026-06-15 18:00:00.000   ,    440.36552,    465.57092,   0.59097749,    2.3500000,    47858.621,  1.114225e+5
2026-06-15 19:00:00.000   ,    437.80175,    501.81049,   0.28008976,    2.3107143,    57131.579,  1.457689e+5
2026-06-15 20:00:00.000   ,    432.16102,    506.73439,   0.24499621,    2.4894737,    76110.169,  1.507234e+5
2026-06-15 21:00:00.000   ,    418.27586,    511.65829,   0.21132626,    2.5458333,    91306.897,  1.557468e+5
2026-06-15 22:00:00.000   ,    431.44310,    511.65829,   0.21132626,    2.0035088,    86481.034,  1.557468e+5
2026-06-15 23:00:00.000   ,    433.25000,    508.73654,   0.23113802,    2.5983333,    84678.333,  1.527577e+5
2026-06-16 00:00:00.000   ,    448.67833,    509.71347,   0.22445992,    1.7350000,    51815.000,  1.537545e+5
2026-06-16 01:00:00.000   ,    445.19167,    506.75941,   0.24482158,    1.1866667,    60260.000,  1.507488e+5
2026-06-16 02:00:00.000   ,    445.72667,    503.80535,   0.26569539,    1.5933333,    51766.667,  1.477679e+5
2026-06-16 03:00:00.000   ,    433.28475,    501.81049,   0.28008976,    1.0203390,    57320.339,  1.457689e+5
2026-06-16 04:00:00.000   ,    436.55000,    501.81049,   0.28008976,    1.3610169,    51920.690,  1.457689e+5
2026-06-16 05:00:00.000   ,    428.92034,    506.24893,   0.24839161,    1.6050847,    48020.339,  1.502319e+5
2026-06-16 06:00:00.000   ,    421.44000,    510.68738,   0.21785643,    1.1160714,    91478.333,  1.547508e+5
2026-06-16 07:00:00.000   ,    415.57333,    511.33367,   0.21350376,    1.2510204,  1.258433e+5,  1.554135e+5
2026-06-16 08:00:00.000   ,    410.91333,    511.97995,   0.20917439,    1.1326087,  1.146233e+5,  1.560774e+5
2026-06-16 09:00:00.000   ,    409.68276,    512.62624,   0.20486814,    1.6454545,    63813.793,  1.567424e+5
2026-06-16 10:00:00.000   ,    406.49500,    507.59249,   0.23902824,    2.3896552,    56780.000,  1.515939e+5
2026-06-16 11:00:00.000   ,    402.33966,    502.55874,   0.27466194,    1.5701754,    56829.310,  1.465174e+5
2026-06-16 12:00:00.000   ,    388.68448,    497.52498,   0.31185525,    2.1978261,    85398.276,  1.415128e+5
2026-06-16 13:00:00.000   ,    403.81296,    492.49123,   0.35070052,    2.3679245,    69111.111,  1.365802e+5
2026-06-16 14:00:00.000   ,    416.75556,    487.45748,   0.39129706,    1.2230769,    55255.556,  1.317196e+5
2026-06-16 15:00:00.000   ,    412.66731,    485.34722,   0.40886231,   0.61224490,    67976.923,  1.297033e+5
2026-06-16 16:00:00.000   ,    404.55000,    483.22083,   0.42690055,    1.3188679,    48111.538,  1.276844e+5
2026-06-16 17:00:00.000   ,    406.40508,    483.22083,   0.42690055,    2.0644068,    27357.627,  1.276844e+5
2026-06-16 18:00:00.000   ,    410.81000,    482.68613,   0.43149087,    1.5566667,    27725.000,  1.271788e+5
2026-06-16 19:00:00.000   ,    405.31333,    482.15144,   0.43610337,    1.0593220,    25390.000,  1.266740e+5
2026-06-16 20:00:00.000   ,    411.98070,    490.15107,   0.36934948,    1.0448276,    25500.000,  1.343116e+5
2026-06-16 21:00:00.000   ,    405.32727,    498.15070,   0.30714401,    1.5214286,    29329.091,  1.421310e+5
2026-06-16 22:00:00.000   ,    400.69655,    506.15033,   0.24908296,    1.9879310,    31467.241,  1.501322e+5
2026-06-16 23:00:00.000   ,    406.25500,    514.14996,   0.19480616,    4.1816667,    31793.333,  1.583151e+5
2026-06-17 00:00:00.000   ,    406.13729,    522.14959,   0.14399176,    7.6600000,    35649.153,  1.666797e+5
2026-06-17 01:00:00.000   ,    403.00500,    524.02165,   0.13256852,    8.3433333,    50428.333,  1.686635e+5
2026-06-17 02:00:00.000   ,    401.44667,    521.19758,   0.14986724,    9.6000000,    61076.667,  1.656748e+5
2026-06-17 03:00:00.000   ,    419.51000,    518.37351,   0.16756534,    9.2879310,    44949.153,  1.627087e+5
2026-06-17 04:00:00.000   ,    417.83898,    522.14959,   0.14399176,    5.5366667,    39788.136,  1.666797e+5
2026-06-17 05:00:00.000   ,    420.99286,    517.57835,   0.17262224,    3.3368421,    43819.643,  1.618777e+5
2026-06-17 06:00:00.000   ,    422.15500,    513.00712,   0.20234112,    3.7600000,    65431.667,  1.571349e+5
2026-06-17 07:00:00.000   ,    422.80500,    508.43588,   0.23320428,    3.8633333,  1.249950e+5,  1.524515e+5
2026-06-17 08:00:00.000   ,    431.93667,    503.86465,   0.26527121,    4.6900000,  1.442500e+5,  1.478275e+5
2026-06-17 09:00:00.000   ,    437.05000,    499.29341,   0.29860536,    2.7750000,  1.689982e+5,  1.432628e+5
2026-06-17 10:00:00.000   ,    438.08833,    494.72218,   0.33327438,    1.8351852,  1.911867e+5,  1.387575e+5
2026-06-17 11:00:00.000   ,    449.04667,    503.80535,   0.26569539,    1.3870370,  2.042550e+5,  1.477679e+5
2026-06-17 12:00:00.000   ,    457.18136,    501.81049,   0.28008976,    1.7677966,  1.808932e+5,  1.457689e+5
2026-06-17 13:00:00.000   ,    457.83276,    499.44772,   0.29745878,    1.7864407,  1.783000e+5,  1.434159e+5
2026-06-17 14:00:00.000   ,    485.91897,    497.08495,   0.31518372,    1.7115385,  2.049414e+5,  1.410788e+5
2026-06-17 15:00:00.000   ,    461.63667,    494.72218,   0.33327438,    1.7067797,  1.221633e+5,  1.387575e+5
2026-06-17 16:00:00.000   ,    458.98077,    491.59719,   0.35777996,    1.7584906,    94738.462,  1.357117e+5
2026-06-17 17:00:00.000   ,    449.48333,    488.47221,   0.38296743,    1.5735849,  1.274056e+5,  1.326936e+5
2026-06-17 18:00:00.000   ,    448.85088,    485.34722,   0.40886231,    1.5719298,    95987.719,  1.297033e+5
2026-06-17 19:00:00.000   ,    446.59825,    485.34722,   0.40886231,    1.5586207,    98568.421,  1.297033e+5
2026-06-17 20:00:00.000   ,    461.51579,    483.22083,   0.42690055,    1.6070175,  1.170018e+5,  1.276844e+5
2026-06-17 21:00:00.000   ,    452.22679,    481.06933,   0.44550662,    1.7943396,  1.027982e+5,  1.256548e+5
2026-06-17 22:00:00.000   ,    441.73898,    478.91783,   0.46447900,    2.1900000,    95861.017,  1.236383e+5
2026-06-17 23:00:00.000   ,    435.27586,    477.28130,   0.47916147,    2.4428571,    78994.828,  1.221132e+5
2026-06-18 00:00:00.000   ,    433.64500,    475.64478,   0.49406586,    2.9016667,    61420.000,  1.205958e+5
2026-06-18 01:00:00.000   ,    427.93667,    496.76475,   0.31761368,    3.4516667,    59640.000,  1.407633e+5
2026-06-18 02:00:00.000   ,    418.84667,    507.75656,   0.23789206,    2.9250000,    49641.667,  1.517606e+5
2026-06-18 03:00:00.000   ,    412.59667,    506.77191,   0.24473432,    2.6271186,    70338.333,  1.507615e+5
2026-06-18 04:00:00.000   ,    413.67167,    505.78727,   0.25163345,    3.1200000,    69658.333,  1.497651e+5
2026-06-18 05:00:00.000   ,    409.57719,    504.79791,   0.25862363,    3.2068966,    63594.737,  1.487667e+5
2026-06-18 06:00:00.000   ,    408.71186,    505.29259,   0.25512124,    3.1450000,    62983.051,  1.492656e+5
2026-06-18 07:00:00.000   ,    398.98000,    505.78727,   0.25163345,    3.6016667,    66191.667,  1.497651e+5
2026-06-18 08:00:00.000   ,    390.08333,    502.80955,   0.27285026,    5.2872727,    56681.481,  1.467686e+5
2026-06-18 09:00:00.000   ,    406.35455,    501.30597,   0.28376910,    4.1127273,    48912.727,  1.452652e+5
2026-06-18 10:00:00.000   ,    406.55849,    499.80239,   0.29482904,    4.6037736,    53507.547,  1.437681e+5
2026-06-18 11:00:00.000   ,    397.36500,    498.79328,   0.30233212,    4.6200000,    60216.667,  1.427670e+5
2026-06-18 12:00:00.000   ,    394.22586,    507.75656,   0.23789206,    4.4534483,    53844.828,  1.517606e+5
2026-06-18 13:00:00.000   ,    390.47627,    512.62624,   0.20486814,    3.8500000,    54338.983,  1.567424e+5
2026-06-18 14:00:00.000   ,    386.60909,    510.68139,   0.21789684,    3.6285714,    46749.091,  1.547447e+5
2026-06-18 15:00:00.000   ,    379.32712,    508.73654,   0.23113802,    3.1881356,    37671.186,  1.527577e+5
2026-06-18 16:00:00.000   ,    375.30833,    504.27010,   0.26237671,    2.4683333,    40090.000,  1.482352e+5
2026-06-18 17:00:00.000   ,    371.57069,    499.80366,   0.29481963,    1.9465517,    46962.069,  1.437694e+5
2026-06-18 18:00:00.000   ,    368.53051,    495.33722,   0.32852949,    1.9135593,    49993.220,  1.393602e+5
2026-06-18 19:00:00.000   ,    364.64333,    490.87078,   0.36357310,    1.7333333,    37591.667,  1.350077e+5
2026-06-18 20:00:00.000   ,    369.14107,    486.40434,   0.40002179,    3.1696429,    34083.929,  1.307118e+5
2026-06-18 21:00:00.000   ,    369.64727,    507.75656,   0.23789206,    2.4672727,    36512.727,  1.517606e+5
2026-06-18 22:00:00.000   ,    368.05000,    506.27723,   0.24819328,    3.8836364,    24846.429,  1.502605e+5
2026-06-18 23:00:00.000   ,    367.05000,    504.79791,   0.25862363,    3.2966102,    23120.000,  1.487667e+5
2026-06-19 00:00:00.000   ,    372.87333,    503.11862,   0.27062310,    1.9483333,    45198.333,  1.470785e+5
2026-06-19 01:00:00.000   ,    369.44167,    501.43933,   0.28279499,    2.6483333,    65730.000,  1.453983e+5
2026-06-19 02:00:00.000   ,    376.26167,    499.76004,   0.29514262,    2.3950000,    64861.667,  1.437260e+5
2026-06-19 03:00:00.000   ,    373.47500,    498.08075,   0.30766939,    2.1793103,    74903.333,  1.420618e+5
2026-06-19 04:00:00.000   ,    369.36949,    496.40147,   0.32037879,    2.5206897,    72574.576,  1.404056e+5
2026-06-19 05:00:00.000   ,    371.75000,    494.72218,   0.33327438,    2.0724138,    78779.310,  1.387575e+5
2026-06-19 06:00:00.000   ,    376.13704,    494.72218,   0.33327438,    1.8796296,    62868.519,  1.387575e+5
2026-06-19 07:00:00.000   ,    369.68148,    513.59127,   0.19848084,    2.1711538,    66744.444,  1.577377e+5
2026-06-19 08:00:00.000   ,    373.10577,    509.66434,   0.22479448,    1.7000000,    52032.692,  1.537043e+5
2026-06-19 09:00:00.000   ,    390.87407,    505.73741,   0.25198434,    2.9000000,    85664.815,  1.497147e+5
2026-06-19 10:00:00.000   ,    408.66842,    501.81049,   0.28008976,    2.5105263,  1.629404e+5,  1.457689e+5
2026-06-19 11:00:00.000   ,    418.92982,    506.77348,   0.24472341,    1.9684211,  1.626368e+5,  1.507631e+5
2026-06-19 12:00:00.000   ,    423.99167,    507.26502,   0.24130069,    1.9407407,  1.487667e+5,  1.512615e+5
2026-06-19 13:00:00.000   ,    410.01500,    507.75656,   0.23789206,    1.7000000,    93241.667,  1.517606e+5
2026-06-19 14:00:00.000   ,    401.65263,    506.77191,   0.24473432,    1.8567568,    81650.877,  1.507615e+5
2026-06-19 15:00:00.000   ,    404.53448,    505.78727,   0.25163345,    2.0088889,    88937.931,  1.497651e+5
2026-06-19 16:00:00.000   ,    405.18793,    507.75656,   0.23789206,    1.8594595,  1.055569e+5,  1.517606e+5
2026-06-19 17:00:00.000   ,    406.09322,    510.68738,   0.21785643,    2.7111111,  1.332475e+5,  1.547508e+5
2026-06-19 18:00:00.000   ,    403.97586,    512.62624,   0.20486814,    2.9000000,  1.378052e+5,  1.567424e+5
2026-06-19 19:00:00.000   ,    405.41379,    511.65829,   0.21132626,    2.8592593,  1.471052e+5,  1.557468e+5
2026-06-19 20:00:00.000   ,    397.42857,    507.75656,   0.23789206,    3.2692308,  1.357536e+5,  1.517606e+5
2026-06-19 21:00:00.000   ,    398.28421,    508.73501,   0.23114851,    3.1642857,  1.232982e+5,  1.527562e+5
2026-06-19 22:00:00.000   ,    389.58077,    509.71347,   0.22445992,    3.6200000,  1.140596e+5,  1.537545e+5
2026-06-19 23:00:00.000   ,    393.35862,    508.73654,   0.23113802,    3.4482759,  1.085000e+5,  1.527577e+5
2026-06-20 00:00:00.000   ,    385.60000,    508.73654,   0.23113802,    3.8942857,  1.011017e+5,  1.527577e+5
2026-06-20 01:00:00.000   ,    384.77500,    514.55339,   0.19216315,    2.6465116,  1.026717e+5,  1.587326e+5
2026-06-20 02:00:00.000   ,    406.02167,    515.98804,   0.18283510,    1.1462963,    81903.333,  1.602209e+5
2026-06-20 03:00:00.000   ,    388.67167,    517.42268,   0.17361610,    2.0255319,    90646.667,  1.617152e+5
2026-06-20 04:00:00.000   ,    377.42000,    521.20960,   0.14979279,    2.8517857,    73115.000,  1.656874e+5
2026-06-20 05:00:00.000   ,    387.85500,    520.26694,   0.15565472,    2.6450980,    83478.333,  1.646948e+5
2026-06-20 06:00:00.000   ,    398.16271,    528.65688,   0.10501020,    1.6420000,    80984.746,  1.736180e+5
2026-06-20 07:00:00.000   ,    399.48036,    536.84638,   0.05871947,    1.5517857,    64839.286,  1.825209e+5
2026-06-20 08:00:00.000   ,    392.52373,    534.13779,   0.07370235,    2.4357143,    67076.271,  1.795553e+5
2026-06-20 09:00:00.000   ,    385.52712,    534.13779,   0.07370235,    2.5051724,    49659.322,  1.795553e+5
2026-06-20 10:00:00.000   ,    380.45333,    534.13779,   0.07370235,    2.0300000,    84113.333,  1.795553e+5
2026-06-20 11:00:00.000   ,    385.75172,    532.31565,   0.08396146,    2.3392857,    84922.414,  1.775720e+5
2026-06-20 12:00:00.000   ,    384.50667,    530.49350,   0.09436831,    1.6964912,    93268.333,  1.755981e+5
2026-06-20 13:00:00.000   ,    389.48136,    533.23028,   0.07879356,    2.0636364,    57506.780,  1.785663e+5
2026-06-20 14:00:00.000   ,    390.89286,    530.48258,   0.09443112,    1.6254545,    62305.357,  1.755863e+5
2026-06-20 15:00:00.000   ,    374.88772,    527.73487,   0.11041118,    3.1714286,    97589.474,  1.726276e+5
2026-06-20 16:00:00.000   ,    368.69400,    529.57641,   0.09966285,    4.0000000,    80312.000,  1.746082e+5
2026-06-20 17:00:00.000   ,    371.07593,    527.72988,   0.11044052,    3.9150943,    79000.000,  1.726223e+5
2026-06-20 18:00:00.000   ,    372.58000,    525.88335,   0.12137742,    3.8518519,    80492.727,  1.706461e+5
2026-06-20 19:00:00.000   ,    394.42456,    521.65301,   0.14705082,    1.7592593,    74394.737,  1.661552e+5
2026-06-20 20:00:00.000   ,    397.37069,    517.42268,   0.17361610,    1.1767857,    55772.414,  1.617152e+5
2026-06-20 21:00:00.000   ,    390.77018,    513.56808,   0.19863373,    1.3018182,    75370.175,  1.577137e+5
2026-06-20 22:00:00.000   ,    387.79074,    509.71347,   0.22445992,    1.6283019,    81000.000,  1.537545e+5
2026-06-20 23:00:00.000   ,    394.02241,    507.75037,   0.23793485,    1.8070175,    80208.621,  1.517543e+5
2026-06-21 00:00:00.000   ,    393.46441,    505.78727,   0.25163345,    1.4900000,    68289.831,  1.497651e+5
2026-06-21 01:00:00.000   ,    387.74833,    502.80955,   0.27285026,    2.4833333,    68095.000,  1.467686e+5
2026-06-21 02:00:00.000   ,    378.55000,    500.80811,   0.28741548,    2.5116667,    80168.333,  1.447688e+5
2026-06-21 03:00:00.000   ,    384.18167,    498.78643,   0.30238330,    1.9559322,    61358.333,  1.427602e+5
2026-06-21 04:00:00.000   ,    386.72373,    496.76475,   0.31761368,    1.4949153,    59837.288,  1.407633e+5
2026-06-21 05:00:00.000   ,    387.38246,    494.72218,   0.33327438,    1.1090909,    66605.263,  1.387575e+5
2026-06-21 06:00:00.000   ,    386.66833,    493.69370,   0.34126578,    1.0372881,    68005.000,  1.377520e+5
2026-06-21 07:00:00.000   ,    383.93220,    492.66522,   0.34932924,    1.3472727,    71462.712,  1.367495e+5
2026-06-21 08:00:00.000   ,    378.47759,    489.51709,   0.37446823,    1.1489362,  1.235121e+5,  1.336997e+5
2026-06-21 09:00:00.000   ,    371.44407,    486.36896,   0.40031636,    1.3351852,  1.341525e+5,  1.306780e+5
2026-06-21 10:00:00.000   ,    366.12667,    483.22083,   0.42690055,    1.5563636,  1.007317e+5,  1.276844e+5
2026-06-21 11:00:00.000   ,    368.91167,    480.32879,   0.45199507,    2.2169492,    69755.000,  1.249592e+5
2026-06-21 12:00:00.000   ,    370.27069,    477.43674,   0.47775745,    2.2696429,    82205.172,  1.222577e+5
2026-06-21 13:00:00.000   ,    366.70893,    474.54470,   0.50421161,    2.5339623,    83642.857,  1.195800e+5
2026-06-21 14:00:00.000   ,    365.75273,    471.75899,   0.53037059,    2.0529412,    97970.909,  1.170232e+5
2026-06-21 15:00:00.000   ,    361.47368,    468.97327,   0.55721794,    2.6666667,    67387.719,  1.144884e+5
2026-06-21 16:00:00.000   ,    376.14483,    466.69984,   0.57965516,    1.6051724,    70039.655,  1.124362e+5
2026-06-21 17:00:00.000   ,    379.37288,    464.42641,   0.60258084,    1.4966667,    50500.000,  1.103985e+5
2026-06-21 18:00:00.000   ,    373.06102,    460.93527,   0.63876995,    1.3803571,    75347.458,  1.072981e+5
2026-06-21 19:00:00.000   ,    366.20175,    457.44414,   0.67619888,    1.6510638,    98210.526,  1.042323e+5
2026-06-21 20:00:00.000   ,    363.25000,    454.22915,   0.71181305,    1.5146341,  1.107808e+5,  1.014396e+5
2026-06-21 21:00:00.000   ,    363.19821,    451.01416,   0.74857444,    1.4488889,  1.296446e+5,    98676.249
2026-06-21 22:00:00.000   ,    353.54286,    447.79917,   0.78653285,    1.9700000,  1.110464e+5,    95942.268
2026-06-21 23:00:00.000   ,    371.18246,    443.98989,   0.83312972,    1.1415094,    70680.702,    92740.905
2026-06-22 00:00:00.000   ,    364.83103,    440.18060,   0.88157367,    1.4392857,    95298.276,    89580.755
2026-06-22 01:00:00.000   ,    366.12931,    436.37132,   0.93196364,    1.3277778,    94291.379,    86461.819
2026-06-22 02:00:00.000   ,    351.81667,    432.56203,   0.98440528,    2.6759259,    72400.000,    83384.097
2026-06-22 03:00:00.000   ,    354.14828,    428.75275,    1.0390115,    2.7482143,    75351.724,    80347.588
2026-06-22 04:00:00.000   ,    356.85333,    424.94346,    1.0959031,    2.5250000,    80716.667,    77352.293
2026-06-22 05:00:00.000   ,    364.52881,    421.13417,    1.1552093,    2.0844828,    75205.085,    74398.212
2026-06-22 06:00:00.000   ,    361.11000,    417.32489,    1.2170689,    2.1555556,    82225.000,    71485.344
2026-06-22 07:00:00.000   ,    354.32167,    415.88234,    1.2411917,    3.5631579,    51721.667,    70393.019
2026-06-22 08:00:00.000   ,    358.81356,    413.68156,    1.2787593,    3.7214286,    51154.237,    68737.939
2026-06-22 09:00:00.000   ,    362.90000,    411.48078,    1.3172795,    5.0910714,    43184.211,    67096.616
2026-06-22 10:00:00.000   ,    364.31833,    410.73424,    1.3305684,    3.4559322,    53728.333,    66542.974
2026-06-22 11:00:00.000   ,    357.58814,    409.98770,    1.3439718,    3.0518519,    59715.254,    65990.915
2026-06-22 12:00:00.000   ,    354.14310,    408.48097,    1.3713782,    3.4482143,    52801.724,    64881.535
2026-06-22 13:00:00.000   ,    351.94310,    411.48078,    1.3172795,    2.4481481,    62810.345,    67096.616
2026-06-22 14:00:00.000   ,    349.81379,    408.35998,    1.3735998,    2.8735849,    64358.621,    64792.727
2026-06-22 15:00:00.000   ,    349.14211,    405.23917,    1.4319986,    3.0580000,    58694.737,    62516.500
2026-06-22 16:00:00.000   ,    348.35417,    402.11837,    1.4925794,    3.6500000,    51529.167,    60267.935
2026-06-22 17:00:00.000   ,    342.40556,    398.99756,    1.5554524,    3.2851852,    43692.593,    58047.033
2026-06-22 18:00:00.000   ,    357.01000,    395.87676,    1.6207345,    2.7981481,    52493.333,    55853.793
2026-06-22 19:00:00.000   ,    357.49000,    396.69392,    1.6034011,    2.9196429,    60255.000,    56425.408
2026-06-22 20:00:00.000   ,    357.31786,    397.51109,    1.5862390,    1.9580000,    71723.214,    56998.919
2026-06-22 21:00:00.000   ,    351.02456,    394.41933,    1.6520816,    2.3490909,    65519.298,    54839.019
2026-06-22 22:00:00.000   ,    351.05893,    391.32757,    1.7204709,    1.7378378,    78880.357,    52706.269
2026-06-22 23:00:00.000   ,    346.92881,    388.23582,    1.7915401,    2.1155172,    51181.356,    50600.668
2026-06-23 00:00:00.000   ,    340.77119,    385.14406,    1.8654310,    1.9275862,    55308.475,    48522.218
2026-06-23 01:00:00.000   ,    336.62881,    382.05230,    1.9422951,    2.2101695,    42684.746,    46470.916
2026-06-23 02:00:00.000   ,    336.81167,    380.20093,    1.9898118,    2.0350000,    39201.667,    45255.573
2026-06-23 03:00:00.000   ,    349.56833,    378.34955,    2.0384889,    1.6535714,    70631.667,    44049.965
2026-06-23 04:00:00.000   ,    356.03667,    380.94495,    1.9705786,    2.6316667,    45096.667,    45742.820
2026-06-23 05:00:00.000   ,    358.42542,    383.54034,    1.9049198,    2.0537037,    67289.831,    47454.806
2026-06-23 06:00:00.000   ,    356.48500,    382.44525,    1.9323555,    2.1061224,  1.005200e+5,    46730.125
2026-06-23 07:00:00.000   ,    355.68333,    381.82167,    1.9481524,    2.0913793,    73355.000,    46318.985
2026-06-23 08:00:00.000   ,    360.50169,    380.86333,    1.9726793,    1.9437500,    84698.305,    45689.295
2026-06-23 09:00:00.000   ,    364.14828,    379.90500,    1.9975135,    1.9961538,    96653.448,    45062.214
2026-06-23 10:00:00.000   ,    358.50333,    383.09583,    1.9160097,    2.1162791,    82178.333,    47160.238
2026-06-23 11:00:00.000   ,    368.92500,    386.28667,    1.8377854,    1.4183333,    64428.333,    49287.179
2026-06-23 12:00:00.000   ,    375.85536,    385.39958,    1.8592136,    1.6781818,    64326.786,    48692.966
2026-06-23 13:00:00.000   ,    370.56111,    384.51250,    1.8808854,    1.7207547,    63729.630,    48100.988
2026-06-23 14:00:00.000   ,    364.98596,    383.62542,    1.9028046,   0.54901961,    52224.561,    47511.245
2026-06-23 15:00:00.000   ,    370.06429,    382.73833,    1.9249749,   0.81296296,    38317.857,    46923.737
2026-06-23 16:00:00.000   ,    376.60667,    382.05611,    1.9421984,    1.6937500,    69075.000,    46473.428
2026-06-23 17:00:00.000   ,    366.99074,    381.37389,    1.9595746,    1.9911111,    82692.593,    46024.440
2026-06-23 18:00:00.000   ,    372.07719,    380.69167,    1.9771051,    1.7204082,    67228.070,    45576.774
2026-06-23 19:00:00.000   ,    392.74000,    380.68167,    1.9773632,   0.55535714,    71123.333,    45570.222
2026-06-23 20:00:00.000   ,    393.21754,    380.67167,    1.9776214,    1.0981818,    58500.000,    45563.670
2026-06-23 21:00:00.000   ,    391.19643,    378.93833,    2.0228803,    1.0800000,    51621.429,    44432.323
2026-06-23 22:00:00.000   ,    388.68947,    377.20500,    2.0691790,   0.72156863,    64768.421,    43309.508
2026-06-23 23:00:00.000   ,    385.14138,    375.47167,    2.1165495,   0.50666667,  1.122586e+5,    42195.227
2026-06-24 00:00:00.000   ,    396.46000,    378.53917,    2.0334490,   0.91372549,  1.191033e+5,    44172.995
2026-06-24 01:00:00.000   ,    377.35517,    381.60667,    1.9536285,    2.9309091,    89496.552,    46177.488
2026-06-24 02:00:00.000   ,    372.86667,    430.26225,    1.0171063,    3.1557692,  1.016133e+5,    81545.933
2026-06-24 03:00:00.000   ,    380.94746,    478.91783,   0.46447900,    6.7823529,  1.360576e+5,  1.236383e+5
2026-06-24 04:00:00.000   ,    429.45424,    495.74524,   0.32539572,    3.0060606,  1.927356e+5,  1.397606e+5
2026-06-24 05:00:00.000   ,    457.48136,    504.79791,   0.25862363,    2.1390244,  2.262831e+5,  1.487667e+5
2026-06-24 06:00:00.000   ,    454.56333,    505.78727,   0.25163345,    4.3326087,  1.712783e+5,  1.497651e+5
2026-06-24 07:00:00.000   ,    449.41333,    502.79483,   0.27295646,    2.8086957,  1.776617e+5,  1.467539e+5
2026-06-24 08:00:00.000   ,    451.83729,    499.80239,   0.29482904,    3.5222222,  2.049136e+5,  1.437681e+5
2026-06-24 09:00:00.000   ,    434.53103,    546.60650,   0.00725241,    3.4326923,  1.948517e+5,  1.933800e+5
2026-06-24 10:00:00.000   ,    450.01017,    541.65747,   0.03286878,    1.4875000,  2.046305e+5,  1.878399e+5
2026-06-24 11:00:00.000   ,    462.41695,    536.70844,   0.05947493,    1.6722222,  1.919424e+5,  1.823693e+5
2026-06-24 12:00:00.000   ,    462.53966,    531.75940,   0.08712253,    1.1629630,  2.018776e+5,  1.769684e+5
2026-06-24 13:00:00.000   ,    467.33621,    526.81037,   0.11586663,    1.3160714,  2.179672e+5,  1.716370e+5
2026-06-24 14:00:00.000   ,    463.38333,    529.57641,   0.09966285,   0.83518519,  1.665750e+5,  1.746082e+5
2026-06-24 15:00:00.000   ,    455.13621,    542.20261,   0.02999953,   0.12666667,  1.400241e+5,  1.884467e+5
2026-06-24 16:00:00.000   ,    460.65614,    542.64512,   0.02767920,   0.54130435,  1.250895e+5,  1.889399e+5
2026-06-24 17:00:00.000   ,    494.86545,    543.08764,   0.02536671,   0.68461538,  1.889764e+5,  1.894337e+5
2026-06-24 18:00:00.000   ,    494.42373,    542.20261,   0.02999953,   0.36326531,  1.557542e+5,  1.884467e+5
2026-06-24 19:00:00.000   ,    502.77288,    542.20261,   0.02999953,    1.0787234,  2.681136e+5,  1.884467e+5
2026-06-24 20:00:00.000   ,    564.39667,    541.31542,   0.03467526,    1.1479167,  3.344833e+5,  1.874595e+5
2026-06-24 21:00:00.000   ,    615.15862,    540.42605,   0.03939450,    2.3956522,  3.980828e+5,  1.864722e+5
2026-06-24 22:00:00.000   ,    604.60741,    559.43990,  -0.05490024,    2.1705882,  3.507963e+5,  2.080701e+5
2026-06-24 23:00:00.000   ,    631.46071,    578.45376,  -0.13692196,    1.1285714,  3.267143e+5,  2.306949e+5
2026-06-25 00:00:00.000   ,    674.76182,    597.46762,  -0.20871167,    1.0355556,  3.421091e+5,  2.543464e+5
2026-06-25 01:00:00.000   ,    631.36667,    601.31427,  -0.22214286,   0.25000000,  3.516053e+5,  2.592562e+5
2026-06-25 02:00:00.000   ,    674.02241,    599.14315,  -0.21460447,   0.32156863,  3.960000e+5,  2.564799e+5
2026-06-25 03:00:00.000   ,    641.29167,    596.97202,  -0.20695595,   0.66304348,  2.862700e+5,  2.537169e+5
2026-06-25 04:00:00.000   ,    653.82167,    594.80089,  -0.19919517,    1.2840000,  2.915617e+5,  2.509673e+5
2026-06-25 05:00:00.000   ,    659.36780,    592.62976,  -0.19131990,   0.98958333,  3.124576e+5,  2.482312e+5
2026-06-25 06:00:00.000   ,    666.16667,    590.45863,  -0.18332789,    1.1755102,  2.579083e+5,  2.455084e+5
2026-06-25 07:00:00.000   ,    668.69500,    594.31585,  -0.19744580,    1.3358491,  1.916950e+5,  2.503549e+5
2026-06-25 08:00:00.000   ,    660.08136,    598.17306,  -0.21120077,   0.73404255,  1.862576e+5,  2.552437e+5
2026-06-25 09:00:00.000   ,    657.03390,    602.03028,  -0.22460513,   0.10333333,  3.044949e+5,  2.601747e+5
2026-06-25 10:00:00.000   ,    657.44386,    605.88750,  -0.23767069,   0.44000000,  2.319175e+5,  2.651480e+5
2026-06-25 11:00:00.000   ,      N/A    ,    611.16598,  -0.25502199,      N/A    ,      N/A    ,  2.720223e+5
2026-06-25 12:00:00.000   ,      N/A    ,    613.40999,  -0.26221944,      N/A    ,      N/A    ,  2.749687e+5
2026-06-25 13:00:00.000   ,      N/A    ,    616.38544,  -0.27160322,      N/A    ,      N/A    ,  2.788976e+5
2026-06-25 14:00:00.000   ,      N/A    ,    614.90005,  -0.26694124,      N/A    ,      N/A    ,  2.769331e+5
2026-06-25 15:00:00.000   ,      N/A    ,    633.14633,  -0.32126441,      N/A    ,      N/A    ,  3.014988e+5
2026-06-25 16:00:00.000   ,      N/A    ,    630.99235,  -0.31517178,      N/A    ,      N/A    ,  2.985495e+5
2026-06-25 17:00:00.000   ,      N/A    ,    633.14633,  -0.32126441,      N/A    ,      N/A    ,  3.014988e+5
2026-06-25 18:00:00.000   ,      N/A    ,    632.06934,  -0.31822831,      N/A    ,      N/A    ,  3.000225e+5
2026-06-25 19:00:00.000   ,      N/A    ,    630.99235,  -0.31517178,      N/A    ,      N/A    ,  2.985495e+5
2026-06-25 20:00:00.000   ,      N/A    ,    633.86226,  -0.32327147,      N/A    ,      N/A    ,  3.024819e+5
2026-06-25 21:00:00.000   ,      N/A    ,    637.42668,  -0.33313276,      N/A    ,      N/A    ,  3.073985e+5
2026-06-25 22:00:00.000   ,      N/A    ,    636.71581,  -0.33118336,      N/A    ,      N/A    ,  3.064151e+5
2026-06-25 23:00:00.000   ,    677.22500,    637.42668,  -0.33313276,   0.23333333,  1.710000e+5,  3.073985e+5
2026-06-26 00:00:00.000   ,    688.53000,    630.27228,  -0.31311672,   0.29107143,  1.837850e+5,  2.975666e+5
2026-06-26 01:00:00.000   ,    691.29833,    629.91172,  -0.31208422,   0.18113208,  2.113333e+5,  2.970749e+5
2026-06-26 02:00:00.000   ,    666.55763,    629.55116,  -0.31104939,   0.10625000,  2.089797e+5,  2.965836e+5
2026-06-26 03:00:00.000   ,    663.38305,    629.55116,  -0.31104939,   0.10000000,  2.436102e+5,  2.965836e+5
2026-06-26 04:00:00.000   ,    640.06500,    628.82899,  -0.30896966,   0.31960784,  1.431167e+5,  2.956008e+5
2026-06-26 05:00:00.000   ,    635.61695,    631.71138,  -0.31721468,   0.21944444,  1.518559e+5,  2.995326e+5
2026-06-26 06:00:00.000   ,    637.24500,    630.27228,  -0.31311672,   0.30769231,  1.460783e+5,  2.975666e+5
2026-06-26 07:00:00.000   ,    638.74333,    627.37290,  -0.30474766,   0.32978723,  1.245917e+5,  2.936235e+5
2026-06-26 08:00:00.000   ,    653.73559,    624.47352,  -0.29622470,   0.15434783,  1.706712e+5,  2.897043e+5
2026-06-26 09:00:00.000   ,    643.98814,    622.28112,  -0.28967546,   0.21612903,  1.671475e+5,  2.867566e+5
2026-06-26 10:00:00.000   ,    628.91667,    626.65609,  -0.30265501,   0.10000000,  2.202183e+5,  2.926524e+5
2026-06-26 11:00:00.000   ,    619.81207,    627.01878,  -0.30371501,   0.23000000,  2.235586e+5,  2.931435e+5
2026-06-26 12:00:00.000   ,    637.13051,    627.38146,  -0.30477259,   0.32500000,  1.803051e+5,  2.936351e+5
2026-06-26 13:00:00.000   ,    639.33036,    620.02232,  -0.28283181,   0.15853659,  1.741821e+5,  2.837339e+5
2026-06-26 14:00:00.000   ,    647.99455,    612.66318,  -0.25983575,   0.10000000,  2.050000e+5,  2.739866e+5
2026-06-26 15:00:00.000   ,    656.14643,    615.64333,  -0.26927963,   0.22083333,  1.853339e+5,  2.779153e+5
2026-06-26 16:00:00.000   ,    662.30000,    614.90005,  -0.26694124,   0.17948718,  2.049038e+5,  2.769331e+5
2026-06-26 17:00:00.000   ,    655.15455,    617.12639,  -0.27391213,   0.24705882,  2.202727e+5,  2.798798e+5
2026-06-26 18:00:00.000   ,    657.28750,    617.12639,  -0.27391213,   0.25686275,  1.994643e+5,  2.798798e+5
2026-06-26 19:00:00.000   ,    663.44821,    620.81398,  -0.28524157,   0.12826087,  2.618214e+5,  2.847917e+5
2026-06-26 20:00:00.000   ,    662.57500,    624.47352,  -0.29622470,   0.12363636,  2.089000e+5,  2.897043e+5
2026-06-26 21:00:00.000   ,    661.98246,    624.10867,  -0.29514110,   0.10344828,  2.127649e+5,  2.892128e+5
2026-06-26 22:00:00.000   ,    665.86379,    623.74382,  -0.29405500,   0.10000000,  1.913103e+5,  2.887217e+5
2026-06-26 23:00:00.000   ,    659.60517,    625.20213,  -0.29838119,   0.10000000,  1.982224e+5,  2.906870e+5
2026-06-27 00:00:00.000   ,    663.07627,    624.47352,  -0.29622470,      N/A    ,  1.761356e+5,  2.897043e+5
2026-06-27 01:00:00.000   ,    664.13000,    621.53918,  -0.28743840,   0.10000000,  1.510600e+5,  2.857622e+5
2026-06-27 02:00:00.000   ,    649.82667,    618.60484,  -0.27848652,      N/A    ,  1.930733e+5,  2.818445e+5
2026-06-27 03:00:00.000   ,    642.98475,    614.90005,  -0.26694124,      N/A    ,  1.706561e+5,  2.769331e+5
2026-06-27 04:00:00.000   ,    633.16271,    611.16598,  -0.25502199,      N/A    ,  1.641763e+5,  2.720223e+5
2026-06-27 05:00:00.000   ,    608.23729,    605.79271,  -0.23735360,      N/A    ,  1.242576e+5,  2.650253e+5
2026-06-27 06:00:00.000   ,    603.99333,    600.41944,  -0.21904911,   0.10000000,  1.121167e+5,  2.581103e+5
2026-06-27 07:00:00.000   ,    580.49333,    595.04617,  -0.20007763,   0.10000000,  1.065183e+5,  2.512773e+5
2026-06-27 08:00:00.000   ,    576.20508,    589.67290,  -0.18040635,   0.10000000,    89210.169,  2.445263e+5
2026-06-27 09:00:00.000   ,    572.40345,    586.51565,  -0.16850748,   0.10000000,    83668.966,  2.405977e+5
2026-06-27 10:00:00.000   ,    570.68947,    584.92534,  -0.16241563,   0.10000000,    80457.895,  2.386297e+5
2026-06-27 11:00:00.000   ,    552.88364,    583.33503,  -0.15625660,      N/A    ,  1.560891e+5,  2.366688e+5
2026-06-27 12:00:00.000   ,    566.50000,    581.73576,  -0.14999412,      N/A    ,    89546.429,  2.347041e+5
2026-06-27 13:00:00.000   ,    560.39074,    579.31848,  -0.14039522,      N/A    ,    95492.593,  2.317482e+5
2026-06-27 14:00:00.000   ,    546.57167,    576.90119,  -0.13063280,      N/A    ,    83463.333,  2.288089e+5
2026-06-27 15:00:00.000   ,    541.24138,    573.64665,  -0.11722419,      N/A    ,    93763.793,  2.248778e+5
2026-06-27 16:00:00.000   ,    546.91636,    571.18125,  -0.10685920,      N/A    ,  1.239964e+5,  2.219200e+5
2026-06-27 17:00:00.000   ,    543.29474,    568.71584,  -0.09631059,      N/A    ,  1.370105e+5,  2.189793e+5
2026-06-27 18:00:00.000   ,    529.63793,    574.46270,  -0.12061527,   0.10000000,  1.034086e+5,  2.258607e+5
2026-06-27 19:00:00.000   ,    526.98621,    569.54181,  -0.09986536,      N/A    ,  1.268793e+5,  2.199626e+5
2026-06-27 20:00:00.000   ,    517.27759,    570.36610,  -0.10339201,      N/A    ,  1.430379e+5,  2.209458e+5
2026-06-27 21:00:00.000   ,    512.94737,    567.46320,  -0.09087921,   0.10000000,  1.182491e+5,  2.174919e+5
2026-06-27 22:00:00.000   ,    516.07778,    564.56029,  -0.07810264,   0.10000000,    93831.481,  2.140619e+5
2026-06-27 23:00:00.000   ,    509.12500,    562.04596,  -0.06681734,   0.10000000,    95658.333,  2.111104e+5
2026-06-28 00:00:00.000   ,    514.60333,    559.50716,  -0.05521066,   0.10000000,    67908.333,  2.081483e+5
2026-06-28 01:00:00.000   ,    507.63500,    556.96836,  -0.04338609,   0.10000000,    95731.667,  2.052046e+5
2026-06-28 02:00:00.000   ,    503.66167,    556.11464,  -0.03935994,   0.10000000,    74151.667,  2.042188e+5
2026-06-28 03:00:00.000   ,    501.03051,    555.26092,  -0.03530831,   0.10000000,    85716.949,  2.032351e+5
2026-06-28 04:00:00.000   ,    492.82542,    554.11493,  -0.02982923,      N/A    ,    89969.492,  2.019179e+5
2026-06-28 05:00:00.000   ,    487.42456,    552.96895,  -0.02430335,   0.10000000,    79587.719,  2.006045e+5
2026-06-28 06:00:00.000   ,    473.69500,    551.82297,  -0.01873011,      N/A    ,    80173.333,  1.992947e+5
2026-06-28 07:00:00.000   ,    471.44483,    547.01279,   0.00519193,      N/A    ,    81724.138,  1.938378e+5
2026-06-28 08:00:00.000   ,    469.27333,    542.20261,   0.02999953,      N/A    ,    87561.667,  1.884467e+5
2026-06-28 09:00:00.000   ,    461.44138,    539.52450,   0.04421141,      N/A    ,    66331.034,  1.854736e+5
2026-06-28 10:00:00.000   ,    463.75424,    536.84638,   0.05871947,      N/A    ,    55652.542,  1.825209e+5
2026-06-28 11:00:00.000   ,    450.81552,    531.82838,   0.08672981,      N/A    ,    46682.759,  1.770432e+5
2026-06-28 12:00:00.000   ,    449.53393,    526.81037,   0.11586663,      N/A    ,    70042.857,  1.716370e+5
2026-06-28 13:00:00.000   ,    458.57321,    524.94865,   0.12697529,   0.10000000,    60475.000,  1.696495e+5
2026-06-28 14:00:00.000   ,    442.11607,    523.08693,   0.13825066,      N/A    ,    50492.857,  1.676718e+5
2026-06-28 15:00:00.000   ,    436.24182,    519.27738,   0.16185669,      N/A    ,    53761.818,  1.636556e+5
2026-06-28 16:00:00.000   ,    439.45769,    515.46784,   0.18620474,      N/A    ,    51834.615,  1.596806e+5
2026-06-28 17:00:00.000   ,    440.38909,    511.65829,   0.21132626,   0.10000000,    38869.091,  1.557468e+5
2026-06-28 18:00:00.000   ,    438.32157,    506.56155,   0.24620349,      N/A    ,    49946.000,  1.505484e+5
2026-06-28 19:00:00.000   ,      N/A    ,    501.46481,   0.28260901,      N/A    ,      N/A    ,  1.454237e+5
2026-06-28 20:00:00.000   ,      N/A    ,    496.36807,   0.32063342,      N/A    ,      N/A    ,  1.403728e+5
2026-06-28 21:00:00.000   ,      N/A    ,    491.27133,   0.36037415,      N/A    ,      N/A    ,  1.353957e+5
2026-06-28 22:00:00.000   ,      N/A    ,    486.17459,   0.40193608,      N/A    ,      N/A    ,  1.304923e+5
2026-06-28 23:00:00.000   ,    422.64000,    481.07785,   0.44543221,      N/A    ,    57840.000,  1.256628e+5
2026-06-29 00:00:00.000   ,    430.79667,    478.90907,   0.46455704,   0.10000000,    39473.333,  1.236301e+5
2026-06-29 01:00:00.000   ,    420.94500,    476.74028,   0.48406396,   0.10000000,    54250.000,  1.216107e+5
2026-06-29 02:00:00.000   ,    423.19833,    473.08554,   0.51782935,   0.10000000,    59506.667,  1.182380e+5
2026-06-29 03:00:00.000   ,    422.63833,    469.43079,   0.55276033,      N/A    ,    83535.000,  1.149032e+5
2026-06-29 04:00:00.000   ,    435.86102,    465.77605,   0.58891117,      N/A    ,    96837.931,  1.116064e+5
2026-06-29 05:00:00.000   ,    419.32982,    462.12130,   0.62633934,      N/A    ,  1.031482e+5,  1.083475e+5
2026-06-29 06:00:00.000   ,    416.96102,    509.71347,   0.22445992,      N/A    ,    84364.407,  1.537545e+5
2026-06-29 07:00:00.000   ,    427.98833,    507.75656,   0.23789206,      N/A    ,    93003.390,  1.517606e+5
2026-06-29 08:00:00.000   ,    424.21897,    511.65829,   0.21132626,      N/A    ,  1.084241e+5,  1.557468e+5
2026-06-29 09:00:00.000   ,    420.24310,    519.07257,   0.16314656,      N/A    ,  1.054491e+5,  1.634408e+5
2026-06-29 10:00:00.000   ,    402.60833,    526.48685,   0.11778519,      N/A    ,  1.309893e+5,  1.712909e+5
2026-06-29 11:00:00.000   ,    391.97143,    533.90113,   0.07502655,      N/A    ,  1.072054e+5,  1.792972e+5
2026-06-29 12:00:00.000   ,    382.27797,    541.31542,   0.03467526,   0.10000000,  1.235132e+5,  1.874595e+5
2026-06-29 13:00:00.000   ,    369.37458,    542.20261,   0.02999953,   0.10000000,    43442.105,  1.884467e+5
2026-06-29 14:00:00.000   ,    350.83214,    556.11559,  -0.03936442,   0.10000000,    27001.852,  2.042199e+5
2026-06-29 15:00:00.000   ,    354.25636,    562.88585,  -0.07061004,   0.15263158,    22751.852,  2.120943e+5
2026-06-29 16:00:00.000   ,    364.00208,    562.88585,  -0.07061004,   0.10000000,    69964.706,  2.120943e+5
2026-06-29 17:00:00.000   ,    381.11636,    560.35255,  -0.05909948,   0.10000000,  1.441455e+5,  2.091326e+5
2026-06-29 18:00:00.000   ,    368.73729,    557.81925,  -0.04737376,   0.10000000,  1.447857e+5,  2.061892e+5
2026-06-29 19:00:00.000   ,    368.65690,    557.81925,  -0.04737376,   0.10000000,  1.220476e+5,  2.061892e+5
2026-06-29 20:00:00.000   ,    391.01250,    554.40433,  -0.03121729,   0.10000000,  1.333104e+5,  2.022502e+5
2026-06-29 21:00:00.000   ,    373.49455,    558.66827,  -0.05132787,   0.11111111,    84704.878,  2.071736e+5
2026-06-29 22:00:00.000   ,    370.36379,    561.20427,  -0.06299318,   0.10000000,    86038.596,  2.101263e+5
2026-06-29 23:00:00.000   ,    347.58833,    558.66827,  -0.05132787,   0.10869565,    81938.000,  2.071736e+5
2026-06-30 00:00:00.000   ,    332.42333,    555.26092,  -0.03530831,   0.16000000,    47765.306,  2.032351e+5
2026-06-30 01:00:00.000   ,    342.79333,    556.11559,  -0.03936442,   0.18750000,    73645.098,  2.042199e+5
2026-06-30 02:00:00.000   ,    367.46500,    555.94465,  -0.03855525,   0.17826087,    84926.190,  2.040228e+5
2026-06-30 03:00:00.000   ,    424.41296,    555.77372,  -0.03774505,      N/A    ,    77158.824,  2.038258e+5
2026-06-30 04:00:00.000   ,    357.67833,    555.60278,  -0.03693383,   0.13636364,    40171.739,  2.036288e+5
2026-06-30 05:00:00.000   ,    396.67193,    555.43185,  -0.03612159,   0.10000000,    83479.630,  2.034319e+5
2026-06-30 06:00:00.000   ,    355.72034,    555.26092,  -0.03530831,   0.14117647,    63570.588,  2.032351e+5
2026-06-30 07:00:00.000   ,    349.72500,    556.11559,  -0.03936442,   0.13529412,  1.052196e+5,  2.042199e+5
2026-06-30 08:00:00.000   ,    384.12241,    552.65370,  -0.02277497,   0.15555556,  1.138630e+5,  2.002438e+5
2026-06-30 09:00:00.000   ,    401.11228,    549.19182,  -0.00575204,   0.10000000,  1.192439e+5,  1.963017e+5
2026-06-30 10:00:00.000   ,    376.72241,    545.72994,   0.01171960,   0.37777778,  1.446886e+5,  1.923936e+5
2026-06-30 11:00:00.000   ,    434.53448,    544.85129,   0.01622733,    1.0212766,  1.695228e+5,  1.914072e+5
2026-06-30 12:00:00.000   ,    436.75862,    544.85129,   0.01622733,   0.61666667,  1.879069e+5,  1.914072e+5
2026-06-30 13:00:00.000   ,    430.99825,    541.26184,   0.03495865,   0.38222222,  1.665053e+5,  1.874000e+5
2026-06-30 14:00:00.000   ,    434.56607,    537.67239,   0.05421268,   0.44400000,  1.958214e+5,  1.834294e+5
2026-06-30 15:00:00.000   ,    431.71636,    534.08294,   0.07400905,   0.27555556,  1.767364e+5,  1.794954e+5
2026-06-30 16:00:00.000   ,    428.37115,    530.49350,   0.09436831,   0.13571429,  1.636365e+5,  1.755981e+5
2026-06-30 17:00:00.000   ,    424.02453,    529.57641,   0.09966285,   0.11632653,  1.299509e+5,  1.746082e+5
2026-06-30 18:00:00.000   ,    425.69483,    525.20730,   0.12542208,   0.10000000,    70537.931,  1.699250e+5
2026-06-30 19:00:00.000   ,    428.79483,    520.83818,   0.15209712,   0.12105263,    70812.069,  1.652960e+5
2026-06-30 20:00:00.000   ,    425.46271,    516.46907,   0.17973192,   0.10000000,    62011.864,  1.607213e+5
2026-06-30 21:00:00.000   ,    418.36607,    522.14959,   0.14399176,   0.10000000,    75078.571,  1.666797e+5
2026-06-30 22:00:00.000   ,    422.37143,    521.20827,   0.14980106,   0.10000000,    72387.500,  1.656860e+5
2026-06-30 23:00:00.000   ,    424.64828,    520.26694,   0.15565472,   0.10500000,    72303.509,  1.646948e+5
2026-07-01 00:00:00.000   ,    422.76167,    519.32023,   0.16158713,   0.60000000,  1.110200e+5,  1.637005e+5
2026-07-01 01:00:00.000   ,    436.59667,    518.37351,   0.16756534,    1.2581818,    36948.333,  1.627087e+5
2026-07-01 02:00:00.000   ,    438.41667,    519.32159,   0.16157856,    1.0666667,    15185.714,  1.637019e+5
2026-07-01 03:00:00.000   ,    431.57667,    519.32159,   0.16157856,    1.0173077,    30630.508,  1.637019e+5
2026-07-01 04:00:00.000   ,    428.22807,    519.32159,   0.16157856,      N/A    ,    62456.140,  1.637019e+5
2026-07-01 05:00:00.000   ,    427.25085,    519.32159,   0.16157856,   0.10000000,    73847.458,  1.637019e+5
2026-07-01 06:00:00.000   ,    414.60769,    521.50884,   0.14794127,   0.94285714,    53607.692,  1.660031e+5
2026-07-01 07:00:00.000   ,    412.45763,    523.69610,   0.13454274,    1.5615385,    38746.552,  1.683178e+5
2026-07-01 08:00:00.000   ,    410.40189,    525.88335,   0.12137742,   0.10270270,    53352.830,  1.706461e+5
2026-07-01 09:00:00.000   ,    400.50000,    524.01647,   0.13259993,   0.91200000,    52961.111,  1.686580e+5
2026-07-01 10:00:00.000   ,    398.04151,    522.14959,   0.14399176,   0.17333333,    55141.509,  1.666797e+5
2026-07-01 11:00:00.000   ,    403.37963,    518.87712,   0.16437945,      N/A    ,    43972.222,  1.632360e+5
2026-07-01 12:00:00.000   ,    405.46167,    515.60466,   0.18531705,   0.44000000,    43298.333,  1.598226e+5
2026-07-01 13:00:00.000   ,    402.04000,    512.33220,   0.20682451,   0.39230769,    48886.667,  1.564397e+5
2026-07-01 14:00:00.000   ,    396.27500,    509.05974,   0.22892270,   0.27826087,    42607.143,  1.530872e+5
2026-07-01 15:00:00.000   ,    408.29138,    505.78727,   0.25163345,   0.10645161,    50468.966,  1.497651e+5
2026-07-01 16:00:00.000   ,    415.02456,    502.79483,   0.27295646,   0.38378378,    79050.877,  1.467539e+5
2026-07-01 17:00:00.000   ,    410.69667,    499.80239,   0.29482904,    2.0428571,    86631.667,  1.437681e+5
2026-07-01 18:00:00.000   ,    410.98966,    496.76475,   0.31761368,    1.5692308,    62960.345,  1.407633e+5
2026-07-01 19:00:00.000   ,    416.46667,    493.15838,   0.34545370,   0.92040816,    41510.000,  1.372298e+5
2026-07-01 20:00:00.000   ,    423.77069,    489.55201,   0.37418549,   0.94035088,    94812.069,  1.337334e+5
2026-07-01 21:00:00.000   ,    415.97273,    489.55201,   0.37418549,    1.9452830,  1.295527e+5,  1.337334e+5
2026-07-01 22:00:00.000   ,    411.04561,    489.55201,   0.37418549,    1.1145455,  1.030860e+5,  1.337334e+5
2026-07-01 23:00:00.000   ,    412.77759,    485.64510,   0.40636274,    1.2869565,  1.456741e+5,  1.299872e+5
2026-07-02 00:00:00.000   ,    414.96167,    481.73819,   0.43968354,    1.8169811,  2.467500e+5,  1.262843e+5
2026-07-02 01:00:00.000   ,    405.94333,    477.83128,   0.47420271,    1.3975610,  2.503067e+5,  1.226249e+5
2026-07-02 02:00:00.000   ,    406.48983,    485.34722,   0.40886231,   0.74130435,  2.402500e+5,  1.297033e+5
2026-07-02 03:00:00.000   ,    402.66333,    483.21254,   0.42697155,   0.73488372,  2.237333e+5,  1.276766e+5
2026-07-02 04:00:00.000   ,    405.24386,    481.07785,   0.44543221,   0.95250000,  2.583737e+5,  1.256628e+5
2026-07-02 05:00:00.000   ,    399.74500,    480.00000,   0.45488981,   0.62162162,  1.862567e+5,  1.246509e+5
2026-07-02 06:00:00.000   ,    400.43390,    478.91564,   0.46449851,   0.62558140,  1.925915e+5,  1.236362e+5
2026-07-02 07:00:00.000   ,    403.73621,    477.83128,   0.47420271,   0.45416667,  1.990724e+5,  1.226249e+5
2026-07-02 08:00:00.000   ,    387.28167,    481.07785,   0.44543221,   0.85416667,  1.167867e+5,  1.256628e+5
2026-07-02 09:00:00.000   ,    390.07797,    477.25892,   0.47936387,   0.56226415,    81752.542,  1.220924e+5
2026-07-02 10:00:00.000   ,    389.08679,    473.43998,   0.51450453,   0.71500000,    70624.528,  1.185634e+5
2026-07-02 11:00:00.000   ,    378.21607,    474.54470,   0.50421161,   0.69523810,    68980.357,  1.195800e+5
2026-07-02 12:00:00.000   ,    388.37778,    476.74028,   0.48406396,   0.15116279,  1.112370e+5,  1.216107e+5
2026-07-02 13:00:00.000   ,    372.93750,    472.85678,   0.51998103,   0.19130435,    98165.455,  1.180282e+5
2026-07-02 14:00:00.000   ,    382.28393,    468.97327,   0.55721794,   0.11333333,  1.100875e+5,  1.144884e+5
2026-07-02 15:00:00.000   ,    369.03036,    465.54729,   0.59121581,   0.10689655,    79381.818,  1.114013e+5
2026-07-02 16:00:00.000   ,    372.58596,    462.12130,   0.62633934,   0.11750000,    61943.860,  1.083475e+5
2026-07-02 17:00:00.000   ,    368.29123,    459.77104,   0.65111129,   0.13571429,    63528.070,  1.062719e+5
2026-07-02 18:00:00.000   ,    365.18000,    457.42079,   0.67645355,   0.17916667,    64338.889,  1.042119e+5
2026-07-02 19:00:00.000   ,    343.67069,    455.07053,   0.70238378,   0.21714286,    64617.308,  1.021676e+5
2026-07-02 20:00:00.000   ,    349.28793,    457.43233,   0.67632767,   0.24117647,    94816.667,  1.042220e+5
2026-07-02 21:00:00.000   ,    351.14828,    459.79413,   0.65086522,   0.24193548,    66269.091,  1.062922e+5
2026-07-02 22:00:00.000   ,    363.17667,    456.83436,   0.68286774,   0.19375000,    80846.552,  1.037003e+5
2026-07-02 23:00:00.000   ,    384.95088,    453.87460,   0.71580993,   0.20000000,    94017.857,  1.011334e+5
2026-07-03 00:00:00.000   ,    387.02034,    451.47457,   0.74323773,   0.10000000,    87206.897,    99070.176
2026-07-03 01:00:00.000   ,    393.71833,    449.07454,   0.77132848,   0.10000000,    97418.333,    97023.306
2026-07-03 02:00:00.000   ,    397.93833,    446.67450,   0.80010373,   0.10000000,    85111.667,    94992.797
2026-07-03 03:00:00.000   ,    405.09000,    444.27447,   0.82958590,   0.10714286,  1.220550e+5,    92978.648
2026-07-03 04:00:00.000   ,    396.78421,    441.87444,   0.85979833,   0.21250000,    97894.737,    90980.859
2026-07-03 05:00:00.000   ,    400.35000,    439.47441,   0.89076535,   0.10000000,    92740.000,    88999.430
2026-07-03 06:00:00.000   ,    395.18167,    436.72551,   0.92719351,   0.10000000,    86581.667,    86750.082
2026-07-03 07:00:00.000   ,    401.26897,    433.97661,   0.96468466,   0.10000000,    89632.759,    84522.195
2026-07-03 08:00:00.000   ,    402.64746,    431.22770,    1.0032806,   0.10000000,    83313.559,    82315.770
2026-07-03 09:00:00.000   ,    399.61356,    428.47880,    1.0430251,   0.10000000,    76988.136,    80130.808
2026-07-03 10:00:00.000   ,    405.79649,    425.72990,    1.0839642,   0.10689655,    87626.316,    77967.308
2026-07-03 11:00:00.000   ,    468.43167,    422.98100,    1.1261462,    1.2681818,  1.223150e+5,    75825.270
2026-07-03 12:00:00.000   ,    476.40000,    429.27310,    1.0314202,    1.7232143,  1.410000e+5,    80759.952
2026-07-03 13:00:00.000   ,    481.63571,    435.56520,   0.94288638,    1.7854167,  1.453714e+5,    85807.081
2026-07-03 14:00:00.000   ,    483.69474,    441.85731,   0.86001670,    1.8108696,  1.545561e+5,    90966.656
2026-07-03 15:00:00.000   ,    486.64259,    448.14941,   0.78233806,    1.3325581,  1.517037e+5,    96238.678
2026-07-03 16:00:00.000   ,    487.24400,    450.91941,   0.74967581,    1.9567568,  1.915000e+5,    98595.251
2026-07-03 17:00:00.000   ,    477.26667,    448.53635,   0.77772074,    1.4543478,  2.388754e+5,    96566.560
2026-07-03 18:00:00.000   ,    480.06949,    446.15330,   0.80644541,   0.93921569,  3.560000e+5,    94553.999
2026-07-03 19:00:00.000   ,    538.22414,    450.51941,   0.75433665,    1.0700000,  6.843793e+5,    98253.605
2026-07-03 20:00:00.000   ,    569.11429,    447.46891,   0.79050203,    1.4767442,  6.847339e+5,    95663.080
2026-07-03 21:00:00.000   ,    563.48545,    444.41841,   0.82779736,    4.0466667,  3.992255e+5,    93098.985
2026-07-03 22:00:00.000   ,    555.21667,    441.36792,   0.86627021,    5.0566038,  1.953033e+5,    90561.320
2026-07-03 23:00:00.000   ,    570.90339,    437.95167,   0.91081564,    4.6666667,  3.297458e+5,    87750.763
2026-07-04 00:00:00.000   ,    597.98983,    437.55667,   0.91606880,    1.8211538,  4.413729e+5,    87427.934
2026-07-04 01:00:00.000   ,    596.19831,    437.16167,   0.92134365,   0.53095238,  4.707458e+5,    87105.547
2026-07-04 02:00:00.000   ,    599.88167,    436.76667,   0.92664032,   0.31250000,  4.514167e+5,    86783.604
2026-07-04 03:00:00.000   ,    622.19667,    433.49167,   0.97141196,   0.78039216,  2.763317e+5,    84131.397
2026-07-04 04:00:00.000   ,    610.24833,    431.45167,    1.0000937,   0.18965517,    91528.333,    82494.732
2026-07-04 05:00:00.000   ,    605.37797,    429.41167,    1.0294059,   0.14745763,    86666.102,    80869.888
2026-07-04 06:00:00.000   ,    591.44483,    427.37167,    1.0593672,   0.12647059,    75137.931,    79256.864
2026-07-04 07:00:00.000   ,    572.72000,    425.33167,    1.0899970,   0.12666667,    83815.000,    77655.659
2026-07-04 08:00:00.000   ,    576.79310,    423.15167,    1.1234903,   0.18125000,    73450.000,    75957.633
2026-07-04 09:00:00.000   ,    582.63103,    420.97167,    1.1577952,   0.10000000,    70329.310,    74273.104
2026-07-04 10:00:00.000   ,    595.44915,    418.79167,    1.1929381,   0.10000000,  1.124102e+5,    72602.073
2026-07-04 11:00:00.000   ,    605.34833,    416.61167,    1.2289467,   0.15000000,    82361.667,    70944.541
2026-07-04 12:00:00.000   ,    639.36071,    417.16167,    1.2197788,   0.29814815,  1.838893e+5,    71361.453
2026-07-04 13:00:00.000   ,    634.72982,    417.99667,    1.2059679,   0.23584906,  1.834263e+5,    71996.043
2026-07-04 14:00:00.000   ,    608.23273,    418.83167,    1.1922856,   0.19056604,  1.440182e+5,    72632.613
2026-07-04 15:00:00.000   ,    600.34107,    415.77167,    1.2430586,   0.20892857,    97466.071,    70309.461
2026-07-04 16:00:00.000   ,    571.20179,    412.71167,    1.2956161,   0.13783784,    75726.786,    68012.904
2026-07-04 17:00:00.000   ,    581.96491,    412.82167,    1.2936949,   0.10000000,    83392.982,    68094.999
2026-07-04 18:00:00.000   ,    580.58167,    416.77167,    1.2262738,   0.20294118,    78125.000,    71065.736
2026-07-04 19:00:00.000   ,    579.66296,    414.52167,    1.2643079,   0.14782609,    72609.259,    69368.112
2026-07-04 20:00:00.000   ,    574.64821,    412.27167,    1.3033250,   0.15294118,    80941.071,    67684.867
2026-07-04 21:00:00.000   ,    577.74364,    410.02167,    1.3433594,   0.15000000,    69196.364,    66016.001
2026-07-04 22:00:00.000   ,    579.59649,    408.50667,    1.3709068,   0.17916667,    50942.105,    64900.398
2026-07-04 23:00:00.000   ,    579.98167,    408.09292,    1.3785145,   0.11489362,    64391.667,    64596.857
2026-07-05 00:00:00.000   ,    571.00678,    407.67917,    1.3861589,   0.11428571,    40427.119,    64293.803
2026-07-05 01:00:00.000   ,    564.84483,    407.26542,    1.3938402,   0.18571429,    43255.357,    63991.235
2026-07-05 02:00:00.000   ,    551.96500,    406.85167,    1.4015587,   0.17200000,    52618.966,    63689.153
2026-07-05 03:00:00.000   ,    569.16167,    407.34917,    1.3922824,    1.3796296,    95396.667,    64052.441
2026-07-05 04:00:00.000   ,    560.13860,    407.84667,    1.3830598,   0.10000000,    71480.702,    64416.431
2026-07-05 05:00:00.000   ,    536.08333,    405.02542,    1.4360772,   0.11764706,  1.162333e+5,    62361.604
2026-07-05 06:00:00.000   ,    517.27931,    402.20417,    1.4908838,      N/A    ,    54365.517,    60329.385
2026-07-05 07:00:00.000   ,    507.51964,    399.38292,    1.5475609,      N/A    ,    54901.786,    58319.772
2026-07-05 08:00:00.000   ,    508.40185,    396.56167,    1.6061948,      N/A    ,    57211.111,    56332.765
2026-07-05 09:00:00.000   ,    495.26727,    394.75917,    1.6447221,      N/A    ,    57954.545,    55075.100
2026-07-05 10:00:00.000   ,    504.85849,    392.95667,    1.6841102,      N/A    ,    83826.415,    53826.663
2026-07-05 11:00:00.000   ,    490.66949,    391.41333,    1.7185384,      N/A    ,    52330.508,    52765.062
2026-07-05 12:00:00.000   ,    491.43220,    389.87000,    1.7536333,   0.11666667,    76738.983,    51710.225
2026-07-05 13:00:00.000   ,    514.01864,    388.32667,    1.7894122,   0.12000000,  1.855576e+5,    50662.154
2026-07-05 14:00:00.000   ,    480.13276,    387.53667,    1.8079972,   0.10000000,    99379.310,    50128.286
2026-07-05 15:00:00.000   ,    472.46897,    390.85786,    1.7310921,   0.10000000,    75501.724,    52384.626
2026-07-05 16:00:00.000   ,    476.73220,    464.42641,   0.60258084,   0.14705882,    89034.483,  1.103985e+5
2026-07-05 17:00:00.000   ,    476.43929,    455.07053,   0.70238378,   0.18000000,    76294.545,  1.021676e+5
2026-07-05 18:00:00.000   ,    459.73158,    415.88234,    1.2411917,   0.10000000,    65173.214,    70393.019
2026-07-05 19:00:00.000   ,    464.10172,    446.31131,   0.80451927,   0.15833333,    59417.544,    94686.948
2026-07-05 20:00:00.000   ,    457.23860,    476.74028,   0.48406396,      N/A    ,  1.010818e+5,  1.216107e+5
2026-07-05 21:00:00.000   ,    489.10690,    474.54470,   0.50421161,   0.22500000,  1.248310e+5,  1.195800e+5
2026-07-05 22:00:00.000   ,    499.14364,    482.15144,   0.43610337,   0.10000000,  1.091811e+5,  1.266740e+5
2026-07-05 23:00:00.000   ,    468.81500,    477.83128,   0.47420271,   0.18125000,  1.070883e+5,  1.226249e+5
2026-07-06 00:00:00.000   ,    468.29500,    476.73575,   0.48410512,   0.64651163,    75753.333,  1.216065e+5
2026-07-06 01:00:00.000   ,    487.29661,    475.64023,   0.49410763,   0.83500000,  1.395712e+5,  1.205916e+5
2026-07-06 02:00:00.000   ,    490.79483,    474.54470,   0.50421161,      N/A    ,  1.212052e+5,  1.195800e+5
2026-07-06 03:00:00.000   ,    506.45167,    476.74028,   0.48406396,   0.13333333,    94434.483,  1.216107e+5
2026-07-06 04:00:00.000   ,    509.63276,    475.64478,   0.49406586,   0.10000000,  1.468800e+5,  1.205958e+5
2026-07-06 05:00:00.000   ,    503.49833,    473.43998,   0.51450453,   0.10000000,  1.182407e+5,  1.185634e+5
2026-07-06 06:00:00.000   ,    500.75833,    473.43998,   0.51450453,   0.14074074,  1.222433e+5,  1.185634e+5
2026-07-06 07:00:00.000   ,    477.03167,    473.43998,   0.51450453,   0.11428571,  1.789508e+5,  1.185634e+5
2026-07-06 08:00:00.000   ,    484.09333,    473.43998,   0.51450453,   0.12758621,  2.012593e+5,  1.185634e+5
2026-07-06 09:00:00.000   ,    477.51607,    474.54470,   0.50421161,   0.12592593,  1.287527e+5,  1.195800e+5
2026-07-06 10:00:00.000   ,    476.07719,    471.75899,   0.53037059,   0.10000000,  1.817333e+5,  1.170232e+5
2026-07-06 11:00:00.000   ,    461.11500,    468.97327,   0.55721794,   0.13043478,  1.477305e+5,  1.144884e+5
2026-07-06 12:00:00.000   ,    443.11379,    467.84427,   0.56830028,   0.10000000,    97801.724,  1.134674e+5
2026-07-06 13:00:00.000   ,    423.89649,    464.65083,   0.60029561,   0.16666667,    84708.929,  1.105990e+5
2026-07-06 14:00:00.000   ,    410.60000,    461.45740,   0.63328014,   0.10000000,    83117.647,  1.077596e+5
2026-07-06 15:00:00.000   ,    420.95714,    458.26396,   0.66729507,   0.24411765,    40892.857,  1.049491e+5
2026-07-06 16:00:00.000   ,    444.90577,    455.07053,   0.70238378,   0.30285714,    40669.231,  1.021676e+5
2026-07-06 17:00:00.000   ,    484.86034,    453.26724,   0.72268945,   0.72380952,    62360.345,  1.006097e+5
2026-07-06 18:00:00.000   ,    487.80862,    451.46394,   0.74336060,   0.93181818,    68498.276,    99061.079
2026-07-06 19:00:00.000   ,    456.66000,    448.39297,   0.77942963,   0.89285714,    53851.667,    96445.011
2026-07-06 20:00:00.000   ,    425.49649,    445.32199,   0.81662972,   0.38627451,    42256.140,    93855.730
2026-07-06 21:00:00.000   ,    432.09298,    441.48279,   0.86479947,   0.41951220,    60536.842,    90656.405
2026-07-06 22:00:00.000   ,    432.29167,    437.64360,   0.91491083,   0.64255319,    63808.333,    87498.944
2026-07-06 23:00:00.000   ,    433.24333,    433.80440,   0.96706958,   0.73260870,    56201.667,    84383.346
2026-07-07 00:00:00.000   ,    413.82500,    436.41962,   0.93131206,   0.58125000,    51673.333,    86501.110
2026-07-07 01:00:00.000   ,    415.21379,    433.78714,   0.96730894,    1.0888889,    44836.207,    84369.429
2026-07-07 02:00:00.000   ,    412.81017,    431.15466,    1.0043217,   0.89750000,    58376.271,    82257.430
2026-07-07 03:00:00.000   ,    419.39500,    427.76134,    1.0535930,    1.0041667,    89205.000,    79564.067
2026-07-07 04:00:00.000   ,    434.57018,    424.36803,    1.1047037,    1.1093750,    98971.930,    76903.408
2026-07-07 05:00:00.000   ,    445.14167,    422.49726,    1.1337017,   0.67837838,  1.580517e+5,    75450.541
2026-07-07 06:00:00.000   ,    457.61167,    420.62649,    1.1633032,   0.86538462,  1.873500e+5,    74007.613
2026-07-07 07:00:00.000   ,    443.51333,    418.75571,    1.1935249,   0.77692308,  1.101217e+5,    72574.626
2026-07-07 08:00:00.000   ,    430.81500,    416.59171,    1.2292804,   0.74054054,    82045.000,    70929.431
2026-07-07 09:00:00.000   ,    429.62931,    414.42771,    1.2659172,   0.44390244,  1.101397e+5,    69297.537
2026-07-07 10:00:00.000   ,    422.58070,    412.20771,    1.3044489,   0.48666667,  1.120105e+5,    67637.227
2026-07-07 11:00:00.000   ,    438.72034,    409.98770,    1.3439718,   0.44285714,    78227.119,    65990.915
2026-07-07 12:00:00.000   ,    435.92105,    408.47393,    1.3715074,   0.57407407,    66850.877,    64876.366
2026-07-07 13:00:00.000   ,    423.92712,    406.96017,    1.3995310,   0.68596491,    84255.932,    63768.324
2026-07-07 14:00:00.000   ,    421.27119,    403.87439,    1.4582168,   0.84107143,    95513.559,    61529.762
2026-07-07 15:00:00.000   ,    417.17838,      N/A    ,      N/A    ,   0.54242424,  1.098865e+5,      N/A    
2026-07-07 16:00:00.000   ,      N/A    ,      N/A    ,      N/A    
2026-07-07 17:00:00.000   ,      N/A    ,      N/A    ,      N/A    
2026-07-07 18:00:00.000   ,      N/A    ,      N/A    ,      N/A    
